date,title,content,heart,interest,view,price,temperature,seller,sold,image,region,url
25/05/2026,콘스탄틴어베인2018,"급처
휠 마빅 알류
드롭바 데다 
안장 피직
크랭크 페달 순정
스템 모르겠음
싯포 순정",8,19,934,65000,36.8,사람,판매중,10,서울시 도봉구 창동,https://www.daangn.com/kr/buy-sell/%EC%BD%98%EC%8A%A4%ED%83%84%ED%8B%B4-%EC%96%B4%EB%B2%A0%EC%9D%B8-2018-b8xkp36q3xyh/
29/09/2025,콘스탄틴어베인픽시자전거-실버,"콘스탄틴 어베인 픽시 자전거 판매합니다
- 튼튼하고 가벼운 프레임으로 제작되어 안정적인 라이딩을 제공합니다
- 디자인이 세련되고 멋있습니다
- 하자는 생활하자 조금있고, 뒷 바퀴 휠은 카본 60림입니다. 브레이크는 없어서 참고해주세요",2,2,112,70000,37.2,꼬꼬맘,판매완료,3,대구 북구 구암동,https://www.daangn.com/kr/buy-sell/%EC%BD%98%EC%8A%A4%ED%83%84%ED%8B%B4-%EC%96%B4%EB%B2%A0%EC%9D%B8-%ED%94%BD%EC%8B%9C-%EC%9E%90%EC%A0%84%EA%B1%B0-%EC%8B%A4%EB%B2%84-car5251exu6x/
03/11/2025,콘스탄틴어베인2016,콘스탄틴 어베인2016년식입니다 도까쪼금있지만 잘나갑니다 막타기좋습니다 세척하고 드릴게요 쿨거시 네고ㄱㄴ,3,1,222,70000,36.2,똑똑한병아리,판매완료,6,강원 삼척시 정상동,https://www.daangn.com/kr/buy-sell/%EC%BD%98%EC%8A%A4%ED%83%84%ED%8B%B4%EC%96%B4%EB%B2%A0%EC%9D%B82016-o4h4c38ejux1/
07/12/2025,콘스탄틴어베인픽시자전거,"콘스탄틴 어베인 픽시 자전거입니다
- 색상은 노란색입니다
- 핸들 바 테이프가 손상되었습니다(사진 참고)
- 프레임에 생활 스크래치가 있습니다
빨리 팔고 싶어서 싸게 올립니다",2,3,115,80000,36.8,아이오우,판매완료,6,경기 포천시 신읍동,https://www.daangn.com/kr/buy-sell/%EC%BD%98%EC%8A%A4%ED%83%84%ED%8B%B4-%EC%96%B4%EB%B2%A0%EC%9D%B8-%ED%94%BD%EC%8B%9C-%EC%9E%90%EC%A0%84%EA%B1%B0-y3nrv96hpznq/
08/05/2026,콘스탄틴어베인(네고가능),"콘스탄틴 어베인 픽시 프레임 옐로우 색상입니다
사진에 보이는 크랭크셋과 페달 포함입니다
깔끔한 디자인으로 어떤 조합에도 잘 어울려요
픽시 입문용으로도 좋은 프레임입니다",1,4,158,81000,36.6,김세훜,판매중,1,서울시 서초구 서초4동,https://www.daangn.com/kr/buy-sell/%EC%BD%98%EC%8A%A4%ED%83%84%ED%8B%B4-%EC%96%B4%EB%B2%A0%EC%9D%B8-%EB%84%A4%EA%B3%A0-%EA%B0%80%EB%8A%A5-o45xpqx1pk33/
08/01/2026,콘스탄틴어베인16년식,"콘스탄틴 어베인 픽시 자전거입니다

생활 스크래치는 좀 많이 있습니다.
안탄지 1년 좀 넘었고 바퀴에 바람이 없는 상태입니다
집에 스트랩도 있어서 사시면 같이 드려요

얼름 가져가세요",1,4,374,85000,37.5,지후,판매완료,5,경기 화성시 병점구 반월동,https://www.daangn.com/kr/buy-sell/%EC%BD%98%EC%8A%A4%ED%83%84%ED%8B%B4-%EC%96%B4%EB%B2%A0%EC%9D%B8-16%EB%85%84%EC%8B%9D-qnx9h9tf6sxf/
21/05/2026,콘스탄틴어베인,"하자 사진 기재 어느정도 네고 가능
편하게 문의 주세요",12,33,809,90000,37.9,FreedomDive,판매중,4,대구 남구 대명9동,https://www.daangn.com/kr/buy-sell/%EC%BD%98%EC%8A%A4%ED%83%84%ED%8B%B4-%EC%96%B4%EB%B2%A0%EC%9D%B8-o2h9t6y4mqeb/
17/04/2026,콘스탄틴어베인18년식픽시급처,"콘스탄틴 어베인 픽시 급처합니다.
찍히거나 도색 벗겨진 부분이 여러군데 있으나 주행에 지장은 없습니다.
상태는 사진으로 자세히 찍어두었으니 참고하시기 바랍니다.

사이즈는 51로 보입니다. (프레임 실측사진 참고)

대차x",3,7,273,100000,44.5,쿨쿨,판매완료,7,경기 화성시 병점구 반월동,https://www.daangn.com/kr/buy-sell/%EC%BD%98%EC%8A%A4%ED%83%84%ED%8B%B4-%EC%96%B4%EB%B2%A0%EC%9D%B8-18%EB%85%84%EC%8B%9D-%ED%94%BD%EC%8B%9C-%EA%B8%89%EC%B2%98-z457dhvdk4u4/
07/01/2026,콘스탄틴어베인픽시형광자전거,"콘스탄틴 어베인 픽시 자전거입니다
색상은 형광색입니다
생활 스크래치는 조금 있습니다.
포크가 에콜로직스꺼여서 싸게 팝니다
환불어렵습니다",2,14,233,100000,37.3,허준서,판매완료,8,서울시 강남구 개포2동,https://www.daangn.com/kr/buy-sell/%EC%BD%98%EC%8A%A4%ED%83%84%ED%8B%B4-%EC%96%B4%EB%B2%A0%EC%9D%B8-%ED%94%BD%EC%8B%9C-%ED%98%95%EA%B4%91-%EC%9E%90%EC%A0%84%EA%B1%B0-rad1qz8rdbso/
07/09/2024,콘스탄틴어베인2015판매,"콘스탄틴 어베인 2015년식 판매합니다.
연식은 오래되었지만 실제로 주행한 횟수는 20회 안쪽입니다. 학생 때 구매했는데 나이가 드니 픽시는 버거워서 판매하려고 합니다.
잔기스도 좀 있습니다. 아파트 공용 거치대에 주차해놨더니 기스도 나고 녹도 좀 슬었네요. 사진에는 없지만 안장 쪽에 파인 곳도 하나 있을거에요. (안장 사진 추가하였습니다.)
타게 되신다면 안전을 위해 정비도 받아보시길 권장드립니다. 주행 횟수가 적어서 큰 하자는 없을 겁니다.

가지고 있는 부속품도 원하신다면 함께 드리겠습니다.
- 구입할 때 받은 드롭바 (저는 라이저바가 더 좋았습니다.)
- 따로 구매한 안장 커버, 전조등, 자물쇠 등

픽시 입문하시는 분들이 가볍게 타보시기에 적합한 차입니다. 많은 관심 부탁드립니다.",1,3,254,100000,41.1,국물소갈비찜,판매완료,7,경기 성남시 분당구 금곡동,https://www.daangn.com/kr/buy-sell/%EC%BD%98%EC%8A%A4%ED%83%84%ED%8B%B4-%EC%96%B4%EB%B2%A0%EC%9D%B8-2015-%ED%8C%90%EB%A7%A4-yr1eps5p9wb7/
18/03/2026,콘스탄틴어베인픽시자전거,"콘스탄틴픽시이고요 도까 조금잇는데 타는데 지장아예  없습니다 알류삼발이있어요 싸게 가져가세요
가격제안 받아요
부분판매합니다",6,6,245,100000,36.6,일봐,판매완료,1,세종시 다정동,https://www.daangn.com/kr/buy-sell/%EC%BD%98%EC%8A%A4%ED%83%84%ED%8B%B4-%EC%96%B4%EB%B2%A0%EC%9D%B8-%ED%94%BD%EC%8B%9C-%EC%9E%90%EC%A0%84%EA%B1%B0-8sfcwir5wyhd/
05/04/2026,콘스탄틴어베인픽시자전거팝니다,"콘스탄틴 어베인 픽시 자전거입니다. 옐로우 색상이며, 픽시 특유의 깔끔한 디자인이 돋보입니다. 
핸들바 사용감이 많습니다. 안장 양쪽  까임이 있습니다.
 ",3,5,250,100000,37.3,PSUGUY,판매완료,3,서울시 노원구 중계본동,https://www.daangn.com/kr/buy-sell/%EC%BD%98%EC%8A%A4%ED%83%84%ED%8B%B4-%EC%96%B4%EB%B2%A0%EC%9D%B8-%ED%94%BD%EC%8B%9C-%EC%9E%90%EC%A0%84%EA%B1%B0-%ED%8C%9D%EB%8B%88%EB%8B%A4-uo1ocohc6tm9/
03/06/2026,콘스탄틴어베인픽시옐로우,"매력적인 옐로우 색상의 콘스탄틴 어베인 픽시 자전거예요
스타일리시한 라이딩을 즐기고 싶으신 분들께 추천드려요

25년식 휠로 앞뒤 교체하였습니다

여기저기 까짐있으며

후타이어, 핸들바

교체해야합니다

수리비 감안하여 저렴히 판매합니다

입문용으로 좋을듯합니다
",1,2,145,110000,41.8,꾸꾸,판매중,4,경기 김포시 고촌읍,https://www.daangn.com/kr/buy-sell/%EC%BD%98%EC%8A%A4%ED%83%84%ED%8B%B4-%EC%96%B4%EB%B2%A0%EC%9D%B8-%ED%94%BD%EC%8B%9C-%EC%98%90%EB%A1%9C%EC%9A%B0-8quetchwdpnd/
25/03/2025,콘스탄틴어베인구형,"콘스탄틴 어베인 구형
스트래치있고 정비해야합니다",2,4,278,120000,37.9,기와리,판매완료,3,경기 고양시 일산동구 장항2동,https://www.daangn.com/kr/buy-sell/%EC%BD%98%EC%8A%A4%ED%83%84%ED%8B%B4-%EC%96%B4%EB%B2%A0%EC%9D%B8-%EA%B5%AC%ED%98%95-gb4xy932ceej/
30/05/2026,콘스탄틴어베인프레임블랙,콘스탄텐 어베인 반차 입니다 대차 보고요 쓰나미 완차 선호해요 추금 5보유중입니다 판매도 합니당,1,4,101,120000,38.3,매너최고남,판매중,1,경기 화성시 병점구 반월동,https://www.daangn.com/kr/buy-sell/%EC%BD%98%EC%8A%A4%ED%83%84%ED%8B%B4-%EC%96%B4%EB%B2%A0%EC%9D%B8-%ED%94%84%EB%A0%88%EC%9E%84-%EB%B8%94%EB%9E%99-74a6nfujubr1/
16/11/2025,콘스탄틴어베인,"중학생때 타고 지금까지 그냥 뒀습니다 
실내 보관이라 연식대비 상태 좋습니다~
사용감 어느정도 있지만 감안해서 저렴하게 팝니다
가져가시면 환불어려우니 만나서 잘 보고 가져가세요~",3,4,180,120000,45,ecobicycle,판매완료,4,경기 부천시 원미구 약대동,https://www.daangn.com/kr/buy-sell/%EC%BD%98%EC%8A%A4%ED%83%84%ED%8B%B4-%EC%96%B4%EB%B2%A0%EC%9D%B8-pyiwjfs49yix/
22/01/2025,콘스탄틴픽시,콘스탄틴 16년식 어베인,6,3,246,120000,36.8,야야,판매완료,2,울산 동구 남목1동,https://www.daangn.com/kr/buy-sell/%EC%BD%98%EC%8A%A4%ED%83%84%ED%8B%B4-%ED%94%BD%EC%8B%9C-smgdcc8mnr3b/
28/05/2026,콘스탄틴어베인픽시자전거브레이크있음,"개성 넘치는 콘스탄틴 픽시 자전거를 판매해요
예쁜 핑크색상 프레임에 귀여운 히어로 스티커가 붙어있어 유니크함을 더했어요
핸들바 그립도 알록달록해서 어디서든 돋보일 거예요
라이딩을 즐기시는 분이라면 이 특별한 자전거에 주목해주세요

핫핑크의 예쁜 콘스탄틴 어베인
브레이크 두개있으며 가볍고 잘나갑니다
현재는 자전거처럼 탈수있게 세팅되어있구요
뒷바퀴 돌려끼우면 픽시로 탈수있습니다
사용감 다분하지만 큰 데미지는 없습니다
예쁘게 스티커 붙여놓았네요
키 150이상부터 탈수있는 사이즈입니다
바테잎은 조금 터졌지만 타는데는 문제없습니다
직거래만 가능하며 미성년자와는 거래하지않습니다",1,8,312,120000,62.7,델마와루이스,판매중,6,경기 김포시 고촌읍,https://www.daangn.com/kr/buy-sell/%EC%BD%98%EC%8A%A4%ED%83%84%ED%8B%B4-%EC%96%B4%EB%B2%A0%EC%9D%B8-%ED%94%BD%EC%8B%9C-%EC%9E%90%EC%A0%84%EA%B1%B0-%EB%B8%8C%EB%A0%88%EC%9D%B4%ED%81%AC%EC%9E%88%EC%9D%8C-2vrn96yh3ij2/
25/05/2026,콘스탄틴어베인반차(어그로절대아님),"콘스탄틴 어베인
먹음 하나 있고요
상태 감안해서 싸게 올립니다
쿨거시 네고 가능합니다",6,5,208,120000,37.3,퀴담,판매중,2,경기 김포시 고촌읍,https://www.daangn.com/kr/buy-sell/%EC%BD%98%EC%8A%A4%ED%83%84%ED%8B%B4-%EC%96%B4%EB%B2%A0%EC%9D%B8-%EB%B0%98%EC%B0%A8-%EC%96%B4%EA%B7%B8%EB%A1%9C-%EC%A0%88%EB%8C%80-%EC%95%84%EB%8B%98-3h5uirmw9sxp/
22/03/2026,콘스탄틴어베인,구형입니다 요즘 나오는 신형은 라이딩 위주 구형은 트릭&라이딩 밸런스가 잘 맞습니다 저렴하게 판매합니다 도까기스 사진에 보는것처럼 있습니다 기술연습용 잠깐 탈 자전거 픽시입문 추천합니다 사서 되팔아도 이득보실것 같고 사서 막타다 팔아도 이가격 그대로 받으실수 있습니다 성곡중학교 앞 거래합니다 삼천리 듣보 이상한 픽시들이 15마넌이던데 싸게 싸게 구매하세여,1,4,146,120000,43.6,바로쿨거래당일거래,판매완료,4,경기 부천시 오정구 작동,https://www.daangn.com/kr/buy-sell/%EC%BD%98%EC%8A%A4%ED%83%84%ED%8B%B4-%EC%96%B4%EB%B2%A0%EC%9D%B8-jygtn1pqk6qe/
17/11/2025,콘스탄틴어베인17년식판매/대차합니다,"판매 13 대차가 20으로잡아요
폴리싱한거라 프레임하자별로없습니다
구성 스템 데다제로1 130mm 안장 벨닷 휠셋 듣보
브레이크있어요
언노운이면 진짜 좋을거 같습니다, 로드도 받아요 닌텐도나 이런것도 됩니다
고장은 없는데 점검해보시고 타셔야합니다",2,6,187,130000,40.9,하늘,판매완료,2,대전 중구 문화동,https://www.daangn.com/kr/buy-sell/%EC%BD%98%EC%8A%A4%ED%83%84%ED%8B%B4-%EC%96%B4%EB%B2%A0%EC%9D%B8-17%EB%85%84%EC%8B%9D-%ED%8C%90%EB%A7%A4-%EB%8C%80%EC%B0%A8%ED%95%A9%EB%8B%88%EB%8B%A4-fumm776w79wb/
03/11/2025,콘스탄틴어베인픽시자전거,"콘스탄틴 픽시 자전거 판매합니다
어베인 모델입니다
색상은 블랙 실버로 도색되어 있습니다
생활 스크래치 있습니다
브레이크 고정나사 하나만 새로 달아서 사용하면됩니다",4,1,217,130000,38.2,현이민이맘,판매완료,4,대구 달성군 유가읍,https://www.daangn.com/kr/buy-sell/%EC%BD%98%EC%8A%A4%ED%83%84%ED%8B%B4-%EC%96%B4%EB%B2%A0%EC%9D%B8-%ED%94%BD%EC%8B%9C-%EC%9E%90%EC%A0%84%EA%B1%B0-qeipf7yun82e/
16/05/2026,콘스탄틴어베인2014년식,"콘스탄틴2014년식 판매합니다 
쿨거시네고",5,5,221,130000,39.9,생선가시,판매완료,1,경기 안산시 단원구 신길동,https://www.daangn.com/kr/buy-sell/%EC%BD%98%EC%8A%A4%ED%83%84%ED%8B%B4-%EC%96%B4%EB%B2%A0%EC%9D%B82014%EB%85%84%EC%8B%9D-8x8dxwa4u58n/
18/04/2026,"콘스탄틴어베인픽시자전거판매,대차","판매,대차합니다

- s사이즈
- 비비 유격있음
- 도까, 먹음 여러개있음(사진 그대로), 사용감 좀 있음
- 대차가능


💰가격💰: 140,000(네고안됨)
📍위치📍: 길주공원",5,4,614,140000,36.7,해적왕루피,판매완료,10,경기 부천시 원미구 중동,https://www.daangn.com/kr/buy-sell/%EC%BD%98%EC%8A%A4%ED%83%84%ED%8B%B4-%EC%96%B4%EB%B2%A0%EC%9D%B8-%ED%94%BD%EC%8B%9C-%EC%9E%90%EC%A0%84%EA%B1%B0-%ED%8C%90%EB%A7%A4-%EB%8C%80%EC%B0%A8-1cdd8kevf1yv/
28/09/2025,콘스탄틴어베인픽시자전거(56),"콘스탄틴 픽시 자전거 판매합니다
사이즈는 56입니다

몇일전  당근했는데 사이즈가 저한테 커서 재당근합니다.
바테이프감고 타이어 바람넣고 체인오일 발랐습니다.

타이어는 ThickSlick, 휠은 Velocidad입니다
안장에 사용감 있습니다
앞바퀴 브레이크있습니다(뒷바퀴 x)
전체적으로 사용감 많습니다

사진 확인해주세요.
반품불가입니다.",4,6,244,140000,49.2,달용용,판매완료,8,경기 성남시 분당구 야탑동,https://www.daangn.com/kr/buy-sell/%EC%BD%98%EC%8A%A4%ED%83%84%ED%8B%B4-%EC%96%B4%EB%B2%A0%EC%9D%B8-%ED%94%BD%EC%8B%9C-%EC%9E%90%EC%A0%84%EA%B1%B0-56-a6f97ydwrpxe/
02/06/2026,콘스탄틴어베인픽시자전거,"도까 좀 많아요 
사이즈는 520-540정도입니다",0,2,70,140000,39.4,용승,판매중,2,경기 부천시 오정구 작동,https://www.daangn.com/kr/buy-sell/%EC%BD%98%EC%8A%A4%ED%83%84%ED%8B%B4-%EC%96%B4%EB%B2%A0%EC%9D%B8-%ED%94%BD%EC%8B%9C-%EC%9E%90%EC%A0%84%EA%B1%B0-5dw9oky1uj52/
07/01/2026,콘스탄틴어베인블랙픽시자전거,"콘스탄틴 블랙 픽시 자전거입니다.
제가 곧 군대에 들어가서 싸게 팝니다
 바람 빠졌습니다 생활기스 있슴다",9,14,475,147000,37.2,빌에반스,판매완료,2,경기 안양시 만안구 안양2동,https://www.daangn.com/kr/buy-sell/%EC%BD%98%EC%8A%A4%ED%83%84%ED%8B%B4-%EC%96%B4%EB%B2%A0%EC%9D%B8-%EB%B8%94%EB%9E%99-%ED%94%BD%EC%8B%9C-%EC%9E%90%EC%A0%84%EA%B1%B0-hfhj2ajoq1ug/
09/03/2026,콘스탄틴스페셜어베인24년식프셋,"사진에 없는 하자가 있을수 있어요
포크 크랙있어요 안장,크랭크,체인 빼서드리고
싯포,싯클,비비,헤드셋,베어링 같이 드리고
추금 5있어요 직거 오셔야하고 택거는
부담하셔야해요 m사이즈 입니다
거파 10 교신은 휠쪽으로 사발이,오발이 문테환님 싸인도 있어요 마지막 가격 3번내렸어요",0,0,156,150000,38.3,울진낙차왕,판매완료,10,경북 울진군 울진읍,https://www.daangn.com/kr/buy-sell/%EC%BD%98%EC%8A%A4%ED%83%84%ED%8B%B4-%EC%8A%A4%ED%8E%98%EC%85%9C-%EC%96%B4%EB%B2%A0%EC%9D%B8-24%EB%85%84%EC%8B%9D-%ED%94%84%EC%85%8B-bo5fccy3rmwp/
14/07/2024,콘스탄틴어베인2016,"콘스탄틴 어베인 2016 54사이즈
이제 픽시 안타서 올립니다
체인링 듀라에이스 50t입니다 순정 체인링도 같이 드려요
도색 까짐 두군데 정도 있고 앞휠은 휘어서 다른 휠로 교체했습니다
튜브 상태는 바람이 빠져서 잘 모르겠네요 타이어는 멀쩡한 편입니다
편하게 문의주세요:) 택배거래는 안합니다",8,11,630,150000,37.2,믿을만한남자,판매완료,3,경기 고양시 일산서구 일산3동,https://www.daangn.com/kr/buy-sell/%EC%BD%98%EC%8A%A4%ED%83%84%ED%8B%B4-%EC%96%B4%EB%B2%A0%EC%9D%B8-2016-mi91u4pfbr9i/
24/03/2025,치카노스켈레톤프레임판매/교신/대차.엔진11콘스탄틴,"치카노 스켈레톤이구요.
포크풀카본이에요.연식에비해 상태나쁘지않고
새차해서 깔끔해요.하자 톡주세요.프레임입니다.
말잘하시면 네고 시원하게해드려요.
🔥 쓰나미 











검색어:3t,써벨로,룩,리파인드,라피에르,카베자메리다,리더,언노운,콘스탄틴,벨로모빌,리컴번트,비앙키,짚,앙카,도스노벤타 스컬트라,리엑토,리엑토 멕라렌 람보르기니,페라리,오토바이,각기
ZIPP,이즈미,스기노,라케타,시마노,신형,피나렐로
,신품,트랙,트렉,첼로,인터프로,펠트,리들리,bmc,kmc,아르곤18,위아위스,엔진11,88림,디스크휠, 로드,픽시,mtb,풀샥,bmx,트릭픽시,벨로모빌,리컴번트,트라이얼,그래블,경륜,소라,티아그라,프롤로고,울테그라,후지,스페셜라이즈드,에스웍스,어드벤스,투워니,클라리스,페포,카본,마빅,아르마,오발이,피직,50,30,60,90림,스턴트스쿠터,투스포크,림블랙켓,스포크,허브,볼트싯포스트,헬멧,룩l96 l96 r96 t20 396 296 464 364 바이큰,치카노,지오스,도마스
휴스턴,서울,la,도쿄,에딘버러,삼천리,에이모션,에이모션트리가,데브그루,로가스,로가스 다운타운
t4 t3 t1 t5 S3 크릿디,스프린터,불렛,볼텍스 어베인 버나드 콘스탄틴 쇼크 디스페랄 윈드시어,트위터 lv3 lv2 lv2 싱귤러리티2 져지 쫄쫄이 무스너클 맥케이지 몽클레어psx ps1 구형  360,에틱,타누스,코나,트랙,스캇,엘파마,Smith,검월타이어,픽시,알카본,알류미늄,티타늄,나노,나놋입자,구찌,샤넬,언노운펄스 어드벤스1 어드벤스2,에이지 엔트라,에이지 수프라, 인터프로 미사일,인터프로 독주,아비아브,미니벨로,위더피플,선데이,모토벨로,자이언트,자이언트레인,어반,제피로,바쏘,바소팩터,FACTOR,파스포츠,캐논데일,슈퍼피스타,콜나고,크로몰리,코리마,에콜로직스,도란,노바텍,치넬리,비고렐리,메쉬스틸,메쉬워크,ac1 ac2,펠트tk1,펠트tk3,철인3종,tt바,베이스바,드롭바,트랙바,시쓸릭,불혼바,리치휠,캄파놀로,크로드,도디치,도그마,df4 df3 프리큐사 슈퍼노바,아반티
BT 스텔스,BT 울트라,라이트웨이트,자작,디스크커버,인터프로 아미고,쓰론,나가사와,쓰나미,켄도,스테이트,크레이지,체이서,디티,첼로산렌쇼,코렉스,헤드젯,벨로라인,띠꼬르디,치넬리 레이저,앙카 브릿지스톤,룩795,룩695,룩464룩,364,룩264,룩164,xrs,테슈너,오베아,케니언,가민,속도계.데다,엔진11 헌터브로스,갓앤페이머스,오션블루,캔디플루,3d로터,베가스트,디럭스,뉴에바요크,브레이커,건메탈,ird,코비,국뽕,메탈그레이,벨로시닷,키리커,백스,푸시아,도스노벤타 쿠알라룸푸르,디트로이트,짚404,짚808,보이져,위아위스txt,txtsd,와스지,플래닛x,룩564,트리곤,트랜지션,프롤로고,bmc tr01,bmc tr02,파간gt,로타지오네",1,1,583,150000,37.3,기모띠,판매완료,1,강원 춘천시 신동면,https://www.daangn.com/kr/buy-sell/%EC%B9%98%EC%B9%B4%EB%85%B8-%EC%8A%A4%EC%BC%88%EB%A0%88%ED%86%A4-%ED%94%84%EB%A0%88%EC%9E%84-%ED%8C%90%EB%A7%A4-%EA%B5%90%EC%8B%A0-%EB%8C%80%EC%B0%A8-%EC%97%94%EC%A7%8411%EC%BD%98%EC%8A%A4%ED%83%84%ED%8B%B4-rah5ybddpvou/
24/02/2026,콘스탄틴어베인,"급처 대차도 봅니다

구성
안장 라이더스웨이
스템 우노
나머지 순정 

비비깨짐 꿀렁임있음 유격있음 찍힘있음",7,15,803,150000,41.4,우끼끼,판매완료,9,경기 안양시 동안구 호계2동,https://www.daangn.com/kr/buy-sell/%EC%BD%98%EC%8A%A4%ED%83%84%ED%8B%B4-%EC%96%B4%EB%B2%A0%EC%9D%B8-mx6hobu2i4fo/
07/10/2025,콘스탄틴어베인픽시자전거,"콘스탄틴 어베인 픽시 자전거 판매합니다
색상은 노란색이고, 전체적으로 사용감이 있어요
안장 부분에 찢어진 부분이 있으니 사진 확인 부탁드려요
자전거 거치대도 함께 드립니다",12,11,1119,150000,47.2,오이지,판매중,5,경기 수원시 장안구 정자1동,https://www.daangn.com/kr/buy-sell/%EC%BD%98%EC%8A%A4%ED%83%84%ED%8B%B4-%EC%96%B4%EB%B2%A0%EC%9D%B8-%ED%94%BD%EC%8B%9C-%EC%9E%90%EC%A0%84%EA%B1%B0-vrk3pub5pc2v/
17/05/2026,콘스탄틴어베인프레임셋,"51사이즈
하자:도까 도크 기스
노먹노크
빠르게 판매
네고 어느정도 가능",1,5,200,150000,39.8,aaa,판매완료,1,부산 기장군 기장읍,https://www.daangn.com/kr/buy-sell/%EC%BD%98%EC%8A%A4%ED%83%84%ED%8B%B4-%EC%96%B4%EB%B2%A0%EC%9D%B8-%ED%94%84%EB%A0%88%EC%9E%84%EC%85%8B-eprpwd9fspi1/
20/05/2026,콘스탄틴어베인픽시자전거,"핸들바 제외입니다
브레이크 있어요
자세한 하자는 연락주세요
급처입니다
우노유광 120 17
스케이스 실버 외장비비
프론트 노바텍실버 리어 노바텍
안장 언노운 오레오
S사이즈이고 싯포커팅 안했어요
거파비 10",7,4,273,150000,36.8,롤대남,판매완료,1,대구 달성군 유가읍,https://www.daangn.com/kr/buy-sell/%EC%BD%98%EC%8A%A4%ED%83%84%ED%8B%B4-%EC%96%B4%EB%B2%A0%EC%9D%B8-%ED%94%BD%EC%8B%9C%EC%9E%90%EC%A0%84%EA%B1%B0-6pj45urd49hx/
31/05/2026,가격어그로x)콘스탄틴어베인화이트반차판매,"스템 우노 안장 만트라 짭 
크랭크 스케이스 실버(비비 소리남)
직거 녹천역 or 창동역",3,5,160,150000,38.6,쩜쩜,판매중,5,서울시 도봉구 창동,https://www.daangn.com/kr/buy-sell/%EA%B0%80%EA%B2%A9%EC%96%B4%EA%B7%B8%EB%A1%9C-x-%EC%BD%98%EC%8A%A4%ED%83%84%ED%8B%B4-%EC%96%B4%EB%B2%A0%EC%9D%B8-%ED%99%94%EC%9D%B4%ED%8A%B8-%EB%B0%98%EC%B0%A8-%ED%8C%90%EB%A7%A4-iwswjrroi5eq/
17/05/2026,콘스탄틴반차,"핸들바 밸로빌드 트랙바 
스탬 주먹스템 카본
프레임 콘탄2023 어베인
하자는 포크에 조금있습니다",8,6,111,150000,41.5,해보겸이,판매중,1,부산 금정구 장전동,https://www.daangn.com/kr/buy-sell/%EC%BD%98%EC%8A%A4%ED%83%84%ED%8B%B4-%EB%B0%98%EC%B0%A8-vgmn4tvz53aa/
01/08/2025,콘스탄틴어베인,"가격어그로
하자사진은 챗팅하면 보내드립니다
브레이크는 있습니다 (가격 30만원)",26,18,1317,150000,36.8,닉네임,판매완료,4,대전 동구 효동,https://www.daangn.com/kr/buy-sell/%EC%BD%98%EC%8A%A4%ED%83%84%ED%8B%B4-%EC%96%B4%EB%B2%A0%EC%9D%B8-2zu3cvt7gb2n/
18/05/2026,콘스탄틴어베인픽시블루,"매력적인 파란색의 콘스탄틴 어베인 픽시 자전거예요
사진으로 확인되는 구성품 그대로 드려요
깔끔한 디자인으로 어디든 잘 어울려요
픽시 자전거 입문하시는 분들께 추천드려요
상태 몰라요 뭐 보이는 부분은 다 사진 찍어 놨는데 연락 주시면 보내드려요
급처합니다 
아마 18년식 입니다
하자 알아서 보시고 가져가세요
네고 가능합니다",13,24,735,150000,43.7,사람,판매중,5,부산 수영구 망미제1동,https://www.daangn.com/kr/buy-sell/%EC%BD%98%EC%8A%A4%ED%83%84%ED%8B%B4-%EC%96%B4%EB%B2%A0%EC%9D%B8-%ED%94%BD%EC%8B%9C-%EB%B8%94%EB%A3%A8-9tujxfjivbq3/
23/04/2026,콘스탄틴어베인201851사이즈,"중학교때 타서 1년타고 박아뒀습니다 도까 조금있구요 큰 하자는 없고 알아서 정비해서 타시면 좋을거같습니다
네고가능합니다",10,22,561,150000,38.3,감사,판매중,1,서울시 도봉구 창제1동,https://www.daangn.com/kr/buy-sell/%EC%BD%98%EC%8A%A4%ED%83%84%ED%8B%B4-%EC%96%B4%EB%B2%A0%EC%9D%B8-2018-51%EC%82%AC%EC%9D%B4%EC%A6%88-qn7v2vyf73si/
22/11/2025,2018콘스탄틴어베인급처,"2018 콘스탄틴 어베인입니다.
도까 많습니다. 쿨거래하시면 네고해 드립니다.

오랫동안 안 타서 전체적으로 한번 닦으셔야 합니다.",7,12,404,160000,37.2,윤쭈,판매완료,8,대전 중구 문화동,https://www.daangn.com/kr/buy-sell/2018-%EC%BD%98%EC%8A%A4%ED%83%84%ED%8B%B4-%EC%96%B4%EB%B2%A0%EC%9D%B8-%EA%B8%89%EC%B2%98-1fxh35ieyr7z/
12/05/2026,콘스탄틴어베인2022년픽시자전거26->19.6,"콘스탄틴 어베인 22년식입니다 
도까 몇군데 있고 생각보다 훨씬 잘나갑니다.
사이즈는 m입니다 
전체적으로 하자있는거 감안해주셔야 됩니다.
타이어 리어 식슬릭입니다
바퀴에 스트랩 있고 새꺼 하나도 있습니다",0,5,275,170000,39.3,구기,판매완료,3,충남 서산시 동문동,https://www.daangn.com/kr/buy-sell/%EC%BD%98%EC%8A%A4%ED%83%84%ED%8B%B4-%EC%96%B4%EB%B2%A0%EC%9D%B8-2022%EB%85%84-%ED%94%BD%EC%8B%9C-%EC%9E%90%EC%A0%84%EA%B1%B0-26-19-6-su5c8h99ikg2/
05/05/2026,콘스탄틴어베인픽시블랙자전거,"블랙 콘스탄틴 어베인 픽시 자전거
자전거 사양은 검색 부탁드립니다
자전거 거치대 포함
원하시면 헬멧 포함
하자있는 부분 사진첨부합니다
사용감있는 자전거이니 예민한 분은 피해주세요
거래 후 환불, 보상 어렵습니다
급처분 싸게 내렸어요
대차는 안해요~",10,28,848,180000,44.5,까꿍,판매중,7,경기 수원시 팔달구 화서동,https://www.daangn.com/kr/buy-sell/%EC%BD%98%EC%8A%A4%ED%83%84%ED%8B%B4-%EC%96%B4%EB%B2%A0%EC%9D%B8-%ED%94%BD%EC%8B%9C-%EB%B8%94%EB%9E%99-%EC%9E%90%EC%A0%84%EA%B1%B0-9uaj9pdkvv2m/
02/02/2026,콘스탄틴어베인픽시자전거,"콘스탄틴 어베인 픽시 자전거 판매합니다
대차 없이 판매만 합니다

핸들바, 싯포스트, 안장, 크렝크 
모두 벨로시닷 정품
브레이크 장착
뒷쪽만 있음

전반적으로 사용감이 있고, 프레임에 스크래치 및 도색 까짐이 있습니다
먹음 크랙 없습니다
안장 부분은 찢어진 부분이 있으니 사진을 참고해주세요

프론트타이어는 'thickslick'
체인 핸들바 바테입 신품 교체완료
튜브 앞 뒤 모두 신품 교체 완료

초 중급 용 입니다
바로 타실수 있습니다

중고특성상 구입후 환불 불가합니다",7,4,412,190000,46.8,닉네임없음,판매완료,10,경기 수원시 장안구 정자1동,https://www.daangn.com/kr/buy-sell/%EC%BD%98%EC%8A%A4%ED%83%84%ED%8B%B4-%EC%96%B4%EB%B2%A0%EC%9D%B8-%ED%94%BD%EC%8B%9C-%EC%9E%90%EC%A0%84%EA%B1%B0-ukq27nfkgsak/
15/01/2026,콘스탄틴픽시자전거어베인,"21년식.?급처합니다
하자조금잏어욧",5,2,433,190000,38.6,민재,판매완료,4,대구 달성군 유가읍,https://www.daangn.com/kr/buy-sell/%EC%BD%98%EC%8A%A4%ED%83%84%ED%8B%B4-%ED%94%BD%EC%8B%9C-%EC%9E%90%EC%A0%84%EA%B1%B0-%EC%96%B4%EB%B2%A0%EC%9D%B8-xehhwruzsp97/
11/01/2025,콘스탄틴어베인2018핑크,"사진과 같이 상태가 좋지는 못하지만 핑크색을 좋아하는 사람에게 좋습니다
탄지는2년조금 넘었습니다
편하게 연락 주세요
핑크색 구하기 힘든색입니다",8,4,1009,190000,38.5,꿀뀰,판매완료,6,강원 춘천시 석사동,https://www.daangn.com/kr/buy-sell/%EC%BD%98%EC%8A%A4%ED%83%84%ED%8B%B4%EC%96%B4%EB%B2%A0%EC%9D%B8-2018-%ED%95%91%ED%81%AC-aw87tosipmoq/
01/05/2026,콘스탄틴어베인반차개급처,"콘스탄틴 어베인 반차 급처합니다
하자는 뒷삼각이랑 탑튜브에 도까있고 중간에 도까 큰거있습니다
구성은 토식스템, 벨로시닷크랭크 제논체인링시마노540클페 말고는 순정입니다 급처때립니다사기전에 고민하고오세요 채팅하고 고민하지말고",1,10,337,190000,45.7,꿀매,판매완료,7,부산 수영구 망미제1동,https://www.daangn.com/kr/buy-sell/%EC%BD%98%EC%8A%A4%ED%83%84%ED%8B%B4-%EC%96%B4%EB%B2%A0%EC%9D%B8-%EB%B0%98%EC%B0%A8-%EA%B0%9C%EA%B8%89%EC%B2%98-dwb1njg4v574/
30/08/2024,2022년식콘스탄틴어베인팝니다,"가격어그로
구성:벨로시닷 40림 그 외 올순정
키 150~165정도면 무난하게 탈 수 있음
속도계(케이던스 센서 등 포함),Eba 알카 불혼바 포함(잔기스,바테잎 자국 있음)
먹음 X 크랙X 하자는 사진에 있는 안장까짐,그 외 도까는 전부 매니큐어로 가림
판매 43
대차 X
네고 가능
그 외 수도권 배달 가능(비용 1.5)
직거는 일산역,주엽역
거파금 1



검색용

3t,써벨로,룩,리파인드,라피에르,카베자메리다,리더,언노운,콘스탄틴,벨로모빌,리컴번트,비앙키,짚,앙카,도스노벤타 스컬트라,리엑토,리엑토 멕라렌 람보르기니,페라리,오토바이,각기
ZIPP,이즈미,스기노,라케타,시마노,신형,피나렐로,신품,트랙,트렉,첼로,인터프로,펠트,리들리,bmc,kmc,아르곤18,위아위스,엔진11,88림,디스크휠, 로드,픽시,mtb,풀샥,bmx,트릭픽시,벨로모빌,리컴번트,트라이얼,그래블,경륜,소라,티아그라,프롤로고,울테그라,후지,스페셜라이즈드,에스웍스,어드벤스,투워니,클라리스,페포,카본,마빅,아르마,오발이,피직,50,30,60,90림,스턴트스쿠터,투스포크,림블랙켓,스포크,허브,볼트싯포스트,헬멧,룩l96 l96 r96 t20 396 296 464 364 바이큰,치카노,지오스,도마스
휴스턴,서울,la,도쿄,에딘버러,삼천리,에이모션,에이모션트리가,데브그루,로가스,로가스 다운타운
t4 t3 t1 t5 S3 크릿디,스프린터,불렛,볼텍스 어베인 버나드 콘스탄틴 쇼크 디스페랄 윈드시어,트위터 lv3 lv2 lv2 싱귤러리티2 져지 쫄쫄이 무스너클 맥케이지 몽클레어psx ps1 구형  360,에틱,타누스,코나,트랙,스캇,엘파마,Smith,검월타이어,픽시,알카본,알류미늄,티타늄,나노,나놋입자,구찌,샤넬,언노운펄스 어드벤스1 어드벤스2,에이지 엔트라,에이지 수프라, 인터프로 미사일,인터프로 독주,아비아브,미니벨로,위더피플,선데이,모토벨로,자이언트,자이언트레인,어반,제피로,바쏘,바소팩터,FACTOR,파스포츠,캐논데일,슈퍼피스타,콜나고,크로몰리,코리마,에콜로직스,도란,노바텍,치넬리,비고렐리,메쉬스틸,메쉬워크,ac1 ac2,펠트tk1,펠트tk3,철인3종,tt바,베이스바,드롭바,트랙바,시쓸릭,불혼바,리치휠,캄파놀로,크로드,도디치,도그마,df4 df3 프리큐사 슈퍼노바,아반티
BT 스텔스,BT 울트라,라이트웨이트,자작,디스크커버,인터프로 아미고,쓰론,나가사와,쓰나미,켄도,스테이트,크레이지,체이서,디티,첼로산렌쇼,코렉스,헤드젯,벨로라인,띠꼬르디,치넬리 레이저,앙카 브릿지스톤,룩795,룩695,룩464룩,364,룩264,룩164,xrs,테슈너,오베아,케니언,가민,속도계.데다,엔진11 헌터브로스,갓앤페이머스,오션블루,캔디플루,3d로터,베가스트,디럭스,뉴에바요크,브레이커,건메탈,ird,코비,국뽕,메탈그레이,벨로시닷,키리커,백스,푸시아,도스노벤타 쿠알라룸푸르,디트로이트,짚404,짚808,보이져,위아위스txt,txtsd,와스지,플래닛x,룩564,트리곤,트랜지션,프롤로고,bmc tr01,bmc tr02,파간gt,로타지오네",8,9,1238,200000,37.6,첼시리그우승,판매완료,9,경기 고양시 일산동구 장항2동,https://www.daangn.com/kr/buy-sell/2022%EB%85%84%EC%8B%9D-%EC%BD%98%EC%8A%A4%ED%83%84%ED%8B%B4-%EC%96%B4%EB%B2%A0%EC%9D%B8-%ED%8C%9D%EB%8B%88%EB%8B%A4-hvdiru1vwnrq/
22/04/2026,콘스탄틴어베인,"콘스탄틴 어베인입니다.
하자는거의없고 타이어2개펑크나서 타이어만갈아끼우면충분히타실수있어요",18,11,709,200000,36.6,안녕하세,판매중,1,제주 제주시 이도2동,https://www.daangn.com/kr/buy-sell/%EC%BD%98%EC%8A%A4%ED%83%84%ED%8B%B4-%EC%96%B4%EB%B2%A0%EC%9D%B8-yht6c8gm1wb6/
15/02/2026,2025콘스탄틴어베인픽시스피드블랙급처,"콘스탄틴 어베인 픽시 자전거입니다
블랙 색상이고요, 사진에서 보시는 것처럼 생활 스크래치는 조금 있습니다
- 가볍고 튼튼한 프레임으로 제작되어 안정적인 주행감을 제공합니다
- 세련된 디자인으로 시선을 사로잡습니다",8,5,513,200000,36.7,성장하는고양이,판매완료,3,인천 서구 공촌동,https://www.daangn.com/kr/buy-sell/2025-%EC%BD%98%EC%8A%A4%ED%83%84%ED%8B%B4-%EC%96%B4%EB%B2%A0%EC%9D%B8-%ED%94%BD%EC%8B%9C-%EC%8A%A4%ED%94%BC%EB%93%9C-%EB%B8%94%EB%9E%99-%EA%B8%89%EC%B2%98-fbqzed7ykzx2/
31/01/2026,콘스탄틴스페셜에디션판/대,"가격 어그로 입니다.
콘스탄틴 어베인 24션식 스페셜 에디션 입니다.
구성 (rx1 핸들바, 카본 주먹스템, 노바텍 40림 휠셋, 안장 라이더스웨이, 바테잎 수퍼카즈 찐 체인 이즈미 젯블랙)도까는 없는 수준입니다. 뒷말 환불 안돼요. ",7,2,559,200000,40.2,정이안좋아합니다,판매완료,1,전북 전주시 덕진구 인후1동,https://www.daangn.com/kr/buy-sell/%EC%BD%98%EC%8A%A4%ED%83%84%ED%8B%B4-%EC%8A%A4%ED%8E%98%EC%85%9C-%EC%97%90%EB%94%94%EC%85%98-%ED%8C%90-%EB%8C%80-rg6y3g711sca/
25/10/2025,콘스탄틴어베인픽시팝니다,"노랑 콘스탄틴 어베인 픽시

- 리어는 알류60림에 파슾 데칼
- 안장에 살짝 찢김 있는데 타는데는 지장 없음
- 치넬리 일체형 카본 핸들바
   브레이크는 앞, 뒤 모두 장착

실컷 닦고, 탈 수있게끔 만들어줬더니 
안 탄다고 변덕을 부리네요.
꼭 구매 하실분만 연락주세요^^
* 대차는 사절, 판매만 합니다. 
 환불은 사양하니 신중한결정하세요.
",8,5,853,200000,40.6,콩콩콩,판매완료,10,대구 북구 구암동,https://www.daangn.com/kr/buy-sell/%EC%BD%98%EC%8A%A4%ED%83%84%ED%8B%B4-%EC%96%B4%EB%B2%A0%EC%9D%B8-%ED%94%BD%EC%8B%9C-%ED%8C%9D%EB%8B%88%EB%8B%A4-9xnwakqze93i/
15/05/2025,콘스탄틴어베인2015,"- 콘스탄틴 어베인 2015
- zipp 서비스코스 핸들
- 드롭바
- 클릿페달
- 클릿슈즈 260
- 노바텍 리어휠(미장착 되어 있는 휠, 장착되어 있는 휠은 스포크 하나 부러져있어요)
- 헬멧
- 자물쇠
- 거치대

대차는 안받습니다 ㅜㅜ
궁금한 거 있으시면 편하게 연락주세요",9,6,812,200000,38.1,에레레렐,판매완료,7,대구 북구 구암동,https://www.daangn.com/kr/buy-sell/%EC%BD%98%EC%8A%A4%ED%83%84%ED%8B%B4-%EC%96%B4%EB%B2%A0%EC%9D%B8-2015-uchxtpow84vv/
07/09/2025,찐최종가더이상가격인하❌ㅣ콘스탄틴어베인2017픽시자전거급처(완차),"25만->23만->20만
상태 안좋은 프론트휠+매니큐어 같이드려요!

예약중 아니면 아직 안팔린거에요‼️
연락주세요‼️
하트만 누르지 마시고 찔러보기라도 해주세요!

구성 입문용으로 이거만한거 없을꺼에요!
사이즈는 51입니다!
집에서 보관했어요!
2023년 7월 2일에 중고로 사서 저는 큰 사고 없이 탔습니다~
6061 트리플버티드 알로이 프레임으로 가벼워요!
스무스웰딩 처리로 용접면이 부드러워요!
2017년식이라고 요즘 픽시랑 크게 다른 점 없어요~!
실물이 더 예쁩니다! 
에어로 프레임이라서 잘나가요!
자전거 곳곳 노란색 포인트들이 예뻐요!

구성
체인: 이즈미 골드 체인
안장: 언노운 오레오 
프론트: 벨로시닷 2022 
리어: 벨로시닷 2023 
(2024년쯤에 신품깠어요)
핸들: 벨로시닷 라이저바
그립: 언노운 
탑캡: 콘스탄틴 탑캡
나머지 순정 or 듣보

하자
볼트 녹 
도까, 스크래치
(매니큐어로 대부분 가려놓았어요, 원하시면 매니큐어 같이드려요!)
핸들 그립 까짐
안장 쪽 까짐
탑튜브에 먹음
(티 별로 안나고 저는 지장 없이 탔어요)

궁금한거 있으시면 채팅 주세요~
중고거래이므로 환불 절.대.불.가
바로 타실수 있는 상태입니다~

쿨거시 원하시면 상태 안 좋은 프론트휠 드려요~

대차는 전기자전거(Only PAS 방식)만 봅니다.

자세한 스펙
https://m.gorgotago.com/shop/view.php?index_no=4870",8,8,580,200000,41.9,당근오이가지,판매완료,7,경기 수원시 팔달구 화서동,https://www.daangn.com/kr/buy-sell/%EC%B0%90-%EC%B5%9C%EC%A2%85%EA%B0%80-%EB%8D%94-%EC%9D%B4%EC%83%81-%EA%B0%80%EA%B2%A9%EC%9D%B8%ED%95%98-%EC%BD%98%EC%8A%A4%ED%83%84%ED%8B%B4-%EC%96%B4%EB%B2%A0%EC%9D%B8-2017-%ED%94%BD%EC%8B%9C-%EC%9E%90%EC%A0%84%EA%B1%B0-%EA%B8%89%EC%B2%98-%EC%99%84%EC%B0%A8-vrujzk84tjnx/
28/03/2025,콘스탄틴어베인16년식급처합니다.,"구성
프리메로 불혼바
시슬릭 타이어
smp안장 
벨로시닷 경량휠
벨로시닷 크랭크

하자는 앞 포크 변색, 도까 조금 있는거 말고는 상태 아주 좋습니다.
최근에 샵 가서 점검도 받았는데 다른 이상은 없었습니다.
자세한 하자 사진은 오시면 보여드리겠습니다.
크랙, 꿀렁임, 유격, 실밥 없습니다.

""판매만"" 합니다

거파금 5
직거래만 합니다 (이동X)


중고거래 특성상 환불은 어렵습니다.",7,1,279,200000,38.6,망고쥬스,판매완료,1,경기 안양시 동안구 호계2동,https://www.daangn.com/kr/buy-sell/%EC%BD%98%EC%8A%A4%ED%83%84%ED%8B%B4-%EC%96%B4%EB%B2%A0%EC%9D%B8-16%EB%85%84%EC%8B%9D-%EA%B8%89%EC%B2%98%ED%95%A9%EB%8B%88%EB%8B%A4-vy1mn6eg1wdy/
07/11/2024,콘스탄틴어베인2022년식폴리싱프레임,"거래의 시작은 인사가 먼저라고 생갑합니다 인사도없이 챗거시면 바로 차단합니다
폴리싱한거 사와서 한번도 안탓습니다
사이즈 M사이즈
일단 먹음은 안보입니다
크랙X
직거래 범계역
클릿페달 미포함입니다 평페달 따로 드려요
구성 프레임 크랭크 싯포 포크
그외 궁금한점은 연락주세요
네고불가",2,1,218,200000,38.1,닉네임,판매완료,1,경기 안양시 동안구 호계2동,https://www.daangn.com/kr/buy-sell/%EC%BD%98%EC%8A%A4%ED%83%84%ED%8B%B4-%EC%96%B4%EB%B2%A0%EC%9D%B8-2022%EB%85%84%EC%8B%9D-%ED%8F%B4%EB%A6%AC%EC%8B%B1-%ED%94%84%EB%A0%88%EC%9E%84-uoyy9wonj2ki/
23/12/2025,콘스탄틴어베인반차,"콘스탄틴 어베인 반차판매합니다
22년식인거같고요 자세한 하자는 챗주세요
ㄱ급처합니다
20고정 거파2 뒷말시 차단",7,5,301,200000,36.6,메롱마,판매완료,3,경기 수원시 장안구 정자1동,https://www.daangn.com/kr/buy-sell/%EC%BD%98%EC%8A%A4%ED%83%84%ED%8B%B4-%EC%96%B4%EB%B2%A0%EC%9D%B8-%EB%B0%98%EC%B0%A8-x1aeuo4qygy4/
11/08/2024,콘스탄틴어베인2015,"도까 많고 주행에 이상가는 하자는 없습니다.
포크 도까 심해요
알류 삼발이
그외 다 순정",1,4,263,200000,36.8,정자1동,판매완료,6,경기 수원시 장안구 정자1동,https://www.daangn.com/kr/buy-sell/%EC%BD%98%EC%8A%A4%ED%83%84%ED%8B%B4%EC%96%B4%EB%B2%A0%EC%9D%B8-2015-np2q2cpa4zrc/
14/01/2026,콘스탄틴어베인16년식쓰나미l사이즈반차랑대차,"노먹노크가 하자 엄청많아요
크랭크 움니움입니다
대차봅니다
베어링문제탈수는있엇요
쓰나미랑반대반해요
핸들 지금은드롭바고
스템 벨닷이에요
반차
안장 시마노 스텔스
체인링볼트두개없어요
리어포함 스포크빠진소리남",0,0,85,200000,45.8,대창구이진,판매완료,1,부산 기장군 기장읍,https://www.daangn.com/kr/buy-sell/%EC%BD%98%EC%8A%A4%ED%83%84%ED%8B%B4%EC%96%B4%EB%B2%A0%EC%9D%B816%EB%85%84%EC%8B%9D-%EC%93%B0%EB%82%98%EB%AF%B8l%EC%82%AC%EC%9D%B4%EC%A6%88%EB%B0%98%EC%B0%A8%EB%9E%91%EB%8C%80%EC%B0%A8-8uktxnzrjyn7/
31/03/2026,콘스탄틴어베인픽시자전거,"콘스탄틴 어베인 모델의 픽시 자전거입니다

가벼운 무게와 뛰어난 주행 성능을 자랑합니다

도심 주행에 최적화된 디자인입니다

​[판매] 콘스탄틴 어베인 2016 스페셜 컬러 (블루 / 51사이즈)
​1. 기본 정보
​모델명: 2016 콘스탄틴 어베인 (Constantine Urbane) 스페셜 컬러
​색상: 블루 (희소성 있는 스페셜 컬러입니다.)
​사이즈: 51 (보통 키 160cm 후반 ~ 170cm 중반 추천)
​무게: 약 8kg (경량 프레임으로 주행감이 가볍습니다.)
​2. 상세 설명
​구매 시기: 2017년 신품 구매
​사용 기간: 구매 후 약 1년 정도 일상적인 용도로 주행했습니다.
​현재 상태: 이후에는 거의 타지 않고 실내(혹은 보관 장소)에 보관해 두었습니다.

상태 아주 좋습니다",3,4,346,200000,41.3,살지요,판매중,4,경기 김포시 고촌읍,https://www.daangn.com/kr/buy-sell/%EC%BD%98%EC%8A%A4%ED%83%84%ED%8B%B4-%EC%96%B4%EB%B2%A0%EC%9D%B8-%ED%94%BD%EC%8B%9C-%EC%9E%90%EC%A0%84%EA%B1%B0-33w9163n1xtd/
30/03/2025,콘스탄틴어베인(급처),"브레이크 때버려서 20에 팝니다.
라이트 없습니다. 돈 급해요. (네고 안됌)
환불 무슨일이 생겨도 ×
거파금 1만원.
아니 좀 안 살거면 연락하지마세요 제발",9,8,419,200000,36.8,까마,판매완료,8,경기 김포시 고촌읍,https://www.daangn.com/kr/buy-sell/%EC%BD%98%EC%8A%A4%ED%83%84%ED%8B%B4-%EC%96%B4%EB%B2%A0%EC%9D%B8-%EA%B8%89%EC%B2%98-n1yhtuztmqj8/
23/06/2025,콘스탄틴아베인(완차),"콘스탄틴 어베인 노랑X검정색 판매합니다.
상태는 도까랑 페인트 칠해져있고 스티커 붙혀져 있습니다 앞,뒤 휠 꿀렁임 심하고 펑크났습니다.
상태 좀 많이 안좋습니다. 네고 없이 판매하고 대차 봅니다 사이즈51 구매하신뒤 수리 하셔야 합니다
거래 후 뒷말이나 환불요청은 안받습니다. 직거래때 잘 보고 구매하세요",3,1,366,200000,39.1,그대여,판매완료,10,대구 달성군 유가읍,https://www.daangn.com/kr/buy-sell/%EC%BD%98%EC%8A%A4%ED%83%84%ED%8B%B4-%EC%95%84%EB%B2%A0%EC%9D%B8-%EC%99%84%EC%B0%A8-597bwmpgk6kh/
22/12/2024,"콘스탄틴어베인완차(판매,대차)","콘스탄틴 어베인 노랑X검정색 판매합니다.
상태는 도까랑 페인트 칠해져있고 스티커 붙혀져 있습니다 앞,뒤 휠 꿀렁임 심하고 펑크났습니다.
상태 좀 많이 안좋습니다. 네고 없이 판매하고 대차 봅니다 사이즈51 구매하신뒤 수리 하셔야 합니다
거래 후 뒷말이나 환불요청은 안받습니다.",4,5,1936,200000,39.1,그대여,판매완료,8,대구 달성군 유가읍,https://www.daangn.com/kr/buy-sell/%EC%BD%98%EC%8A%A4%ED%83%84%ED%8B%B4-%EC%96%B4%EB%B2%A0%EC%9D%B8-%EC%99%84%EC%B0%A8-%ED%8C%90%EB%A7%A4-%EB%8C%80%EC%B0%A8-c4bt73n8dde5/
01/09/2024,콘스탄틴어베인2016년식,"
도까   엄청많아요
",12,3,778,200000,37.4,이게인간인가,판매완료,1,강원 춘천시 석사동,https://www.daangn.com/kr/buy-sell/%EC%BD%98%EC%8A%A4%ED%83%84%ED%8B%B4-%EC%96%B4%EB%B2%A0%EC%9D%B82016%EB%85%84%EC%8B%9D-o6jhct5e88qz/
23/11/2024,콘스탄틴어베인2017,"안 탄지 8개월정도 되었고 체인은 녹슬어서 갈아야하고 바퀴바람 빠져있어서 따로 바람채우셔야합니다.
대부분 순정으로 알고 있어서 싸게 팝니다",6,1,279,200000,38,아아,판매완료,4,서울시 도봉구 창동,https://www.daangn.com/kr/buy-sell/%EC%BD%98%EC%8A%A4%ED%83%84%ED%8B%B4-%EC%96%B4%EB%B2%A0%EC%9D%B8-2017-gogqpkg36rfw/
07/04/2026,콘스탄틴어베인17-18년식픽시,17-18년둘중하나입니다 상태는 일단 안탄지 오래되어서 더러워서 물티슈로 한번 닦느셔야 좋을듯하고 하자 먀니큐어로 가린자국 있습니다 사진으로 첨부해놓았습니다 탑튜브에 작은먹음있는데 최대한 사진으로 잘 보이게 했습니다 샵 방문후 여쭤보니 지장 전혀 없다고 걱정말라 하십니다 사이즈 대략 54이지 싶습니다 직거애 까치울역입니다,1,0,169,200000,43.6,바로쿨거래당일거래,판매중,8,경기 부천시 오정구 작동,https://www.daangn.com/kr/buy-sell/%EC%BD%98%EC%8A%A4%ED%83%84%ED%8B%B4-%EC%96%B4%EB%B2%A0%EC%9D%B8-17-18%EB%85%84%EC%8B%9D-%ED%94%BD%EC%8B%9C-8fndwo4nhsm8/
19/01/2026,콘스탄틴어베인23멧블랙,"콘스탄틴 멧블랙

👾구성👾

프레임(콘스탄틴)
스템 (우노 130미리 17도 유광)
싯포 (언노운)
 안장 (언노운)
크랭크셋 (언노운)
페달 (평페달)
핸들 (라이져바 사진과 다름)
휠셋 제외 하자 모두 기제했음
하자 많아서 급급처 
구매시 상점에있는 이즈미 체인,프레임, 드림",0,0,72,200000,38.1,송도,판매완료,10,인천 연수구 연수동,https://www.daangn.com/kr/buy-sell/%EC%BD%98%EC%8A%A4%ED%83%84%ED%8B%B4-%EC%96%B4%EB%B2%A0%EC%9D%B8-23-%EB%A9%A7%EB%B8%94%EB%9E%99-4i38tp8mw5za/
19/02/2025,콘스탄틴어베인팝니다,"콘스탄틴 어베인 팝니다
올 순정이고 사시면 드롭바랑 자물쇠 같이 드립니다
도까 많고 뒤 바퀴 튜브 갈으셔야됩니다",6,3,314,200000,37.3,가나다라마바사기꾼,판매완료,1,서울시 도봉구 창제1동,https://www.daangn.com/kr/buy-sell/%EC%BD%98%EC%8A%A4%ED%83%84%ED%8B%B4-%EC%96%B4%EB%B2%A0%EC%9D%B8-%ED%8C%9D%EB%8B%88%EB%8B%A4-rmizcx3refkz/
16/09/2025,(급처)콘스탄틴어베인핑크색상,"콘스탄틴 핑크 입니다


18년식 콘스탄틴 어베인 핑크
프레임셋으로 판매합니다
년식 대비 상태 좋구요
타는데 지장가는 하자x
싯포 고착x
하자는 톡 주세요
네고 ㄱㄴ
대차 받아요",3,3,187,210000,37.5,죽빵빵,판매완료,1,경기 안양시 만안구 안양2동,https://www.daangn.com/kr/buy-sell/%EA%B8%89%EC%B2%98-%EC%BD%98%EC%8A%A4%ED%83%84%ED%8B%B4-%EC%96%B4%EB%B2%A0%EC%9D%B8-%ED%95%91%ED%81%AC-%EC%83%89%EC%83%81-en8mm8xq95bn/
16/03/2026,콘스탄틴어베인픽시자전거,"콘스탄틴 어베인2025 픽시 자전거입니다
하자는 사진에있습니다
51사이즈",4,5,386,210000,37.8,인사는기본,판매완료,6,대구 달성군 유가읍,https://www.daangn.com/kr/buy-sell/%EC%BD%98%EC%8A%A4%ED%83%84%ED%8B%B4-%EC%96%B4%EB%B2%A0%EC%9D%B8-%ED%94%BD%EC%8B%9C-%EC%9E%90%EC%A0%84%EA%B1%B0-ep3xp3ryxrq3/
22/06/2025,콘스탄틴버나드2023프레임판매,"콘스탄틴 버나드 2023 카멜레온 프레임 판매

포크 없는 프레임 가격입니다 버나드 포크있는 프셋이 40이던데 포크 10으로 구해도 이득이에요
하자 노먹노크 챗주시면 보내드려요 하자 적어요
이유있는 소량 네고 가능합니다 꽉막힌 사람 아니에요
사이즈 황금 사이즈 54
배송비 미포함 가격
















ㅡㅡㅡㅡㅡㅡㅡㅡㅡ검색어 ㅡㅡㅡㅡㅡㅡㅡㅡㅡ


카베자메리다,리더,언노운,콘스탄틴,벨로모빌,리컴번트,비앙키,짚,앙카,도스노벤타 스컬트라,리엑토,리엑토 멕라렌 람보르기니,페라리,오토바이,각기
ZIPP,이즈미,스기노,라케타,시마노,신형,피나렐로,신품,트랙,트렉,첼로,인터프로,펠트,리들리,bmc,kmc,아르곤18,위아위스,엔진11,88림,디스크휠, 로드,픽시,mtb,풀샥,bmx,트릭픽시,벨로모빌,리컴번트,트라이얼,그래블,경륜,소라,티아그라,프롤로고,울테그라,후지,스페셜라이즈드,에스웍스,어드벤스,투워니,클라리스,페포,카본,마빅,아르마,오발이,피직,50,30,60,90림,스턴트스쿠터,투스포크,림블랙켓,스포크,허브,볼트싯포스트,헬멧,룩l96 l96 r96 t20 396 296 464 364 바이큰,치카노,지오스,도마스
휴스턴,서울,la,도쿄,에딘버러,삼천리,에이모션,에이모션트리가,데브그루,로가스,로가스 다운타운
t4 t3 t1 t5 S3 크릿디,스프린터,불렛,볼텍스 어베인 버나드 콘스탄틴 쇼크 디스페랄 윈드시어,트위터 lv3 lv2 lv2 싱귤러리티2 져지 쫄쫄이 무스너클 맥케이지 몽클레어psx ps1 구형  360,에틱,타누스,코나,트랙,스캇,엘파마,Smith,검월타이어,픽시,알카본,알류미늄,티타늄,나노,나놋입자,구찌,샤넬,언노운펄스 어드벤스1 어드벤스2,에이지 엔트라,에이지 수프라, 인터프로 미사일,인터프로 독주,아비아브,미니벨로,위더피플,선데이,모토벨로,자이언트,자이언트레인,어반,제피로,바쏘,바소팩터,FACTOR,파스포츠,캐논데일,슈퍼피스타,콜나고,크로몰리,코리마,에콜로직스,도란,노바텍,치넬리,비고렐리,메쉬스틸,메쉬워크,ac1 ac2,펠트tk1,펠트tk3,철인3종,tt바,베이스바,드롭바,트랙바ac2,펠트tk1,펠트tk3,철인3종,tt바,베이스바,드롭바,트랙바,시쓸릭,불혼바,리치휠,캄파놀로,크로드,도디치,도그마,df4 df3 프리큐사 슈퍼노바,아반티
BT 스텔스,BT 울트라,라이트웨이트,자작,디스크커버,인터프로 아미고,쓰론,나가사와,쓰나미,켄도,스테이트,크레이지,체이서,디티,첼로산렌쇼,코렉스,헤드젯,벨로라인,띠꼬르디,치넬리 레이저,앙카 브릿지스톤,룩795,룩695,룩464룩,364,룩264,룩164,xrs,테슈너,오베아,케니언,가민,속도계.데다,엔진11 헌터브로스,갓앤페이머스,오션블루,캔디플루,3d로터,베가스트,디럭스,뉴에바요크,브레이커,건메탈,ird,코비,국뽕,메탈그레이,벨로시닷,키리커,백스,푸시아,도스노벤타 쿠알라룸푸르,디트로이트,짚404,짚808,보이져,위아위스txt,txtsd,와스지,플래닛x,룩564,트리곤,트랜지션,프롤로고,bmc tr01,bmc tr02,파간gt,로타지오네",5,9,747,220000,39.1,꿀매제조기,판매완료,1,경기 고양시 일산동구 장항2동,https://www.daangn.com/kr/buy-sell/%EC%BD%98%EC%8A%A4%ED%83%84%ED%8B%B4-%EB%B2%84%EB%82%98%EB%93%9C-2023-%ED%94%84%EB%A0%88%EC%9E%84-%ED%8C%90%EB%A7%A4-mpq7vpcekov7/
05/05/2025,콘스탄틴어베인픽시자전거던져요,"구성 


-크랭크 언노운 


-패달 평페달


-체인링 언노운


-체인 모름


-바 RX1


-스템 우노


-휠 뒤에를 언노운


-휠 앞휠 듣보


-싯포 벨로시닷


-안장 산마르코


-바테잎 수퍼카즈 찐이진 모름


-포크 카본


도까 좀 있습니다 잘나가요 
엔진 크릿디 들어오면 절박아요
거파금3~5.",84,40,2223,220000,38.1,안녕하셍,판매완료,2,대구 북구 구암동,https://www.daangn.com/kr/buy-sell/%EC%BD%98%EC%8A%A4%ED%83%84%ED%8B%B4-%EC%96%B4%EB%B2%A0%EC%9D%B8-%ED%94%BD%EC%8B%9C-%EC%9E%90%EC%A0%84%EA%B1%B0-%EB%8D%98%EC%A0%B8%EC%9A%94-4c33f6yoipxx/
11/05/2026,콘스탄틴어베인2021,"뒤타이어 식슬릭 교체했습니다.
앞브레이크 달려있습니다.
스크레치 등 하자들은 작게 있습니다.(작아서 잘 안보입니다)
하자 사진 원하시면 모두 보내드립니다.
사이즈 54
대차X
네고 X",9,33,1003,220000,36.5,재민,판매완료,4,경기 수원시 팔달구 화서동,https://www.daangn.com/kr/buy-sell/%EC%BD%98%EC%8A%A4%ED%83%84%ED%8B%B4-%EC%96%B4%EB%B2%A0%EC%9D%B8-2021-7e66npvo4i1r/
23/07/2025,콘스탄틴어베인판매급처,"콘스탄틴 어베인 2024년식이예요 
잔기스있어요 찍힌거 마카로 칠했는데 티 안남

타이어 교체하시고 타야돼요 사이즈는 M 53정도 입니다 쿨거시 1만원 깍아드려요





























































검색어: 
3t,써벨로,룩,리파인드,라피에르,카베자메리다,리더,언노운,콘스탄틴,벨로모빌,리컴번트,비앙키,짚,앙카,도스노벤타 스컬트라,리엑토,리엑토 멕라렌 람보르기니,페라리,오토바이,각기
ZIPP,이즈미,스기노,라케타,시마노,신형,피나렐로,신품,트랙,트렉,첼로,인터프로,펠트,리들리,bmc,kmc,아르곤18,위아위스,엔진11,88림,디스크휠, 로드,픽시,mtb,풀샥,bmx,트릭픽시,벨로모빌,리컴번트,트라이얼,그래블,경륜,소라,티아그라,프롤로고,울테그라,후지,스페셜라이즈드,에스웍스,어드벤스,투워니,클라리스,페포,카본,마빅,아르마,오발이,피직,50,30,60,80,88,90림,스턴트스쿠터,투스포크,림블랙켓,스포크,허브,볼트싯포스트,헬멧,룩l96 l96 r96 t20 396 296 464 364 바이큰,치카노,지오스,도마스
휴스턴,서울,la,도쿄,에딘버러,삼천리,에이모션,에이모션트리가,데브그루,로가스,로가스 다운타운
t4 t3 t1 t5 S3 크릿디,스프린터,불렛,볼텍스 어베인 버나드 콘스탄틴 쇼크 디스페랄 윈드시어,트위터 lv3 lv2 lv2 싱귤러리티2 져지 쫄쫄이 무스너클 맥케이지 몽클레어psx ps1 구형  360,에틱,타누스,코나,트랙,스캇,엘파마,Smith,검월타이어,픽시,알카본,알류미늄,티타늄,나노,나놋입자,구찌,샤넬,언노운펄스 어드벤스1 어드벤스2,에이지 엔트라,에이지 수프라, 인터프로 미사일,인터프로 독주,아비아브,미니벨로,위더피플,선데이,모토벨로,자이언트,자이언트레인,어반,제피로,바쏘,바소팩터,FACTOR,파스포츠,캐논데일,슈퍼피스타,콜나고,크로몰리,코리마,에콜로직스,도란,노바텍,치넬리,비고렐리,메쉬스틸,메쉬워크,ac1 ac2,펠트tk1,펠트tk3,철인3종,tt바,베이스바,드롭바,트랙바,시쓸릭,불혼바,리치휠,캄파놀로,크로드,도디치,도그마,df4 df3 프리큐사 슈퍼노바,아반티,BT 스텔스,BT 울트라,라이트웨이트,자작,디스크커버,인터프로 아미고,쓰론,나가사와,쓰나미,켄도,스테이트,크레이지,체이서,디티,첼로산렌쇼,코렉스,헤드젯,벨로라인,띠꼬르디,치넬리 레이저,앙카 브릿지스톤,룩795,룩695,룩464룩,364,룩264,룩164,xrs,테슈너,오베아,케니언,가민,속도계.데다,엔진11 헌터브로스,갓앤페이머스,오션블루,캔디플루,3d로터,베가스트,디럭스,뉴에바요크,브레이커,건메탈,ird,코비,국뽕,메탈그레이,벨로시닷,키리커,백스,푸시아,도스노벤타 쿠알라룸푸르,디트로이트,짚404,짚808,보이져,위아위스txt,txtsd,와스지,플래닛x,룩564,트리곤,트랜지션,프롤로고,bmc,ㅍㄷㅍ,ㅍㄷㅇ,2020 2021 2022 2023 2024 2019 2018 2017 2016 2015 2014 
24 23 22 21 20 19 18 18 17 16 15 14 s m| xl xxl
44 49 51 52 53 54 55 56 58 60 사이즈3t,리파인드,라피에르,카베자메리다,리더,언노운,콘스탄틴,벨로모빌,리컴번트,비앙키,짚,앙카,도스노벤타 스컬트라,리엑토,멕라렌,람보르기니,페라리,오토바이,각기,ZIPP,이즈미,스기노,라케타,시마노,신형,피나렐로,신품,트랙,트렉,첼로,인터프로,펠트,리들리,bmc,kmc,아르곤18,위아위스,엔진11,88림,디스크휠, 로드,픽시,mtb,풀샥,bmx,트릭픽시,벨로모빌,리컴번트,트라이얼,그래블,경륜,소라,티아그라,프롤로고,울테그라,후지,스페셜라이즈드,에스웍스,어드벤스,투워니,클라리스,페포,카본,마빅,아르마,오발이,50,30,60,90림,스턴트스쿠터,투스포크,림블랙켓,스포크,허브,볼트싯포스트,헬멧,룩,l96,r96,t20,바이큰,치카노,지오스,도마스,휴스턴,서울,la,도쿄,에딘버러,삼천리,에이모션,에이모션트리가,데브그루,로가스,로가스 다운타운,써벨로,t4,t3,t1,t5,S3,크릿디,스프린터,불렛,볼텍스,어베인,버나드,샤크,디스페랄 윈드시어,트위터,lv3,lv2,lv1,싱귤러리티2 져지",28,11,1194,220000,36.6,zzzzzz,판매중,1,전북 완주군 봉동읍,https://www.daangn.com/kr/buy-sell/%EC%BD%98%EC%8A%A4%ED%83%84%ED%8B%B4-%EC%96%B4%EB%B2%A0%EC%9D%B8-%ED%8C%90%EB%A7%A4-%EA%B8%89%EC%B2%98-tu5goiedagfw/
19/12/2025,2021콘스탄틴어베인,"콘스탄틴 어베인 픽시 자전거입니다
- 안장 찢어짐 있습니다 (사진 참조)
- 자전거 잠금장치 함께 드립니다
-앞바퀴 펑크로 교체 필요해서 싸게 넘겨요",9,13,345,220000,36.7,경쾌한이웃,판매완료,3,충남 천안시 서북구 쌍용동,https://www.daangn.com/kr/buy-sell/2021-%EC%BD%98%EC%8A%A4%ED%83%84%ED%8B%B4-%EC%96%B4%EB%B2%A0%EC%9D%B8-tksj152vccev/
01/06/2026,콘스탄틴어베인카멜레온(휠셋제외반차),"최근 년식으로 알고 그리고 헤드셋 부품 한개정도 없어서 좀 뻑뻑합니디.헤드셋값 빼고 반차 판매합니다.
대차는 휠셋제외 크릿디만",0,2,97,220000,47,당근망고,판매중,1,대구 달성군 유가읍,https://www.daangn.com/kr/buy-sell/%EC%BD%98%EC%8A%A4%ED%83%84%ED%8B%B4-%EC%96%B4%EB%B2%A0%EC%9D%B8-%EC%B9%B4%EB%A9%9C%EB%A0%88%EC%98%A8-%ED%9C%A0%EC%85%8B%EC%A0%9C%EC%99%B8-%EB%B0%98%EC%B0%A8-bzspn37xpj8s/
13/09/2025,콘스탄틴어베인픽시자전거팝니다!,"픽시 콘스탄틴 어베인 2021년식입니다.

사용감은 있지만 기능은 문제없습니다.
앞바퀴 브레이크 기능 추가로 설치했습니다.
관심있는 분 연락주세요~~",10,12,444,220000,45.2,케이헬스,판매완료,5,서울시 도봉구 창동,https://www.daangn.com/kr/buy-sell/%EC%BD%98%EC%8A%A4%ED%83%84%ED%8B%B4-%EC%96%B4%EB%B2%A0%EC%9D%B8-%ED%94%BD%EC%8B%9C-%EC%9E%90%EC%A0%84%EA%B1%B0-%ED%8C%9D%EB%8B%88%EB%8B%A4-uk3vzcwxab3w/
18/07/2025,콘스탄틴어베인픽시자전거,"콘스탄틴 어베인 픽시 자전거입니다.
근처 지역으로 와주시면 200000원에 판매합니다.",16,9,1007,228000,38.5,zlizilz,판매완료,1,대전 서구 정림동,https://www.daangn.com/kr/buy-sell/%EC%BD%98%EC%8A%A4%ED%83%84%ED%8B%B4-%EC%96%B4%EB%B2%A0%EC%9D%B8-%ED%94%BD%EC%8B%9C-%EC%9E%90%EC%A0%84%EA%B1%B0-n6mzynqaxtzn/
27/07/2025,콘스탄틴어베인픽시프레임셋네이비화이트씹급쳐,"콘스탄틴 어베인 네이비화이트 2018년식 프렘셋

사이즈는 51입니다
순정 헤드셋,싯클,싯포

독산역 또는 광명시민체육관에서만 직거래합니다
네고 가능 개개개개개급쳐",2,3,137,230000,39,우이이,판매완료,6,경기 광명시 하안4동,https://www.daangn.com/kr/buy-sell/%EC%BD%98%EC%8A%A4%ED%83%84%ED%8B%B4-%EC%96%B4%EB%B2%A0%EC%9D%B8-%ED%94%BD%EC%8B%9C-%ED%94%84%EB%A0%88%EC%9E%84%EC%85%8B-%EB%84%A4%EC%9D%B4%EB%B9%84%ED%99%94%EC%9D%B4%ED%8A%B8-%EC%94%B9%EA%B8%89%EC%B3%90-ypikstekpyjq/
17/04/2026,콘스탄틴어베인픽시블랙,"매력적인 콘스탄틴 어베인 픽시 블랙 색상 자전거예요
사진으로 확인 가능한 구성품 그대로 보내드려요
깔끔한 디자인으로 어디든 잘 어울려요
스타일리시한 라이딩을 즐기고 싶으신 분들께 추천드려요",2,5,73,230000,36.5,해피,판매완료,4,경기 부천시 원미구 중동,https://www.daangn.com/kr/buy-sell/%EC%BD%98%EC%8A%A4%ED%83%84%ED%8B%B4-%EC%96%B4%EB%B2%A0%EC%9D%B8-%ED%94%BD%EC%8B%9C-%EB%B8%94%EB%9E%99-reszd45y3dg8/
02/07/2025,콘스탄틴어베인17,"미기재당해서 조금만 타다가 팝니다
비비깨짐, 도까 다수, 바테잎 까짐, 뒷바퀴 미세 꿀렁임
판매만 아무나 찔러주세요
사이즈m 3T스템",11,7,924,230000,37.4,사겠습니다,판매완료,5,경기 부천시 원미구 중동,https://www.daangn.com/kr/buy-sell/%EC%BD%98%EC%8A%A4%ED%83%84%ED%8B%B4-%EC%96%B4%EB%B2%A0%EC%9D%B8-17-4idvqsphc464/
27/07/2025,콘스탄틴버나드18년식대/판,"가격어그로 판매 50





콘스탄틴 저나드 18년식 ㅍㄷㅍ, ㅂㄷㅂ, ㅂㄷㅇ, ㅍㄷㅂ합니다. 저는 ㅍ랑ㅂ만 있습니다.
추금 4.5 (10일에 추금 8~9 정도 생길 예정)
판매는 50에 하는데 소량 내고 ㄱㄴ
사이즈는M사이즈 입니다.
프레임에 문태환님 싸인 있습니다.
하자 사진은 위에 다 올렸고 혹시 모르니까 직거래 와서 살펴보세요.
실물로 보면 엄청 예쁩니다.
전반적으로 더러운곳 닦았습니다.
하자 너무 많거나 먹음이나 크랙 있으면 안해요.
되도록이면 하자 5개 이하
선호: 추금주고 엔진11 크릿디나 볼텍스(될진 모르겠음), 쓰나미(레드와인, 불꽃 시리즈)
듣보 절대 ❌❌❌bmx,mtb,로드❌❌❌


구성
프레임: 콘스탄틴 버나드 18년식
스템: 우노 120mm 17도 거의 무하자
핸들바: 치넬리 vai 드롭바 찐퍼카즈
크랭크: 벨로시닷 디스크 크랭크
싯포: 벨로시밧 싯포
안장: 프롤로그 스크래치 M5( 아마도?)
탑캡은 없는데 곧 살겁니다.(대차는 탑캡 빼고 거래 가능합니다)

























어그로
검색어
위아위스 써벨로 엔진11 콘스탄틴
자토바이 스즈키 로터 노큐 로터 
크랭크셋 픽시 픽시드 기어 고정기어
파스포츠 로터노큐 로허 알듀 아르곤 18
써벨로 t/ +3 +4 3t 에어로노바 프로 드롭바
비젼 디스크 로터 체인림 에르고노바 콘스탄틴, 벨로모빌, 리컴번트, 비앙키, 짚, 앙카,
도스노벤타 ,스컬트라, 리엑토, 리엑토 , 엑라렌 , 람보르 기니, 페라리, 오토바이, 각기,
ZIPB이즈미,스기노, 라케 타, 시마노, 신형,피나로, 신품, 트랙,트레,첼로, 인터프 로, 펠트
리들리, bmc,kmg, 아르곤 18, 위아위스, 엔진/ 1,88림, 디스크휠, 로드, 픽시, mtb,풀삭, bmx,
트리픽 시, 벨로모빌, 리컴번트 ,트라이얼, 그래블, 경륜,소라, 티 아그라,프롤로고, 울레그라,
후지, 스페셜라이즈드, 에스 워스, 어드벤스,투워니, 클라리스,페포, 카봄, 마빅 , 아르 마,
오발이,피직,50,30,60,88,90림,스턴트스쿠헌, 투 스포 크, 림블랙켓,스포크,허브, 볼트셋포스트
헬멧, 룩R96, L96, t10, 396, 196,464 364 바미큰, 치카노, 지오 스,도마스,
리가, 네브그루,로가스,로가스 다운타운 T4 53, 크릿디, 스프린허, 불렛, 볼텍스 ,어베인
버나드, 큰 스탄틴 , 쇼크, 디스페랄 ,윈드시어,트위터, IV3,IV1, IV2 싱귤러리티그
타누스,고나, 트랙, 스캇, 엘파 마,smit, 검타이어, 픽시, 알카본,알류미늄,언노운 펄스
어드벤 드벤스그,에이지 엔트라, 에이지 수프라, 인터프로 미사일, 인터프로 독주, 아비아브
미니벨로, 위 더피플, 선데이, 오토벨로, 자이언트,픽시, 크릿디, 리더,카본, 알류  도노스벤타, 짚, zzip 서비스코스, 짚스트린터",3,0,273,230000,39.2,픽시사고싶다,판매완료,4,대구 달서구 도원동,https://www.daangn.com/kr/buy-sell/%EC%BD%98%EC%8A%A4%ED%83%84%ED%8B%B4-%EB%B2%84%EB%82%98%EB%93%9C-18%EB%85%84%EC%8B%9D-%EB%8C%80-%ED%8C%90-2gg5fr6vk8ck/
09/11/2025,[급처]콘스탄틴어베인반차급처합니다,"콘스탄틴 어베인 반차 판매 합니다 

<구성>
콘스탄틴 어베인 프레임셋 
언노운 rx1 카본드롭바(슈퍼카즈찐) 
우노 130mm(뒤집어져 있음) 
벨닷 크랭크셋 
메리다 안장 
평페달 포함


하자는 도까 조금과 기스, 변색 조금정도가 끝입니다. 노먹노크이고 상태 좋습니다.


교신, 판매 모두 합니다. 많이 찔러주세요.",1,0,116,230000,43.8,안녕하세요,판매완료,2,광주 서구 풍암동,https://www.daangn.com/kr/buy-sell/%EA%B8%89%EC%B2%98-%EC%BD%98%EC%8A%A4%ED%83%84%ED%8B%B4-%EC%96%B4%EB%B2%A0%EC%9D%B8-%EB%B0%98%EC%B0%A8-%EA%B8%89%EC%B2%98%ED%95%A9%EB%8B%88%EB%8B%A4-8f923x8z8k7e/
16/04/2026,콘스탄틴어베인2018년식,"사이즈 52 이며 상태는 지장 아예없는 콩먹음 3개 

1개는 조금 보임 2개는 잘 안보임 자세히 봐야보임 
체인오일로 인한 더러운것 이외 도까있습니다 사진상 검은색 자국은 체인오일 자국입니다 스템 카본스템",3,16,969,230000,43.6,바로쿨거래당일거래,판매완료,7,경기 부천시 오정구 작동,https://www.daangn.com/kr/buy-sell/%EC%BD%98%EC%8A%A4%ED%83%84%ED%8B%B4-%EC%96%B4%EB%B2%A0%EC%9D%B8-2018%EB%85%84%EC%8B%9D-r1vrjehyafrx/
28/07/2025,콘스탄틴어베인픽시자전거,"상태 매우 안좋아요 급처
직접오셔야돼요",22,10,1105,230000,21.6,대전,판매중,1,대전 유성구 원신흥동,https://www.daangn.com/kr/buy-sell/%EC%BD%98%EC%8A%A4%ED%83%84%ED%8B%B4-%EC%96%B4%EB%B2%A0%EC%9D%B8-%ED%94%BD%EC%8B%9C-%EC%9E%90%EC%A0%84%EA%B1%B0-b88p7ufp9bfn/
27/09/2025,콘스탄틴드래그오일슬릭2023반차판매/교신,"콘스탄틴 드래그 오일슬릭 2023
판매가 25 교신가 25

핸들바 : 자이언트
크랭크 : 오타
체인링 : 오타
싯포 : 벨로시닷
안장 : 벨로시닷

하자 연락 주시면 알려드립니다 크랙 절대 없어요
듣보휠만 사서 하면 완차 30아래에 맞추는 수준
지장있는 하자 1절 없습니다 휠 밀림 이런거 없습니다
네고 가능합니다 많이는 안돼도 조금은 됍니다
찜만 누르지 마시고 연락주세요 문의 환영
















림블랙켓,스포크,허브,볼트싯포스트,헬멧,룩l96 l96 r96 t20 396 296 464 364 바이큰,치카노,지오스,도마스
휴스턴,서울,la,도쿄,에딘버러,삼천리,에이모션,에이모션트리가,데브그루가,데브그루,로가스,로가스 다운타운
t4 t3 t1 t5 S3 크릿디,스프린터,불렛,볼텍스 어베인 버나드 콘스탄틴 쇼크 디스페랄 윈드시어,트위터 lv3 lv2 lv2 싱귤러리티2 져지 쫄쫄이 무스너클 맥케이지 몽클레어psx ps1 구형  360,에틱,타누스,코나,트랙,스캇,엘파마,Smith,검월타이어,픽시,알카본,알류미늄,티타늄,나노,나놋입자,구찌,샤넬,언노운펄스 어드벤스1 어드벤스2,에이지 엔트라,에이지 수프라, 인터프로 미사일,인터프로 독주,아비아브,미니벨로,위더피플,선데이,모토벨로,자이언트,자이언트레인,어반,제피로,바쏘,바소팩터,FACTOR,파스포츠,캐논데일,슈퍼피스타,콜나고,크로몰리,코리마,에콜로직스,도란,노바텍,치넬리,비고렐리,메쉬스틸,메쉬워크,ac1 ac2,펠트tk1,펠트tk3,철인3종,tt바,베이스바,드롭바,트랙바,시쓸릭,불혼바,리치휠,캄파놀로,크로드,도디치,도그마,df4 df3 프리큐사 슈퍼노바,아반티
BT 스텔스,BT 울트라,라이트웨이트,자작,디스크커버,인터프로 아미고,쓰론,나가사와,쓰나미,켄도,스테이트,크레이지,체이서,디티,첼로산렌쇼,코렉스,헤드젯,벨로라인,띠꼬르디,치넬리 레이저,앙카 브릿지스톤,룩795,룩695,룩464룩,364,룩264,룩164,xrs,테슈너,오베아,케니언,가민,속도계.데다,엔진11 헌터브로스,갓앤페이머스,오션블루,캔디플루,3d로터,베가스트,디럭스,뉴에바요크,브레이커,건메탈,ird,코비,국뽕,메탈그레이,벨로시닷,키리커,백스,푸시아,도스노벤타 쿠알라룸푸르,디트로이트,짚404,짚808,보이져,위아위스txt,txtsd,와스지,플래닛x,룩564,트리곤,트랜지션,프롤로고,bmc tr01,bmc tr02,파간gt,로타지오네림블랙켓,스포크,허브,볼트싯포스트,헬멧,룩l96 l96 r96 t20 396 296 464 364 바이큰,치카노,지오스,도마스
휴스턴,서울,la,도쿄,에딘버러,삼천리,에이모션,에이모션트리가,데브그루가,데브그루,로가스,로가스 다운타운
t4 t3 t1 t5 S3 크릿디,스프린터,불렛,볼텍스 어베인 버나드 콘스탄틴 쇼크 디스페랄 윈드시어,트위터 lv3 lv2 lv2 싱귤러리티2 져지 쫄쫄이 무스너클 맥케이지 몽클레어psx ps1 구형  360,에틱,타누스,코나,트랙,스캇,엘파마,Smith,검월타이어,픽시,알카본,알류미늄,티타늄,나노,나놋입자,구찌,샤넬,언노운펄스 어드벤스1 어드벤스2,에이지 엔트라,에이지 수프라, 인터프로 미사일,인터프로 독주,아비아브,미니벨로,위더피플,선데이,모토벨로,자이언트,자이언트레인,어반,제피로,바쏘,바소팩터,FACTOR,파스포츠,캐논데일,슈퍼피스타,콜나고,크로몰리,코리마,에콜로직스,도란,노바텍,치넬리,비고렐리,메쉬스틸,메쉬워크,ac1 ac2,펠트tk1,펠트tk3,철인3종,tt바,베이스바,드롭바,트랙바,시쓸릭,불혼바,리치휠,캄파놀로,크로드,도디치,도그마,df4 df3 프리큐사 슈퍼노바,아반티
BT 스텔스,BT 울트라,라이트웨이트,자작,디스크커버,인터프로 아미고,쓰론,나가사와,쓰나미,켄도,스테이트,크레이지,체이서,디티,첼로산렌쇼,코렉스,헤드젯,벨로라인,띠꼬르디,치넬리 레이저,앙카 브릿지스톤,룩795,룩695,룩464룩,364,룩264,룩164,xrs,테슈너,오베아,케니언,가민,속도계.데다,엔진11 헌터브로스,갓앤페이머스,오션블루,캔디플루,3d로터,베가스트,디럭스,뉴에바요크,브레이커,건메탈,ird,코비,국뽕,메탈그레이,벨로시닷,키리커,백스,푸시아,도스노벤타 쿠알라룸푸르,디트로이트,짚404,짚808,보이져,위아위스txt,txtsd,와스지,플래닛x,룩564,트리곤,트랜지션,프롤로고,bmc tr01,bmc tr02,파간gt,로타지오네",12,7,960,250000,39.1,꿀매제조기,판매완료,2,경기 고양시 일산동구 장항2동,https://www.daangn.com/kr/buy-sell/%EC%BD%98%EC%8A%A4%ED%83%84%ED%8B%B4-%EB%93%9C%EB%9E%98%EA%B7%B8-%EC%98%A4%EC%9D%BC%EC%8A%AC%EB%A6%AD-2023-%EB%B0%98%EC%B0%A8-%ED%8C%90%EB%A7%A4-%EA%B5%90%EC%8B%A0-u5fhxdn4dp61/
31/10/2024,픽시콘스탄틴어베인2016대차/판매,"타이어 식슬릭이고요 타이어 갈았습니다 
노먹노크 정비 받았습니다 
하자 도까 있습니다 타고다니는데 지장하나도 없습니다
급처@@@@@",10,8,471,250000,43.4,사람,판매완료,2,대전 서구 정림동,https://www.daangn.com/kr/buy-sell/%ED%94%BD%EC%8B%9C-%EC%BD%98%EC%8A%A4%ED%83%84%ED%8B%B4-%EC%96%B4%EB%B2%A0%EC%9D%B8-2016-%EB%8C%80%EC%B0%A8-%ED%8C%90%EB%A7%A4-smat2d8v2p4p/
07/05/2026,콘스탄틴어베인핑크판/대(급급처),"콘스탄틴 어베인이고요. 도까 많지는 않지만 있어요. 핸들빵 하나 있고 보관 만 했어요. 안장 각도 고쳤어요. 외장비비 입니다. 대차도 봐요. 다 봐요.
네고 안 돼요. 급급처입니다. 거파금 3",2,2,135,250000,40.2,정이안좋아합니다,판매완료,1,전북 전주시 덕진구 인후1동,https://www.daangn.com/kr/buy-sell/%EC%BD%98%EC%8A%A4%ED%83%84%ED%8B%B4-%EC%96%B4%EB%B2%A0%EC%9D%B8-%ED%95%91%ED%81%AC-%ED%8C%90-%EB%8C%80-%EA%B8%89%EA%B8%89%EC%B2%98-7852xqxapnu9/
22/01/2026,콘스탄틴버나드2022급처,"대차는 어베인,샤크 ㅂㄷㅂ이나 ㅇㄷㅇ 봅니다
상태 안좋은거 안받고 추물도있어요 (게시물)
로드 안받아요

구성
콘스탄틴 버나드2022 m
라이더스웨이 드롭바
스템 스페셜라이즈드
프론트 튜블러 카본50림
리어 노바텍42림 짚데칼
나머지는 순정입니다
큰하자 없이 잘 타고다녔습니다 
하자 도까 기스 좀 있어요


직거 수원버스터미널,세류역
이동은 이동비 *선입금* 받고 가요
중고거래 특정상 뒷말X 환불X",1,9,221,250000,39.8,에눌안하는남자,판매완료,5,경기 화성시 병점구 반월동,https://www.daangn.com/kr/buy-sell/%EC%BD%98%EC%8A%A4%ED%83%84%ED%8B%B4-%EB%B2%84%EB%82%98%EB%93%9C-2022-%EA%B8%89%EC%B2%98-8euye59ggxa9/
16/05/2026,콘스탄틴아베인2021반차,"콘스탄틴 어베인 2021
벨로시닷 크랭크 
이즈미 체인 일부 kmc체인으로 연장
벨로시닷 핸들바
토식 카본 스템 130미리
앞브레이크 포함
벨로시닷 싯포스트 (고정 너트부품이 없어 다른 너트로 바꿔두었습니다)

프레임 하자 많습니다 노먹노크

대차 안합니다 판매만 합니다


4만원 추가시 카본 언노운 싯포스트도 함께 드립니다. 

직거래 cu안양호계한마음점
이동 안합니다",3,1,131,250000,38.1,닉네임,판매완료,1,경기 안양시 동안구 호계2동,https://www.daangn.com/kr/buy-sell/%EC%BD%98%EC%8A%A4%ED%83%84%ED%8B%B4-%EC%95%84%EB%B2%A0%EC%9D%B8-2021-%EB%B0%98%EC%B0%A8-8zehu5fwkzeh/
04/05/2025,콘스탄틴어베인급처마지막가격," 판매 25
대차도합니다
벨닷 크랭크 문태환 싸인 있습니다
로드대차는 트랙아니면 스컬트라100 원합니다 
언엔콘 환영 ",32,12,1801,250000,40.4,파프리카쿵야,판매완료,3,경기 부천시 원미구 약대동,https://www.daangn.com/kr/buy-sell/%EC%BD%98%EC%8A%A4%ED%83%84%ED%8B%B4-%EC%96%B4%EB%B2%A0%EC%9D%B8-%EA%B8%89%EC%B2%98-%EB%A7%88%EC%A7%80%EB%A7%89-%EA%B0%80%EA%B2%A9-izfjmm4xqf3z/
02/03/2026,콘스탄틴어베인픽시자전거,"콘스탄틴 어베인 픽시 자전거입니다
- ZIPP 드롭바가 장착되어 있습니다
- Specialized 안장이 장착되어 있습니다
생활 스크래치는 있습니다 
주행에는 문제 없습니다
판매만 합니다",8,8,344,250000,39.3,순대맘,판매완료,10,부산 기장군 기장읍,https://www.daangn.com/kr/buy-sell/%EC%BD%98%EC%8A%A4%ED%83%84%ED%8B%B4-%EC%96%B4%EB%B2%A0%EC%9D%B8-%ED%94%BD%EC%8B%9C-%EC%9E%90%EC%A0%84%EA%B1%B0-t1ok8pwysow7/
21/01/2026,콘스탄틴어베인픽시자전거매트그레이54,"2025콘스탄틴 어베인 픽시 자전거 매트 그레이 54사이즈입니다
25년 2월 4일 구매확정된 제품으로, 앞뒤 브레이크가 포함되어 있습니다
거치대 함께드립니다
1년도 안탔네요. 상태체크후 구매가능하세요",1,6,149,250000,39,zzang,판매완료,4,경기 김포시 고촌읍,https://www.daangn.com/kr/buy-sell/%EC%BD%98%EC%8A%A4%ED%83%84%ED%8B%B4-%EC%96%B4%EB%B2%A0%EC%9D%B8-%ED%94%BD%EC%8B%9C-%EC%9E%90%EC%A0%84%EA%B1%B0-%EB%A7%A4%ED%8A%B8%EA%B7%B8%EB%A0%88%EC%9D%B4-54-a8zqyvdg8zem/
17/12/2025,콘스탄틴어베인팝니다,"콘스탄틴 어베인 판매합니다
파란색 프레임에 알리산 ZIPP 핸들이 장착되어 있습니다
휠셋은 라이더스웨이제품이고 앞뒤 시슬릭 새거 껴저있습니다. 크랭크는 벨로시닷 
생활 스크래치는 존재하지만, 전체적으로 상태는 괜찮습니다.",5,6,200,250000,43.8,도로롱,판매완료,7,전북 전주시 완산구 삼천3동,https://www.daangn.com/kr/buy-sell/%EC%BD%98%EC%8A%A4%ED%83%84%ED%8B%B4-%EC%96%B4%EB%B2%A0%EC%9D%B8-%ED%8C%9D%EB%8B%88%EB%8B%A4-meoaetipkzmw/
29/10/2024,콘스탄틴어베인18년식픽시팔아영(급처),"도까는 사진이 전부고요 스트랩 언노운입니다.
대차 가능하고요 ",19,11,701,250000,37.5,김정은,판매완료,7,울산 동구 전하2동,https://www.daangn.com/kr/buy-sell/%EC%BD%98%EC%8A%A4%ED%83%84%ED%8B%B4-%EC%96%B4%EB%B2%A0%EC%9D%B8-18%EB%85%84%EC%8B%9D%ED%94%BD%EC%8B%9C-%ED%8C%94%EC%95%84%EC%98%81-%EA%B8%89%EC%B2%98-xv33qobc8871/
07/01/2026,콘스탄틴어베인급처,"빨리 사가세요 시세보다 낮게 올렸습니다 

콘스탄틴 어베인 판매합니다

구성
우노 스템
피직 안장 
이즈미 체인
이외에는 순정아님 듣보네요


하자는 사진이외에 생활기스나 지워지는 얼룩 정도이고요 크랙,먹음 없습니다 주행에 지장가는 하자도 없고요
브레이크는 잡히긴하는데 손 좀 봐야될것같네요

대차는 보라텍스만 받아요 다른거 올거면 대차가 45잡겠습니다",8,13,620,250000,40.1,검은하늘,판매완료,6,충남 천안시 서북구 쌍용동,https://www.daangn.com/kr/buy-sell/%EC%BD%98%EC%8A%A4%ED%83%84%ED%8B%B4-%EC%96%B4%EB%B2%A0%EC%9D%B8-%EA%B8%89%EC%B2%98-fpgxyq5tdfng/
02/03/2025,콘스탄틴어베인2017완차찐급처합니다,"콘스탄틴 어베인 2017 완차 판매합니다

요즘 올순정 구성에 이거보다 상태 안좋은게 30에 
팔리더라구요 싼 가격에 콘스탄틴 타고싶다 하시면 구매하시는거 추천드립니다

구성:
우노 스템
언노운 드롭바
그 유명한 듀라에이스 아라야 프론트
벨로시닷 리어
벨로시닷 싯포스트
언노운 크랭크

외엔 딱히 특별한건 없습니다

하자는 전부 사진기재했고요  드랍아웃 볼트가 하나 없습니다 주행엔 전혀 지장없으며 무시하고 타셔도 됩니다 그리고 리어 펑크있습니다

기스,도까가 다분하여 폴리싱용으로 딱 적당하다고
생각됩니다 막 타실거라면 이 자전거 추천드립니다

프론트 듀라에이스 휠이라 아주 잘나가고 구름성 아주 좋습니다 꿀렁임 전혀 없습니다

쿨거시 펑크 수리비 네고해드립니다",2,2,377,250000,55.6,정직한판매자,판매완료,10,강원 춘천시 석사동,https://www.daangn.com/kr/buy-sell/%EC%BD%98%EC%8A%A4%ED%83%84%ED%8B%B4-%EC%96%B4%EB%B2%A0%EC%9D%B8-2017-%EC%99%84%EC%B0%A8-%EC%B0%90-%EA%B8%89%EC%B2%98%ED%95%A9%EB%8B%88%EB%8B%A4-yq2w253t94h7/
06/05/2026,콘스탄틴버나드카멜레온2024,"브레이크 앞뒤 다 장착되어 있습니다 (ㄱㄹ)
2024년식 버나드 카멜레온 픽시 자전거 판매합니다. 프레임의 카멜레온 색상이 굉장히 이쁩니다. 평소에 잘 관리해서 상태 좋습니다.
구성
핸들바 스페셜라이즈드
스템 벨로시닷
안장셋 벨로시닷
휠셋 앞 노바텍 뒤 라이더스웨이 
크셋 벨로시닷 디스크크랭크
돈이 급해 개급처 합니다 
94에 샀고 컴포도 휠셋빼고 다 신품이에요
하자는 챗주시면 보내드립니다
소량네고 ㄱㄴ
검색어 ris,3t, 씨벨로., 리파인드, 라피에르, 카베자메리다, 리더, 언노운, 콘스탄틴,벨로모빌, 리컴번트,비앙키,중 앙카, 도스 노벤타 스컬트라,리엑토,리엑토 멕라렌 람보르기니, 페라 리,오토바이,각기 ZIPP,이즈미,스기노,라케타 , 시마노, 신형,피나로,신품 트랙,트렉, 첼로, 인터프로, 펠트,리들리, bmc,kmc,아르곤1 8, 위아위스,엔진11,88림,디스크휠, 로드,픽시,mtb,풀삭, bmx,트릭픽시,벨로모빌,리 컴번트, 트라이얼, 그래블, 경륜, 소라,티아그라,프 롤로고,올테그라,후지,스페셜라이즈드, 에스웍스, 어드벤스,투워니,클라리스,페포, 카본,마빅, 아르 마,오 발이,피직,50,30,60,90림,스턴트스쿠터 ,투스포크, 림블랙켓, 스포크,허브,볼트포스트,헬멧, 196 196 r96 120 396 296 464 364 바이큰,치카노, K 지오스, 도마스 , 스캇,본트레거
휴스턴, 서울, a,도쿄,에딘버러,삼천리,에이모션, 에이모션 트리가 데브그루,로가스,로가스 다운타운 44 t3 t1t5 S3 크릿디,스프린터 , 불렛, 볼텍스 어베인 버 나드 콘스탄틴 쇼크 디스페랄 윈드시어,트위터",5,9,301,250000,36.5,낙차,판매중,6,서울시 강남구 도곡1동,https://www.daangn.com/kr/buy-sell/%EC%BD%98%EC%8A%A4%ED%83%84%ED%8B%B4-%EB%B2%84%EB%82%98%EB%93%9C-%EC%B9%B4%EB%A9%9C%EB%A0%88%EC%98%A8-2024-jymmbp2tjgng/
11/04/2026,콘스탄틴어베인카멜레온찐막내림급처에요,"콘탄 어베인 판대 봅니다 2025년식
올순정입니다 판매 위주로 봅니다(급처)
하자는 갠오시면  보여드립니다 프론트 빼고입니다
네고 가능 합니다  급전이라서 빨리 팝니다 
일단 다 찔러주세요🤗🤗",16,10,679,250000,37,빛의속도,판매완료,2,광주 서구 풍암동,https://www.daangn.com/kr/buy-sell/%EC%BD%98%EC%8A%A4%ED%83%84%ED%8B%B4-%EC%96%B4%EB%B2%A0%EC%9D%B8-%EC%B9%B4%EB%A9%9C%EB%A0%88%EC%98%A8-%EC%B0%90%EB%A7%89-%EB%82%B4%EB%A6%BC-%EA%B8%89%EC%B2%98%EC%97%90%EC%9A%94-wmo3izoc7nm2/
20/04/2026,콘스탄틴어베인완차픽시2018,더러운것 빼면 상태가 양호하다고 말할수있습니다 사진 보시면 될것 같습니다 54사이즈 직거래 까치울역입니다! 저렴하게 판매합니다,1,1,185,250000,43.6,바로쿨거래당일거래,판매중,6,경기 부천시 오정구 작동,https://www.daangn.com/kr/buy-sell/%EC%BD%98%EC%8A%A4%ED%83%84%ED%8B%B4-%EC%96%B4%EB%B2%A0%EC%9D%B8-%EC%99%84%EC%B0%A8-%ED%94%BD%EC%8B%9C-2018-6y6py32hkcxf/
31/05/2026,콘스탄틴어베인24년식반차판매,"매력적인 카모 패턴의 콘스탄틴 어베인 픽시 반차입니다
사진 속 구성품 그대로 판매합니다
ZIPP 서비스코스 스템 말고는 전부 순정입니다
픽시 입문용으로도 좋고 개성있는 나만의 자전거를 만들고 싶으신 분들께 추천드려요",4,9,209,250000,47.1,만주키치,판매중,2,전북 익산시 동산동,https://www.daangn.com/kr/buy-sell/%EC%BD%98%EC%8A%A4%ED%83%84%ED%8B%B4-%EC%96%B4%EB%B2%A0%EC%9D%B8-24%EB%85%84%EC%8B%9D-%EB%B0%98%EC%B0%A8-%ED%8C%90%EB%A7%A4-m4imi9ugagax/
25/09/2025,콘스탄틴어베인크롬2023어그로×,"유격안맞는거 고치고 탈수있음
먹음 작은거 1개
잔기스있음
안장:엔진
핸들바:위아위스
탑캡:엔진
스트랩:언노운
스템:언노운
휠:앞뒤 벨로시닷
그외에는 다 순정",1,4,169,270000,43.3,엘사13,판매완료,10,경기 부천시 원미구 중동,https://www.daangn.com/kr/buy-sell/%EC%BD%98%EC%8A%A4%ED%83%84%ED%8B%B4-%EC%96%B4%EB%B2%A0%EC%9D%B8-%ED%81%AC%EB%A1%AC-2023-%EC%96%B4%EA%B7%B8%EB%A1%9C-fo1ey1sco32p/
21/03/2026,콘스탄틴2024패턴레드(앞브있어요!)(급처)ㅠㅠ,"콘스탄틴 어베인 2024
얼룩은 다 닦아서 드리고요 사진에 보시는것처럼 기스 몇개 있고 도까 1,2개 있습니다 스크래치같은거 스티커로 가려놨어요! 
사이즈 58
구성
페달: 시마노 클릿
코그: 16t
나머지 순정
기어비 3.7정도 됩니다.",5,10,355,270000,36.9,모지리,판매완료,9,경기 수원시 장안구 정자1동,https://www.daangn.com/kr/buy-sell/%EC%BD%98%EC%8A%A4%ED%83%84%ED%8B%B4-2024-%ED%8C%A8%ED%84%B4%EB%A0%88%EB%93%9C-%EC%95%9E%EB%B8%8C-%EC%9E%88%EC%96%B4%EC%9A%94-%EA%B8%89%EC%B2%98-izobi1ddmn63/
07/09/2025,콘스탄틴어베인2018년식픽시자전거,"콘스탄틴 픽시 자전거입니다.

자전거 프레임은 노란색이며 생활 기스가 좀 있습니다.
대차 안 보고요 판매만 합니다",4,5,618,270000,37.3,Jun,판매완료,3,서울시 도봉구 창동,https://www.daangn.com/kr/buy-sell/%EC%BD%98%EC%8A%A4%ED%83%84%ED%8B%B4-%EC%96%B4%EB%B2%A0%EC%9D%B8-2018%EB%85%84%EC%8B%9D-%ED%94%BD%EC%8B%9C-%EC%9E%90%EC%A0%84%EA%B1%B0-igaqpjzk7yjo/
15/03/2026,콘스탄틴어베인18맷골드희귀에디션개급처,"대차 안받아여 이구성에 이가격이먄 ㄹㅇ 개좋습니다 년식대비 하자도 적고 이정도면 ㄹㅇ 낫배드에여




- 구성 - 


✅️ 프레임셋
- 프레임:콘스탄틴 어베인 2018년식 전국 10대 희귀차대 사이즈 S 본인키 173 딱맞습니다
- 크랭크셋: 벨로시닷 외장 크랭크 순정 ( 크랭크암 볼트 금색 색깔맞춤) 
- 페달: 순정 (스트랩 장착가능)
- 체인: 순정
- 헤드 스페이서링: 벨닷 24년식
- 브레이크: 있음(벨닷)

✅️ 핸들셋
- 스템: 우노 130mm 17° 신품 (오일슬릭 볼트) 
- 핸들바: 벨로시닷 순정 핸들바 400mm-420mm
- 브레이크 레버: 벨닷
- 바테잎: 짭퍼카즈 흰색
- 마감캡: 쿠팡 1만원 볼트형 금색


✅️ 안장셋
- 싯포스트: 순정
- 안장: 엘리타원 카본 안장
- 쿨거시 안장 물병 케이지 드림

✅️ 휠셋
- 프론트휠: 노바텍 AL 42mm Fast Forward 데칼 
- 리어 휠: 노바텍 AL 42mm Fast Forward 데칼
- 프론트 타이어: 이노바(거의 안닳음)
- 리어 타이어: 식슬릭(좀 닳음)
쿨거래시 리어 식슬릭 새걸로 교체해드림

 전체적으로 기스 좀 있어서 기재해 두었습니다   년식치고 큰 하자 없고 상태 낫뱃입니다 
색깔 한정판이고 실물 진짜 이쁩니다
브레이크 제동력 훌륭합니다 👏 
다른 추가사항이나 사진 원하시면 채팅으로 부탁드려요 뒷말 안 받습니다 직거래때 잘 확인하세요",9,7,378,270000,50.6,포크크랙,판매완료,10,광주 동구 동명동,https://www.daangn.com/kr/buy-sell/%EC%BD%98%EC%8A%A4%ED%83%84%ED%8B%B4-%EC%96%B4%EB%B2%A0%EC%9D%B8-18-%EB%A7%B7%EA%B3%A8%EB%93%9C-%ED%9D%AC%EA%B7%80-%EC%97%90%EB%94%94%EC%85%98-%EA%B0%9C%EA%B8%89%EC%B2%98-aw992c9cbzww/
07/04/2026,콘스탄틴어베인2020,사이즈 54입니다 상태는 사진에 보이시는 그대로 입니다 지워지는 기스 많이있어서 컴파운드로 지우시면 대부분 도까 이외 지워질것 같습니다 직거래 까치울역 입니다 구성은 순저우밸닷 구성입니다,0,1,195,270000,43.6,바로쿨거래당일거래,판매완료,8,경기 부천시 오정구 작동,https://www.daangn.com/kr/buy-sell/%EC%BD%98%EC%8A%A4%ED%83%84%ED%8B%B4-%EC%96%B4%EB%B2%A0%EC%9D%B8-2020-nhoskz36qfei/
17/05/2026,콘스탄틴어베인2020년식판/대,"콘스탄틴 어베인 2020년식 판매/대차
하자 도까 먹음 
구성 
핸들 언노운rx1 스템 카본주먹 스템 
안장 몰라요 싯포 순정 
리어 듣보 프론트 듣보 
크랭크 순정 추금없어요",0,0,51,270000,38.6,언덕글쓰기멘토,판매완료,1,대전 유성구 원신흥동,https://www.daangn.com/kr/buy-sell/%EC%BD%98%EC%8A%A4%ED%83%84%ED%8B%B4-%EC%96%B4%EB%B2%A0%EC%9D%B8-2020%EB%85%84%EC%8B%9D-%ED%8C%90-%EB%8C%80-7qm6tn3p1ggd/
05/02/2026,🔥상태a+!콘스탄틴어베인픽시🔥판완₩₩,"콘스탄틴 어베인 블랙색상입니다(브레이크O)

구성은
핸들바: 경륜 카본 핸들 바
탑캡: 카본 탑캡
휠셋: 언노운 베이직2
스템: 보이져 66 스템
안장: 벨로시닷 순정 오레오 안장
체인: 이즈미 잭블랙

어베인 순정들 보다 구성도 좋고 예쁘게 맞추었습니다. 아끼며 탔었고, 돈이 시급해서 싸고 빠르게 팔고싶네요 그리고 실물이 진짜 예쁩니다 ㅠㅠ
하자는 거의 무하자급이고 ,구매하실 땐 세번 닦아서 드립니다

판매 27.5만
대차 30만 이상

돈이 넘 급해서 네고 좀 해줍니다",6,9,315,275000,37.6,ganadii,판매완료,4,경기 용인시 수지구 성복동,https://www.daangn.com/kr/buy-sell/%EC%83%81%ED%83%9Ca-%EC%BD%98%EC%8A%A4%ED%83%84%ED%8B%B4-%EC%96%B4%EB%B2%A0%EC%9D%B8-%ED%94%BD%EC%8B%9C-%ED%8C%90%EC%99%84-nmb5j2cm3jus/
31/12/2024,콘스탄틴어베인2016픽시판매합니다.,"1~2년 정도 탔으며, 안 타고 방치해둬서 판매합니다.
대차❌ *자전거 더이상 안타서 판매만 합니다!!*

흠집은 올려둔 사진 보시면 될 거 같고 필요하시면 추가로 사진 보내드립니다.

바퀴에 모두 바람 없습니다.

어느 정도 네고 가능합니다!!
손잡이에 끼우는 랜턴 2개 있는데 그냥 드릴게요.",5,2,288,280000,36.9,찬이,판매완료,4,경기 화성시 병점구 반월동,https://www.daangn.com/kr/buy-sell/%EC%BD%98%EC%8A%A4%ED%83%84%ED%8B%B4-%EC%96%B4%EB%B2%A0%EC%9D%B8-2016-%ED%94%BD%EC%8B%9C-%ED%8C%90%EB%A7%A4%ED%95%A9%EB%8B%88%EB%8B%A4-usa37p2jb3mr/
05/03/2025,픽시콘스탄틴어베인2017판매급처,"사고싶은 매물 있어서 급처합니다
대차 원하시면 대차가 맞춰서 와주세요
판매: 28
대차가: 35

노먹노크

구성
프레임: 콘스탄틴 어베인 2017
휠셋: 벨로시닷 
체인링: 크리커
크랭크: 벨로시닷
바: 우노
스템: 듣보 무하자
안장: 셀레 산마르코 
원하시면 듣보 다른거드림(마지막 사진 둘다드림
싯포스트: 순정

하자
프레임: 탑튜브 도까기스다분 
그외 전체적으로 살짝씩
프론트: 미세꿀렁임 데칼까짐조금
리어: 변색 미세유격 타이어실밥 코그 녹조금
체인링: 더러움
크랭크: 변색좀 주행 시작시 딱딱거리는 소음
기스 까짐 조금
바: uno글자 까짐 조금
안장: 까짐 전탶으로 가림
싯포스트: 변색
부품 전체적으로 녹 좀 있음

주행시 큰 문제없이 어베인답게 잘 나갑니다 

하자 사진 원하시면 보내드립니다

직거 화서역에서 할시 27",2,3,366,280000,39.1,걍팜,판매완료,4,경기 수원시 팔달구 화서동,https://www.daangn.com/kr/buy-sell/%ED%94%BD%EC%8B%9C-%EC%BD%98%EC%8A%A4%ED%83%84%ED%8B%B4-%EC%96%B4%EB%B2%A0%EC%9D%B8-2017-%ED%8C%90%EB%A7%A4-%EA%B8%89%EC%B2%98-tbf6yorwusty/
30/08/2024,콘스탄틴어베인2018팝니다,"픽시는 저랑 안맞는거같아서 팝니다

도까 좀 있고 바테잎 없어서 새로 감으셔야해요

앞바퀴 꿀렁임 살짝 있습니다

크린토피아 앞까지 와주시면 만원 빼드리겠습니다

대차는 안받습니다 죄송합니다

환불X",5,6,528,280000,40.4,노가리구이,판매완료,3,경기 김포시 고촌읍,https://www.daangn.com/kr/buy-sell/%EC%BD%98%EC%8A%A4%ED%83%84%ED%8B%B4-%EC%96%B4%EB%B2%A0%EC%9D%B8-2018-%ED%8C%9D%EB%8B%88%EB%8B%A4-3nnjuyztjzru/
23/08/2025,콘스탄틴어베인18년식,바테잎 조금 뜯겼고 안장도 까졌습니다 스트랩 있고요 정비는 다 했고 식슬릭 껴놨고 뒷브레이크 달았어요 구매하시면 바테잎 한쪽은 드릴게요,3,1,71,290000,37.7,성복동줄잡이,판매완료,4,경기 용인시 수지구 성복동,https://www.daangn.com/kr/buy-sell/%EC%BD%98%EC%8A%A4%ED%83%84%ED%8B%B4-%EC%96%B4%EB%B2%A0%EC%9D%B8-18%EB%85%84%EC%8B%9D-1a5snsmc8xeh/
22/03/2026,콘스탄틴어베인2018대차,"콘스탄틴 어베인 픽시 판매/대차합니다.

- 판매는 별로 관심없어서 30고정입니다
- 상태: 전체적으로 좋진않음, 기스,도까 좀 있음 (사진 참고)
- 비비유격있음
-s사이즈
- 브레이크 정상 작동
-스템 치넬리
-크랭크 벨로시닷
-안장 언노운
-대차는 언엔콘 선호해요

직접 타보셔도 되고, 픽시 입문용으로 추천드립니다.

💰 가격: 300,000원(네고❌️)
📍 직거래: 부천 설악공원

연락 편하게 주세요!",8,2,473,300000,37,잼민이,판매중,10,경기 부천시 원미구 중동,https://www.daangn.com/kr/buy-sell/%EC%BD%98%EC%8A%A4%ED%83%84%ED%8B%B4-%EC%96%B4%EB%B2%A0%EC%9D%B8-2018-%EB%8C%80%EC%B0%A8-a6furmu31qgo/
17/01/2026,콘스탄틴어베인2018년식,"콘스탄틴 어베인2018년식이고요
노먹노크 이고 이거 말고 다른하자더있을수도 
직거래는 부천시청역 선호합니다
가격 제시부탁드립니다
대차도 봅니다
주인장 착해요",6,4,339,300000,36.5,미기재는나뽀,판매완료,8,경기 부천시 원미구 중동,https://www.daangn.com/kr/buy-sell/%EC%BD%98%EC%8A%A4%ED%83%84%ED%8B%B4-%EC%96%B4%EB%B2%A0%EC%9D%B82018%EB%85%84%EC%8B%9D-4ar5mm1yeu6a/
26/09/2025,콘스탄틴어베인23년식순정판매만,"대차,반차 ,네고  XX

생활 기스 - 약간 있음
낙차 이력 - 무

최근 정비
뒷 타이어 최근 교체
앞 브레이크 설치 및 교체

필요시 드립니다

롱라이저바 벨로시닷
스트랩 보이져 2개
자물쇠

출고가 770,000


가격제시 받습니다

대차는 안 받습니다",19,31,1777,300000,41.2,호랑마,판매완료,1,대구 동구 효목동,https://www.daangn.com/kr/buy-sell/%EC%BD%98%EC%8A%A4%ED%83%84%ED%8B%B4-%EC%96%B4%EB%B2%A0%EC%9D%B8-23%EB%85%84%EC%8B%9D-%EC%88%9C%EC%A0%95-%ED%8C%90%EB%A7%A4%EB%A7%8C-4uia3x9yyxhd/
03/06/2026,콘스탄틴어베인크롬,"대차 로드 봄니다
가격 정해주세요 장소 정해주세요",1,1,50,300000,36.1,어서,판매중,6,경기 수원시 권선구 세류1동,https://www.daangn.com/kr/buy-sell/%EC%BD%98%EC%8A%A4%ED%83%84%ED%8B%B4-%EC%96%B4%EB%B2%A0%EC%9D%B8-%ED%81%AC%EB%A1%AC-jfn4fshod2ah/
09/10/2024,픽시콘스탄틴어베인2016팝니다,"콘스탄틴 어베인 2016년식 입니다 구성은 휠 핸들 크랭크 안장 모두 벨로시닷 입니다 도까는 사진에 있어요 
판매만 해요",6,6,566,300000,39.3,아재,판매완료,4,경기 수원시 권선구 세류1동,https://www.daangn.com/kr/buy-sell/%ED%94%BD%EC%8B%9C-%EC%BD%98%EC%8A%A4%ED%83%84%ED%8B%B4-%EC%96%B4%EB%B2%A0%EC%9D%B8-2016-%ED%8C%9D%EB%8B%88%EB%8B%A4-9suy7eo7xvve/
21/04/2024,콘스탄틴어베인2017년식팝니다.,"글 꼭 끝까지 읽어주세요.

콘스탄틴 어베인 2017, 도까랑 먹음은 사진에 나온 게 끝이고, 유격 있습니다. 핸들바 연결부분에 변색도 있습니다. 브레이크 떼서 나가고요, 브레이크 추가 기준 30만원입니다. 사이즈는 M이고, 최근에 정비 맡겨서 다른 이상 없는 것도 확인받았습니다. 대차는 언노운 레벨 시리즈, 싱귤러리티 선호고요. 타는 데에 아무 이상 없습니다.

직접 가는 건 15분 거리 내로만 갑니다.
수원역으로 와주시면 만 원 네고요.",53,29,3555,300000,37.3,CristianoR7,판매완료,4,경기 수원시 권선구 세류1동,https://www.daangn.com/kr/buy-sell/%EC%BD%98%EC%8A%A4%ED%83%84%ED%8B%B4-%EC%96%B4%EB%B2%A0%EC%9D%B8-2017%EB%85%84%EC%8B%9D-%ED%8C%9D%EB%8B%88%EB%8B%A4-onuoathrg4gq/
19/10/2024,콘스탄틴어베인2018,"안녕하세요 콘스탄틴 어베인 대차봅니다
구성:프론트 보이져2024 리어 보이져2023
프레임 콘스탄틴 어베인 2018
체인 순정
스탬 알카본 스탬
대차:엔진 볼택스-BMX-언노운-엔진11
도까는 많은데 타는데 지장 없어요.
",16,7,591,300000,36.8,자린이,판매완료,5,대전 중구 문화동,https://www.daangn.com/kr/buy-sell/%EC%BD%98%EC%8A%A4%ED%83%84%ED%8B%B4-%EC%96%B4%EB%B2%A0%EC%9D%B8-2018-zj4wodre3b72/
25/10/2025,콘스탄틴어베인픽시자전거,"콘스탄틴 어베인 픽시 자전거입니다
- 흰색
- 생활 스크래치 존재
가볍고 빠른 주행감을 느껴보세요",9,6,647,300000,50.6,고촌읍여인78,판매완료,3,경기 김포시 고촌읍,https://www.daangn.com/kr/buy-sell/%EC%BD%98%EC%8A%A4%ED%83%84%ED%8B%B4-%EC%96%B4%EB%B2%A0%EC%9D%B8-%ED%94%BD%EC%8B%9C-%EC%9E%90%EC%A0%84%EA%B1%B0-du7h3y9mx4je/
26/04/2026,콘스탄틴어베인크롬반차팔이요,"콘스탄틴 어베인 픽시 프레임 블랙 색상이에요
사진에서 보이는 구성품 그대로 드려요
하자는 사진에 있는거랑 뒷삼각 위에 사진찍은거 밑에도 도까있어요 오늘 샀는데 맘에 안들어서 팔아요 하자도 그렇고 잘모이는 하자는 없어요 이쁜거같긴해요 30만원에 급처해요 빨리 사가시는분이 임자입니다",3,4,354,300000,37.7,우리집개물어요조심,판매중,4,대구 남구 대명9동,https://www.daangn.com/kr/buy-sell/%EC%BD%98%EC%8A%A4%ED%83%84%ED%8B%B4-%EC%96%B4%EB%B2%A0%EC%9D%B8-%ED%81%AC%EB%A1%AC-%EB%B0%98%EC%B0%A8-%ED%8C%94%EC%9D%B4%EC%9A%94-59w2ebyfjhaw/
03/06/2026,콘스탄틴어베인25년식,"어베인 스페셜  25년식 입니다.
카본스템 140mm 사이즈 s입니다 .
사진에 보이는 그대로 구성품입니다.
픽시 입문용으로도 좋습니다.
도장까임 사진보이는 대로이고 그외 조금씩 사용감 있어요. 대차도 가능.(크릿디 선호)",1,4,98,300000,40.1,칼마수,판매완료,9,경기 용인시 기흥구 보정동,https://www.daangn.com/kr/buy-sell/%EC%BD%98%EC%8A%A4%ED%83%84%ED%8B%B4-%EC%96%B4%EB%B2%A0%EC%9D%B8-25%EB%85%84%EC%8B%9D-f5unhst85bcn/
18/10/2025,콘스탄틴어베인스페셜25년식판대,"어베인 스페셜 25년식이고요
핸들바 카본입니다 나머지 구성은 순정이고
비테입 슈퍼카즈에요
카본스템 140mm
사이즈 s입니다
판매가 30
생활기스 있어요
사진에 있는 하자 끝이에요
데칼 붙였고 포크 대칼안에는 하자좀 많습니다
대차도 봅니다 찔러봐 주세요
네고 ㄱㄴ
문자 주시면 휠하자 보여드릴게요",19,12,612,300000,36.8,이름,판매완료,8,경기 용인시 기흥구 보정동,https://www.daangn.com/kr/buy-sell/%EC%BD%98%EC%8A%A4%ED%83%84%ED%8B%B4-%EC%96%B4%EB%B2%A0%EC%9D%B8-%EC%8A%A4%ED%8E%98%EC%85%9C-25%EB%85%84%EC%8B%9D-%ED%8C%90%EB%8C%80-q2sn5xync1og/
08/04/2026,콘스탄틴어베인2022년식,"트릭 안했고 라이딩만 했어요
자주 안타서 팔아요
자토바이 대차봐여",5,9,408,300000,36.8,노래부르노마스,판매중,4,충남 천안시 서북구 쌍용동,https://www.daangn.com/kr/buy-sell/%EC%BD%98%EC%8A%A4%ED%83%84%ED%8B%B4-%EC%96%B4%EB%B2%A0%EC%9D%B8-2022%EB%85%84%EC%8B%9D-gvwvawcs5cbv/
30/04/2026,콘스탄틴어베인픽시블랙2018,"콘스탄틴 픽시 자전거 입니다
안장까짐 조금 도까 조금 있습니다
바테잎 수파카즈 입니다
휠은 엘립스 데칼 입니다
리어휠에 쉭슬릭으로 바꾼지 얼마안됨
전체적으로 깨끗합니다",0,8,248,300000,48.8,숭구리당당근,판매중,3,대구 달성군 유가읍,https://www.daangn.com/kr/buy-sell/%EC%BD%98%EC%8A%A4%ED%83%84%ED%8B%B4-%EC%96%B4%EB%B2%A0%EC%9D%B8-%ED%94%BD%EC%8B%9C-%EB%B8%94%EB%9E%992018-1ogz4ivmj2sh/
19/06/2025,콘스탄틴어베인2018년식픽시자전거,"콘스탄틴 어배인 18년식 입니다
생활 스크래치 있습니다
안장 찢어진 부분 사진으로 확인해주세요
먹음있어요",5,4,611,300000,56.8,치즈케이크,판매완료,5,대구 달성군 유가읍,https://www.daangn.com/kr/buy-sell/%EC%BD%98%EC%8A%A4%ED%83%84%ED%8B%B4%EC%96%B4%EB%B2%A0%EC%9D%B8-2018%EB%85%84%EC%8B%9D-%ED%94%BD%EC%8B%9C-%EC%9E%90%EC%A0%84%EA%B1%B0-bqfvdejurzho/
12/03/2026,콘스탄틴어베인블랙판/대/교개급처!가격포기,"콘스탄틴 어베인  사이즈 51사이즈

하자 도까 기스 있습니다

원하는 매물떠서 시세보다 엄청싸게 팝니다

가격 35~34~33~32~30 더이상 안내려가요

진짜 가격 포기 합니다

이동도 공짜로 해드려요

3월달 안에 안팔리면 소장 합니다 

이구성에 이가격에 이동비도 무료면 엄청싼거에요

아무나 업어 가세요

이번주안에 거래시 1만원 네고 가능합니다

구성

콘스탄틴 어배인 프레임

핸들바 시마노 plt핸들바(브레이크 양쪽다 있음)

스템 짚서비스 코스(무하자)

싯포스트 싯클램프 벨로시닷

안장 산마르코

크랭크 벨로시닷

체인링 듣보

체인 듣보

패달 평패달인것 같아요

프론트 시마노 rs 휠셋

리어 벨로시닷 42림

타이어 듣보

정비는 한지 별로 되지 않았어요

살때 체인오일발라주고 닦아도 줍니다.

주인장 착해요

대차는 언엔콘만 받아요

교신은 상태 좋은 카본88림만",1,5,192,300000,38.8,자돌이,판매완료,7,대구 달서구 도원동,https://www.daangn.com/kr/buy-sell/%EC%BD%98%EC%8A%A4%ED%83%84%ED%8B%B4-%EC%96%B4%EB%B2%A0%EC%9D%B8-%EB%B8%94%EB%9E%99-%ED%8C%90-%EB%8C%80-%EA%B5%90-%EA%B0%9C%EA%B8%89%EC%B2%98-%EA%B0%80%EA%B2%A9%ED%8F%AC%EA%B8%B0-523rq74d7jaz/
05/04/2026,콘스탄틴어베인2022판매합니다,"콘스탄틴 어베인 2022년도 패턴화이트란 색상이고
하얀색인만큼 호불호없이 좋아할수있는 자전거입니다
일단 하자는 생활기스 조금 밖에없습니다
하자사진필요하면 연락주세요
완차 30 반차 25 판/대 봅니다
많이 찔러주세요",3,6,140,300000,40.7,니하오마,판매완료,1,광주 동구 동명동,https://www.daangn.com/kr/buy-sell/%EC%BD%98%EC%8A%A4%ED%83%84%ED%8B%B4-%EC%96%B4%EB%B2%A0%EC%9D%B8-2022-%ED%8C%90%EB%A7%A4%ED%95%A9%EB%8B%88%EB%8B%A4-4e43xb3ut8o9/
03/11/2024,콘스탄틴어베인21년식급처,"구성
스탬 벨닷
핸들바 보이저
브레이크 벨닷
프론트 벨닷2018
크랭크 벨닷
싯포 벨닷 (신형으로바꿈)
안장 듣보
리어 노바텍 (유격 조금)

구성은 두번째 사진
하자는 사진에 있습니다. 
사이즈는 54
프론트 리어 꿀렁임 조금
비비 소리남
자세한건 채팅주세요~
제가 모르는 하자 책임x
뒷말차단
예약금3
거파금3 


검색유도

픽시엠티비로드비엠엑스로드자전거 바이크 픽시
쓰나미 mtb bmx 엔진11 언노운 싱귤1 싱귤 2 싱귤3 드롭바 카본 디스크휠 자작 디스크휠 디스크휠커버
콘스탄틴 카베자 어베인 급처 알리익스프레스 
경륜픽시 입문용 삼발이 사발이 오발이 치폴리니
타란큘라 스켈레톤rts, 3t,씨벨로, 룩,리파인드,라피에르,카베자메리다,리 더, 언노운, 콘스탄틴, 벨로모빌,리컴번트,비앙키,짚,앙카 , 도스노벤타 스컬트라, 리엑토,리엑토 멕라렌 람보르기 니,페라리,오토바이,각기
ZIPP,이즈미,스기노,라케타,시마노, 신형,피나로, 신 품,트랙,트렉, 첼로,인터프로, 펠트,리들리,bmc,kmc, 아르곤18, 위아위스, 엔진11,88,디스크휠, 로드,픽시, mtb,풀샥, bmx,트릭픽시,벨로모빌, 리컴번트,트라이 얼, 그래블,경륜,소라,티아그라,프롤로고,울테그라,후지 , 스페셜라이즈드,에스웍스, 어드벤스,투워니,클라리스, 페포,카본,마빅,아르마,오발이, 피직,
림브,스턴트스쿠터,투스포크,림블랙켓,스포크, 허브,볼 트포스트,헬멧, 룩196 196 r96,
364 바이큰, 치카노, 지오스, 도마스,스캇,본트레거 휴스턴, 서울, la,도쿄,에딘버러, 삼천리,에이모션, 에이모 트리가,데브그루,로가스,로가스 다운타운 t4 t3 t1 t5 S3 크릿디,스프린터,불렛, 볼텍스 어베인 버나드 콘스탄틴 쇼크 디스페랄 윈드시어,트위터 3| v2 lv2 싱귤러리티2 져지 쫄쫄이 무스너클 맥케이지 몽클레어psx ps1 구형 360,에틱, 타누스,코나,트랙, 티타늄,나노, 나놋입자,구찌,샤넬,언노운펄스 어드벤스
1 어드벤스2, 이지 엔트라,에이지 수프라, 인터프로 미사일,인터프로 독주,아비아브,미니벨로, 위더피플,선 데이, 모토벨로,자이언트,자이언트레인,어반, 제피로,바 쏘, 바소팩터,FACTOR,파스포츠, 캐논데일",20,9,1257,300000,40.4,happyEagles,판매완료,8,광주 동구 동명동,https://www.daangn.com/kr/buy-sell/%EC%BD%98%EC%8A%A4%ED%83%84%ED%8B%B4-%EC%96%B4%EB%B2%A0%EC%9D%B8-21%EB%85%84%EC%8B%9D-%EA%B8%89%EC%B2%98-utgdx68bgkds/
05/11/2024,콘스탄틴어베인판매(대차x),"콘스탄틴 어베인 초기모델입니다.
풀카본 포크, 에어로 스파이더 안장, 로드용 경량휠 세팅으로 가볍고 잘나갑니다.
탑튜브에 도까있고 다운튜브에 테이프 자국(잘안지워 지네요) 있습니다.",4,7,416,300000,39.5,JINN,판매완료,8,부산 금정구 장전동,https://www.daangn.com/kr/buy-sell/%EC%BD%98%EC%8A%A4%ED%83%84%ED%8B%B4-%EC%96%B4%EB%B2%A0%EC%9D%B8-%ED%8C%90%EB%A7%A4-%EB%8C%80%EC%B0%A8x-xc7hgjavv4hp/
07/04/2026,콘스탄틴어베인2021픽시완차,사이즈 51이며 51치고는 크게 나온듯하네용 리어 타이어 튜브 심품 교환후 주행 안했습니다 하자는 사진에 보이시는 대로 도까 소량 기스소량 도까 가린자국 사진에 다 첨부 해놓았습니다 직거래 까치울역입니다,1,3,255,300000,43.6,바로쿨거래당일거래,판매완료,8,경기 부천시 오정구 작동,https://www.daangn.com/kr/buy-sell/%EC%BD%98%EC%8A%A4%ED%83%84%ED%8B%B4-%EC%96%B4%EB%B2%A0%EC%9D%B8-2021%ED%94%BD%EC%8B%9C%EC%99%84%EC%B0%A8-svquv6nym9mi/
30/01/2026,콘스탄틴어베인패턴블루23년식반차픽시로드판매대차,"콘스탄틴 어베인 패턴블루 23년식 반차 판매 대차합니다
구성은 스템 첼로 안장 피직 말고는 다 순정입니다
엄청 이쁘고 경량 알루미늄 프레임으로 제작되어 가볍고, 에어로 다이내믹 디자인으로 공기 저항을 최소화하여 빠르게 주행할수 있습니다
하자로는 도까 기스 있고 싯클램프가 이상해서 안장 높이 조절을 못합니다 
판매가 : 30
대차가, 교신가 : 50
직거래 익산
교신 대차는 중간 지점에서 하거나 이동비 받고 갑니다
편하게 연락주세요 

",25,22,1212,300000,47.1,만주키치,판매완료,2,전북 익산시 동산동,https://www.daangn.com/kr/buy-sell/%EC%BD%98%EC%8A%A4%ED%83%84%ED%8B%B4-%EC%96%B4%EB%B2%A0%EC%9D%B8-%ED%8C%A8%ED%84%B4%EB%B8%94%EB%A3%A8-23%EB%85%84%EC%8B%9D-%EB%B0%98%EC%B0%A8-%ED%94%BD%EC%8B%9C%EB%A1%9C%EB%93%9C-%ED%8C%90%EB%A7%A4%EB%8C%80%EC%B0%A8-a5xebcsmsc43/
12/04/2026,(찐급처)콘스탄틴어베인2022,"정비비만 15만원 든 자전거입니다. 바테잎 흰색 반 빨간 색 반으로 최근 새로 커스텀 했습니다. 

✅ 모델명: Constantine Urbane
✅ 년식: 2022
✅ 사이즈: M (52~54) / 168~178 적정
✅ 색상: Black
✅ 상태: B~A급
✅ 가격: 31만원 (브레이크 추가 가격: 35)

🛠️구성

-순정-

프레임: 알루미늄 (6061)
포크: 풀 카본
크랭크: Velocidot
휠셋: 순정 휠셋 (식슬릭 스키딩용 타이어)
핸들바 / 싯포스트 / 스페이서: Velocidot

-커스텀-

안장: UNIKO 풀 카본
스템: UNO 유광
탑캡: RockMotors
페달: GloryZone
바테잎: Epro
샤크 데칼
파랑,보라 불바퀴 장착

❗ 먹음 / 크랙 없음
❗ 콘스탄틴 고질병인 싯포 고착 문제 없음

✔️ 전체 점검 완료
✔️ 체인 신품 교체

📌 추가 설명

타지 않아 판매합니다. 3대주이며, 구매 후 실주행은 많지 않습니다. 카본 포크 + 경량 세팅으로 가볍고 반응 좋으며, 스템 / 바테잎 신품 교체로 외관 깔끔합니다. 픽시 트릭, 라이딩 모두 무난하게 사용 가능하며 입문용 활용도 좋고 야간 라이딩 엄청 예쁩니다. 브레이크는 미장착 상태이고 불바퀴 싫어하시면 아예 없애서 드릴 수 있습니다. 실사용 만족도 높은 가성비 매물입니다.

직거래 선호 / 쿨거래 환영합니다 👍

직거래: 수유역, 덕성여대, 솔밭공원, 하늘채 인근
(시간 맞추면 근처 이동 가능합니다)

편하게 연락주세요! 😊",2,4,491,310000,36.9,픽시바,판매완료,9,서울시 도봉구 창제1동,https://www.daangn.com/kr/buy-sell/%EC%B0%90%EA%B8%89%EC%B2%98-%EC%BD%98%EC%8A%A4%ED%83%84%ED%8B%B4-%EC%96%B4%EB%B2%A0%EC%9D%B8-2022-hcp1krqzq3g1/
16/06/2024,콘스탄틴16어베인,콘탄 16어베인 팝니다 편하게 연락주세요,27,17,1484,320000,36.5,나모,판매완료,1,경기 고양시 일산서구 일산3동,https://www.daangn.com/kr/buy-sell/%EC%BD%98%EC%8A%A4%ED%83%84%ED%8B%B4-16%EC%96%B4%EB%B2%A0%EC%9D%B8-kfzzh7c1zsit/
04/04/2026,24년식콘스탄틴어베인픽시자전거!,"콘스탄틴 어베인 픽시 51호 자전거입니다
흰색 프레임에 벨로시닷 휠셋이 장착되어 있습니다
깔끔한 디자인이 돋보입니다 세차해놔서 완전 깨끗합니다
핸들바 언노운rx1 바테잎 수퍼카즈감아놨습니다(끝부분약간까짐)
안전을 위해 브레이크 장착되있습니다^^
동네에 몇대없는 모델입니다 구매당시 모든 온오프매장에 없어 전주에서 구매했습니다",2,1,114,320000,41.6,어쩔티비,판매완료,7,대구 달성군 유가읍,https://www.daangn.com/kr/buy-sell/24%EB%85%84%EC%8B%9D-%EC%BD%98%EC%8A%A4%ED%83%84%ED%8B%B4-%EC%96%B4%EB%B2%A0%EC%9D%B8-%ED%94%BD%EC%8B%9C-%EC%9E%90%EC%A0%84%EA%B1%B0-69otme788nzg/
25/08/2025,2019콘스탄틴어베인판/대,"⭐️예약중 뜰때 까지 판완 된거 아닙니다⭐️
🙏필독!🙏

✅구성
프레임-2019 어베인 래드 사이즈M(도장 상태 많이 안 좋습니다)
핸들바-벨로시닷
바테잎-슈퍼카츠
스템-3T악스
싯포- 벨로시닷 순정
안장-벨로시닷 안장
크랭크셋-스케이스 크랭크
휠셋-벨로시닷42림 순정(전주가 사진에 나와있는 것 처럼 짚이라고 써놨더라고요;;)

앞브 장착되어 있습니다. 
브레이크 패드 충분히 남아있습니다. 
뒷타이어만 식슬릭입니다(80%정도 남았습니다.)

판매랑 대차 다 봅니다. 
주인장 착하니까 많이 찔러주세요!
중고거래 특성상 환불 안 됩니다. 
첫 잔차로 부담 없이 타기 좋습니다. 

거파금3",3,3,185,320000,37.9,피안화,판매완료,10,서울시 성북구 길음제1동,https://www.daangn.com/kr/buy-sell/2019-%EC%BD%98%EC%8A%A4%ED%83%84%ED%8B%B4-%EC%96%B4%EB%B2%A0%EC%9D%B8-%ED%8C%90-%EB%8C%80-r3pgd9mmuc3p/
29/06/2025,콘스탄틴어베인픽시블랙,"콘스탄틴 어베인 픽시 자전거 블랙 색상입니다

- 프레임 사이즈: 540mm
- 휠셋: 벨로시닷
- 브레이크: 시마노
색상 :매트블랙

저희 아들이 타던거 거의 안타서 판매합니다
거래장소는 신길동 휴먼빌2차 입니다",1,2,166,320000,41.7,JD,판매완료,10,경기 안산시 단원구 신길동,https://www.daangn.com/kr/buy-sell/%EC%BD%98%EC%8A%A4%ED%83%84%ED%8B%B4-%EC%96%B4%EB%B2%A0%EC%9D%B8-%ED%94%BD%EC%8B%9C-%EB%B8%94%EB%9E%99-kjsjp8f6fic4/
21/05/2026,20콘스탄틴어베인픽시판매합니다,"2020 콘스탄틴 어베인 크롬 판매합니다 
앞 브레이크 있고 문라이트 원하시면 쿨거시 드립니다
하자는 사진 그대로며 자접 목적이라 판매만 합니다.
자세한건 챗 주세요",3,1,243,330000,37.1,판매상자,판매중,6,전남 목포시 대의동2가,https://www.daangn.com/kr/buy-sell/20-%EC%BD%98%EC%8A%A4%ED%83%84%ED%8B%B4-%EC%96%B4%EB%B2%A0%EC%9D%B8-%ED%94%BD%EC%8B%9C-%ED%8C%90%EB%A7%A4%ED%95%A9%EB%8B%88%EB%8B%A4-qj9y76zaxiyh/
23/08/2024,(1대주업글차대)콘스탄틴어베인2018,"2020년 1대주로 수원 벨로샵에서 신품 구매 후 안 탄지 좀 되었습니다.

탑캡,체인링볼트는 금색으로 교체,체인은 이즈미 골드로 교체했던걸로 기억합니다.
안장은 본트레거 몬트로스 안장으로 교체했고 
휠셋은 미케 익스프레스(단단하고 구름성 좋아요)로 교체했습니다

하자는 전체적으로 도장까짐,기스 좀 있고 바테잎이 상태가 안 좋습니다.
이 외 성능에 문제가는 하자는 없습니다.
쿨거시 에눌 해드립니다",2,3,242,330000,36.8,아아잇,판매완료,2,경기 용인시 수지구 성복동,https://www.daangn.com/kr/buy-sell/1%EB%8C%80%EC%A3%BC-%EC%97%85%EA%B8%80%EC%B0%A8%EB%8C%80-%EC%BD%98%EC%8A%A4%ED%83%84%ED%8B%B4-%EC%96%B4%EB%B2%A0%EC%9D%B8-2018-us2uohks2nr9/
02/09/2024,콘스탄틴어베인2016(판매만),5번 이내로 탑승했었고 그 이후로 타기 어려워서 실내 창고에만 넣어놨습니다 .  먼지 쌓인 부분 싹 닦았습니다. 궁금하신 부분 있으면 찍어드리겠습니다. 나머지 부품은 다 벨로시닷이고 앞브레이크 달려있습니다. 판매만 합니다.,10,10,1244,330000,37.8,잠만보,판매완료,2,서울시 도봉구 창동,https://www.daangn.com/kr/buy-sell/%EC%BD%98%EC%8A%A4%ED%83%84%ED%8B%B4-%EC%96%B4%EB%B2%A0%EC%9D%B8-2016-%ED%8C%90%EB%A7%A4%EB%A7%8C-vcrui33iq4t5/
28/10/2025,(순정×)콘스탄틴어베인24년식급처합니다,"콘스탄틴 어베인 24년식 반차 33에 급처합니다.
진짜 급처합니다 원하는 매물이 떠서 진짜 급처 합니다ㅠ 노먹노크 입니다 ㅈㅂ

<구성>
콘스탄틴 어베인 24년식 프레임셋
언노운 rx1 카본 핸들바(언노운 스템)
스케이스 크랭크
벨닷 안장셋
이즈미 젯블랙 


프레임셋은 도까 조금과 기스 조금 있고 크랙이나 먹음 일절없이 상태 괜찮습니다.
나머지 컴포들도 주행이나 사용에 문제 되는 하자는 일절없고 상태 좋습니다.

대차 판매 모두 합니다.
추금 있습니다. 많이 찔러봐 주세요😀


궁금하신점있으시면 연락주세요.
자세히 답변드리겠습니다:)

판매가 33
교신가 40",5,2,255,330000,43.8,안녕하세요,판매완료,3,광주 서구 풍암동,https://www.daangn.com/kr/buy-sell/%EC%88%9C%EC%A0%95-%EC%BD%98%EC%8A%A4%ED%83%84%ED%8B%B4-%EC%96%B4%EB%B2%A0%EC%9D%B8-24%EB%85%84%EC%8B%9D-%EA%B8%89%EC%B2%98%ED%95%A9%EB%8B%88%EB%8B%A4-6wrbyq6m1buh/
31/10/2025,(순정×)콘스탄틴어베인24년식반차급처합니다,"콘스탄틴 어베인 24년식 반차 39에 급처합니다.
진짜 원하는 매물이 떠서 급처합니다ㅠㅠ 
노먹노크 입니다 ㅠ 리셀처도 남습니다ㅠㅠ ㅈㅂ

<구성>
콘스탄틴 어베인 24년식 프레임셋
언노운 rx1 카본 핸들바(언노운 스템)
스케이스 크랭크
벨닷 안장셋
이즈미 젯블랙 


프레임셋은 도까 조금과 기스 조금 있고 크랙이나 먹음 일절없이 상태 괜찮습니다. 🌟노먹노크🌟
나머지 컴포들도 주행이나 사용에 문제 되는 하자는 일절없고 상태 좋습니다.

대차 판매 모두 합니다.
추금 있습니다. 많이 찔러봐 주세요


궁금하신점있으시면 연락주세요.
자세히 답변드리겠습니다:)",4,3,208,330000,43.8,안녕하세요,판매완료,3,광주 서구 풍암동,https://www.daangn.com/kr/buy-sell/%EC%88%9C%EC%A0%95-%EC%BD%98%EC%8A%A4%ED%83%84%ED%8B%B4-%EC%96%B4%EB%B2%A0%EC%9D%B8-24%EB%85%84%EC%8B%9D-%EB%B0%98%EC%B0%A8-%EA%B8%89%EC%B2%98%ED%95%A9%EB%8B%88%EB%8B%A4-47rma7rjx79r/
17/02/2025,콘스탄틴21년어베인멧블랙,"요즘 잘 안타서 팝니다
대부분 부품들은 거의 벨로시닷인데 핸들을 잘 듣보에요
먹이은 하나밖에없고 잔기스들은 좀 있어요
잘 나갑니다
언노운 라이져바는 스템기스랑 손잡이 끝부분 기스말곤 상태 좋아요
궁금하신거 있으면 물어봐주세요
대차❌️",3,1,225,330000,37,1869,판매완료,7,경기 안산시 단원구 신길동,https://www.daangn.com/kr/buy-sell/%EC%BD%98%EC%8A%A4%ED%83%84%ED%8B%B4-21%EB%85%84-%EC%96%B4%EB%B2%A0%EC%9D%B8-%EB%A9%A7%EB%B8%94%EB%9E%99-2oo2rvd3unxp/
26/05/2025,콘스탄틴어베인2018급처,"콘스탄틴 어베인 픽시 자전거 급처분합니다

- 싱글기어
- 하이림 휠셋
- 사이즈: 54
- 색상: 옐로우/블랙
- 생활 기스 약간 있습니다",2,1,306,330000,38.1,사진,판매완료,1,경기 남양주시 진건읍,https://www.daangn.com/kr/buy-sell/%EC%BD%98%EC%8A%A4%ED%83%84%ED%8B%B4-%EC%96%B4%EB%B2%A0%EC%9D%B8-2018-%EA%B8%89%EC%B2%98-zec89fcrqa1p/
17/11/2025,콘스탄틴어베인판매만,"진찌 도까 기스 얼마없습니다.
스트랩 원하시먄 드려요

상태 무하자급이에요.

네고 가능
구성 
휠 노바텍 48림
브레이크 벨로시닷
안장 카본안장 번장에서 8에 구입
스템 알리발 신품 카본스템
핸들 알이 카본헨들바 신품 8만원
싸게올렸어요
비비깨짐
포크 조금 깨져서 타는데에는 지장없고.
그래서 싸게올림",7,8,238,340000,37.7,통크,판매완료,2,전북 완주군 봉동읍,https://www.daangn.com/kr/buy-sell/%EC%BD%98%EC%8A%A4%ED%83%84%ED%8B%B4-%EC%96%B4%EB%B2%A0%EC%9D%B8-%ED%8C%90%EB%A7%A4%EB%A7%8C-mgxfjrqd1b7k/
14/02/2025,콘스탄틴디스페랄판/대," 대구에 3대있습니다 가격 어그로에요 판매는 생각 별로 없어서 85정도 생각하고있습니다 대차는 언노운 엔진 콘스탄틴 쓰나미 선호하고 드래그 안받아요
쓰나미는 구성 많이 좋아야 받아요 듣보픽시는 절대안받아요 벨로빌드 트랙바,66림,88림 초극선호 88림,66림은 철이든 카본이든 상관X 반차나 프셋은 이득아니면 안받아요 좀 많이 이득인 픽시들어오면 싱귤2도 같이드려요 추금도 있어요 듣보아니면 일단 찔러주세요 대차가 맞쳐서 오세요 대차가 80이상


위아위스 써벨로 엔진11 콘스탄틴
자토바이 스즈키 로터 노큐 로터 알듀
크램크셋 픽시 픽시드 기어 고점기어
따스포츠 로터노큐 로허 알듀 아르곤 18
써벨로 t/ +3 +4 3t 에어로노바 프로 드롭바
비젼 디스크 로터 체인림 에르고노바 콘스탄틴, 벨로모빌, 리컴번트, 비암키, 짚, 앙카,
도스노벤타 ,스컬트라, 리엑토, 리엑토 , 엑라렌 , 람보르 기니, 페라리, 오토바이, 각기,
ZIPB이즈미,스기노, 라케 타, 시마노, 신형,피나로, 신품, 트랙,트레,첼로, 인터프 로, 펠트
리들리, bmc,kmg, 아르곤 18, 위아위스, 엔진/ 1,88림, 디스크휠, 로드, 픽시, mtb,풀삭, bmx,
트리픽 시, 벨로모빌, 리컴번트 ,트라이얼, 그래블, 경륜,소라, 티 아그라,프롤로고, 울레그라,
후지, 스페셜라이즈드, 에스 워스, 어드벤스,투워니, 클라리스,페포, 카봄, 마빅 , 아르 마,
오발이,피직,50,30,60,90림,스턴트스쿠헌, 투 스포 크, 림블랙켓,스포크,허브, 볼트셋포스트
헬멧, 룩R96, L96, t10, 396, 196,464 364 바미큰, 치카노, 지오 스,도마스,
리가, 네브그루,로가스,로가스 다운타운 T4 53, 크릿디, 스프린허, 불렛, 볼텍스 ,어베인
버나드, 큰 스탄틴 , 쇼크, 디스페랄 ,윈드시어,트위터, IV3,IV1, IV2 싱귤러리티그
타누스,고나, 트랙, 스캇, 엘파 마,smit, 검타이어, 픽시, 알카본,알류미늄, 언노운필스
어드벤 드벤스그,에이지 엔트라, 에이지 수프라, 인터프로 미사일, 인터프로 독주, 아비아브
미니벨로, 위 더피플, 선데이, 오토벨로, 자이언트,픽시, 크릿디, 리더,카본",24,17,3399,340000,36.5,뭐든네고해드려용,판매중,1,대구 남구 대명9동,https://www.daangn.com/kr/buy-sell/%EC%BD%98%EC%8A%A4%ED%83%84%ED%8B%B4-%EB%94%94%EC%8A%A4%ED%8E%98%EB%9E%84-%ED%8C%90-%EB%8C%80-j37kzstbzrdf/
30/04/2026,콘스탄틴버나드카멜레온2024,"앞뒤 브레기크 있어요(ㄱㄹ)
구성
핸들바 스페셜라이즈드
스템 벨로시닷
안장셋 벨로시닷
휠셋 앞 노바텍 뒤 라이더스웨이 
크셋 벨로시닷 디스크크랭크
돈이 급해 개급처 합니다 
94에 샀고 컴포도 휠셋빼고 다 신품이에요
하자는 챗주시면 보내드립니다
진짜 실물 개이뻐요
소량네고 ㄱㄴ
검색어 ris,3t, 씨벨로., 리파인드, 라피에르, 카베자메리다, 리더, 언노운, 콘스탄틴,벨로모빌, 리컴번트,비앙키,중 앙카, 도스 노벤타 스컬트라,리엑토,리엑토 멕라렌 람보르기니, 페라 리,오토바이,각기 ZIPP,이즈미,스기노,라케타 , 시마노, 신형,피나로,신품 트랙,트렉, 첼로, 인터프로, 펠트,리들리, bmc,kmc,아르곤1 8, 위아위스,엔진11,88림,디스크휠, 로드,픽시,mtb,풀삭, bmx,트릭픽시,벨로모빌,리 컴번트, 트라이얼, 그래블, 경륜, 소라,티아그라,프 롤로고,올테그라,후지,스페셜라이즈드, 에스웍스, 어드벤스,투워니,클라리스,페포, 카본,마빅, 아르 마,오 발이,피직,50,30,60,90림,스턴트스쿠터 ,투스포크, 림블랙켓, 스포크,허브,볼트포스트,헬멧, 196 196 r96 120 396 296 464 364 바이큰,치카노, K 지오스, 도마스 , 스캇,본트레거
휴스턴, 서울, a,도쿄,에딘버러,삼천리,에이모션, 에이모션 트리가 데브그루,로가스,로가스 다운타운 44 t3 t1t5 S3 크릿디,스프린터 , 불렛, 볼텍스 어베인 버 나드 콘스탄틴 쇼크 디스페랄 윈드시어,트위터",2,3,192,340000,36.5,낙차,판매중,4,서울시 강남구 도곡1동,https://www.daangn.com/kr/buy-sell/%EC%BD%98%EC%8A%A4%ED%83%84%ED%8B%B4-%EB%B2%84%EB%82%98%EB%93%9C-%EC%B9%B4%EB%A9%9C%EB%A0%88%EC%98%A8-2024-7myow33wut2w/
06/11/2024,픽시콘스탄틴어베인2021패턴화이트판매/대차,"급처@@@@@@@
실물 겁나 예뻐요
쿨거하면 네고 좀 해드릴게요
먹음있습니다(타고다니는데 지장X)
도까 기스있습니다 잘나갑니다 밝는대로 나가요
대차40이상 언엔콘 받아요 추금 5만 보유
1대주님이 픽시드기어서울에서 점검했는데 타는데 지장 없다고 했습니다
구성
핸들: 벨닷(파직바테잎)
스템:우노 130.7새삥 프론트휠:벨닷휠순정
리어:벨닷데칼땐거순정
크랭크:벨닷 순정 체인링 벨닷 순정
40>38>35 더 이상 가격 안내려요",7,3,529,350000,43.4,사람,판매완료,3,대전 서구 정림동,https://www.daangn.com/kr/buy-sell/%ED%94%BD%EC%8B%9C-%EC%BD%98%EC%8A%A4%ED%83%84%ED%8B%B4-%EC%96%B4%EB%B2%A0%EC%9D%B8-2021-%ED%8C%A8%ED%84%B4-%ED%99%94%EC%9D%B4%ED%8A%B8-%ED%8C%90%EB%A7%A4-%EB%8C%80%EC%B0%A8-osxz9erbivaw/
24/05/2026,콘스탄틴어베인픽시핑크색,"매력적인 핑크색 콘스탄틴 픽시 자전거예요
사진으로 확인되는 그대로 깔끔한 상태를 자랑해요
픽시 특유의 심플함과 디자인이 돋보이는 제품이랍니다",5,12,255,350000,36.6,아오,판매중,1,대전 유성구 도룡동,https://www.daangn.com/kr/buy-sell/%EC%BD%98%EC%8A%A4%ED%83%84%ED%8B%B4-%EC%96%B4%EB%B2%A0%EC%9D%B8-%ED%94%BD%EC%8B%9C-%ED%95%91%ED%81%AC%EC%83%89-6znv8xxo1k6w/
13/07/2025,2022콘스탄틴어베인,바테잎 제거했구요 도까 좀 있습니다 잘 나가요 사이즈는 m이고 자세한건 톡 주십쇼 바로바로 받겠습니다 뒷바퀴튜브 터졌고 앞바퀴는 바람이 없습니다 싸게 수리해서 타기좋습니다,14,14,1108,350000,38.3,사회적강자,판매완료,5,서울시 송파구 문정1동,https://www.daangn.com/kr/buy-sell/2022%EC%BD%98%EC%8A%A4%ED%83%84%ED%8B%B4-%EC%96%B4%EB%B2%A0%EC%9D%B8-9r5g1awwjgyk/
01/07/2025,콘스탄틴버나드2023픽시,"콘탄 버나드 22입니다 하자는 잔기스밖에 없습니다 거의다 올 순정 구성입니다 직거래는 매교역이나 화서역에서 합니다~ 꽉 막힌사람 아니니까 편하게 찔러주세요~ 판매35에합니다 네고가능해요~

판매자말투 = 구매자말투

검색어:3t, 써벨로, 리파인드,라피에르, 카베자메리 다, 리더,언노운, 콘스탄틴,벨로모빌,리컴번트,비앙키,짚, 앙카,도스노벤타 스컬트라,리엑토, 리엑토 멕라렌 람보르기니,페라리,오토바이,각기
ZIPP,이즈미,스기노,라케타,시마노,신형,피나렐로, 신품,트랙,트렉, 첼로, 인터프로,펠트,리들리, bmc,kmc, 아르곤18, 위아위스,엔진11,88림,디스크휠, 로드, 픽시,mtb,풀샥,bmx,트릭픽시,벨로모빌, 리컴번트, 트라이얼, 그래블,경륜,소라, 티아그라,프롤로고, 울테그라,후지, 스페셜라이즈드, 에스웍스, 어드벤스, 투워니,클라리스,페포, 카본,마빅,아르마,오발이, 피직,50,30,60,90림,스턴트스쿠터,투스포크, 림블랙켓,스포크,허브,볼트싯포스트, 헬멧,룩196 196 r96 t20 396 296 464 364 바이큰, 치카노,지오스, 도마스
휴스턴, 서울,la,도쿄,에딘버러, 삼천리,에이모션, 에이모션트리가,데브그루,로가스,로가스 다운타운 t4 t3 t1 t5 S3 크릿디,스프린터, 불렛, 볼텍스 어베인 버나드 콘스탄틴 쇼크 디스페랄 윈드시어,트위터 IV3 Iv2 Iv2 싱귤러리티2 져지 쫄쫄이 무스너클 맥케이지 몽클레어psx ps1 구형 360,에틱, 타누스,코나,트랙, 스캇, 엘파마, Smith,검타이어, 픽시, 알카본,알류미늄, 티타늄,나노,나놋입자,구찌,샤넬,언노운펄스 어드벤스1 어드벤스2,에이지 엔트라, 에이지 수프라, 인터프로 미사일,인터프로 독주,아비아브,미니벨로,위더피플,선데이,모토벨로,자이언트,자이언트레인,어반, 제피로, 바쏘,바소팩터,FACTOR,파스포츠, 캐논데일, 슈퍼피스타,콜나고,크로몰리,코리마,에콜로직스,도란, 노바텍,치넬리,비고렐리,메쉬스틸, 메쉬워크,ac1 ac2, 펠트tk1,펠트tk3,철인3종, tt바,베이스바,드롭바, 트랙바,시슬릭,불혼바,리치휠,캄파놀로,크로드, 도디치,도그마,df4 df3 프리큐사 슈퍼노바,아반티
BT 스텔스,BT 울트라,라이트웨이트,자작,디스크커버, 인터프로 아미고,쓰론, 나가사와,쓰나미,켄도,스테이트, 크레이지,체이서, 디티,첼로산렌쇼,코렉스,헤드젯, 벨로라인,띠꼬르디,치넬리 레이저,앙카 브릿지스톤, 룩795,695,464,364,264,164,xrs,테슈너, 오베아,케니언, 가민, 속도계.데다,엔진11 헌터브로스, 갓앤페이머스,오션블루,캔디블루, 3d로터, 베가스트, 디럭스,뉴에바요크,브레이커,건메탈,ird,코비,국뽕, 메탈그레이, 벨로시닷,키리커, 백스,푸시아,도스노벤타 쿠알라룸푸르,디트로이트,짚404,짚808,보이져, 위아위스txt,txtsd,와스지,플래닛x,룩564,트리곤, 트랜지션, 프롤로고, bmc tr01, bmc tr02,파간gt, 로타지오네",13,8,327,350000,36.4,애셋싱글맘,판매완료,1,경기 수원시 권선구 세류1동,https://www.daangn.com/kr/buy-sell/%EC%BD%98%EC%8A%A4%ED%83%84%ED%8B%B4-%EB%B2%84%EB%82%98%EB%93%9C-2023-%ED%94%BD%EC%8B%9C-pd9ea4e72qi9/
06/10/2025,어그로x콘스탄틴어베인카멜레온픽시급처,"2024년식이고 무하자급 입니다
L사이즈이고 대차 안합니다
직거래 범계역
찐급처입니다",1,5,160,350000,40.7,아들아빠,판매완료,6,경기 안양시 동안구 호계2동,https://www.daangn.com/kr/buy-sell/%EC%96%B4%EA%B7%B8%EB%A1%9C-x%EC%BD%98%EC%8A%A4%ED%83%84%ED%8B%B4-%EC%96%B4%EB%B2%A0%EC%9D%B8-%EC%B9%B4%EB%A9%9C%EB%A0%88%EC%98%A8-%ED%94%BD%EC%8B%9C-%EA%B8%89%EC%B2%98-vi5bpzhc5toy/
31/01/2025,픽시콘스탄틴어베인51,"19년도에 구입
사자마자 꿍하고 일년에 한번 타는 꼴로 
10번도 채 안탔습니다 
타겠지 타겠지 하고 뒀는데 탈일이 없을거 같아
필요하신 분에게 보내드리렵니다 

꿍하면서 상처난 곳은 스트랩뿐이며 아무리 찾아봐도 생활기스 빼고 크게 흉터진곳은 찾지 못했습니다 스트랩은 교체하시면 될거 같고 그걸로 네고는 어려울듯 합니다 대신 사진에 보이는 거치대 및
벨로시닷 숏라이져바 같이 드립니다

사이즈는 51사이즈 이며 신장165~170 이신 분들이 적합한 사이즈로 알고 있습니다 

교환 반품은 절대 사절이니 신중하게 고민하시고
연락주세요",2,1,215,350000,37.8,제이,판매완료,10,경기 수원시 장안구 정자1동,https://www.daangn.com/kr/buy-sell/%ED%94%BD%EC%8B%9C-%EC%BD%98%EC%8A%A4%ED%83%84%ED%8B%B4-%EC%96%B4%EB%B2%A0%EC%9D%B8-51-1fkahyz6zo1y/
03/08/2025,콘스탄틴버나드2025문태환싸인있어요,"콘스탄틴 버나드 2025 
문태환 싸인 있고요
크랭크 2023어베인이에요 
기스많아요",3,2,152,350000,37.1,황금카페트,판매완료,2,울산 동구 남목1동,https://www.daangn.com/kr/buy-sell/%EC%BD%98%EC%8A%A4%ED%83%84%ED%8B%B4-%EB%B2%84%EB%82%98%EB%93%9C-2025-%EB%AC%B8%ED%83%9C%ED%99%98-%EC%8B%B8%EC%9D%B8%EC%9E%88%EC%96%B4%EC%9A%94-t9cxx9odsu6c/
23/01/2025,콘스탄틴어베인2019,"콘탄 어베인 2019년식이고 라이저바 외 순정입니다.
자잘한기스있고 노먹노크
브레이크 달려있습니다.
대차 받고 주인장 착하니 하트만 누르지말고 많 많이 찔러주세요.😄",8,4,289,350000,40.4,자전거,판매완료,1,부산 기장군 기장읍,https://www.daangn.com/kr/buy-sell/%EC%BD%98%EC%8A%A4%ED%83%84%ED%8B%B4-%EC%96%B4%EB%B2%A0%EC%9D%B8-2019-r2od1v8qostc/
02/04/2026,콘스탄틴어베인픽시자전거,"콘스탄틴 어베인 픽시 자전거입니다
상태는 사진과같이 생활기스및 약간의 까짐말고는 문제없음.
일괄판매합니다.뒷바퀴만 따로 판매안합니다.",3,7,291,350000,43.8,추노님,판매완료,6,강원 춘천시 석사동,https://www.daangn.com/kr/buy-sell/%EC%BD%98%EC%8A%A4%ED%83%84%ED%8B%B4-%EC%96%B4%EB%B2%A0%EC%9D%B8-%ED%94%BD%EC%8B%9C-%EC%9E%90%EC%A0%84%EA%B1%B0-pskdkuxv17hd/
05/07/2024,2024콘스탄틴어베인픽시자전거,"구입해서 2번 정도 타고
보관만 했습니다.
상태 최상입니다.
자세한 문의는 챗으로 주세요!
10분이내 응답할게요~

우석로101번길86, 
애막골 대우아파트로 
가지러 오실 분들만 챗 주세요!!!

상품설명이 잘못되었거나
제품 이상이 아닌
환불, 반품 요구 사절이고요!!!
예약 부도 절대절대 사절입니다.",2,3,454,350000,69.5,PuraVida,판매완료,3,강원 춘천시 석사동,https://www.daangn.com/kr/buy-sell/2024-%EC%BD%98%EC%8A%A4%ED%83%84%ED%8B%B4-%EC%96%B4%EB%B2%A0%EC%9D%B8-%ED%94%BD%EC%8B%9C-%EC%9E%90%EC%A0%84%EA%B1%B0-dsyhrzzxmdaz/
13/01/2026,2024콘스탄틴어베인멧블랙반차(마지막가격!!!!!!),"2024년식 콘스탄틴 어베인 멧블랙 반차 판매합니다 대차도 받긴 받아요!
구성은 안장 스템빼고 순정입니다
스템은 우노 130/17입니다
돈이 급해서 쿨거시 네고 막 해드릴게요
하자는 도까 3개, 작은 기스 2개가 다입니다 하자 잘 안보여요!",10,8,695,350000,39.8,당근볶음밥,판매완료,3,세종시 다정동,https://www.daangn.com/kr/buy-sell/2024-%EC%BD%98%EC%8A%A4%ED%83%84%ED%8B%B4-%EC%96%B4%EB%B2%A0%EC%9D%B8-%EB%A9%A7%EB%B8%94%EB%9E%99-%EB%B0%98%EC%B0%A8-%EB%A7%88%EC%A7%80%EB%A7%89%EA%B0%80%EA%B2%A9-jqksqfbfbwix/
29/07/2025,콘스탄틴어베인패턴블루스페셜에디션22년토요일까지이금액(개급처),돈이 급해서 이가격에 팝니다 토요일까지만 이금액입니다 하자는 사진에 다 기재했습니다 솔직히 패턴블루 평균 45에 팝니다 제꺼 사면 리셀도 잘됩니다 구성은 우노스템에다가 뒷바퀴8만원짜리 듣보에다가 딴건 순정입니다 사이즈는 m 입니다 직거래 창동역 1번출구에서 합니다 택거 안합니다,5,1,344,350000,34.5,안녕하세요,판매완료,2,서울시 도봉구 창동,https://www.daangn.com/kr/buy-sell/%EC%BD%98%EC%8A%A4%ED%83%84%ED%8B%B4-%EC%96%B4%EB%B2%A0%EC%9D%B8-%ED%8C%A8%ED%84%B4%EB%B8%94%EB%A3%A8-%EC%8A%A4%ED%8E%98%EC%85%9C%EC%97%90%EB%94%94%EC%85%9822%EB%85%84-%ED%86%A0%EC%9A%94%EC%9D%BC%EA%B9%8C%EC%A7%80-%EC%9D%B4%EA%B8%88%EC%95%A1-%EA%B0%9C%EA%B8%89%EC%B2%98-of9hypgcs2ve/
05/05/2026,콘스탄틴어베인2023픽시왼차,54사이즈 이며 기스 자잘한것 이외 상태 너무좋습니다! 직거래 까치울역입니다,0,3,66,350000,43.6,바로쿨거래당일거래,판매완료,9,경기 부천시 오정구 작동,https://www.daangn.com/kr/buy-sell/%EC%BD%98%EC%8A%A4%ED%83%84%ED%8B%B4-%EC%96%B4%EB%B2%A0%EC%9D%B8-2023-%ED%94%BD%EC%8B%9C%EC%99%BC%EC%B0%A8-ckx7dir5amvn/
21/03/2026,콘스탄틴어베인23년식픽시,사이즈 51 도까기스 사진에 첨부했습니다 지워지는기스 다분합니다 한번 닦고 타시면 기스 많이 없을것 같습니다 직거래 성곡중입니다 대차안합니다,2,2,77,350000,43.6,바로쿨거래당일거래,판매완료,6,경기 부천시 오정구 작동,https://www.daangn.com/kr/buy-sell/%EC%BD%98%EC%8A%A4%ED%83%84%ED%8B%B4-%EC%96%B4%EB%B2%A0%EC%9D%B8-23%EB%85%84%EC%8B%9D-%ED%94%BD%EC%8B%9C-2zjgc6p9x4cd/
03/01/2025,콘스탄틴어베인23년식판매합니다,"요즘에 잘 타지 않아서 판매합니다 

편하게 연락 주세요 

(가격조정 가능합니다)",5,3,231,360000,38.6,삼정법사,판매완료,7,대전 중구 문화동,https://www.daangn.com/kr/buy-sell/%EC%BD%98%EC%8A%A4%ED%83%84%ED%8B%B4-%EC%96%B4%EB%B2%A0%EC%9D%B8-23%EB%85%84%EC%8B%9D-%ED%8C%90%EB%A7%A4%ED%95%A9%EB%8B%88%EB%8B%A4-1tmyfz6nyof9/
23/08/2025,콘스탄틴어베인자전거(판매),"2023년식이고 스템, 핸들바는 카본입니다
하자는 도까와 체인 녹슴 이에요
빨리 팔아봅니다 많은 연락 부탁드려요",13,6,527,360000,38.6,아침에주스,판매완료,2,부산 해운대구 반여제4동,https://www.daangn.com/kr/buy-sell/%EC%BD%98%EC%8A%A4%ED%83%84%ED%8B%B4-%EC%96%B4%EB%B2%A0%EC%9D%B8-%EC%9E%90%EC%A0%84%EA%B1%B0-%ED%8C%90%EB%A7%A4-5voyxwm7ukxo/
08/12/2025,콘스탄틴어베인판매/대차,콘스탄틴 어베인 하자는 사진이 끝이고 잔기스쪼금 있어요.전주가 프래임에 스티커 붙어있는데 잘 안떼져용~,9,4,198,370000,36.7,웃자,판매완료,5,대구 북구 구암동,https://www.daangn.com/kr/buy-sell/%EC%BD%98%EC%8A%A4%ED%83%84%ED%8B%B4-%EC%96%B4%EB%B2%A0%EC%9D%B8-%ED%8C%90%EB%A7%A4-%EB%8C%80%EC%B0%A8-i3ifweqk9dv6/
01/06/2025,콘스탄틴어베인2024스페셜에디션판/대,"< 글 끝까지 읽고 와주세요!!!>
콘스탄틴 어베인 2024스페셜에디션입니다.
100대 한정이라 단종된 모델입니다.
실물이 사진보다 훨씬 예쁩니다.
진짜 구매하실분만 오시고 찔러보기는 삼가주시길 바랍니다. 
(참고로 어떤분이 데칼다 떼고 반품하셔서
데칼이 한개밖에 안남았습니다.감안해서 가격 좀내림)
글은 실시간으로 바뀔수 있습니다.
실시간으로 구성도 바뀔수 있습니다
(가격도 더 올라갈수도 있어요)
판매는 경매처럼 할 예정!!!

꽤 깨끗하고(도까3개정도) 3대주(거의 2대주)로 알고있습니다.
(노먹노크)거래하실거면 하자다 사진으로 기재할게요
거래하시기 직전에 데칼 때달라하면 때드립니다.
주인장 착하니까 연락 편하게 주세요
                   
 가격 선제시 부탁드릴게요
(못해도 프셋:40이상 반차 50이상 완차 60이상)
제발 대차가격 맞춰오세요
크릿디,렙쓰리같은거 아니면 제발 추금가져오세요
(버나드,드래그,싱귤,볼텍스,싱귤,듣보로드등)
듣보나 이상한거인데 추금 안주시면 좋은소리 못들어요
듣보잡이여도 구성 좋으면 일딴 봅니다
대차는 ㅍㄷㅍ ㅍㄷㅂ ㅍㄷㅇ 다봅니다
대차 이상한거 가져오지 마세요.
문자줄때 사진부터 기재해주세요.
사이즈51(S)

거래하기전에 선예약금 받습니다
예약금은 3또는5 거파금 3만원
(만약 배송전에 거파면 예약금 돌려드림)
거리에따라 못가줄수도 있겠습니다.
중고 거래 특성상 환불 안됩니다
뒷말시 차단하겠습니다 
추물 보유",2,0,251,370000,37.2,닉네임,판매완료,1,충남 서산시 동문동,https://www.daangn.com/kr/buy-sell/%EC%BD%98%EC%8A%A4%ED%83%84%ED%8B%B4-%EC%96%B4%EB%B2%A0%EC%9D%B8-2024%EC%8A%A4%ED%8E%98%EC%85%9C%EC%97%90%EB%94%94%EC%85%98-%ED%8C%90-%EB%8C%80-5udr9t4w5shf/
15/04/2026,픽시2024콘스탄틴어베인,"픽시 판매합니다  사이즈는 m입니다
상태는 사진과 같습니다 바 테입 빼고는 순정입니다
안장 바테입 스레치 있고 앞 브레이크 있습니다
창동 창일중 앞에서 직거래 합니다
대차 안합니다 대차문의는 답 안합니다",5,11,359,370000,43,여니,판매완료,7,서울시 도봉구 창동,https://www.daangn.com/kr/buy-sell/%ED%94%BD%EC%8B%9C-2024-%EC%BD%98%EC%8A%A4%ED%83%84%ED%8B%B4-%EC%96%B4%EB%B2%A0%EC%9D%B8-pnvacy89srsq/
29/03/2026,콘스탄틴어베인2023패턴블랙판/대(설명꼭읽고오세요),"콘스탄틴 어베인 2023 패턴블랙 판매,대차 봅니다

추금없고 추물도 없으니까 제발 와서 추금,추물 말하지마세요 제발 

구성:룩  LS2 스템
리어 언노운
프론트 킵무빙
바테잎 시마노 프로
그 외 벨로시닷

유격은 없고 도까나 생활기스만 조금 있습니다
가까우면 가드리고
그래서 싸게 올려요

주인장 착하니까 많이 연락주세요

 거파금 받고요 쓰나미,교신,로드,mtb이득아니면 안받아요 ",26,11,688,370000,36.3,야르,판매완료,2,인천 연수구 연수동,https://www.daangn.com/kr/buy-sell/%EC%BD%98%EC%8A%A4%ED%83%84%ED%8B%B4-%EC%96%B4%EB%B2%A0%EC%9D%B8-2023-%ED%8C%A8%ED%84%B4%EB%B8%94%EB%9E%99-%ED%8C%90-%EB%8C%80-%EC%84%A4%EB%AA%85-%EA%BC%AD-%EC%9D%BD%EA%B3%A0-%EC%98%A4%EC%84%B8%EC%9A%94-4wvcjzgh8mvr/
08/08/2025,2024콘스탄틴어베인픽시팝니다,"2024 어베인 팝니다 
상태는 문자 주시면 알려드립니다 편하게 연락주세요
 
 
네고 받습니다 찔러주세요",18,14,921,380000,36.5,나는야수,판매완료,2,강원 춘천시 삼천동,https://www.daangn.com/kr/buy-sell/2024-%EC%BD%98%EC%8A%A4%ED%83%84%ED%8B%B4-%EC%96%B4%EB%B2%A0%EC%9D%B8-%ED%94%BD%EC%8B%9C-%ED%8C%9D%EB%8B%88%EB%8B%A4-t1u4wkkkmt2e/
29/08/2025,콘스탄틴어베인2025,"콘스탄틴 어베인 2025년식입니다.
앞포크에 도까 좀 있고 바테잎 까졌습니다.
사진 참고해주세요.",14,10,893,380000,36.7,으잉,판매완료,5,경기 용인시 기흥구 보정동,https://www.daangn.com/kr/buy-sell/%EC%BD%98%EC%8A%A4%ED%83%84%ED%8B%B4-%EC%96%B4%EB%B2%A0%EC%9D%B8-2025-hk3xemwy3aau/
27/11/2025,콘스탄틴어베인픽시블랙,"콘스탄틴 어베인 픽시 자전거 판매합니다
타이어 바람이 없습니다.
무따 38만원 가져가세요",11,11,662,380000,39.6,안녕하세요,판매완료,1,충남 천안시 서북구 쌍용동,https://www.daangn.com/kr/buy-sell/%EC%BD%98%EC%8A%A4%ED%83%84%ED%8B%B4-%EC%96%B4%EB%B2%A0%EC%9D%B8-%ED%94%BD%EC%8B%9C-%EB%B8%94%EB%9E%99-cbdoqhtmrjmq/
17/04/2026,콘스탄틴버나드카멜레온희귀색상2024,"앞뒤 브레기크 있어요(ㄱㄹ)
구성
핸들바 스페셜라이즈드
스템 벨로시닷
안장셋 벨로시닷
휠셋 앞 노바텍 뒤 라이더스웨이 
크셋 벨로시닷 디스크크랭크
돈이 급해 개급처 합니다 
94에 샀고 컴포도 휠셋빼고 다 신품이에요
하자는 챗주시면 보내드립니다
진짜 실물 개이뻐요
소량네고 ㄱㄴ
검색어 ris,3t, 씨벨로., 리파인드, 라피에르, 카베자메리다, 리더, 언노운, 콘스탄틴,벨로모빌, 리컴번트,비앙키,중 앙카, 도스 노벤타 스컬트라,리엑토,리엑토 멕라렌 람보르기니, 페라 리,오토바이,각기 ZIPP,이즈미,스기노,라케타 , 시마노, 신형,피나로,신품 트랙,트렉, 첼로, 인터프로, 펠트,리들리, bmc,kmc,아르곤1 8, 위아위스,엔진11,88림,디스크휠, 로드,픽시,mtb,풀삭, bmx,트릭픽시,벨로모빌,리 컴번트, 트라이얼, 그래블, 경륜, 소라,티아그라,프 롤로고,올테그라,후지,스페셜라이즈드, 에스웍스, 어드벤스,투워니,클라리스,페포, 카본,마빅, 아르 마,오 발이,피직,50,30,60,90림,스턴트스쿠터 ,투스포크, 림블랙켓, 스포크,허브,볼트포스트,헬멧, 196 196 r96 120 396 296 464 364 바이큰,치카노, K 지오스, 도마스 , 스캇,본트레거
휴스턴, 서울, a,도쿄,에딘버러,삼천리,에이모션, 에이모션 트리가 데브그루,로가스,로가스 다운타운 44 t3 t1t5 S3 크릿디,스프린터 , 불렛, 볼텍스 어베인 버 나드 콘스탄틴 쇼크 디스페랄 윈드시어,트위터",5,4,271,380000,36.5,낙차,판매중,3,서울시 강남구 도곡1동,https://www.daangn.com/kr/buy-sell/%EC%BD%98%EC%8A%A4%ED%83%84%ED%8B%B4-%EB%B2%84%EB%82%98%EB%93%9C-%EC%B9%B4%EB%A9%9C%EB%A0%88%EC%98%A8-%ED%9D%AC%EA%B7%80%EC%83%89%EC%83%81-2024-5t7bq1m6fmrf/
20/03/2025,콘스탄틴어베인22년식(개급처합니다),"콘스탄틴 어베인 2022년식 픽시 판매&대차봅니다 

쿨거시 네고
프레임 상태는 -B급
사이즈m이고 
하자는 도까,포크유격있어요,스템에 오버토크같은 크랙있어요 사용시 지장은 없었던거같아요

대차는 엔진 좋아합니다
45",17,7,1281,380000,39.9,생선가시,판매완료,2,경기 안산시 단원구 신길동,https://www.daangn.com/kr/buy-sell/%EC%BD%98%EC%8A%A4%ED%83%84%ED%8B%B4-%EC%96%B4%EB%B2%A0%EC%9D%B822%EB%85%84%EC%8B%9D-%EA%B0%9C%EA%B8%89%EC%B2%98%ED%95%A9%EB%8B%88%EB%8B%A4-45uz9ti48w2h/
10/03/2026,콘스탄틴어베인2023,"드롭바 동봉해서 판매합니다.
체인 작년 9월말에 신품으로 교체했습니다.
안장에 달린 물통케이지는 제외입니다.
첨부사진과 같이 포크에 덴트와 생활기스 외 하자 없습니다.

고촌역에서 직거래 희망해요",1,0,146,385000,37.5,huntelaar,판매완료,4,경기 김포시 고촌읍,https://www.daangn.com/kr/buy-sell/%EC%BD%98%EC%8A%A4%ED%83%84%ED%8B%B4-%EC%96%B4%EB%B2%A0%EC%9D%B8-2023-t45ie1xksckh/
13/05/2026,콘스탄틴어베인픽시블랙,"매력적인 콘스탄틴 어베인 픽시 자전거예요
블랙 색상에 깔끔한 디자인이 돋보여요
사진으로 확인 가능한 구성품 그대로 드려요
빠른 속도와 스타일을 동시에 잡고 싶으신 분들께 추천드려요
23년8월쯤구매한거같고 24년 말부터 그냥 보관중입니다
도까약간있고 기능엔 문제없어요",3,4,255,390000,36.4,cpc,판매중,7,경기 평택시 서정동,https://www.daangn.com/kr/buy-sell/%EC%BD%98%EC%8A%A4%ED%83%84%ED%8B%B4-%EC%96%B4%EB%B2%A0%EC%9D%B8-%ED%94%BD%EC%8B%9C-%EB%B8%94%EB%9E%99-7vc67yc38ta8/
22/08/2025,콘스탄틴어베인2023판매,"콘스탄틴 어베인 2023 54사이즈
23년8월경 신품 구매 1대주 
1년후 24년8월 벨로시닷 실버 스포크 휠셋으로 신품 교환
현재 14T 코그 장착되어있음
오른쪽면 기스 도까 2~3개 정도 있음,크랭크 잡소리 정도 있습니다.

자전거에 장착 되어있는 후미등, 페달스트랩, 기존17T코그 같이 드립니다.
네고 안보는건 아니지만 터무니없는 네고시 차단합니다.
(대차 안봅니다.)",4,5,287,400000,43.2,제1인자,판매완료,6,경기 부천시 원미구 중동,https://www.daangn.com/kr/buy-sell/%EC%BD%98%EC%8A%A4%ED%83%84%ED%8B%B4-%EC%96%B4%EB%B2%A0%EC%9D%B8-2023-%ED%8C%90%EB%A7%A4-ngy6xcray3xs/
31/01/2025,콘스탄틴어베인2022번개에디션판매,"40에 빠르게 판매합니다
네고x 직거 수원,일산 가능

사용감 정도의 하자 말고는 없습니다
간잽이 차단 대차 안받아요",1,3,319,400000,38.3,가시가있다,판매완료,1,경기 고양시 일산동구 장항2동,https://www.daangn.com/kr/buy-sell/%EC%BD%98%EC%8A%A4%ED%83%84%ED%8B%B4-%EC%96%B4%EB%B2%A0%EC%9D%B8-2022-%EB%B2%88%EA%B0%9C%EC%97%90%EB%94%94%EC%85%98-%ED%8C%90%EB%A7%A4-hvnfvtvhmgqf/
19/12/2025,콘스탄틴어베인2024스페셜반차100대한정,"콘탄 어베인 스페셜 반차입니다
구성은 올순정이고 상태는 s급입니다
하자는 보이는건 뒤삼각쪽하나입니다
대차는 개이득만 보겠습니다
많이 연락주세요",6,3,161,400000,36.6,뒷말시차단,판매완료,2,서울시 도봉구 방학제1동,https://www.daangn.com/kr/buy-sell/%EC%BD%98%EC%8A%A4%ED%83%84%ED%8B%B4-%EC%96%B4%EB%B2%A0%EC%9D%B8-2024-%EC%8A%A4%ED%8E%98%EC%85%9C-%EB%B0%98%EC%B0%A8-100%EB%8C%80-%ED%95%9C%EC%A0%95-kbdarmftkyrx/
22/05/2025,2023어베인콘스탄틴픽시블랙,"콘스탄틴 픽시 자전거 블랙 색상입니다
생활 기스 약간 있어요 (사진 참고 부탁드려요)
숏바로 바꿨어요",72,51,2457,400000,36.6,유민,판매중,2,경기 수원시 팔달구 화서동,https://www.daangn.com/kr/buy-sell/2023-%EC%96%B4%EB%B2%A0%EC%9D%B8-%EC%BD%98%EC%8A%A4%ED%83%84%ED%8B%B4-%ED%94%BD%EC%8B%9C-%EB%B8%94%EB%9E%99-p37yymvqq8ud/
17/12/2025,콘스탄틴어베인픽시자전거(로드대차),콘탄 어베인 팝니다 기스사진은 메세지보내주시면 보내드릴게요! 비비는 깨져잇습니다!,10,3,282,400000,37,wol강아지,판매완료,2,경기 수원시 권선구 세류1동,https://www.daangn.com/kr/buy-sell/%EC%BD%98%EC%8A%A4%ED%83%84%ED%8B%B4-%EC%96%B4%EB%B2%A0%EC%9D%B8-%ED%94%BD%EC%8B%9C-%EC%9E%90%EC%A0%84%EA%B1%B0-%EB%A1%9C%EB%93%9C%EB%8C%80%EC%B0%A8-uoncz695en56/
24/02/2026,2022콘스탄틴어베인화이트패턴반차판/대,"프렘 하자는 기스랑 얼룩 조금있습니다
스템 우노 110mm
핸들바 라이더스웨이
크랭크 스기노 피스타
체인링 스기노 피스타
체인은 모르겠습니다
싯포 벨로시닷 싯포
싸게팝니다
직거 작전역 선호


뒷말차단
재거래×
현장거파3",1,1,129,400000,35.3,디바궁,판매완료,1,인천 계양구 계산1동,https://www.daangn.com/kr/buy-sell/2022-%EC%BD%98%EC%8A%A4%ED%83%84%ED%8B%B4-%EC%96%B4%EB%B2%A0%EC%9D%B8-%ED%99%94%EC%9D%B4%ED%8A%B8-%ED%8C%A8%ED%84%B4-%EB%B0%98%EC%B0%A8-%ED%8C%90-%EB%8C%80-dhqgpcv6aogn/
06/01/2026,2024콘스탄틴어베인멧블렉판/대,"프렘 도까 좀 있구요 노먹노크입니다.
뒤에는 많이 없는데 포크쪽이랑 앞에쪽에 좀 있습니다.

구성 
스템 몰드 짚 프린팅
핸들바 벨로시닷 사쿠라 짭
 휠셋 에이지 순정  실버 예쁩니다.
크랭크 순정
싯포 순정
체인 실버 젯블렉
페달 평패
안장은 듣보
브레이크 라이더스웨이

돈이 필요해서 급처합니다.

뒷말 차단
재거래×",1,1,96,400000,35.3,디바궁,판매완료,1,인천 계양구 계산1동,https://www.daangn.com/kr/buy-sell/2024-%EC%BD%98%EC%8A%A4%ED%83%84%ED%8B%B4-%EC%96%B4%EB%B2%A0%EC%9D%B8-%EB%A9%A7%EB%B8%94%EB%A0%89-%ED%8C%90-%EB%8C%80-nsujp2hq33na/
12/08/2025,2025콘스탄틴어베인프셋판/ㅍㄷㅍ봄대차,"콘스탄틴 어베인 자전거 프레임 판매합니다.
싯포+스템 포함
생활 스크래치 조금 있습니다. 
거의 무하자 싸게 급처 합니다.
주인장 착하니 많이 찔러주세요.
마지막 사진 참고 부탁 드립니다.
",4,2,209,400000,35.3,디바궁,판매완료,7,인천 계양구 계산1동,https://www.daangn.com/kr/buy-sell/2025-%EC%BD%98%EC%8A%A4%ED%83%84%ED%8B%B4-%EC%96%B4%EB%B2%A0%EC%9D%B8-%ED%94%84%EC%85%8B-%ED%8C%90-%EB%B4%84-%EB%8C%80%EC%B0%A8-pn5vx66gv9cb/
10/04/2025,콘스탄틴어베인2024년식판매,도까 기스 별로 없습니다 매물 별로 없고 대차는 생각이 없습니다 편히 물어봐주세여,4,4,260,400000,37.8,맘에드는거,판매완료,1,울산 동구 남목1동,https://www.daangn.com/kr/buy-sell/%EC%BD%98%EC%8A%A4%ED%83%84%ED%8B%B4-%EC%96%B4%EB%B2%A0%EC%9D%B8-2024%EB%85%84%EC%8B%9D-%ED%8C%90%EB%A7%A4-jn9v9kxzw15e/
21/10/2025,콘스탄틴어베인반차,"콘스탄틴 어베인 반차팝니다
상태좋음

구성
핸들-알리(바테잎 수퍼카츠 가품)
스템-짚 서비스코스 비욘드블랙
페달-시마노 550클릿
나머지순정
s사이즈

하자는체팅",8,10,400,400000,39.8,aaa,판매완료,1,부산 기장군 기장읍,https://www.daangn.com/kr/buy-sell/%EC%BD%98%EC%8A%A4%ED%83%84%ED%8B%B4-%EC%96%B4%EB%B2%A0%EC%9D%B8-%EB%B0%98%EC%B0%A8-njh3jh7w94eg/
03/06/2026,콘스탄틴어베인한정판크롬에디션,"반차? 구성으로 나갑니다 휠셋이랑 안장 스템 핸들만 있으면 바로주행 가능합니다

크랭크:스기노XD피스타

구매결정하시면 컴파운드로 기스 제거해드리고 광택제 발라드려요",0,1,21,400000,36.6,아배고파,판매중,1,충남 아산시 온양3동,https://www.daangn.com/kr/buy-sell/%EC%BD%98%EC%8A%A4%ED%83%84%ED%8B%B4-%EC%96%B4%EB%B2%A0%EC%9D%B8-%ED%95%9C%EC%A0%95%ED%8C%90-%ED%81%AC%EB%A1%AC%EC%97%90%EB%94%94%EC%85%98-q7mkug3xpf4m/
31/08/2025,콘스탄틴어베인23년식팝니다,"잔차구성:스템 보이져
핸들바 짚 서비스 코스
바테잎 수파카즈 (엔드캡 빠졌고 안에 뭐 달그락 거림)
안장 산마르코(크랙 나있음)
휠셋 일본 프로맥스 스즈메 휠셋
네고ㄱㄴ합니다
기스좀 있고 도까는 매니큐어로 가려서 티 거의 안나요",4,2,323,400000,36.9,깝추지마셔,판매완료,1,전북 완주군 봉동읍,https://www.daangn.com/kr/buy-sell/%EC%BD%98%EC%8A%A4%ED%83%84%ED%8B%B4-%EC%96%B4%EB%B2%A0%EC%9D%B823%EB%85%84%EC%8B%9D-%ED%8C%9D%EB%8B%88%EB%8B%A4-xpudxfx2y8hs/
18/11/2024,콘스탄틴어베인패턴그레이2022년식픽시판매,"2022이고 하자는 도까 몇개 있고 크랙이랑 먹음은 없어요.
직접 오셔야합니다 (대차도)
대차가 50이상
사이즈 m
포크 순정,폴리싱하다가 말았어요",24,28,2779,400000,37.8,다음,판매완료,2,경기 김포시 고촌읍,https://www.daangn.com/kr/buy-sell/%EC%BD%98%EC%8A%A4%ED%83%84%ED%8B%B4-%EC%96%B4%EB%B2%A0%EC%9D%B8-%ED%8C%A8%ED%84%B4-%EA%B7%B8%EB%A0%88%EC%9D%B4-2022%EB%85%84%EC%8B%9D-%ED%94%BD%EC%8B%9C-%ED%8C%90%EB%A7%A4-6hx6z3q3wien/
11/02/2025,콘스탄틴어베인2018판매/대차,"콘스탄틴 어베인 2018년식이고
사이즈는 m입니다.(54)
비비 깨져있고
도까 기스 하자는 채팅 하시면 알려드립니다.
구성도 채팅 하시면 알려드립니다.
뒷삼각 쪽에 기스랑 하자 조금 있고
전체적으로 도까랑 기스 조금 있습니다.
예약금 3만원

",26,5,604,400000,37.3,zl춘,판매완료,1,부산 해운대구 반여제4동,https://www.daangn.com/kr/buy-sell/%EC%BD%98%EC%8A%A4%ED%83%84%ED%8B%B4-%EC%96%B4%EB%B2%A0%EC%9D%B8-2018-%ED%8C%90%EB%A7%A4-%EB%8C%80%EC%B0%A8-usrt9jh8t9vc/
04/02/2026,2024콘스탄틴어베인픽시54인치,"콘스탄틴 어베인 픽시 자전거 판매합니다
사이즈는 54입니다
1년전 구입했습니다.
뒷타이어는 닳은부분이 있어, 교체하시면 더욱 안전하게 라이딩 할수 있을것 같습니다.
몇개월 타다가 안타고 있어서, 판매합니다.
생활기스 조금 있지만, 깨끗합니다.
자전거 거치대도 함께 드립니다.",2,4,198,400000,38.3,당근당근,판매완료,7,대구 달성군 유가읍,https://www.daangn.com/kr/buy-sell/2024-%EC%BD%98%EC%8A%A4%ED%83%84%ED%8B%B4-%EC%96%B4%EB%B2%A0%EC%9D%B8-%ED%94%BD%EC%8B%9C-54%EC%9D%B8%EC%B9%98-y2jm4gmb2qs8/
05/04/2026,콘스탄틴어베인24년식판매대차,"콘스탄틴 어베인24년식 사이즈 M

구성

핸들바:듣보 드롭바

스템:우노 120미리 17도

휠셋:노바텍

크랭크셋:벨로시닷

체인:이즈미 골드

안장 벨로시닷

싯포:벨닷

대차 픽시,로드 다 받아요
거파금 3",18,5,286,400000,35.2,안녕하세요,판매완료,1,대구 달서구 도원동,https://www.daangn.com/kr/buy-sell/%EC%BD%98%EC%8A%A4%ED%83%84%ED%8B%B4-%EC%96%B4%EB%B2%A0%EC%9D%B8-24%EB%85%84%EC%8B%9D-%ED%8C%90%EB%A7%A4-%EB%8C%80%EC%B0%A8-s26dh5op9nzc/
22/03/2026,콘스탄틴어베인픽시자전거블랙,"콘스탄틴 어베인 픽시 자전거 판매합니다
블랙 색상이고요, 생활 스크래치는 조금 있습니다(사진 참고 부탁드려요)
추가 액세서리(자물쇠, 라이트 등) 함께 드립니다
가벼운 무게로 주행 성능이 뛰어나고 디자인도 예뻐요.
♡앞뒤 브레이크 설치 되어 있어요♡
♡거치대 함께 드립니다♡",4,1,180,400000,39.3,세발,판매완료,7,대구 달서구 도원동,https://www.daangn.com/kr/buy-sell/%EC%BD%98%EC%8A%A4%ED%83%84%ED%8B%B4-%EC%96%B4%EB%B2%A0%EC%9D%B8-%ED%94%BD%EC%8B%9C-%EC%9E%90%EC%A0%84%EA%B1%B0-%EB%B8%94%EB%9E%99-jmue7521x56o/
24/02/2025,콘스탄틴어베인2022,"2022버전 판매합니다 하자는 사진에 찍힌곳만 있고 사이즈는 m입니다 핸들 바테잎은 헐거워져서 뜯었기 때문에 따로 구매하셔서 붙이시면 됩니다
오늘구매하시면(25일) 40만원에 판매합니다",39,18,1516,400000,37.8,DEVIL,판매중,6,강원 춘천시 석사동,https://www.daangn.com/kr/buy-sell/%EC%BD%98%EC%8A%A4%ED%83%84%ED%8B%B4%EC%96%B4%EB%B2%A0%EC%9D%B82022-17kdrnhhqwto/
30/08/2025,콘스탄틴픽시자전거(대차x),"콘스탄틴 픽시 자전거 판매합니다.

모델 : 2023 어베인/맷블랙51

전체적으로 검정색이며, 깔끔한 디자인입니다.
생활기스 상태는 사진 참고해주세요.

*사진에 보이는 액세서리들 함께 드립니다.

*대차(교환)하지 않습니다.

",10,18,923,400000,38.3,해뜰날,판매완료,6,세종시 다정동,https://www.daangn.com/kr/buy-sell/%EC%BD%98%EC%8A%A4%ED%83%84%ED%8B%B4-%ED%94%BD%EC%8B%9C-%EC%9E%90%EC%A0%84%EA%B1%B0-%EB%8C%80%EC%B0%A8x-hh3ygcsz1hib/
07/07/2025,콘스탄틴어베인픽시자전거,"콘스탄틴 어베인 픽시 자전거입니다
상태는 사진
앞 브레이크 있음.
 참고해 주세요~
구경하시고 결정하세요
반품 사절입니다.
판매만합니다.",8,9,1547,400000,44.7,들국화,판매중,4,전북 익산시 남중동,https://www.daangn.com/kr/buy-sell/%EC%BD%98%EC%8A%A4%ED%83%84%ED%8B%B4-%EC%96%B4%EB%B2%A0%EC%9D%B8-%ED%94%BD%EC%8B%9C-%EC%9E%90%EC%A0%84%EA%B1%B0-4shte2yywnyr/
19/04/2026,콘스탄틴어베인2024년식판매가격어그로x,"콘스탄틴 어베인 판매
잔기스랑 도장까짐
도장 조금 갈라져있는 부분이 있습니다
왼쪽 페달세게 누르면 소리가 나요
안탄지 좀돼서 거래할때 확인해보세요
네고 X 오직 판매만 합니다!

구성

KCNC 120mm 스템
카본 드롭바
수퍼카즈 찐
이즈미 골드
리어 노바텍 88림
안장 라이더스웨이(조금 까짐)
프론트 벨로시닷 
앞브있음

뒷말X


",2,2,382,400000,37.2,춤추는비둘기,판매중,9,부산 사상구 엄궁동,https://www.daangn.com/kr/buy-sell/%EC%BD%98%EC%8A%A4%ED%83%84%ED%8B%B4-%EC%96%B4%EB%B2%A0%EC%9D%B8-2024%EB%85%84%EC%8B%9D-%ED%8C%90%EB%A7%A4-%EA%B0%80%EA%B2%A9%EC%96%B4%EA%B7%B8%EB%A1%9Cx-x4xyhb4p1ihn/
02/04/2025,콘스탄틴2024어베인,"콘탄 대차봐요 판매도 보고
구성
핸들셋:알리산3t 주먹스템 시마노 프로핸들(17)
크랭크셋 스케이스 크랭크(10)
클릿페달 시마노 뭔지 모름(3)
나머지 순정
도까사진은 챗 주시면 보내드릴게요
크랭크 유격땜에 가격 낯춰요
바테잎 상태 안좋아요
다른거는 순정에 60~70하는데 그거 살빠엔 이거 사세요 이 구성에 이거 사세여
휠 상태 조금 안좋아요 반차도 팔아요 
도까 많아요
도까 매니큐어로 가렸습니다
그리고 스템 가품인지 진품인지 몰라서 그거 감안하셔야 됩니다
진짜 급처",26,8,1279,400000,37.8,지존,판매완료,10,인천 연수구 연수동,https://www.daangn.com/kr/buy-sell/%EC%BD%98%EC%8A%A4%ED%83%84%ED%8B%B4-2024-%EC%96%B4%EB%B2%A0%EC%9D%B8-58239mxxoci8/
02/12/2025,콘스탄틴어베인카멜레온2024반차판매대차픽시로드,"콘스탄틴 어베인 카멜레온 2024 반차 판매, 대차합니다
사진상으로는 헤드컵 없는데 같이 드립니다
구성은 다 순정이고 언노운 스트랩 달아뒀습니다
프레임 형상이 에어로해서 엄청 잘나갑니다
그리고 카멜레온 색상이라 빛 받는 각도에 따라 색이 바뀌는게 엄청 이뻐요
판매가는 40만원이고
대차는 이득인 것만 받아요

편하게 연락주세요
직거래 익산 

",3,2,184,400000,47.1,만주키치,판매완료,7,전북 익산시 동산동,https://www.daangn.com/kr/buy-sell/%EC%BD%98%EC%8A%A4%ED%83%84%ED%8B%B4-%EC%96%B4%EB%B2%A0%EC%9D%B8-%EC%B9%B4%EB%A9%9C%EB%A0%88%EC%98%A8-2024-%EB%B0%98%EC%B0%A8-%ED%8C%90%EB%A7%A4-%EB%8C%80%EC%B0%A8-%ED%94%BD%EC%8B%9C%EB%A1%9C%EB%93%9C-eh3rnx7jc8uu/
17/02/2025,콘스탄틴어베인24년식반차(ㅂㄷㅂ도합니다)!설명읽고와주세요,"프레임:콘탄 어베인24년식 스페셜
스템:벨로시닷 순정
라이저바:
체인링:순정
안장:순정
크랭크:순정
사진에는 체인이 없는데 구매하시면 같이드립니다(페달 없습니다)
제가 2대주이고 데려온지 1주일 조금 넘었습니다 한번도 안탔습니다
ㅂㄷㅂ도 하는데필자가 추금이 없어서ㅂㄷㅂ 가격 맞춰서 와주세요
하자는 챗주시면 보내드립니다
사이즈는 54사이즈(m)입니다
ㅂㄷㅂ 크릿디나 볼텍스구형 선호합니다
ㅂㄷㅍ도가능힙니다",23,10,506,400000,38.5,참치,판매완료,1,대전 유성구 원신흥동,https://www.daangn.com/kr/buy-sell/%EC%BD%98%EC%8A%A4%ED%83%84%ED%8B%B4%EC%96%B4%EB%B2%A0%EC%9D%B8-24%EB%85%84%EC%8B%9D-%EB%B0%98%EC%B0%A8-%EB%8F%84%ED%95%A9%EB%8B%88%EB%8B%A4-%EC%84%A4%EB%AA%85%EC%9D%BD%EA%B3%A0-%EC%99%80%EC%A3%BC%EC%84%B8%EC%9A%94-u9adh42yt99a/
23/03/2026,콘스탄틴어베인2024,"55만->45만->42만

브레이크 있어서 안전합니다!

예약중 아니면 아직 안팔린거에요‼️
연락주세요‼️
하트만 누르지 마시고 찔러보기라도 해주세요!

입문용으로 이거만한거 없을꺼에요!
구형 사시지 마시고 이거 사세요!!
집에서 보관했어요!
구매 후 많이 타지 않았습니다!
트리플 버티드 프레임으로 가벼워요!
스무스웰딩 처리로 용접면이 부드러워요!
실물이 더 예쁩니다!
에어로 프레임이라서 잘나가요!

구성은 대부분 순정이나 순정이라서 많이 안 만져서 고장나도 수리가 편할거에요!

하자
스크래치, 바테입 까짐, 타이어 까짐 등
가만해서 가격 책정했습니다!
원래 시세는 50 정도더라고요!

궁금한거 있으시면 채팅 주세요~
중고거래이므로 환불 절.대.불.가
바로 타실수 있는 상태입니다~!!
대차는 안봅니다.

구매하시면 청소 다 해서 드립니다!

자세한 스펙
https://m.bikeselling.co.kr/shop/view.php?index_no=7912",2,8,903,420000,41.9,당근오이가지,판매중,8,경기 수원시 팔달구 화서동,https://www.daangn.com/kr/buy-sell/%EC%BD%98%EC%8A%A4%ED%83%84%ED%8B%B4-%EC%96%B4%EB%B2%A0%EC%9D%B8-2024-7ba6uiu29k1b/
09/05/2026,자전거2025콘스탄틴어베인픽시블랙," 콘스탄틴 어베인 픽시 자전거예요
1년전에 새제품으로 구매했구요
총 주행거리 100키로가 안될것 같습니다.
브레이크 설치 되어 있구요
최근 점검 마친 A급 상태입니다.",5,10,335,420000,43,알라딘179,판매중,4,대전 서구 용문동,https://www.daangn.com/kr/buy-sell/%EC%9E%90%EC%A0%84%EA%B1%B0-2025%EC%BD%98%EC%8A%A4%ED%83%84%ED%8B%B4-%EC%96%B4%EB%B2%A0%EC%9D%B8-%ED%94%BD%EC%8B%9C-%EB%B8%94%EB%9E%99-ohsc8pjty6km/
08/02/2025,콘스탄틴어베인삽니다(2020이상),콘스탄틴 어베인,0,0,98,420000,36.5,정지환,판매중,1,인천 연수구 연수동,https://www.daangn.com/kr/buy-sell/%EC%BD%98%EC%8A%A4%ED%83%84%ED%8B%B4-%EC%96%B4%EB%B2%A0%EC%9D%B8-%EC%82%BD%EB%8B%88%EB%8B%A4-2020-%EC%9D%B4%EC%83%81-h17hop8s2ufj/
01/09/2025,콘스탄틴어베인급처해봅니다,"콘스탄틴 자전거 판매합니다
현재구성은 알루60림 휠셋(튜브 미포)
듣보 크랭크셋(페달포함,장착안되있음)
싯포스트 벨닷입니다.
",3,0,174,430000,35.6,대구토박이,판매완료,1,대구 동구 효목동,https://www.daangn.com/kr/buy-sell/%EC%BD%98%EC%8A%A4%ED%83%84%ED%8B%B4-%EC%96%B4%EB%B2%A0%EC%9D%B8-%EA%B8%89%EC%B2%98%ED%95%B4%EB%B4%85%EB%8B%88%EB%8B%A4-28tti4qm66yn/
14/01/2025,콘스탄틴어베인픽시자전거2021년식,"쿨거래시 언노운 라이저바,셀레이탈리아 안장 챙겨드립니다.
구성 
콘스탄틴 어베인 51사이즈 160~173
보이저드롭바
보이저 스텝
벨로시닷 크랭크
벨로시닷 휠셋
페달 시마노 클릿페달
하자:도까 기스 녹 
당근에 돌아다니는 상태 이상한 픽시 타지마시고 이런거 사세요 

추가로 구성 업그레이드 가능합니다
아르마 일체형 드롭바 +34만원
스기노젠50t +23만원
로터베가스트 + 36만원",13,10,1106,440000,38.9,당근둥근,판매완료,2,경기 안산시 단원구 신길동,https://www.daangn.com/kr/buy-sell/%EC%BD%98%EC%8A%A4%ED%83%84%ED%8B%B4-%EC%96%B4%EB%B2%A0%EC%9D%B8-%ED%94%BD%EC%8B%9C%EC%9E%90%EC%A0%84%EA%B1%B0-2021%EB%85%84%EC%8B%9D-hbsnrpgdvhtm/
16/10/2025,판매\대차콘스탄틴픽시자전거어베인블랙2024년식,"대차 많이 찔러주세요😏😏😏
콘스탄틴 픽시 자전거 판매합니다
블랙 색상으로 디자인이 멋있습니다
가벼워서 주행감이 좋습니다
핸들-벨로빌드 사쿠라 테이프 찐
크랭크-솔라
싯포 안장-카본 안장
휠-2022벨닷
다 환영입니다 추금 ㄱㄴ
네고X",24,4,355,450000,37.6,안녕,판매완료,1,대전 서구 정림동,https://www.daangn.com/kr/buy-sell/%ED%8C%90%EB%A7%A4-%EB%8C%80%EC%B0%A8-%EC%BD%98%EC%8A%A4%ED%83%84%ED%8B%B4-%ED%94%BD%EC%8B%9C-%EC%9E%90%EC%A0%84%EA%B1%B0-%EC%96%B4%EB%B2%A0%EC%9D%B8-%EB%B8%94%EB%9E%99-2024%EB%85%84%EC%8B%9D-4s2dcbx3omxa/
24/08/2025,콘스탄틴어베인픽시자전거(2025),"2025년 1월 매장에서 새로 구입한
콘스탄틴 어베인 2025
맷그레이입니다.
생활기스 있습니다.
사진 참고해주세요.

• 앞/뒤 딥림 휠셋 (뒷휠 유니언잭 데칼 커스텀)
• 벨로시닷 안장 & 스템
• 플라워 패턴 바테잎 
• 앞바퀴 브레이크

로드자전거로 바꾸게 되어 판매합니다.
거주지에서 직거래 희망합니다.
자전거 거치대 드립니다.

🚫 교환은 정중히 사양합니다.",1,1,112,450000,42.2,솔솔맘,판매완료,10,경기 화성시 병점구 반월동,https://www.daangn.com/kr/buy-sell/%EC%BD%98%EC%8A%A4%ED%83%84%ED%8B%B4-%EC%96%B4%EB%B2%A0%EC%9D%B8-%ED%94%BD%EC%8B%9C-%EC%9E%90%EC%A0%84%EA%B1%B0-2025-4uw1ak1jsur4/
15/12/2025,콘스탄틴어베인버나드픽시자전거맷블랙54(특a),"벨로샵에서 구매한 콘스탄틴 어베인 드래그 버나드 픽시 자전거입니다
색상은 맷블랙, 사이즈는 54입니다.(22년식)
앞브레이크 장착되어 있어요~

까칠한 아들 등,하교용으로 구매이후 아들도 적응이 안되던지 차량으로 등,하교해준지 벌써 고3이되니 이제는 팔아달라하네요...
실사용은 거짓말 아니고 "" 5회 미만 "" 이다보니 브레이크 패드도 새거 그대로 입니다.ㅎ실내에서 보관입니다.
물건은 ""특A급"" 자부합니다.와서보시면 알꺼예요~
당연히 까짐,눌림,기스 없다고 보시면 되요~^^

직거래만 가능하구요...찔러보기 사양합니다.
좋은분께 분양되었으면 좋겠네요~^^",6,4,304,450000,40,노래방팔단,판매완료,10,대구 북구 구암동,https://www.daangn.com/kr/buy-sell/%EC%BD%98%EC%8A%A4%ED%83%84%ED%8B%B4-%EC%96%B4%EB%B2%A0%EC%9D%B8-%EB%B2%84%EB%82%98%EB%93%9C-%ED%94%BD%EC%8B%9C-%EC%9E%90%EC%A0%84%EA%B1%B0-%EB%A7%B7%EB%B8%94%EB%9E%9954-%ED%8A%B9a-aueq33v9u8iq/
04/10/2025,콘스탄틴어베인픽시자전거대/판,"콘스탄틴 어베인 픽시 자전거입니다 벨로빌드 36 무하자 트랙바 껴있고요 신품 깐지 1주일도 안됨요 블랙 색상이고요, 사진에서 보시는 것처럼 상태는 양호합니다 생활기스에 도까 하나 가려놔서 티 안남 가볍고 디자인이 예뻐서 타는 재미가 있어요 개 잘나가요 짭퍼카즈 둘러놈 콘탄 스트랩이랑 ddk 안장까지 탈탈 다 드립니다 돈 급해서요",6,2,210,450000,36.4,네고해주세요,판매완료,3,경기 용인시 수지구 성복동,https://www.daangn.com/kr/buy-sell/%EC%BD%98%EC%8A%A4%ED%83%84%ED%8B%B4-%EC%96%B4%EB%B2%A0%EC%9D%B8-%ED%94%BD%EC%8B%9C-%EC%9E%90%EC%A0%84%EA%B1%B0-%EB%8C%80-%ED%8C%90-zmckyyaepdmo/
04/10/2024,2022콘스탄틴어베인22픽시,"잘 안타서 팝니다  큰하자 없습니다 기스랑 도까정도 있습니다 있습니다 미세꿀렁임 있습니다
지금은 라이저바로 되어있습니다 사이즈54
하자는 사진
대차x
환불x",25,22,1754,450000,37.1,착해여,판매완료,7,경기 수원시 팔달구 화서동,https://www.daangn.com/kr/buy-sell/2022%EC%BD%98%EC%8A%A4%ED%83%84%ED%8B%B4-%EC%96%B4%EB%B2%A0%EC%9D%B822-%ED%94%BD%EC%8B%9C-fnhs8twbcbgu/
11/04/2026,콘스탄틴어베인픽시자전거,"도가 거의 없고 콘스탄틴 패턴블루 2023
벨로시닷 삼발리 프폰트 클린쳐 휠 입니다.
자세한 건 연락 주세요
가격 제안도 받습니다.
ㅂㄷㅂ,ㅇㄷㅇ 환영 추금도 있음",7,18,562,450000,36.5,안녕하세,판매중,2,경기 수원시 장안구 정자1동,https://www.daangn.com/kr/buy-sell/%EC%BD%98%EC%8A%A4%ED%83%84%ED%8B%B4-%EC%96%B4%EB%B2%A0%EC%9D%B8-%ED%94%BD%EC%8B%9C-%EC%9E%90%EC%A0%84%EA%B1%B0-fnrvhma371du/
22/05/2025,콘스탄틴어베인픽시자전거,"콘스탄틴 어베인 픽시 자전거입니다
2022 패턴화이트 제품이고 사이즈 51? 이었던거 같습니다.
상태 좋아요~
대차 안받아요",17,28,1451,450000,36.9,재훈,판매완료,1,경기 수원시 장안구 정자1동,https://www.daangn.com/kr/buy-sell/%EC%BD%98%EC%8A%A4%ED%83%84%ED%8B%B4-%EC%96%B4%EB%B2%A0%EC%9D%B8-%ED%94%BD%EC%8B%9C-%EC%9E%90%EC%A0%84%EA%B1%B0-w1p2tuh5bqcn/
04/02/2025,"콘스탄틴2024어베인스페셜에디션판매,대차","판매는 45에 하구요 대차는 많이 찔러주세요
관련 검색어

3t,써벨로,룩,리파인드,라피에르,카베자메리다,리더,언노운,콘스탄틴,벨로모빌,리컴번트,비앙키,짚,앙카,도스노벤타 스컬트라,리엑토,리엑토 멕라렌 람보르기니,페라리,오토바이,각기
ZIPP,이즈미,스기노,라케타,시마노,신형,피나렐로,신품,트랙,트렉,첼로,인터프로,펠트,리들리,bmc,kmc,아르곤18,위아위스,엔진11,88림,디스크휠, 로드,픽시,mtb,풀샥,bmx,트릭픽시,벨로모빌,리컴번트,트라이얼,그래블,경륜,소라,티아그라,프롤로고,울테그라,후지,스페셜라이즈드,에스웍스,어드벤스,투워니,클라리스,페포,카본,마빅,아르마,오발이,피직,50,30,60,90림,스턴트스쿠터,투스포크,림블랙켓,스포크,허브,볼트싯포스트,헬멧,룩l96 l96 r96 t20,바이큰,치카노,지오스,도마스
휴스턴,서울,la,도쿄,에딘버러,삼천리,에이모션,에이모션트리가,데브그루,로가스,로가스 다운타운
t4 t3 t1 t5 S3 크릿디,스프린터,불렛,볼텍스 어베인 버나드 콘스탄틴 쇼크 디스페랄 윈드시어,트위터 lv3 lv2 lv2 싱귤러리티2 져지 쫄쫄이 무스너클 맥케이지 몽클레어psx ps1 구형  360,에틱,타누스,코나,트랙,스캇,엘파마,Smith,검월타이어,픽시,알카본,알류미늄,티타늄,나노,나놋입자,구찌,샤넬,언노운펄스 어드벤스1 어드벤스2,에이지 엔트라,에이지 수프라, 인터프로 미사일,인터프로 독주,아비아브,미니벨로,위더피플,선데이,모토벨로,자이언트,자이언트레인,어반,제피로,바쏘,바소팩터,FACTOR,파스포츠,캐논데일,슈퍼피스타,콜나고,크로몰리,코리마,에콜로직스,도란,노바텍,치넬리,라이트웨이트,자작,디스크커버,인터프로 아미고,쓰론,나가사와,쓰나미,켄도,스테이트,크레이지,체이서,디티,첼로산렌쇼,코렉스,헤드젯,벨로라인,띠꼬르디,치넬리 레이저,앙카 브릿지스톤,룩795,룩695,룩464룩,364,룩264,룩164,xrs,테슈너,오베아,케니언,가민,속도계.데다,엔진11",20,14,639,450000,44.1,가붕이,판매완료,2,경기 수원시 장안구 정자1동,https://www.daangn.com/kr/buy-sell/%EC%BD%98%EC%8A%A4%ED%83%84%ED%8B%B4-2024-%EC%96%B4%EB%B2%A0%EC%9D%B8-%EC%8A%A4%ED%8E%98%EC%85%9C-%EC%97%90%EB%94%94%EC%85%98-%ED%8C%90%EB%A7%A4-%EB%8C%80%EC%B0%A8-st75wkrdyj2n/
27/11/2024,픽시콘스탄틴어베인급처하자많음대차/판매,급처 때립니다 먹음 도까 기스있음 하자많습니다 크랙은 없어요 기장역에서 거래해요 쿨거시 네고 가능 하자는 챗주세요 추금20보유 크릿디 선호 m사이즈 위로 받아요 거래 후 뒷말 차단,8,4,377,450000,40.3,E11gmt,판매완료,1,부산 기장군 기장읍,https://www.daangn.com/kr/buy-sell/%ED%94%BD%EC%8B%9C-%EC%BD%98%EC%8A%A4%ED%83%84%ED%8B%B4-%EC%96%B4%EB%B2%A0%EC%9D%B8-%EA%B8%89%EC%B2%98-%ED%95%98%EC%9E%90%EB%A7%8E%EC%9D%8C-%EB%8C%80%EC%B0%A8-%ED%8C%90%EB%A7%A4-y4mfmvxh6hx8/
11/09/2024,콘스탄틴어베인2024스페셜팔아요,베릭스티커쪽에 도까하나있고 가격 많이떨궜어요. 질려서 팝니다.,5,2,368,450000,38.4,간디,판매완료,6,전북 완주군 봉동읍,https://www.daangn.com/kr/buy-sell/%EC%BD%98%EC%8A%A4%ED%83%84%ED%8B%B4-%EC%96%B4%EB%B2%A0%EC%9D%B8-2024%EC%8A%A4%ED%8E%98%EC%85%9C-%ED%8C%94%EC%95%84%EC%9A%94-bpgpavs7pjcd/
23/03/2025,콘스탄틴어베인21년식멧블랙판매만요,"구성
프레임 - 콘스탄틴 어베인 21년식 멧블랙

핸들 - 벨로시닷 라이저바

스템 - 우노 130mm17도

외에는 다 순정 입니다

하자는 기재한거 외에 체인 녹슬어서 끼익끼익 소리나는데 타는데 지장 절때 없어요

대차 절때 안봐요🙅‍♀️

직거만 합니다

환불x

검색어:3t,써벨로,룩,리파인드,라피에르,카베자메리다,리더,언노운,콘스탄틴,벨로모빌,리컴번트,비앙키,짚,앙카,도스노벤타 스컬트라,리엑토,리엑토 멕라렌 람보르기니,페라리,오토바이,각기
ZIPP,이즈미,스기노,라케타,시마노,신형,피나렐로
,신품,트랙,트렉,첼로,인터프로,펠트,리들리,bmc,kmc,아르곤18,위아위스,엔진11,88림,디스크휠, 로드,픽시,mtb,풀샥,bmx,트릭픽시,벨로모빌,리컴번트,트라이얼,그래블,경륜,소라,티아그라,프롤로고,울테그라,후지,스페셜라이즈드,에스웍스,어드벤스,투워니,클라리스,페포,카본,마빅,아르마,오발이,피직,50,30,60,90림,스턴트스쿠터,투스포크,림블랙켓,스포크,허브,볼트싯포스트,헬멧,룩l",2,2,250,450000,47.5,블랙,판매완료,10,경기 용인시 기흥구 보정동,https://www.daangn.com/kr/buy-sell/%EC%BD%98%EC%8A%A4%ED%83%84%ED%8B%B4-%EC%96%B4%EB%B2%A0%EC%9D%B8-21%EB%85%84%EC%8B%9D-%EB%A9%A7%EB%B8%94%EB%9E%99-%ED%8C%90%EB%A7%A4%EB%A7%8C%EC%9A%94-zikfqgerfjay/
20/11/2025,콘스탄틴어베인2025,"콘스탄틴 어베인 2025년식 m사이즈 팔아요
하자:포크 도까,안장까짐,리어 꿀렁임,휠 데칼자국,휠 까짐
브레이크는 뒷브레이크만 있어요",0,0,91,450000,44,언제나친절한주인장,판매완료,2,대구 달서구 도원동,https://www.daangn.com/kr/buy-sell/%EC%BD%98%EC%8A%A4%ED%83%84%ED%8B%B4-%EC%96%B4%EB%B2%A0%EC%9D%B8-2025-n61qjq9539qb/
10/02/2025,콘스탄틴어베인2023오늘만40,"50->45
작은 도까나 자잘자잘한 기스들은 지금 가려놔서 티도 안나요 꿀렁임 조금 노먹노크 s사이즈
네고 ㄱㄴ 각개X
구성은 위아위스 라이저바 제외 올 순정
사진에는 안나오지만 안장 로고까짐
프론트휠 허브에 데칼있어요
직거 도원도서관 선호
거파방지로 예약금10 받아요
거파하시면 못돌려드려요",7,1,551,450000,44,언제나친절한주인장,판매완료,9,대구 달서구 도원동,https://www.daangn.com/kr/buy-sell/%EC%BD%98%EC%8A%A4%ED%83%84%ED%8B%B4-%EC%96%B4%EB%B2%A0%EC%9D%B8-2023-%EC%98%A4%EB%8A%98%EB%A7%8C-40-ir5ax9de7nq8/
08/05/2026,2025콘스탄틴어베인멧블랫(540),"자전거 판매합니다.
사용 횟수 많지 않아 상태 양호합니다.
전반적으로 깔끔하게 관리된 편이에요.
관심 있으시면 편하게 연락 주세요.

원하시면 직접 갖다 드릴께요
네고 x",5,3,213,450000,36.6,큐녕이,판매중,5,서울시 노원구 중계본동,https://www.daangn.com/kr/buy-sell/2025%EC%BD%98%EC%8A%A4%ED%83%84%ED%8B%B4-%EC%96%B4%EB%B2%A0%EC%9D%B8-%EB%A9%A7%EB%B8%94%EB%9E%AB-540-tryinbtpnpxk/
01/01/2025,콘스탄틴어베인패턴화이트2022판매/대차,"콘스탄틴 어베인 페턴화이트
잔기스, 하자는 사진이 전부
먹,크 일절 없고 언노운 라이저바
추금 17정도 있으니 많이 찔러주세요
대차 픽시 로드 엠티비 다 봐요
순정 드롭바도 드려요
이유있는 네고 가능합니다
이번주 안에 사면45. 월요일에 올려요",5,6,611,450000,46.4,윤개미,판매완료,9,서울시 강동구 둔촌제2동,https://www.daangn.com/kr/buy-sell/%EC%BD%98%EC%8A%A4%ED%83%84%ED%8B%B4-%EC%96%B4%EB%B2%A0%EC%9D%B8-%ED%8C%A8%ED%84%B4%ED%99%94%EC%9D%B4%ED%8A%B8-2022-%ED%8C%90%EB%A7%A4-%EB%8C%80%EC%B0%A8-dxipeawb8n9u/
24/02/2026,콘스탄틴어베인스페셜2023픽시판매/대차,"상태 좋습니다 하자사진은 연락주시면 보내드립니다
타는데 지장있는 하자같은건 없습니다

스템 우노 7도120mm
체인 교체함
나머지 순정

환불 뒷말 차단합니다
대차도 가능합니다
연락주세요",14,10,635,450000,38.9,몰라,판매완료,7,전북 익산시 동산동,https://www.daangn.com/kr/buy-sell/%EC%BD%98%EC%8A%A4%ED%83%84%ED%8B%B4-%EC%96%B4%EB%B2%A0%EC%9D%B8-%EC%8A%A4%ED%8E%98%EC%85%9C-2023-%ED%94%BD%EC%8B%9C-%ED%8C%90%EB%A7%A4-%EB%8C%80%EC%B0%A8-t7s4qyphtvem/
16/11/2025,콘스탄틴어베인2023년식싸게팔아요,M싸이즈고 휠들 좋은거로 알고있어요 ㆍ그냥 싸게팔아요  ㆍ뒷브레이크는 원하시면 달아 드립니다 ,2,10,373,470000,99,승귤당당fktbh,판매중,9,경기 오산시 은계동,https://www.daangn.com/kr/buy-sell/%EC%BD%98%EC%8A%A4%ED%83%84%ED%8B%B4-%EC%96%B4%EB%B2%A0%EC%9D%B8-2023%EB%85%84%EC%8B%9D-%EC%8B%B8%EA%B2%8C%ED%8C%94%EC%95%84%EC%9A%94-pudg79ytcmtz/
22/06/2025,콘스탄틴어베인스페셜픽시반차(판/대),"어베인이라서 잘나가구요 2024년 100대 한정출시라서 구하기 힘들어요

구성 짚몰드 빼고 다 순정

하자는 사진이끝 페달은 평페달로 나가요
스피커 휠셋제외

주인장이 모르는 하자가 있을수 있으니 잘 확인하시고 거래 하세요 뒷말x 거파금5",2,0,295,470000,38.8,주붕이,판매완료,8,부산 사상구 엄궁동,https://www.daangn.com/kr/buy-sell/%EC%BD%98%EC%8A%A4%ED%83%84%ED%8B%B4-%EC%96%B4%EB%B2%A0%EC%9D%B8-%EC%8A%A4%ED%8E%98%EC%85%9C-%ED%94%BD%EC%8B%9C-%EB%B0%98%EC%B0%A8-%ED%8C%90-%EB%8C%80-m975xjmz529q/
18/02/2026,콘스탄틴어베인픽시자전거블랙,"콘스탄틴 어베인 픽시 자전거 판매합니다
VELODROME 휠셋 장착되어 있습니다
상태는 사진과 같습니다
- 가벼운 무게로 뛰어난 기동성을 자랑합니다
- 세련된 디자인으로 시선을 사로잡습니다",1,5,189,480000,37,DT,판매중,3,충남 보령시 청라면,https://www.daangn.com/kr/buy-sell/%EC%BD%98%EC%8A%A4%ED%83%84%ED%8B%B4-%EC%96%B4%EB%B2%A0%EC%9D%B8-%ED%94%BD%EC%8B%9C-%EC%9E%90%EC%A0%84%EA%B1%B0-%EB%B8%94%EB%9E%99-py8hp2rxdvs1/
05/09/2025,콘스탄틴어베인픽시자전거,"바테잎:수퍼카즈 
사이즈:m 
탑캡:엔진 
스템:언노운 
안장:엔진 
핸들바:위아위스(원가 20만원) 
크랭크:벨로시닷 
앞뒷휠:벨로시닷 
잔기스 조금
도장까짐1~2개 
물어볼게 있으면 많이 물어봐주세요 대차는 트렉mtb 원합니다. 가격 더이상 안내립니다.",9,5,389,490000,37.8,skiddy,판매완료,6,경기 부천시 원미구 약대동,https://www.daangn.com/kr/buy-sell/%EC%BD%98%EC%8A%A4%ED%83%84%ED%8B%B4-%EC%96%B4%EB%B2%A0%EC%9D%B8-%ED%94%BD%EC%8B%9C-%EC%9E%90%EC%A0%84%EA%B1%B0-twsc2qr5kwi8/
18/06/2025,"픽시자전거콘스탄틴어베인""마지막가격내림""좋은구성","콘스탄틴 어베인 판매 합니다 (대차 O)
탑뷰트에 도까는 전기테이프로 가려놨습니다
프론트휠 csc이고 약간 파임 있습니다
리어훨은 조이텍입니다
스템은 우노130mm입니다
크랭크는 벨로시닷입니다
패달은 시마노r540 입니다
탑캡은 트위터입니다
드롭바는 카본 드롭바 입니다
바테잎은 언노운 바테잎 입니다
풀카본 포크 입니다
노 브레이크 입니다

안그래도 가벼운 콘스탄틴에 카본 부품이 많이 들어가 있어서 가볍고 너무 잘나갑니다 성능으로는 크릿디 순정도 이깁니다 도까는 좀 있어서 외간보단 성능으로 가성비있게 타고싶은 분 에게 추천드립니다 네고 조금 가능합니다
하자 보내달라하시면 보내드립니다.
""마지막 가격 내림"" 60-55-52-51-50
더이상 사시는분 없으시면 워낙 좋은 구성이라
안팔고 제가 타겠습니다
갈만한 거리는 직접 가드립니다.",6,2,348,500000,54.2,리트리버,판매완료,4,경기 고양시 일산동구 장항2동,https://www.daangn.com/kr/buy-sell/%ED%94%BD%EC%8B%9C%EC%9E%90%EC%A0%84%EA%B1%B0-%EC%BD%98%EC%8A%A4%ED%83%84%ED%8B%B4-%EC%96%B4%EB%B2%A0%EC%9D%B8-%EB%A7%88%EC%A7%80%EB%A7%89-%EA%B0%80%EA%B2%A9-%EB%82%B4%EB%A6%BC-%EC%A2%8B%EC%9D%80-%EA%B5%AC%EC%84%B1-7qw1npir67fk/
20/03/2025,24년식콘스탄틴어베인카멜레온픽시,"도장까짐은 없고 약간의 기스정도 있습니다 크렉도 없습니다 
상태 정말 좋습니다 
실제로 보시면 새거라고 해도 무방해요
신품까고 10번도 안탄거 같네요 
신품 그대로 모두 순정이고 
문라이트 네뮬라는 서비스로 드립니다~
사진 필요하시면 구석구석 찍어서 보내드리고 하자는 아예 없습니다
원하시는 가격에 최대한 맞춰드립니다
쿨거래시 네고가능합니다
대차는 안받아요!
돈이 급해서 빠르게 처분해요",11,3,684,500000,41,이잉,판매완료,3,제주 제주시 이도2동,https://www.daangn.com/kr/buy-sell/24%EB%85%84%EC%8B%9D-%EC%BD%98%EC%8A%A4%ED%83%84%ED%8B%B4-%EC%96%B4%EB%B2%A0%EC%9D%B8-%EC%B9%B4%EB%A9%9C%EB%A0%88%EC%98%A8-%ED%94%BD%EC%8B%9C-m6ijnhe69hf3/
24/01/2026,콘스탄틴어베인픽시자전거블랙/화이트,"콘스탄틴 어베인 픽시 자전거 판매합니다
블랙/화이트 조합으로 깔끔하고 세련된 디자인이에요
경량 알루미늄 프레임으로 제작되어 가볍고, 에어로 디자인으로 공기 저항을 최소화하여 뛰어난 주행 성능을 자랑합니다
사용감이 적고 전체적으로 깨끗한 상태를 유지하고 있습니다
픽시 입문용으로도 아주 좋은 모델입니다
",4,5,294,500000,42.9,더위를즐기자,판매완료,1,전남 무안군 삼향읍,https://www.daangn.com/kr/buy-sell/%EC%BD%98%EC%8A%A4%ED%83%84%ED%8B%B4-%EC%96%B4%EB%B2%A0%EC%9D%B8-%ED%94%BD%EC%8B%9C-%EC%9E%90%EC%A0%84%EA%B1%B0-%EB%B8%94%EB%9E%99-%ED%99%94%EC%9D%B4%ED%8A%B8-tt8f5vyehs5h/
24/07/2024,콘스탄틴버나드2020년식팝니다,"콘스탄틴 버나드 2020 순정 팝니다.
구성
시마노 pd-5800 클릿페달-11만원 상당
수파카즈 바테잎-4만원 상당
앞 브레이크, 뒷 브레이크, 구매 당시 받았던 사은품+검월타이어+튜브 3개 드립니다.
평페달 원하시면 드립니다
하자는 잔기스랑 안장 터짐, 핸들에 tt바 설치했던 자국 있는데 사용하시는데에는 아무 문제 없습니다.
타이어 사용감 있습니다.
무게는 8.1kg정도 나옵니다.

편하게 문의 주세요.


검색:rts, 3t, 써벨로, 룩, 리파인드, 라피에르, 카베자메리다, 리더, 언노운, 콘스탄틴, 벨로모빌, 리컴번트, 비앙 키, 짚, 앙카, 도스노벤타 스컬트라, 리엑토, 리엑토 멕라 렌 람보르기니, 페라리, 오토바이, 각기 ZIPP, 이즈미, 스기노, 라케타, 시마노, 신형, 피나로, 신품, 트랙, 트레, 첼로, 인 터프로, 펠트, 리들리, bmc, kmc, 아르 곤18, 위 아위스 엔진 1188림, 디스크휠, 로드, 픽시, m tb, 풀 약, bmx, 트릭픽시, 벨로모빌, 리컴번트, 트라이얼, 그래, 경륜,소라, 티아그라, 프롤로고, 울테그라, 후지, 스페셜 라이즈드, 에스웍스, 어드벤스, 투워니, 클라리스, 페포, 카본, 마빅, 아르마, 오발이, 피직, 50,30,60,90림, 스턴 트스 터, 투스 포크, 블랙켓,스포크, 허브, 볼트포 스트, 헬멧, 196 19 6r96 t20 396 296 464 364 퍼가지 마세요 바이큰, 치카노, 지오스, 도마스, 스캇, 본트 레거 휴스턴, 서울, a, 도쿄, 에딘버러, 삼천리, 에이모션, 에 이모 트리 가, 데브 그루, 로가스,로가스 다운타운 t4 t3 t1 45 S3 크릿디, 스프린터, 불렛, 볼텍스 어베인 버 나드 콘 스탄틴 쇼크 디스페랄 윈드시어, 트위터 IV3 2| v2 싱 귤러리티2 져지 쫄쫄이 무스너클 맥케이지 몽클레어 pS X pS1 구형 퍼가지마세요 360, 에틱, 타누스, 코나 랙, 스캇, 엘파마, Smith, 검월타이어, 벨로시닷",28,11,3270,500000,39.5,MJ,판매완료,7,전남 무안군 삼향읍,https://www.daangn.com/kr/buy-sell/%EC%BD%98%EC%8A%A4%ED%83%84%ED%8B%B4-%EB%B2%84%EB%82%98%EB%93%9C-2020%EB%85%84%EC%8B%9D-%ED%8C%9D%EB%8B%88%EB%8B%A4-gst6vapxyoh9/
11/11/2024,콘스탄틴어베인개급처,"콘스탄틴 어베인 2024입니다
언노운 물병 2개, time 카본안장, 디스크휠 빼곤 다 순정입니다
디스크휠은 샾에서 30만원 주고 만들었고요
코리마 데칼입니다
사이즈는 m이고 하자는 도까, 기스 있어요
돈이 매우급해서 75->50까지 내렸습니다 거저가져가십쇼",8,6,804,500000,37.6,dkssudgkyldu,판매완료,1,경기 용인시 수지구 성복동,https://www.daangn.com/kr/buy-sell/%EC%BD%98%EC%8A%A4%ED%83%84%ED%8B%B4-%EC%96%B4%EB%B2%A0%EC%9D%B8-%EA%B0%9C%EA%B8%89%EC%B2%98-s25hug81vtqr/
25/02/2025,콘스탄틴어베인2022패턴블루판/대,손해대차도 맘에들면 합니다..!,8,6,288,500000,36.5,사랑,판매완료,5,경기 수원시 팔달구 화서동,https://www.daangn.com/kr/buy-sell/%EC%BD%98%EC%8A%A4%ED%83%84%ED%8B%B4-%EC%96%B4%EB%B2%A0%EC%9D%B8-2022%ED%8C%A8%ED%84%B4%EB%B8%94%EB%A3%A8%ED%8C%90-%EB%8C%80-8z3aomygawo8/
11/08/2025,콘스탄틴픽시자전거,"콘스탄틴 어베인 2024

프레임은 블랙 앤 화이트 샥상입니다
하자는 도까 4~5개정도 몇개 없구요
구성
갓앤페이머스 라이저바
짚 폴리쉬블랙 짭
나머지 벨로시닷 그룹셋
리어 빅토리아 자피로

얼룩만 조금씩 닦고 타면 좋을꺼 같습니다!
빨리 사가세요!!",3,2,197,500000,38,쌍용고등학교전기도둑,판매완료,6,경기 수원시 권선구 세류1동,https://www.daangn.com/kr/buy-sell/%EC%BD%98%EC%8A%A4%ED%83%84%ED%8B%B4-%ED%94%BD%EC%8B%9C-%EC%9E%90%EC%A0%84%EA%B1%B0-xo6h4x1p2v9j/
03/08/2024,콘스탄틴2023어베인,안팔아요 대차만 도까 기스 있음 수파카즈 바테잎 크릿디 환영,11,2,534,500000,39.1,안녕하세요,판매완료,2,인천 계양구 계산1동,https://www.daangn.com/kr/buy-sell/%EC%BD%98%EC%8A%A4%ED%83%84%ED%8B%B42023%EC%96%B4%EB%B2%A0%EC%9D%B8-zzsucire3i6t/
14/12/2025,콘스탄틴어베인,"콘스탄틴 어베인 판매/대차

구성
짚 서비스코스 비욘드블략 100미리 스템
알리 카본 드롭바
싯포커팅되있음
나머지순정

하자 도까기스 조금있습니다
상태좋아요

뒷말환불x",4,1,226,500000,39.8,aaa,판매완료,1,부산 기장군 기장읍,https://www.daangn.com/kr/buy-sell/%EC%BD%98%EC%8A%A4%ED%83%84%ED%8B%B4-%EC%96%B4%EB%B2%A0%EC%9D%B8-8opth62wqs89/
01/07/2025,콘스탄틴어베인2024카멜레온,"콘스탄틴 2024년식 어베인입니다
색감 진짜 예뻐요 실물이 훨씬 예쁩니다
하자는 거의 없습니다 자세한건 채팅으로 알려드릴게요
구성은 
스케이스 크랭크 셋
벨로시닷 에어로 스템
첼로 드롭바  수퍼카즈 감겨있어요
안장은 메리다 입니다 전체적으로 상태 좋고 엄청 예뻐요
네고 조금가능합니다 챗 많이 주세요 

















검색어:3t,써벨로,룩,리파인드,라피에르,카베자메리다,리더,언노운,콘스탄틴,벨로모빌,리컴번트,비앙키,짚,앙카,도스노벤타 스컬트라,리엑토,리엑토 멕라렌 람보르기니,페라리,오토바이,각기
ZIPP,이즈미,스기노,라케타,시마노,신형,피나렐로,신품,트랙,트렉,첼로,인터프로,펠트,리들리,bmc,kmc,아르곤18,위아위스,엔진11,88림,디스크휠, 로드,픽시,mtb,풀샥,bmx,트릭픽시,벨로모빌,리컴번트,트라이얼,그래블,경륜,소라,티아그라,프롤로고,울테그라,후지,스페셜라이즈드,에스웍스,어드벤스,투워니,클라리스,페포,카본,마빅,아르마,오발이,피직,50,30,60,90림,스턴트스쿠터,투스포크,림블랙켓,스포크,허브,볼트싯포스트,헬멧,룩l96 l96 r96 t20 396 296 464 364 바이큰,치카노,지오스,도마스
휴스턴,서울,la,도쿄,에딘버러,삼천리,에이모션,에이모션트리가,데브그루,로가스,로가스 다운타운
t4 t3 t1 t5 S3 크릿디,스프린터,불렛,볼텍스 어베인 버나드 콘스탄틴 쇼크 디스페랄 윈드시어,트위터 lv3 lv2 lv2 싱귤러리티2 져지 쫄쫄이 무스너클 맥케이지 몽클레어psx ps1 구형  360,에틱,타누스,코나,트랙,스캇,엘파마,Smith,검월타이어,픽시,알카본,알류미늄,티타늄,나노,나놋입자,구찌,샤넬,언노운펄스 어드벤스1 어드벤스2,에이지 엔트라,에이지 수프라, 인터프로 미사일,인터프로 독주,아비아브,미니벨로,위더피플,선데이,모토벨로,자이언트,자이언트레인,어반,제피로,바쏘,바소팩터,FACTOR,파스포츠,캐논데일,슈퍼피스타,콜나고,크로몰리,코리마,에콜로직스,도란,노바텍,치넬리,비고렐리,메쉬스틸,메쉬워크,ac1 ac2,펠트tk1,펠트tk3,철인3종,tt바,베이스바,드롭바,트랙바,시쓸릭,불혼바,리치휠,캄파놀로,크로드,도디치,도그마,df4 df3 프리큐사 슈퍼노바,아반티
BT 스텔스,BT 울트라,라이트웨이트,자작,디스크커버,인터프로 아미고,쓰론,나가사와,쓰나미,켄도,스테이트,크레이지,체이서,디티,첼로산렌쇼,코렉스,헤드젯,벨로라인,띠꼬르디,치넬리 레이저,앙카 브릿지스톤,룩795,룩695,룩464룩,364,룩264,룩164,xrs,테슈너,오베아,케니언,가민,속도계.데다,엔진11 헌터브로스,갓앤페이머스,오션블루,캔디플루,3d로터,베가스트,디럭스,뉴에바요크,브레이커,건메탈,ird,코비,국뽕,메탈그레이,벨로시닷,키리커,백스,푸시아,도스노벤타 쿠알라룸푸르,디트로이트,짚404,짚808,보이져,위아위스txt,txtsd,와스지,플래닛x,룩564,트리곤,트랜지션,프롤로고,bmc tr01,bmc tr02,파간gt,로타지오네
리더,언노운,콘스탄틴,벨로모빌,리컴번트,비앙키,짚,엔진,앙카,도스노벤타 스컬트라,리엑토,리엑토 멕라렌 람보르기니,페라리,오토바이,각기
ZIPP,이즈미,스기노,라케타,시마노,신형,피나렐로,신품,트랙,트렉,첼로,인터프로,펠트,리들리,bmc,kmc,아르
3t,써벨로,룩,리파인드,라피에르,카베자메리다,리더,언노운,콘스탄틴,벨로모빌,리컴번트,비앙키,짚,앙카,도스노벤타 스컬트라,리엑토,리엑토 멕라렌 람보르기니,페라리,오토바이,각기
ZIPP,이즈미,스기노,라케타,시마노,신형,피나렐로,신품,트랙,트렉,첼로,인터프로,펠트,리들리,bmc,kmc,아르곤18,위아위스,엔진11,88림,디스크휠, 로드,픽시,mtb,풀샥,bmx,트릭픽시,벨로모빌,리컴번트,트라이얼,그래블,경륜,소라,티아그라,프롤로고,울테그라,후지,스페셜라이즈드,에스웍스,어드벤스,투워니,클라리스,페포,카본,마빅,아르마,오발이,피직,50,30,60,90림,스턴트스쿠터,투스포크,림블랙켓,스포크,허브,볼트싯포스트,헬멧,룩l96 l9 엘립스",12,15,1560,500000,37.7,안녕하세요,판매중,1,충남 아산시 온양3동,https://www.daangn.com/kr/buy-sell/%EC%BD%98%EC%8A%A4%ED%83%84%ED%8B%B4-%EC%96%B4%EB%B2%A0%EC%9D%B8-2024-%EC%B9%B4%EB%A9%9C%EB%A0%88%EC%98%A8-cgnfznyptkty/
24/11/2024,콘스탄틴어베인2024년식,"콘스탄틴 어베인 2024년식(54) 프레임셋 팔아요
신품깐지 3달 됫고올순정입니다 
무하자,깨끗합니다
대차 크릿디받아요
직거래 가까우면 교통비 받고 갑니다
택거 택배비 부담하셔야해요
거파 5",7,1,355,500000,37.1,안녕하세요,판매완료,1,대구 달성군 유가읍,https://www.daangn.com/kr/buy-sell/%EC%BD%98%EC%8A%A4%ED%83%84%ED%8B%B4-%EC%96%B4%EB%B2%A0%EC%9D%B8-2024%EB%85%84%EC%8B%9D-kdhr7fzsa7iz/
16/06/2025,콘스탄틴어베인픽시자전거,"24 콘스탄틴 어베인 51사이즈 
픽시 자전거 판매합니다
쿨거시 네고 해드립니다

- 벨로시닷 휠셋
- 미쉐린 타이어 장착
- 49T기어
- 고성능체인 이즈미 브이 슈퍼 터프니스 체인 장착
  (체인 소가 96,000원)

(원하시면 이즈미체인 연장여분, 
순정체인도 드립니다)

생활 기스 약간 있습니다~
(기스,까짐으로 하자라고 보지마세요
본 물건은 중고품이지 새상품이 아닙니다.)

앞바퀴는 벨로시닷 순정 아닙니다
대차, 반차 거절합니다 판매만 합니다
*거래는 미성년자 거래 사절합니다 
미성년자 구매원할시 부모님통해서 거래 가능합니다",13,16,752,500000,45.8,미니지니,판매완료,10,대구 남구 봉덕2동,https://www.daangn.com/kr/buy-sell/%EC%BD%98%EC%8A%A4%ED%83%84%ED%8B%B4-%EC%96%B4%EB%B2%A0%EC%9D%B8-%ED%94%BD%EC%8B%9C-%EC%9E%90%EC%A0%84%EA%B1%B0-ehc12pcj3nme/
19/07/2025,콘스탄틴어베인2024카멜레온,"구매한지는 반년정도 됬고, 
2~3달 정도 타고 학원 갈 때만 가끔 타서 하자는 거의 도까 정도밖에 없습니다.
전킥타다 사고내서 엄마 협박으로 싸게 판매합니다.
많이 찔러주세요",7,4,280,530000,37.3,순대국밥,판매완료,3,경기 화성시 병점구 반월동,https://www.daangn.com/kr/buy-sell/%EC%BD%98%EC%8A%A4%ED%83%84%ED%8B%B4-%EC%96%B4%EB%B2%A0%EC%9D%B8-2024-%EC%B9%B4%EB%A9%9C%EB%A0%88%EC%98%A8-5sgthvbz4ttw/
19/06/2025,콘스탄틴어베인픽시자전거,"콘스탄틴 어베인 픽시 자전거입니다
안장은 언노운이고 싸게 정비까지해서 상태는 괜찮고,  최대는 600,000만원에서 싸게는 530,000만원까지 받습니다
대차는 쓰나미만 합니다",15,3,743,530000,38,꽃님이,판매완료,1,대전 중구 문화동,https://www.daangn.com/kr/buy-sell/%EC%BD%98%EC%8A%A4%ED%83%84%ED%8B%B4-%EC%96%B4%EB%B2%A0%EC%9D%B8-%ED%94%BD%EC%8B%9C-%EC%9E%90%EC%A0%84%EA%B1%B0-bcmppcuttecz/
18/07/2025,콘스탄틴어베인카멜레온,"신품 사서 아이가 몇번 안타서 내놔요

사이즈 L 이고

프레임 먹은곳 없고

군데 군데 기스 몇개정도 있고

핸들바테이프는 타시다가  새걸로 갈아야해요

구매내역 확인가능하며 

예민하신분이면 새거 구매추천합니다

쿨거시 알아서 약간은 가격빼드리나

대차 선제시 안받습니다",10,9,1090,530000,66,JY7sniper,판매중,10,대구 남구 대명9동,https://www.daangn.com/kr/buy-sell/%EC%BD%98%EC%8A%A4%ED%83%84%ED%8B%B4-%EC%96%B4%EB%B2%A0%EC%9D%B8-%EC%B9%B4%EB%A9%9C%EB%A0%88%EC%98%A8-ij52vy2xc7hv/
22/02/2026,콘스탄틴어베인2024맷화이트zipp카본드롭바픽시(급처),"-급처-
콘스탄틴 어베인 픽시 자전거입니다
이쁘게 나온 2024년식 모델입니다
흰색 프레임에 생활 스크래치가 있습니다
순정구성인데 핸들바는 브레이크를 
한쪽 달면서 새거로 장착했고 
SL70카본에어로 핸들바(25만원)는
따로 보관해서 같이 드리겠습니다
최근에 앞타이어도 교체했고
VELOCIDAD 안장 장착되어 있습니다
실내에서 보관해서 사용했어요
사진 보시고 편하게 연락주세요
",2,1,140,540000,41.1,오서방,판매완료,8,제주 제주시 도두이동,https://www.daangn.com/kr/buy-sell/%EC%BD%98%EC%8A%A4%ED%83%84%ED%8B%B4-%EC%96%B4%EB%B2%A0%EC%9D%B8-2024-%EB%A7%B7%ED%99%94%EC%9D%B4%ED%8A%B8-zipp%EC%B9%B4%EB%B3%B8-%EB%93%9C%EB%A1%AD%EB%B0%94-%ED%94%BD%EC%8B%9C-%EA%B8%89%EC%B2%98-49siawmdvrsn/
18/05/2026,콘스탄틴어베인판매대차추물보유,"안녕하세요 콘스탄틴 스페셜어베인 판매 대차봅니다.
3개월정도 방치후 더이상 탈것같지않아 판매합니다.

 스페셜인 만큼, 디자인적으로 뛰어나고 주행중 만족감이 큰 차대입니다.
안장도 희귀하고 프레임이랑 어울리는 디자인덕분에, 깔끔하고 세련된 디자인이 돋보입니다.

주기적으로 정비와 청소하였습니다.
타이어 최근에 전부 교체했습니다.

 차대구성으로는
콘스탄틴 스페셜어베인 2024 프레임셋
벨로시닷 휠셋
벨로시닷 에어로 스템
라이더스웨이 핸들바
벨로시닷 브레이크
치넬리 스카토 새들 안장 
벨로시닷 크랭크
입니다.

크랙,크랙수리,먹음 등 주행을 못할정도로 크게 지장가는 하자 일절없습니다.

 추물 진바이크 코리마 데칼 오발이와 엔비 싯포스트, 초경량 카본 안장 있습니다.
대차거래로는 제가 추물주고 거래 원합니다.

키155~175까지 편하게 주행가능할뜻합니다.

편하게 연락주세요~",1,1,43,540000,36.5,바구니,판매중,1,울산 울주군 삼남읍,https://www.daangn.com/kr/buy-sell/%EC%BD%98%EC%8A%A4%ED%83%84%ED%8B%B4-%EC%96%B4%EB%B2%A0%EC%9D%B8-%ED%8C%90%EB%A7%A4-%EB%8C%80%EC%B0%A8-%EC%B6%94%EB%AC%BC%EB%B3%B4%EC%9C%A0-thkwcz8gf3uk/
13/07/2024,콘스탄틴어베인23년식2022스페셜컬러,"23년식 2022스페셜 컬러입니다

도까조금있고 그립테이프 안장 조금까졌습니다

크랙수리 일절없습니다 사이즈는 51입니다

판매만 합니다",4,4,237,550000,45.8,하도남,판매완료,4,인천 서구 공촌동,https://www.daangn.com/kr/buy-sell/%EC%BD%98%EC%8A%A4%ED%83%84%ED%8B%B4-%EC%96%B4%EB%B2%A0%EC%9D%B8-23%EB%85%84%EC%8B%9D-2022%EC%8A%A4%ED%8E%98%EC%85%9C%EC%BB%AC%EB%9F%AC-28azx8up18p6/
27/02/2026,콘스탄틴어베인블랙,"""2025 콘스탄틴 어베인 맷 블랙"" 51사이즈입니다
 2025년4월초 에 구매해서 지금까지 잘 안 타서 팝니다
올 순정이구요 가벼워서 잘 나갑니다 애지중지 하면서 관리도 꾸준히  했고 사고 잘 타지도 않았습니다  앞,뒤 브레이크 장착 되어있습니다 생활 스크래치 좀 있습니다 
자전거 세워둘때 자주 닿는 부위들은 ppf필름 붙여놨습니다 
(직거래만 가능합니다!) ",4,13,399,550000,37.4,메롱이,판매중,8,경기 화성시 병점구 반월동,https://www.daangn.com/kr/buy-sell/%EC%BD%98%EC%8A%A4%ED%83%84%ED%8B%B4-%EC%96%B4%EB%B2%A0%EC%9D%B8-%EB%B8%94%EB%9E%99-rr5z5n3y3xbr/
04/02/2025,콘스탄틴어베인2023패턴실버판매,"타는데 문제없고요 판매만 합니다.
사이즈M
",2,7,370,550000,37.2,당근당근,판매완료,7,부산 기장군 기장읍,https://www.daangn.com/kr/buy-sell/%EC%BD%98%EC%8A%A4%ED%83%84%ED%8B%B4-%EC%96%B4%EB%B2%A0%EC%9D%B8-2023-%ED%8C%A8%ED%84%B4-%EC%8B%A4%EB%B2%84-%ED%8C%90%EB%A7%A4-h92hzbuxhcim/
14/09/2024,🔥콘스탄틴어베인판매🔥,"콘스탄틴 어베인 2022 실버패턴입니다
 노먹노크이고 도까랑 기스 꽤 있습니다(지워집니다)
분명히 도까랑 기스 꽤 있다했습니다 나중에와서 미기재 환불 X
바이퍼 핸들 / 휠셋입니다
막힌사람아니니까 많이 찔러주세요
대차 x",20,7,513,550000,38.4,당근마켓사용자,판매완료,5,부산 기장군 기장읍,https://www.daangn.com/kr/buy-sell/%EC%BD%98%EC%8A%A4%ED%83%84%ED%8B%B4-%EC%96%B4%EB%B2%A0%EC%9D%B8-%ED%8C%90%EB%A7%A4-c9b6q6geo4dz/
26/01/2025,콘스탄틴어베인팝니다,"소량네고 됩니다
2023년에 구매한 23년식입니다
2월달 까지 판매해요
사진에 있는 문라이트랑 전조등 드려요
하자는 포크에 작은도까 하나빼곤 딱히 없어요
대차는 가격 맞춰와주세요
궁금한건 얼마든지 채팅으로 연락주세요",3,2,550,550000,38.6,아침에주스,판매완료,3,부산 해운대구 반여제4동,https://www.daangn.com/kr/buy-sell/%EC%BD%98%EC%8A%A4%ED%83%84%ED%8B%B4-%EC%96%B4%EB%B2%A0%EC%9D%B8-%ED%8C%9D%EB%8B%88%EB%8B%A4-91mgz33uqtwg/
22/05/2025,콘스탄틴어베인,"사이즈 : 51
바테잎 : 슈퍼스티키쿠쉬
안장 : 시마노 프로 스텔스 스테인리스 레일 안장
          205g 142mm
나머지 올 순정
대차 X
직거래만 합니다",13,12,860,550000,38.6,lillillilil,판매완료,1,서울시 도봉구 창동,https://www.daangn.com/kr/buy-sell/%EC%BD%98%EC%8A%A4%ED%83%84%ED%8B%B4-%EC%96%B4%EB%B2%A0%EC%9D%B8-qznvgnpxx3nn/
31/05/2026,콘스탄틴어베인카멜레온2024판매,"콘탄어베인24년식이고요 구성은 우노스템이고
 핸들바는 번치바(38사이즈)고 안장은 카본안장이고 나머지는 순정입니다 앞뒤 브레이크 다달려있고 잘나갑니다 하자는 도까조금있고 기스도 조금있습니다 하자 자세한건 연락주세요",0,0,49,550000,36.5,윗집캥거루원,판매중,4,강원 영월군 영월읍,https://www.daangn.com/kr/buy-sell/%EC%BD%98%EC%8A%A4%ED%83%84%ED%8B%B4-%EC%96%B4%EB%B2%A0%EC%9D%B8-%EC%B9%B4%EB%A9%9C%EB%A0%88%EC%98%A82024-%ED%8C%90%EB%A7%A4-4ow34vnbjdb8/
13/09/2024,콘스탄틴어베인패턴화이트2023급처대차/판매,"판매:60
대차:픽시/로드 O
하자는 기스 도까 사진 보내드립니다
  
구성:   휠셋:벨로시닷 안장:산마르코 뒷 휠 식슬릭 어제 갈았음.  

네고0
찔러보기0









3t, 써벨로, , 리파인드, 라피에르, 카베자, 메리다, 리더 , 언노운,콘스탄틴, 벨로모빌, 리컴번트, 비앙키, 짚, 앙카, 도스노벤타 ,스컬트라, 리엑토, 리엑토 , 멕라렌 , 람보르 기니, 페라리, 오토바이, 각기, ZIPP,이즈미,스기노, 라케 타, 시마노, 신형,피나로, 신품, 트랙,트레,첼로, 인터프 로, 펠트, 리들리, bmc,kmc, 아르곤 18, 위아위스, 엔진1 1,88림, 디스크휠, 로드, 픽시, mtb,풀샥, bmx, 트리픽 시, 벨로모빌, 리컴번트,트라이얼, 그래블, 경륜,소라, 티 아그라,프롤로고, 울테그라, 후지, 스페셜라이즈드, 에스 웍스, 어드벤스,투워니, 클라리스,페포, 카본, 마빅 , 아르 마, 오발이,피직,50,30,60,90림,스턴트스쿠터, 투 스포 크, 림블랙켓,스포크,허브, 볼트싯포스트, 헬멧, 룩R96, L96, t20, 396, 296,464 364 바이큰, 치카노, 지오 스,도마스,
트리가, 네브그루,로가스,로가스 다운타운 T4,t3,t1,t5 S3, 크릿디, 스프린터, 불렛, 볼텍스 ,어베인 , 버나드, 큰 스탄틴 , 쇼크, 디스페랄 ,윈드시어,트위터, IV3,IV2, IV2 싱귤러리티2, 져지, 쫄쫄이, 무스너클, 맥케이지, 몽클레 어pSX,pS1, 구형, 360,에틱, 타누스,코나, 트랙, 스캇, 엘파 마,Smith, 검타이어, 픽시, 알카본,알류미늄,티타 나노, 나노입자. 구찌, 샤넬, 언노운필스 어드벤 드벤스2,에이지 엔트라, 에이지 수프라, 인터프로 미사일, 인터프로 독주, 아비아브, 미니벨로, 위 더피플, 선데이, 모토벨로, 자이언트, 자이언트레인, 어반,크릿디,콘스탄틴,엔진11.픽시",6,13,903,550000,38.6,바나나먹으면나한테바나나,판매완료,4,부산 사상구 엄궁동,https://www.daangn.com/kr/buy-sell/%EC%BD%98%EC%8A%A4%ED%83%84%ED%8B%B4-%EC%96%B4%EB%B2%A0%EC%9D%B8-%ED%8C%A8%ED%84%B4%ED%99%94%EC%9D%B4%ED%8A%B8-2023-%EA%B8%89%EC%B2%98-%EB%8C%80%EC%B0%A8-%ED%8C%90%EB%A7%A4-3ohkuarsgdfe/
21/10/2025,콘스탄틴어베인카멜레온,"2024년식 새상품 위바이크 매장에서 구매후 

아이가 운동을 해서 시간이 없어 몇번 안탔습니다. 

몇곳 사용기스 조금 있고 프레임 먹은곳은 없습니다. 

☆예민하신 분은 피해 주세요. ☆

바테잎은 타시다가 갈아 주세요. 

(*브레이크 있습니다. 달아 드립니다.*)

쿨거래시 알아서 빼드립니다. 

☆대차 안받습니다. ☆
",1,5,403,553000,49.4,당민,판매중,8,대구 남구 대명9동,https://www.daangn.com/kr/buy-sell/%EC%BD%98%EC%8A%A4%ED%83%84%ED%8B%B4-%EC%96%B4%EB%B2%A0%EC%9D%B8-%EC%B9%B4%EB%A9%9C%EB%A0%88%EC%98%A8-bx9e9ccr5i7g/
17/02/2026,콘스탄틴번개어베인,"콘스탄틴 어베인 번개에디션 판매합니다
구성
휠셋: csc60 슈발베 검월 
크랭크: 라이더스웨이
스템: 우노 120/17
체인:이즈미
핸들 없어요 
빠르게 판매합니다",16,5,574,560000,43.3,누구시죠,판매중,1,광주 서구 풍암동,https://www.daangn.com/kr/buy-sell/%EC%BD%98%EC%8A%A4%ED%83%84%ED%8B%B4-%EB%B2%88%EA%B0%9C%EC%96%B4%EB%B2%A0%EC%9D%B8-kxyd12hffm65/
31/01/2025,콘스탄틴어베인패턴2024판/대,"모델명 콘스탄틴 어베인 패턴 픽시자전거 입니다!
체인,바테잎 모두 바꿨습니다!
1개월 타고 다른자전거도 관심 있어서 팝니다!
대차도 가능해요!
전속력 스티커도 부착✅
거파금 2만원✅
환불도 안됩니다✅
가격33만원 내렸습니다!
막힌사람 아니니 연락 주세요.",10,4,405,570000,36.5,누구보다빠르게남들과는다,판매완료,2,경기 용인시 기흥구 보정동,https://www.daangn.com/kr/buy-sell/%EC%BD%98%EC%8A%A4%ED%83%84%ED%8B%B4-%EC%96%B4%EB%B2%A0%EC%9D%B8-%ED%8C%A8%ED%84%B42024-%ED%8C%90-%EB%8C%80-1mpkkxz4guq5/
20/02/2025,2025콘스탄틴어베인급처합니다,"25년식 어베인 멧블랙   궁금하신거있으시면 연락주세요
 하자는 사진에 있고 안장까진살짝(네고 ㄱㄴ) (대차도 받습니다(추금10보유)
뒷말시 차단 제가 확인하지못한하자 있을수도있으니 직거때 확인하세요
예약금 3
거파금3
이동비 받고 이동함 현금만받습니다 계좌한도땜에",43,22,1937,580000,40.9,입석대장,판매완료,7,대구 동구 효목동,https://www.daangn.com/kr/buy-sell/2025-%EC%BD%98%EC%8A%A4%ED%83%84%ED%8B%B4-%EC%96%B4%EB%B2%A0%EC%9D%B8-%EA%B8%89%EC%B2%98%ED%95%A9%EB%8B%88%EB%8B%A4-j641v42vjw7s/
01/05/2026,콘스탄틴어베인픽시블랙,"🚴‍♂️ 콘스탄틴 픽시 자전거 판매합니다

✔️ 모델: 콘스탄틴 픽시 (블랙) ,사이즈 : 54
✔️ 구매 시기: 2025년 10월  
✔️ 주행 횟수: 10회 미만 (거의 새제품급)

📌 상태  
- 낙차 없음  
- 실내 보관 위주  
- 전체적으로 매우 깔끔한 상태입니다

📌 구성  
- 기본 완차 그대로 (사진 참고)  
- 앞,뒤 브레이크 

📌 거래 방식  
- 직거래 선호 (위치: 다정동 가온마을 9단지)  
- 상태 보시고 결정하셔도 됩니다

💬 한마디  
구매 후 거의 타지 못해서 판매합니다. 상태 자신 있습니다!  
픽시 입문용이나 깔끔한 자전거 찾으시는 분께 추천드려요 🙂",7,9,513,590000,36.5,썬19,판매중,8,세종시 다정동,https://www.daangn.com/kr/buy-sell/%EC%BD%98%EC%8A%A4%ED%83%84%ED%8B%B4-%EC%96%B4%EB%B2%A0%EC%9D%B8-%ED%94%BD%EC%8B%9C-%EB%B8%94%EB%9E%99-2abwg5g9ej23/
09/05/2025,콘스탄틴어베인(판/대),"콘스탄틴 어베인 픽시 자전거입니다
22년식이고 어베인이라 그런지
잘나갑니다 2대주고 비싸게 데려왔는데
사이즈 미스로 인해 싸게 팝니다

철삼 이고 후미등은 그냥 드릴게요

판매위주로 하고 대차는 개이득만 할게요",2,3,280,600000,39.4,쓱싹김치,판매완료,1,대전 유성구 도룡동,https://www.daangn.com/kr/buy-sell/%EC%BD%98%EC%8A%A4%ED%83%84%ED%8B%B4-%EC%96%B4%EB%B2%A0%EC%9D%B8-%ED%8C%90-%EB%8C%80-2uk91uf6sonh/
13/01/2025,폴리싱픽시자전거팝니다.엔진11콘스탄틴,"콘스탄틴 카베자 폴리싱이고요
csc60
카본 에어로
보이뎌
카본싯포
벨닷 안장
언노운 크랭크
평패달
체인이즈미
이정도 구성이에요

csc60 요즘시세 50넘던데 이정도면 꿀매인것같네요. 이번주안에 사시면 네고 












검색어:3t,써벨로,룩,리파인드,라피에르,카베자메리다,리더,언노운,콘스탄틴,벨로모빌,리컴번트,비앙키,짚,앙카,도스노벤타 스컬트라,리엑토,리엑토 멕라렌 람보르기니,페라리,오토바이,각기
ZIPP,이즈미,스기노,라케타,시마노,신형,피나렐로
,신품,트랙,트렉,첼로,인터프로,펠트,리들리,bmc,kmc,아르곤18,위아위스,엔진11,88림,디스크휠, 로드,픽시,mtb,풀샥,bmx,트릭픽시,벨로모빌,리컴번트,트라이얼,그래블,경륜,소라,티아그라,프롤로고,울테그라,후지,스페셜라이즈드,에스웍스,어드벤스,투워니,클라리스,페포,카본,마빅,아르마,오발이,피직,50,30,60,90림,스턴트스쿠터,투스포크,림블랙켓,스포크,허브,볼트싯포스트,헬멧,룩l96 l96 r96 t20 396 296 464 364 바이큰,치카노,지오스,도마스
휴스턴,서울,la,도쿄,에딘버러,삼천리,에이모션,에이모션트리가,데브그루,로가스,로가스 다운타운
t4 t3 t1 t5 S3 크릿디,스프린터,불렛,볼텍스 어베인 버나드 콘스탄틴 쇼크 디스페랄 윈드시어,트위터 lv3 lv2 lv2 싱귤러리티2 져지 쫄쫄이 무스너클 맥케이지 몽클레어psx ps1 구형  360,에틱,타누스,코나,트랙,스캇,엘파마,Smith,검월타이어,픽시,알카본,알류미늄,티타늄,나노,나놋입자,구찌,샤넬,언노운펄스 어드벤스1 어드벤스2,에이지 엔트라,에이지 수프라, 인터프로 미사일,인터프로 독주,아비아브,미니벨로,위더피플,선데이,모토벨로,자이언트,자이언트레인,어반,제피로,바쏘,바소팩터,FACTOR,파스포츠,캐논데일,슈퍼피스타,콜나고,크로몰리,코리마,에콜로직스,도란,노바텍,치넬리,비고렐리,메쉬스틸,메쉬워크,ac1 ac2,펠트tk1,펠트tk3,철인3종,tt바,베이스바,드롭바,트랙바,시쓸릭,불혼바,리치휠,캄파놀로,크로드,도디치,도그마,df4 df3 프리큐사 슈퍼노바,아반티
BT 스텔스,BT 울트라,라이트웨이트,자작,디스크커버,인터프로 아미고,쓰론,나가사와,쓰나미,켄도,스테이트,크레이지,체이서,디티,첼로산렌쇼,코렉스,헤드젯,벨로라인,띠꼬르디,치넬리 레이저,앙카 브릿지스톤,룩795,룩695,룩464룩,364,룩264,룩164,xrs,테슈너,오베아,케니언,가민,속도계.데다,엔진11 헌터브로스,갓앤페이머스,오션블루,캔디플루,3d로터,베가스트,디럭스,뉴에바요크,브레이커,건메탈,ird,코비,국뽕,메탈그레이,벨로시닷,키리커,백스,푸시아,도스노벤타 쿠알라룸푸르,디트로이트,짚404,짚808,보이져,위아위스txt,txtsd,와스지,플래닛x,룩564,트리곤,트랜지션,프롤로고,bmc tr01,bmc tr02,파간gt,로타지오네",3,1,527,600000,37.3,기모띠,판매완료,2,강원 춘천시 신동면,https://www.daangn.com/kr/buy-sell/%ED%8F%B4%EB%A6%AC%EC%8B%B1-%ED%94%BD%EC%8B%9C%EC%9E%90%EC%A0%84%EA%B1%B0%ED%8C%9D%EB%8B%88%EB%8B%A4-%EC%97%94%EC%A7%8411-%EC%BD%98%EC%8A%A4%ED%83%84%ED%8B%B4-o36xqn1y8t8p/
09/01/2025,콘스탄틴어베인2020,"구성
짚 서비스코스 드롭바 노바텍휠셋 스페셜라이즈드 안장 하자
프레임에 도까 1개

판매만 합니다",10,10,1026,600000,50.8,초계반,판매완료,3,경기 안양시 만안구 안양2동,https://www.daangn.com/kr/buy-sell/%EC%BD%98%EC%8A%A4%ED%83%84%ED%8B%B4-%EC%96%B4%EB%B2%A0%EC%9D%B8-2020-q7kvmykiva3b/
09/04/2025,콘스탄틴어베인24년식멧블랙픽시,"구성
언노운 숍바 제외
올순정
대차 봅니다 추물로 언노운 샤크 있어요
사이즈 황금 사이즈 m
하자 기제한거 외에 기스 조금있고 리어 스포크 하나 빠졌는데 사용하는데 지장없고 잘나갑니다 만원정도면 고치칠수있어요",3,1,363,600000,37.4,우우,판매완료,3,경기 수원시 팔달구 화서동,https://www.daangn.com/kr/buy-sell/%EC%BD%98%EC%8A%A4%ED%83%84%ED%8B%B4-%EC%96%B4%EB%B2%A0%EC%9D%B8-24%EB%85%84%EC%8B%9D-%EB%A9%A7%EB%B8%94%EB%9E%99-%ED%94%BD%EC%8B%9C-83f47x1fk4xf/
09/09/2024,2024년콘스탄틴어베인(대차/판매)급처,"휠셋 미케피스타드
이외에는 나머지 순정 이고요
비비 깨져서 소음있습니다
2대주여서 상태 좋습니다
대차가:70
판매가65-60 급처
대차 다 받으니까 찔러주세요",11,3,747,600000,37.6,수박,판매완료,1,경기 수원시 권선구 세류1동,https://www.daangn.com/kr/buy-sell/2024%EB%85%84-%EC%BD%98%EC%8A%A4%ED%83%84%ED%8B%B4-%EC%96%B4%EB%B2%A0%EC%9D%B8-%EB%8C%80%EC%B0%A8-%ED%8C%90%EB%A7%A4-%EA%B8%89%EC%B2%98-gkxz52mtt9h4/
01/06/2026,콘스탄틴어베인22년식,"콘스탄틴 어베인 22녀식 번개에디션입니다.
M사이즈
휠셋—csc88림 무하자급
나머지는 다 벨닷 순정
하자는 저거 말고는 없는것 같습니다
4번 사진은 바테잎 상태입니다
완차만 판매합니다
대차는 안받습니다
네고 가능합니다
결제는 현금만 받습니다
거래장소는 같이 상의해서 정합니다",0,2,199,600000,36.7,한화팬,판매중,6,대전 중구 문화동,https://www.daangn.com/kr/buy-sell/%EC%BD%98%EC%8A%A4%ED%83%84%ED%8B%B4-%EC%96%B4%EB%B2%A0%EC%9D%B8-22%EB%85%84%EC%8B%9D-htt6yc8u51gy/
21/07/2025,콘스탄틴어베인23,"올순정 52사이즈 노먹노크
급처 대차X",0,0,26,600000,39.8,aaa,판매완료,1,부산 기장군 기장읍,https://www.daangn.com/kr/buy-sell/%EC%BD%98%EC%8A%A4%ED%83%84%ED%8B%B4-%EC%96%B4%EB%B2%A0%EC%9D%B8-23-11xu9e6em7jv/
04/05/2025,콘스탄틴어베인2024카멜레온픽시(자접)(판매만),"신품급 상태입니다 2대주 입니다
판매위주로합니다 대차는 7월 부터 가능할것같습니다
상태는 사진에는 도까정도만 나와있습니다  기스 2곳 정도 있습니다 크릿디랑 ㅇㄷㅂ선호 제가 완입니다
사이즈m
 
노먹노크

구성 
프레임:콘스탄틴 어베인2024 
휠셋: 리어 언노운 골드,프론트 카베자(라이더스웨이 휠셋으로 바뀔수있음)(리어휠 식슬릭 신품깠고 튜브도 교체함)
크랭크:스케이스 (신품😎)
페달:철 페달(신품😎)
싯포:벨로시닷 어베인 전용
안장:라이더스웨이 2025  안장
스페이서: 카본스페이서(신품😎)
스템:우노 유광 130mm(신품😎)
핸들: 보이저66 
체인:시마노 체인(신품😎)
탑캡:다이아몬드 오일슬릭 탑캡(신품😎)

크릿디 위주로 대차받고 추금도 점점늘어납니다 
언노운은 제가 안좋은경험이 있어서 힘들것같아요😅
65 까지 네고 가능하고 판매위주입니다

택거아니면 직거입니다 택거는 선입금 뒷말X
직거는 교통비받고 이동합니다
아니면 직접오셔야합니다 

거파 대비해 예약금 2받습니다",6,1,441,600000,37.9,진혁맘,판매완료,3,강원 강릉시 중앙동,https://www.daangn.com/kr/buy-sell/%EC%BD%98%EC%8A%A4%ED%83%84%ED%8B%B4-%EC%96%B4%EB%B2%A0%EC%9D%B8-2024-%EC%B9%B4%EB%A9%9C%EB%A0%88%EC%98%A8-%ED%94%BD%EC%8B%9C-%EC%9E%90%EC%A0%91-%ED%8C%90%EB%A7%A4%EB%A7%8C-93obiqtekn51/
11/11/2024,콘스탄틴어베인픽시딥레드중상급구성판매/대차,"콘스탄틴 어베인 픽시 딥레드 판매/대차합니다
꽉 막힌 사람 아니니 많이 찔러주세요
하자는 뒷삼각쪽 에 자잘한 도까 있고
핸들바에 긁힌 흔적있어요
포크에 기스있고 나머지 자잘한 도까 1,2개
진짜 예쁘고 실물 깡패입니다
판매가:65만원
대차가:70만원
구성
휠셋:벨로시닷 짚 데칼
크랭크:벨로시닷 크랭크셋
스템:짚 서비스 코스 110mm
핸들바:Deda(데다) 엘리멘티 드롭바
바테잎:수퍼카즈 레드
탑캡:언노운
싯포:벨로시닷
안장:피직
예약금,거파금:3만원",20,9,1453,600000,40.3,낄콜쨜뿔뛜,판매완료,2,세종시 다정동,https://www.daangn.com/kr/buy-sell/%EC%BD%98%EC%8A%A4%ED%83%84%ED%8B%B4-%EC%96%B4%EB%B2%A0%EC%9D%B8-%ED%94%BD%EC%8B%9C-%EB%94%A5%EB%A0%88%EB%93%9C-%EC%A4%91%EC%83%81%EA%B8%89%EA%B5%AC%EC%84%B1-%ED%8C%90%EB%A7%A4-%EB%8C%80%EC%B0%A8-7pna26it34ij/
24/06/2025,콘스탄틴어베인픽시51,"2024년에 구입한 2023 콘스탄틴 어베인픽시입니다
51사이즈입니다.
상태는 사진과 같습니다.
상태 좋습니다.
대차 안됩니다.
문자주세요.",1,1,440,600000,36.5,우이,판매중,9,서울시 도봉구 창동,https://www.daangn.com/kr/buy-sell/%EC%BD%98%EC%8A%A4%ED%83%84%ED%8B%B4-%EC%96%B4%EB%B2%A0%EC%9D%B8%ED%94%BD%EC%8B%9C-51-7aycvew3mqu5/
04/05/2026,콘스탄틴어베인18년식,"전체적으로 상태는 괜찮은데 탑튜에 기스 조금있는데 딱히 상관없다고 생각해요.
얼마전에 타이어 교체 했습니다

구성
hed 삼발이
크랭크셋 벨로시닷
드롭바 벨로시닷
스템 벨로시닷
다르거 다 순정

직거래만
안산역으로 오시면 됩니다. 대차X
",1,1,123,600000,38,포테이토,판매중,8,경기 안산시 단원구 신길동,https://www.daangn.com/kr/buy-sell/%EC%BD%98%EC%8A%A4%ED%83%84%ED%8B%B4-%EC%96%B4%EB%B2%A0%EC%9D%B8-18%EB%85%84%EC%8B%9D-zv69q7ksg1de/
30/06/2025,콘스탄틴어베인2025블랙픽시자전거,"콘스탄틴 어베인 픽시 자전거 판매합니다
블랙 색상이고요, 생활 스크래치 약간 있습니다
사진으로 상태 확인해주세요~
2025년식 이고 먹음,찍힘,없습니다.
사이즈는 49사이즈 입니다
생활스크래치 정도만 있으며,안전하게 무리하지 않고 탔으며,번치클럼프 달려 있습니다,자전거만 판매하며,소형 가방은 판매하지 않습니다",3,11,511,620000,45.2,미니마나,판매완료,10,경기 김포시 고촌읍,https://www.daangn.com/kr/buy-sell/%EC%BD%98%EC%8A%A4%ED%83%84%ED%8B%B4-%EC%96%B4%EB%B2%A0%EC%9D%B8-2025-%EB%B8%94%EB%9E%99-%ED%94%BD%EC%8B%9C-%EC%9E%90%EC%A0%84%EA%B1%B0-u96nqj6o3fjx/
12/12/2025,콘스탄틴어베인픽시자전거,"구성

핸들바-언노운rx1 수퍼카즈사쿠라정품
스템-언노운
휠-노바텍 88림 양쪽다
프레임 콘스탄틴 어베인
기스 도까 많음",2,3,106,650000,59.4,공부해라,판매완료,5,제주 제주시 이도2동,https://www.daangn.com/kr/buy-sell/%EC%BD%98%EC%8A%A4%ED%83%84%ED%8B%B4-%EC%96%B4%EB%B2%A0%EC%9D%B8-%ED%94%BD%EC%8B%9C-%EC%9E%90%EC%A0%84%EA%B1%B0-xuz7g59kgb61/
21/03/2025,콘스탄틴어베인자전거팝니다,"네고 됩니다(터무니 없는 네고 x)
하자 1~2개
체인 이즈미 골드
바테입 수퍼카드
편하게 연락 주세요~",14,8,834,650000,38.6,아침에주스,판매완료,2,부산 해운대구 반여제4동,https://www.daangn.com/kr/buy-sell/%EC%BD%98%EC%8A%A4%ED%83%84%ED%8B%B4-%EC%96%B4%EB%B2%A0%EC%9D%B8-%EC%9E%90%EC%A0%84%EA%B1%B0-%ED%8C%9D%EB%8B%88%EB%8B%A4-15tb4d2dofvr/
04/07/2025,콘스탄틴어베인2023,"콘스탄틴 어베인 23년식 픽시입니다
원가 82만원 입니다

도까 포크랑 프레임에 하나씩 있습니다 (크랙X)
산지는 2~3개월 된거고 거의 안탄거라
상태 굉장히 좋습니다

가격제안 받으니 많이 찔러주세요!
판매/대차 다 받습니다 
환불 안됩니다!",5,1,322,650000,45.2,Laju,판매완료,1,전북 정읍시 시기동,https://www.daangn.com/kr/buy-sell/%EC%BD%98%EC%8A%A4%ED%83%84%ED%8B%B4-%EC%96%B4%EB%B2%A0%EC%9D%B8-2023-ej2zfrwce3zo/
15/01/2025,콘스탄틴어베인2024판매합니다,사이즈 50쯤이고 앞브 뒷브 다 달려있습니다 구매하고 많이 안탔고 상태 매우 좋아요 라이트는 빼고합니다,7,0,333,670000,36.9,짱민,판매완료,2,경기 화성시 병점구 반월동,https://www.daangn.com/kr/buy-sell/%EC%BD%98%EC%8A%A4%ED%83%84%ED%8B%B4-%EC%96%B4%EB%B2%A0%EC%9D%B8-2024-%ED%8C%90%EB%A7%A4%ED%95%A9%EB%8B%88%EB%8B%A4-r192p7skv38f/
14/06/2025,콘스탄틴어베인번개에디션,"콘스탄틴 어베인 번개 에디션 m사이즈 
산마르코 안장 
우노 스템 130mm
벨로시닷 드롭바
벨로시닷 실버스포크 휠셋 (울슾 3)
벨로시닷 크랭크

상태 전체적으로 좋습니다

대차/판매",2,2,139,680000,38.2,돼지고기삼형제,판매완료,4,경기 김포시 고촌읍,https://www.daangn.com/kr/buy-sell/%EC%BD%98%EC%8A%A4%ED%83%84%ED%8B%B4-%EC%96%B4%EB%B2%A0%EC%9D%B8-%EB%B2%88%EA%B0%9C%EC%97%90%EB%94%94%EC%85%98-4ip3wvwm9drv/
24/05/2026,콘스탄틴어베인2023크롬카본60림,"콘스탄틴 어베인 2023년 크롬 카본 60림이고요
사이즈는 M인데 안장만 더 높히시면 L까지
탈 수 있습니다 휠은 카본 60림이고요 바는 zipp입니다 하자 사진은 번개톡으로 보내드리겠습니다
이 자전거는 빛이 비추는 곳에서 타면 자전거 로고와
카본 60림에 달린 데칼이 무지개색으로 빛납니다
홀로그램이어서 그런지 빛이 안 비치는 곳에서도
은은하게 예쁩니다 이 자전거 사면 후회는 안 하실겁니다 많은 관심 부탁드립니다",2,1,90,690000,36.5,앙기모띠,판매중,1,경기 김포시 고촌읍,https://www.daangn.com/kr/buy-sell/%EC%BD%98%EC%8A%A4%ED%83%84%ED%8B%B4-%EC%96%B4%EB%B2%A0%EC%9D%B8-2023-%ED%81%AC%EB%A1%AC-%EC%B9%B4%EB%B3%B8-60%EB%A6%BC-du13naypb4s8/
25/05/2026,콘스탄틴어베인카멜레온판/대,"콘스탄틴 어베인 카멜레온 판/대
구성:콘스탄틴 어베인 카멜레온
csc60림,검월타이어,보이져드롭바,그 외 순정
상태는 도까 6개 정도 있어요.그 외 기스 좀 있어요.
판매는 70,대차는 다 찔러보세요.
추물로는 스케이스 실버 크랭크셋,이즈미 실버 체인,시마노 스텔스 프로 구형 안장,벨로시닷 휠셋 리어는 자작디스크휠임.있어요.
",1,1,130,700000,36.6,레드카드,판매완료,6,서울시 도봉구 창제1동,https://www.daangn.com/kr/buy-sell/%EC%BD%98%EC%8A%A4%ED%83%84%ED%8B%B4-%EC%96%B4%EB%B2%A0%EC%9D%B8-%EC%B9%B4%EB%A9%9C%EB%A0%88%EC%98%A8-%ED%8C%90-%EB%8C%80-6esyoeynt2mt/
13/05/2026,콘스탄틴2024카멜레온,"콘스탄틴 2024 어베인 카멜레온
핸들바 벨로빌드
스템 kcnc140mm
휠 프론트 벨로시닷 리어 sl60
체인링 전속력
크랭크 알리
안장 산마르코 짭
싯포 순정
페달 550",7,6,491,750000,36.4,jwj,판매중,2,전남 무안군 삼향읍,https://www.daangn.com/kr/buy-sell/%EC%BD%98%EC%8A%A4%ED%83%84%ED%8B%B4-2024-%EC%B9%B4%EB%A9%9C%EB%A0%88%EC%98%A8-kw17py3ouzw8/
06/10/2024,콘스탄틴어베인2024카멜레온판매/대차,"콘스탄틴 어베인 2024 카멜레온 모델입니다
햇빛에 비췄을때 펄감이 진짜 미쳤어요

구성
프론트__벨로시닷 신형휠
리어__노바텍 카본휠
나머진 순정이에요

신품깐지 2개월 되서 하자는 많이 없지만 굳이 찾으면 크랭크 미세유격, 미세 도까 2개(매니큐어로 덮음)이 끝이에요

사이즈는 황금사이즈 m입니다

편하게 연락주세요!",7,1,514,750000,45.3,바니바니,판매완료,9,부산 해운대구 반여제4동,https://www.daangn.com/kr/buy-sell/%EC%BD%98%EC%8A%A4%ED%83%84%ED%8B%B4-%EC%96%B4%EB%B2%A0%EC%9D%B8-2024-%EC%B9%B4%EB%A9%9C%EB%A0%88%EC%98%A8-%ED%8C%90%EB%A7%A4-%EB%8C%80%EC%B0%A8-gbjqbk3snfna/
12/06/2025,콘스탄틴어베인2024픽시자전거대차/판매,"콘스탄틴 어베인 픽시 자전거 판매합니다
상태는 사진 참고해주세요 하자는 별로 없습니다",4,0,139,750000,36.4,농구하는사람,판매완료,6,울산 동구 전하2동,https://www.daangn.com/kr/buy-sell/%EC%BD%98%EC%8A%A4%ED%83%84%ED%8B%B4-%EC%96%B4%EB%B2%A0%EC%9D%B8-2024-%ED%94%BD%EC%8B%9C-%EC%9E%90%EC%A0%84%EA%B1%B0-%EB%8C%80%EC%B0%A8-%ED%8C%90%EB%A7%A4-d2r3yz4ofrpz/
08/08/2024,콘스탄틴어베인2024최신형이고실물완전이뻐요그리고문의주시면기스사진더보내드려요,가격제안 받고요 대차도 하니까 많이 찔러주세요 ,1,0,226,750000,36.5,우리집강아지,판매완료,2,세종시 다정동,https://www.daangn.com/kr/buy-sell/%EC%BD%98%EC%8A%A4%ED%83%84%ED%8B%B4-%EC%96%B4%EB%B2%A0%EC%9D%B8-2024-%EC%B5%9C%EC%8B%A0%ED%98%95-%EC%9D%B4%EA%B3%A0-%EC%8B%A4%EB%AC%BC-%EC%99%84%EC%A0%84%EC%9D%B4%EB%BB%90%EC%9A%94-%EA%B7%B8%EB%A6%AC%EA%B3%A0-%EB%AC%B8%EC%9D%98%EC%A3%BC%EC%8B%9C%EB%A9%B4-%EA%B8%B0%EC%8A%A4-%EC%82%AC%EC%A7%84-%EB%8D%94-%EB%B3%B4%EB%82%B4%EB%93%9C%EB%A0%A4%EC%9A%94-2q72mbri9eh5/
18/01/2026,콘스탄틴어베인화이트,"콘스탄틴 어베인 자전거입니다
흰색 프레임이고 상태는 사진과 같습니다",1,0,43,750000,40.6,릴리,판매완료,1,경기 안산시 단원구 신길동,https://www.daangn.com/kr/buy-sell/%EC%BD%98%EC%8A%A4%ED%83%84%ED%8B%B4-%EC%96%B4%EB%B2%A0%EC%9D%B8-%ED%99%94%EC%9D%B4%ED%8A%B8-eek11bmtarsb/
19/04/2025,콘스탄틴어베인22년식판/대,"어베인22년식이고요.상태는 도까 기스정도있고 원하시면 사진드려요. 전텝으로 도까 가린데 4군데 정도있는데 티안나요.궁금한거는 쳇주세요.

🔥 구성 🔥 
콘스탄틴 어베인22년식
스기노75 그랜드마이티 
언노운 체인링8만원짜리
클릿페달
우노120미리17도
엔진11탑캡
데다RHM 드롭바
리어 라이더스웨이
프론트 벨로시닷
싯포,싯클 순정
안장 산마르코 몰드


대차는 자토바이나 픽시,로드 선호하긴하는데
딴것도 예쁘면 받아요.말도안되는거 오면 답안하거나 욕박고 차단합니다.일단은 부담없이 와주세요.판매는 생각없어서 비싸게 아니면 안팝니다.















검색어:3t,써벨로,룩,리파인드,라피에르,카베자메리다,리더,언노운,콘스탄틴,벨로모빌,리컴번트,비앙키,짚,앙카,도스노벤타 스컬트라,리엑토,리엑토 멕라렌 람보르기니,페라리,오토바이,각기
ZIPP,이즈미,스기노,라케타,시마노,신형,피나렐로
,신품,트랙,트렉,첼로,인터프로,펠트,리들리,bmc,kmc,아르곤18,위아위스,엔진11,88림,디스크휠, 로드,픽시,mtb,풀샥,bmx,트릭픽시,벨로모빌,리컴번트,트라이얼,그래블,경륜,소라,티아그라,프롤로고,울테그라,후지,스페셜라이즈드,에스웍스,어드벤스,투워니,클라리스,페포,카본,마빅,아르마,오발이,피직,50,30,60,90림,스턴트스쿠터,투스포크,림블랙켓,스포크,허브,볼트싯포스트,헬멧,룩l96 l96 r96 t20 396 296 464 364 바이큰,치카노,지오스,도마스
휴스턴,서울,la,도쿄,에딘버러,삼천리,에이모션,에이모션트리가,데브그루,로가스,로가스 다운타운
t4 t3 t1 t5 S3 크릿디,스프린터,불렛,볼텍스 어베인 버나드 콘스탄틴 쇼크 디스페랄 윈드시어,트위터 lv3 lv2 lv2 싱귤러리티2 져지 쫄쫄이 무스너클 맥케이지 몽클레어psx ps1 구형  360,에틱,타누스,코나,트랙,스캇,엘파마,Smith,검월타이어,픽시,알카본,알류미늄,티타늄,나노,나놋입자,구찌,샤넬,언노운펄스 어드벤스1 어드벤스2,에이지 엔트라,에이지 수프라, 인터프로 미사일,인터프로 독주,아비아브,미니벨로,위더피플,선데이,모토벨로,자이언트,자이언트레인,어반,제피로,바쏘,바소팩터,FACTOR,파스포츠,캐논데일,슈퍼피스타,콜나고,크로몰리,코리마,에콜로직스,도란,노바텍,치넬리,비고렐리,메쉬스틸,메쉬워크,ac1 ac2,펠트tk1,펠트tk3,철인3종,tt바,베이스바,드롭바,트랙바,시쓸릭,불혼바,리치휠,캄파놀로,크로드,도디치,도그마,df4 df3 프리큐사 슈퍼노바,아반티
BT 스텔스,BT 울트라,라이트웨이트,자작,디스크커버,인터프로 아미고,쓰론,나가사와,쓰나미,켄도,스테이트,크레이지,체이서,디티,첼로산렌쇼,코렉스,헤드젯,벨로라인,띠꼬르디,치넬리 레이저,앙카 브릿지스톤,룩795,룩695,룩464룩,364,룩264,룩164,xrs,테슈너,오베아,케니언,가민,속도계.데다,엔진11 헌터브로스,갓앤페이머스,오션블루,캔디플루,3d로터,베가스트,디럭스,뉴에바요크,브레이커,건메탈,ird,코비,국뽕,메탈그레이,벨로시닷,키리커,백스,푸시아,도스노벤타 쿠알라룸푸르,디트로이트,짚404,짚808,보이져,위아위스txt,txtsd,와스지,플래닛x,룩564,트리곤,트랜지션,프롤로고,bmc tr01,bmc tr02,파간gt,로타지오네",1,1,552,800000,37.3,기모띠,판매완료,5,강원 춘천시 신동면,https://www.daangn.com/kr/buy-sell/%EC%BD%98%EC%8A%A4%ED%83%84%ED%8B%B4-%EC%96%B4%EB%B2%A0%EC%9D%B8-22%EB%85%84%EC%8B%9D-%ED%8C%90-%EB%8C%80-1vqht3r5vip5/
27/10/2025,콘스탄틴어베인2023화이트패턴팝니다(판매&대차),"콘스탄틴 어베인2023년식 화이트 패턴

제가 아끼던 자전거여서 하자 일절 없고 잘 나갑니다
핸들바 벨로빌드36사이즈이고 
스템은 알리주먹스템
휠셋은 순정입니다
먼저 오시는분께 네고 해드리겠습니다",7,0,200,800000,36.2,타우러스,판매중,1,인천 계양구 계산1동,https://www.daangn.com/kr/buy-sell/%EC%BD%98%EC%8A%A4%ED%83%84%ED%8B%B4-%EC%96%B4%EB%B2%A0%EC%9D%B82023-%ED%99%94%EC%9D%B4%ED%8A%B8-%ED%8C%A8%ED%84%B4-%ED%8C%9D%EB%8B%88%EB%8B%A4-%ED%8C%90%EB%A7%A4-%EB%8C%80%EC%B0%A8-f34w3gwynksa/
20/04/2025,콘스탄틴피타픽시,"콘스탄틴 피타 픽시 자전거입니다 실물ㅇㅃㅇ
콘스탄틴 피타 판매합니다
사이즈는 m~l 정도인데. 160대도 무난하게 탈 수 있어요.
하자 안장 뒷부분 조금 가진거랑 안장이 뜯겼는데 접착제로 붙이면 될 것 같아요
그 다음에 크랭크가      미세하게   덜 컥거리는데 샵에서 고친거라 괜찮을 것 같아요(타는데 지장❌️)
그 외에 프레임에 진짜 티안나는 찍힘, 3~4개의 도까 있습니다(사진 참고)
하자는 제가 알기론 저게 끝입니다
휠셋 노바텍 핸들 언노운 라이저바빼고 기본 구성입니다



거래 후 환불,뒷말❌️❌️
거파금 3
제가 사는데 오실 거 아니면 
예약금3
판매는 비싸게
글 제대로 확인하세요
유격 잡긴했는데 소리는 나요



룩 써벨로 엘파마 콘스탄틴 엔진 언노운
케논데일 버나드 어베인 로드 픽시 크랭크
csc 몬드리안 싱귤2 크리테리움 자이언트 트랙
스페셜라이즈드 캐드 산마르코 스기노젠 옴니움
번치바 디스크 크랭크 우노 짚 스프린터 인테그라
3t 몰드 클릿페달 시마노 울테그라 105급자토바이 스즈키 로터 노큐 로터 알듀
크랭크셋 픽시 픽시드 기어 고정기어
파스포츠 로터노큐 로터 알듀 아르곤 18
써벨로 t1 t3 t4 3t 에어로노바 프로 드롭바
비젼 디스크 로터 체인링 에르고노바 콘스탄틴, 벨로모빌, 리컴번트, 비앙키, 짚, 앙카, 도스노벤타 ,스컬트라, 리엑토, 리엑토 , 멕라렌 , 람보르 기니, 페라리, 오토바이, 각기, ZIPP,이즈미,스기노, 라케 타, 시마노, 신형,피나로, 신품, 트랙,트레,첼로, 인터프 로, 펠트, 리들리, bmc,kmc, 아르곤 18, 위아위스, 엔진1 1,88림, 디스크휠, 로드, 픽시, mtb,풀샥, bmx, 트리픽 시, 벨로모빌, 리컴번트,트라이얼, 그래블, 경륜,소라, 티 아그라,프롤로고, 울테그라, 후지, 스페셜라이즈드, 에스 웍스, 어드벤스,투워니, 클라리스,페포, 카본, 마빅 , 아르 마, 오발이,피직,50,30,60,90림,스턴트스쿠터, 투 스포 크, 림블랙켓,스포크,허브, 볼트싯포스트, 헬멧, 룩R96, L96, t20, 396, 296,464 364 바이큰, 치카노, 지오 스,도마스,
트리가, 네브그루,로가스,로가스 다운타운 T4 S3, 크릿디, 스프린터, 불렛, 볼텍스 ,어베인 , 버나드, 큰 스탄틴 , 쇼크, 디스페랄 ,윈드시어,트위터, IV3,IV2, IV2 싱귤러리티2, 타누스,코나, 트랙, 스캇, 엘파 마,Smith, 검타이어, 픽시, 알카본,알류미늄, 언노운필스 어드벤 드벤스2,에이지 엔트라, 에이지 수프라, 인터프로 미사일, 인터프로 독주, 아비아브, 미니벨로, 위 더피플, 선데이, 모토벨로,위아위스 써벨로 엔진11 콘스탄틴
자토바이 스즈키 로터 노큐 로터 알듀
크램크셋 픽시 픽시드 기어 고점기어
따스포츠 로터노큐 로허 알듀 아르곤 18
써벨로 t/ +3 +4 3t 에어로노바 프로 드롭바
비젼 디스크 로터 체인림 에르고노바 콘스탄틴, 벨로모빌, 리컴번트, 비암키, 짚, 앙카,
도스노벤타 ,스컬트라, 리엑토, 리엑토 , 엑라렌 , 람보르 기니, 페라리, 오토바이, 각기,
ZIPB이즈미,스기노, 라케 타, 시마노, 신형,피나로, 신품, 트랙,트레,첼로, 인터프 로, 펠트
리들리, bmc,kmg, 아르곤 18, 위아위스, 엔진/ 1,88림, 디스크휠, 로드, 픽시, mtb,풀삭, bmx,
트리픽 시, 벨로모빌, 리컴번트 ,트라이얼, 그래블, 경륜,소라, 티 아그라,프롤로고, 울레그라,
후지, 스페셜라이즈드, 에스 워스, 어드벤스,투워니, 클라리스,페포, 카봄, 마빅 , 아르 마,
오발이,피직,50,30,60,90림,스턴트스쿠헌, 투 스포 크, 림블랙켓,스포크,허브, 볼트셋포스트
헬멧, 룩R96, L96, t10, 396, 196,464 364 바미큰, 치카노, 지오 스,도마스,
리가, 네브그루,로가스,로가스 다운타운 T4 53, 크릿디, 스프린허, 불렛, 볼텍스 ,어베인",0,0,362,800000,38.6,임시닉11,판매완료,2,부산 기장군 기장읍,https://www.daangn.com/kr/buy-sell/%EC%BD%98%EC%8A%A4%ED%83%84%ED%8B%B4-%ED%94%BC%ED%83%80-%ED%94%BD%EC%8B%9C-dptmu4zwht1m/
07/12/2024,"콘스탄틴디스페랄건담판매,대차합니다","콘스탄틴 디스페랄 2020건담 완차 85에  급처합니다 
7005번대 알류라 밟는대로 나갑니다 
판매 우선이지만 이득 대차 들어오면 합니다

추금25보유중

위아위스 써벨로 엔진11 콘스탄틴
자토바이 스즈키 로터 노큐 로터 
크램크셋 픽시 픽시드 기어 고점기어
따스포츠 로터노큐 로허 알듀 아르곤 18
써벨로 t/ +3 +4 3t 에어로노바 프로 드롭바
비젼 디스크 로터 체인림 에르고노바 콘스탄틴, 벨로모빌, 리컴번트, 비앙키, 짚, 앙카,
도스노벤타 ,스컬트라, 리엑토, 리엑토 , 엑라렌 , 람보르 기니, 페라리, 오토바이, 각기,
ZIPB이즈미,스기노, 라케 타, 시마노, 신형,피나로, 신품, 트랙,트레,첼로, 인터프 로, 펠트
리들리, bmc,kmg, 아르곤 18, 위아위스, 엔진/ 1,88림, 디스크휠, 로드, 픽시, mtb,풀삭, bmx,
트리픽 시, 벨로모빌, 리컴번트 ,트라이얼, 그래블, 경륜,소라, 티 아그라,프롤로고, 울레그라,
후지, 스페셜라이즈드, 에스 워스, 어드벤스,투워니, 클라리스,페포, 카봄, 마빅 , 아르 마,
오발이,피직,50,30,60,90림,스턴트스쿠헌, 투 스포 크, 림블랙켓,스포크,허브, 볼트셋포스트
헬멧, 룩R96, L96, t10, 396, 196,464 364 바미큰, 치카노, 지오 스,도마스,
리가, 네브그루,로가스,로가스 다운타운 T4 53, 크릿디, 스프린허, 불렛, 볼텍스 ,어베인
버나드, 큰 스탄틴 , 쇼크, 디스페랄 ,윈드시어,트위터, IV3,IV1, IV2 싱귤러리티그",3,4,392,850000,41.7,수박,판매완료,1,대구 북구 구암동,https://www.daangn.com/kr/buy-sell/%EC%BD%98%EC%8A%A4%ED%83%84%ED%8B%B4-%EB%94%94%EC%8A%A4%ED%8E%98%EB%9E%84-%EA%B1%B4%EB%8B%B4-%ED%8C%90%EB%A7%A4-%EB%8C%80%EC%B0%A8%ED%95%A9%EB%8B%88%EB%8B%A4-7qru7o2i8rxa/
12/08/2025,2025콘스탄틴어베인멧그레이csc88림판/대,"어베인 2025 5/23 신품깠고
CSC 88 프론트 무광 리어 유광 2대주 기스다분
프렘에는 탑튜브, 포크에만 작은 도까 하나씩 있습니다
자세한 하자는 원하시면 챗에서  알려드립니다
많이 찔러주세요",39,16,958,850000,36.7,까따삐,판매중,3,대전 중구 문화동,https://www.daangn.com/kr/buy-sell/2025%EC%BD%98%EC%8A%A4%ED%83%84%ED%8B%B4%EC%96%B4%EB%B2%A0%EC%9D%B8-%EB%A9%A7%EA%B7%B8%EB%A0%88%EC%9D%B4-csc88%EB%A6%BC-%ED%8C%90-%EB%8C%80-fervneczki4a/
26/12/2025,콘스탄틴어베인2024판/대,"하자 챗 주세요
구성 
핸들 벨로빌드 트랙바  바테잎 배드민턴 그립
스템 카본 스템 짚 프린팅
휠셋 csc60 잔기스랑 도까 1~2잇음 프론트만
리어는 잔기스만 있음
싯포 순정
안장 산마르코 
크랭크 순정
탑캡 카본
체인 이즈미 젯블렉
페달 평페달

직거래 88
뒷말차단
거파금3


",3,3,193,900000,35.3,디바궁,판매완료,1,인천 계양구 계산1동,https://www.daangn.com/kr/buy-sell/%EC%BD%98%EC%8A%A4%ED%83%84%ED%8B%B4-%EC%96%B4%EB%B2%A0%EC%9D%B8-2024-%ED%8C%90-%EB%8C%80-3txgedjxffrv/
15/06/2025,콘스탄틴디스페랄마블블루판/대개쌉급처!!,"판매선호
대차는 개이득만
이상한거 가지고 오면 읽씹
s사이즈
구성
핸들바 라이저바
스템 kcnc 100mm 17도
휠셋 노바텍
그외 순정
직거래만












검색어: 룩, 564, 464, 875, 795, L97, R96, 데다제로, 엔진11, 크릿디, 볼텍스, 메탈블루, 건메탈, 3t, 픽시, 벨로빌드, 알리번치바, 번치클램프, 캔디블루, 유광 88림, csc88림, 디스크, 디스크휠커버, 마빅, 마빅엘립스, 마빅디스크휠, 진바이크 사발이, 삼발이, 오발이, 카본, 펄스, 미사일, 쓰나미, snm100, 써벨로, bt, 펠트, 에이지수프라, 보라텍스, 헌터브로스v1, 헌터브로스v2, 팀에디션, 하급구성, 중하급구성, 중급구성, 중상급구성, 상급구성, 디럭스, 디럭스구형, dcc, 콘스탄틴, 어베인, 버나드, 디스페랄, 싱귤2, lv3, ps1, 카피바라, 스프린터, 카본드롭바, 짚 스프린트 구형, 짚 서비스코스",3,2,467,970000,36.9,김재현,판매완료,7,서울시 노원구 중계본동,https://www.daangn.com/kr/buy-sell/%EC%BD%98%EC%8A%A4%ED%83%84%ED%8B%B4-%EB%94%94%EC%8A%A4%ED%8E%98%EB%9E%84-%EB%A7%88%EB%B8%94%EB%B8%94%EB%A3%A8-%ED%8C%90-%EB%8C%80-%EA%B0%9C%EC%8C%89%EA%B8%89%EC%B2%98-o8zwehrima2p/
05/07/2025,콘스탄틴디스페랄2025마블블루,"가격 어그로 죄송합니다 !
생활기스밖에 없고 정말 상태 좋습니다 
최근에 프론트 리어 40정도 주고 바꿨습니다
급처라 싼 가격에 던집니다



검색용
3t,써벨로,룩,리파인드 ,라피에르,카베자메리다,리더,언노운,콘스탄틴,벨로모빌,리컴번트,비앙키,짚,앙카,도스노벤타 스컬트라,리엑토,리엑토 멕라렌 람보르기니,페라리,오토바이,각기 ZIPP이즈미,스기노, 라케타,시마노,신형,피나렐로, 신품,트랙,트렉,첼로,인터프로,펠트,리들리,bmc,kmc,아르곤18, 위아위스,엔진11,88림,디스크휠, 로드,픽시,mtb,풀샥,bmX,트릭픽시,벨로모빌,리컴번트,트라이얼,그래블,경륜,소라 ,티아그라,프롤로고,울테그라,후지,스페셜라이즈드,에스웍 스,어드벤스,투워니,클라리스,페포,카본,마빅,아르마,오발 이,피직,50,30,60,90림, 스턴트스쿠터,투스포크,림블랙 켓,스포크,허브,볼트싯포스트,헬멧,룩196 196r96 t20 396 296 464 364 바이큰,치카노,지오스,도마스 휴스턴,서울,la,도쿄,에딘버러,삼천리,에이모 션,에이모션트리가,데브그루,로가스,로가스 다운타운 t4t3 t1 t5 $3 크릿디,스프린터,불렛,볼텍스 어베인 버나드 콘스탄틴 쇼크 디스페랄 윈드시어,트위터 v3 Iv2 lv2 싱귤러리티2 져지 쫄쫄이 무스너클 맥케이지 몽클레어psx ps1 구형 360,에틱,타누스,코나,트랙,스 캇,엘파마,Smith,검월타이어,픽시,알카본,알류미늄티 타늄,나노,나놋입자,구찌,샤넬,언노운펄스 어드벤스1 어드벤스2,에이지 엔트라,에이지 수프라, 인터프로 미사일,인터프로 독주,아비아브,미니벨로,위더피플,선 데이,모토벨로,자이언트,자이언트레인,어반,제피로,바쏘,바소팩터,FACTOR,파스포츠,캐논데일,슈퍼피스타,콜나고,크로몰리,코리마,에콜로직스,도란,노바텍,치넬리,비 고렐리,메쉬스틸,메쉬워크,ac1 ac2,펠트tk1,펠트tk3,철인3종,tt바,베이스바,드롭바,트랙바,시쓸릭,불혼바,리치휠,캄파놀로,크로드,도디치,도그마,df4 df3 프리큐사슈퍼노바,아반티 BT스텔스,BT 울트라,라이트웨이트,자작,디스크커버,인터프로 아미고,쓰론,나가사와, 쓰나미,켄도,스테이트, 크레이지,체이서,디티,첼로산렌쇼,코렉스,헤드 젯, 벨로라인,띠꼬르디,치넬리 레이저,앙카 브릿지스톤,룩795,룩695,룩464룩,364,룩264,룩164 ,xrs,테슈너,오베아,케니언,가민,속도계.데다,엔진11 헌터브로스,갓앤페이머스,오션블루, 캔디플루,3d로터,베가 스트,디럭스,뉴에바요크,브레이커,건메탈,jrd,코비,국뽕,메탈그레이,벨로시닷,키리커,백스,푸시아,도스노벤타 쿠알라 룸푸르,디트로이트,짚404,짚808,보이져,위아위스txt,txt sd,와스지,플래닛x,룩564,트리곤,트랜지션,프롤로고,bmc tr01,bmc tr02,파간gt,로타지오네",8,4,445,1000000,37.1,원투위빙어퍼,판매완료,10,인천 연수구 연수동,https://www.daangn.com/kr/buy-sell/%EC%BD%98%EC%8A%A4%ED%83%84%ED%8B%B4-%EB%94%94%EC%8A%A4%ED%8E%98%EB%9E%84-2025-%EB%A7%88%EB%B8%94%EB%B8%94%EB%A3%A8-9wjq7fjz5f3k/
09/01/2026,무하자급콘스탄틴윈드시어개개개급처,"자접하고 싶어서 빠르게 팔아볼려고 합니다 
엄청 좋게 올렸는데 빨리 사가 주세요

노돌림,상태 AA급 입니다 
하자사진은 챗 주세요

프레임+크랭크셋 (110)
완차 (130) 핸들은 순정으로 나가요

지금 프론트 타이어 펑크 났어요 

사이즈 m입니다 

픽시 로드 휠셋 프레임셋 헤드셋 싯클램프 크랭크셋 체인링 핸들셋 드롭바 라이저바 불혼바 번치바 스템 탑캡 안장셋 싯포스트 콘스탄틴 드래그 버나드 어베인 디스페랄 윈드시어 언노운 마이티 ps1 khe psx fxa 베이스3 싱귤 싱귤러리티 Lv1 Lv2 Lv3 RSF 펄스 엔진11 볼텍스 보라텍스 크릿디 건메탈 캔디블루 캔블 팀에디션 헌터브로스 갓앤페 ird 코비 디스오더리 스프린터 마크원 벨로시닷 벨닷 주먹스템 짚 스프린트 카르마토 풀카본 카본 휠셋 csc 38림 50림 60림 88림 오일슬릭  무광 유광 킹메이커 100림 202
카본사발이 카본오발이 쌍디 디스크휠 하모니 애플손 아처 필우드 룩 위아위스 피나렐로 써벨로 t4 t3 t1 페포 켄도 매쉬 스틸 미케 피스타드 3D 로터 베가스트 스기노젠 옴니움 블랙젠 슈퍼젠 노큐 tt바 티티바 코리마 엔비 헤드 스팅거 젯 도스노젯 gt3 탐슨 키트 데다 산마르코 피직 ac1 ac2 ac3 쓰나미 레드와인 리버티 콜로시 로프로 로우 퍼슛 아르덴틀리 잉그리아 에어푸셔 치넬리 볼트 페럴렉스 흑페럴 매쉬 히스토그램 도스노벤타 디트로이트 아르투아 휴스턴 써론 라이트비 울트라비 탈라리아 자토바이 포켓바이크 전동킥보드
위아위스 써벨로 엔진11 콘스탄틴
자토바이 스즈키 로터 노큐 로터 
크램크셋 픽시 픽시드 기어 고점기어
따스포츠 로터노큐 로허 알듀 아르곤 18
써벨로 t/ +3 +4 3t 에어로노바 프로 드롭바
비젼 디스크 로터 체인림 에르고노바 콘스탄틴, 벨로모빌, 리컴번트, 비앙키, 짚, 앙카,
도스노벤타 ,스컬트라, 리엑토, 리엑토 , 엑라렌 , 람보르 기니, 페라리, 오토바이, 각기,
ZIPB이즈미,스기노, 라케 타, 시마노, 신형,피나로, 신품, 트랙,트레,첼로, 인터프 로, 펠트
리들리, bmc,kmg, 아르곤 18, 위아위스, 엔진
ENGINE11",5,14,482,1100000,26.3,가나다라,판매완료,6,대구 동구 효목동,https://www.daangn.com/kr/buy-sell/%EB%AC%B4%ED%95%98%EC%9E%90%EA%B8%89-%EC%BD%98%EC%8A%A4%ED%83%84%ED%8B%B4-%EC%9C%88%EB%93%9C%EC%8B%9C%EC%96%B4-%EA%B0%9C%EA%B0%9C%EA%B0%9C%EA%B8%89%EC%B2%98-wdfihx94brq9/
04/06/2026,콘스탄틴어베인2018짚303디판/대,"콘스탄틴 어베인 2018 판/대 합니다
짚 303 프론트 순정에서 카본허브로 교체했는데 2번째 사진보면 정품입니다
진바이크 디스크휠
발루고 카본 드롭바
셀레 산마르코 아스피데 안장 정품
우노 스템
스케이스 크랭크
시마노 클릿페달
디스크휠 안에 비어서 공명음 잘나요 기스빼고는 하자❌ 대차 로드/픽시 다 봐요",2,1,37,1400000,49.8,69세현정씨,판매중,3,대전 유성구 도룡동,https://www.daangn.com/kr/buy-sell/%EC%BD%98%EC%8A%A4%ED%83%84%ED%8B%B4-%EC%96%B4%EB%B2%A0%EC%9D%B8-2018-%EC%A7%9A303%EB%94%94-%ED%8C%90-%EB%8C%80-5tnt4xdws6uk/
04/06/2026,콘스탄틴어베인번개에디션판/대,"콘스탄틴 어베인 번개 에디션입니다

판매 150
대차는 원하는 차대만 하겠습니다 
ㅂㄷㅂ 또는 ㅇㄷㅇ 선호합니다 대차가 맞춰와주세요

구성
프레임 어베인 번개에디션 (m~L사이즈)
휠셋 진바이크 오발디 (리어 코리마 프린팅)
핸들 벨로빌드 (36사이즈)
스템 알카본 스템
첸링 데카스
그외 순정

하자
컴포들 상태 다좋은편 입니다 챗주시면 알려드리겠습니다",3,4,58,1500000,40.9,착해요,판매중,4,대구 동구 효목동,https://www.daangn.com/kr/buy-sell/%EC%BD%98%EC%8A%A4%ED%83%84%ED%8B%B4-%EC%96%B4%EB%B2%A0%EC%9D%B8-%EB%B2%88%EA%B0%9C%EC%97%90%EB%94%94%EC%85%98-%ED%8C%90-%EB%8C%80-4sf8ye6uf2aj/
26/06/2024,콘스탄틴디스페랄2024대차봐요,"콘스탄틴 디스페랄 2024년식 대차,판매 합니다
대차가 150 맞춰놓을게요 이상한거 짜르면 칼차단.
교신,각개 안해요 ❌

이상한 잼민이 상대 안합니다 진짜 대차,구매 생각 있으신분들만 연락 주시길

프레임: 콘스탄틴 디스페랄 2024 -m사이즈-
스템: 시마노 프로 plt 130미리
핸들: 알리산 30사이즈 드롭바
바테잎: 피직 벤토
안장: 시마노프로 에어로 퓨얼
크랭크: 미케 디스크 크랭크
체인링: 벨로바이크 54t
페달: 시마노 울테그라 클릿페달
체인: 이즈미 젯골드
휠셋: csc 60림
타이어셋: 콘티넨탈 5000성

안장빼고 모두다 신품 입니다. 상태 개좋아요

그리고 콘탄 이라고 어베인,버나드 이런거랑 비교하지 마시길.. 디페 신형으로 바뀌면서
알루 7075번대로 올라갔습니다

어베인 순정구성,볼텍스 순정구성 이런거 찌르면
아임 베리 베리 엥그리 연락주셔요",3,2,524,1500000,36.3,시골청년,판매완료,1,전북 정읍시 시기동,https://www.daangn.com/kr/buy-sell/%EC%BD%98%EC%8A%A4%ED%83%84%ED%8B%B4-%EB%94%94%EC%8A%A4%ED%8E%98%EB%9E%84-2024-%EB%8C%80%EC%B0%A8%EB%B4%90%EC%9A%94-mq3zhjo2kau8/
21/08/2025,콘스탄틴어베인,"콘스탄틴 어베인 판대
구성
휠셋 엔비3.4 풀소빌딩 파슾데칼
스템 벨닷 에어로
핸들 짚 sl70 찐바리
싯포 전용
인장벨닷
크랭크 비젼디스크

판매:220
L사이즈",0,0,108,2200000,39.8,aaa,판매완료,1,부산 기장군 기장읍,https://www.daangn.com/kr/buy-sell/%EC%BD%98%EC%8A%A4%ED%83%84%ED%8B%B4-%EC%96%B4%EB%B2%A0%EC%9D%B8-1v1u5dsbx7of/