date,title,content,heart,interest,view,price,temperature,seller,sold,image,region,url
2026-05-19,메디큐브부스터프로미니화이트,"메디큐브 부스터프로 미니 화이트 색상입니다
구성품은 본체, 충전 케이블, 사용 설명서가 있어요
사진에서 보이는 것처럼 깔끔한 상태입니다
피부 관리에 관심 있는 분들께 추천드려요
집에서 5회 미만 사용 했어요~
소독용 알콜스왑 같이 드릴게요!
반택 2000원 추가가능",1,18,127,50000,58.4,주토피아112,판매중,3,인천 연수구 송도동,https://www.daangn.com/kr/buy-sell/%EB%A9%94%EB%94%94%ED%81%90%EB%B8%8C-%EB%B6%80%EC%8A%A4%ED%84%B0%ED%94%84%EB%A1%9C-%EB%AF%B8%EB%8B%88-%ED%99%94%EC%9D%B4%ED%8A%B8-rujwx9orprbs/
2026-05-16,메디큐브에이지알부스터프로핑크,"메디큐브 에이지알 부스터 프로 핑크 색상이에요
미개봉 새상품으로 교환 환불안됩니다.",1,8,70,170000,39.0,파마머리,판매중,2,인천 연수구 송도동,https://www.daangn.com/kr/buy-sell/%EB%A9%94%EB%94%94%ED%81%90%EB%B8%8C-%EC%97%90%EC%9D%B4%EC%A7%80%EC%95%8C-%EB%B6%80%EC%8A%A4%ED%84%B0-%ED%94%84%EB%A1%9C-%ED%95%91%ED%81%AC-xagi2pfvcx7t/
2026-04-25,메디큐브age-r부스터프로마이멜로디에디션,"메디큐브 AGE-R 부스터 프로 마이멜로디 에디션 풀박스 구성이에요
마이멜로디 캐릭터 디자인으로 소장가치도 높아요
본체, 충전기, 설명서, 파우치, 스티커 등 구성품 모두 있어요
피부 탄력 관리에 도움을 주는 제품이에요
귀여운 마이멜로디 에디션으로 홈케어 즐겨보세요

아예 새것입니다
득템해가세용!",1,7,46,220000,63.1,초이,판매중,7,인천 연수구 송도동,https://www.daangn.com/kr/buy-sell/%EB%A9%94%EB%94%94%ED%81%90%EB%B8%8C-age-r-%EB%B6%80%EC%8A%A4%ED%84%B0-%ED%94%84%EB%A1%9C-%EB%A7%88%EC%9D%B4%EB%A9%9C%EB%A1%9C%EB%94%94-%EC%97%90%EB%94%94%EC%85%98-6e5hr6s8mcgh/
2026-05-05,메디큐브에이지알부스터프로미니꾸미기키트,"메디큐브 에이지알 부스터 프로 미니 꾸미기 키트예요

박스 개봉만 한 새상품 입니당",0,0,34,3000,45.1,당근방긋,판매중,3,인천 연수구 송도동,https://www.daangn.com/kr/buy-sell/%EB%A9%94%EB%94%94%ED%81%90%EB%B8%8C-%EC%97%90%EC%9D%B4%EC%A7%80%EC%95%8C-%EB%B6%80%EC%8A%A4%ED%84%B0-%ED%94%84%EB%A1%9C-%EB%AF%B8%EB%8B%88-%EA%BE%B8%EB%AF%B8%EA%B8%B0-%ED%82%A4%ED%8A%B8-52rrug4w52xd/
2026-05-20,메디큐브올트라튠40.68화이트,"메디큐브 올트라 튠 40.68 화이트 제품이에요
피부 탄력 관리에 도움을 주는 제품이에요
총 사용횟수 3번입니다
작년에 구매해서 부스터프로만 사용하고 울트라튠은 안써서 내놓습니다.
박스는 구매하고 다 버려서 본품만 있어
저렴히 내놓습니다

메디큐브 홈페이지에서 구매했던 내역 첨부합니다",7,5,75,50000,37.8,제리제리고,판매완료,9,인천 연수구 송도동,https://www.daangn.com/kr/buy-sell/%EB%A9%94%EB%94%94%ED%81%90%EB%B8%8C-%EC%98%AC%ED%8A%B8%EB%9D%BC-%ED%8A%A0-40-68-%ED%99%94%EC%9D%B4%ED%8A%B8-a26jv22kcsbp/
2026-05-31,(미개봉풀박스)메디큐브에이지알부스터프로x2핑크,"메디큐브 에이지알 부스터 프로 X2 핑크 새상품이에요
피부 탄력과 리프팅에 도움을 주는 뷰티 디바이스입니다
미개봉 풀박스 그대로
개당 28만원(총 2개 판매) 개별 구매 가능",1,3,45,280000,38.3,doubles84,판매완료,2,인천 연수구 송도동,https://www.daangn.com/kr/buy-sell/%EB%AF%B8%EA%B0%9C%EB%B4%89-%ED%92%80%EB%B0%95%EC%8A%A4-%EB%A9%94%EB%94%94%ED%81%90%EB%B8%8C-%EC%97%90%EC%9D%B4%EC%A7%80%EC%95%8C-%EB%B6%80%EC%8A%A4%ED%84%B0-%ED%94%84%EB%A1%9C-x2-%ED%95%91%ED%81%AC-d9i25rjhuw9w/
2026-05-31,메디큐브부스터프로미니,"몇번 사용안했고 상태좋아요!
반택 1800",1,7,47,25000,38.1,뇽안,판매완료,3,인천 연수구 송도동,https://www.daangn.com/kr/buy-sell/%EB%A9%94%EB%94%94%ED%81%90%EB%B8%8C-%EB%B6%80%EC%8A%A4%ED%84%B0-%ED%94%84%EB%A1%9C-%EB%AF%B8%EB%8B%88-afdvmypw7erp/
2026-05-21,메디큐브에이지알부스터프로블랙,"메디큐브 에이지알 부스터 프로ㅇ에요..
선뮬받았는데 손이잘안가넹요..
부지런한뷴들ㄴ이 가져가세오
거의 새거에요..",1,9,69,100000,41.4,모드니,판매완료,1,인천 연수구 송도동,https://www.daangn.com/kr/buy-sell/%EB%A9%94%EB%94%94%ED%81%90%EB%B8%8C-%EC%97%90%EC%9D%B4%EC%A7%80%EC%95%8C-%EB%B6%80%EC%8A%A4%ED%84%B0-%ED%94%84%EB%A1%9C-%EB%B8%94%EB%9E%99-4f58rta11jey/
2026-04-18,메디큐브에이지알부스터프로블랙,"메디큐브 에이지알 부스터 프로 블랙 판매합니다.
구성품은 본체 설명서 박스 모두 있습니다.  남편한테 선물받고 한달 정도 사용하다가 보관만 해 둔 상품입니다~
헤드부분이나 몸체 모두 거의 새상품 수준입니다.두번째 사진 윈도우부분은 사진 상 반사되서 좀 이상해보이는데, 실물은 깨끗해요.",3,10,135,130000,37.3,커피조아,판매완료,4,인천 연수구 송도동,https://www.daangn.com/kr/buy-sell/%EB%A9%94%EB%94%94%ED%81%90%EB%B8%8C-%EC%97%90%EC%9D%B4%EC%A7%80%EC%95%8C-%EB%B6%80%EC%8A%A4%ED%84%B0-%ED%94%84%EB%A1%9C-%EB%B8%94%EB%9E%99-xgfko669nkej/
2026-03-17,🎀(상태최상)메디큐브에이지알부스터프로블랙풀박스🎀,"메디큐브 에이지알 부스터 프로 블랙 색상 풀박스입니다
- 집에서 간편하게 피부 관리를 할 수 있습니다
- 피부 속 콜라겐, 탄력, 광채, 모공, 피부결 개선에 도움을 줍니다
- 5가지 핵심 기술이 담겨 있습니다
- 풀박스 구성으로 매뉴얼과 케이블이 포함되어 있습니다

부속품은 새상품, 본품은 5회미만사용
ㅡㅡㅡㅡㅡㅡㅡㅡㅡㅡㅡㅡㅡㅡㅡㅡㅡㅡㅡㅡㅡ 
상세컷 원하시면 채팅주세요😊
ㅡㅡㅡㅡㅡㅡㅡㅡㅡㅡㅡㅡㅡㅡㅡㅡㅡㅡㅡㅡㅡ

▪️거래장소: 송도(직거래가능)
▪️택배거래가능: 택배비 착불
▪️육아중이라 비대면 문고리 거래 희망
▪️반품 불가",4,18,273,159000,56.4,신다리,판매완료,3,인천 연수구 송도동,https://www.daangn.com/kr/buy-sell/%EC%83%81%ED%83%9C%EC%B5%9C%EC%83%81-%EB%A9%94%EB%94%94%ED%81%90%EB%B8%8C-%EC%97%90%EC%9D%B4%EC%A7%80%EC%95%8C-%EB%B6%80%EC%8A%A4%ED%84%B0-%ED%94%84%EB%A1%9C-%EB%B8%94%EB%9E%99-%ED%92%80%EB%B0%95%EC%8A%A4-ee7mq7jq77h8/
2026-03-09,메디큐브에이지알부스터프로팝니다,"메디큐브 에이지알 부스터 프로 팝니다.
풀박스 풀구성품이고요.
몇번 사용안해서 새것같습니다.
상태 정말 좋아요.

직거래 위치는
평일에는 연세대 국제캠 앞 (송도),
주말에는 미금역 (분당)에서 가능합니다.

연락주세요~",1,3,58,120000,44.6,꼼수쟁이,판매완료,4,인천 연수구 송도동,https://www.daangn.com/kr/buy-sell/%EB%A9%94%EB%94%94%ED%81%90%EB%B8%8C-%EC%97%90%EC%9D%B4%EC%A7%80%EC%95%8C-%EB%B6%80%EC%8A%A4%ED%84%B0-%ED%94%84%EB%A1%9C-%ED%8C%9D%EB%8B%88%EB%8B%A4-j3fic8283r89/
2026-04-07,메디큐브에이지알부스터프로미니플러스짱구에디션,메디큐브 에이지알 부스터 프로 미니 플러스 짱구 에디션입니다,2,6,86,70000,40.8,포트,판매완료,2,인천 연수구 송도동,https://www.daangn.com/kr/buy-sell/%EB%A9%94%EB%94%94%ED%81%90%EB%B8%8C-%EC%97%90%EC%9D%B4%EC%A7%80%EC%95%8C-%EB%B6%80%EC%8A%A4%ED%84%B0-%ED%94%84%EB%A1%9C-%EB%AF%B8%EB%8B%88-%ED%94%8C%EB%9F%AC%EC%8A%A4-%EC%A7%B1%EA%B5%AC-%EC%97%90%EB%94%94%EC%85%98-rewbrd12zk6x/
2026-02-19,메디큐브에이지알부스터프로,"이사준비와 공부 등등 ..
사용할 시간이 없어서 판매합니다 ..

25년 11월쯤 구매했는데 이것저것하느라 실 사용은 3~4회정도 뿐이에요!
항상 사용하고 알콜 솜으로 깨끗하게 닦은거라 상태 아주 좋습니다!!

얼른 짐 줄이고 싶ન 판매 가격에 반값으로 싸게 판매합니다 ..
택배, 직거래 모두 가능합니다
연락주세요~~",2,2,94,150000,37.8,happy1,판매완료,2,인천 연수구 송도동,https://www.daangn.com/kr/buy-sell/%EB%A9%94%EB%94%94%ED%81%90%EB%B8%8C-%EC%97%90%EC%9D%B4%EC%A7%80%EC%95%8C-%EB%B6%80%EC%8A%A4%ED%84%B0-%ED%94%84%EB%A1%9C-t4t9f7isn8ax/
2026-02-03,메디큐브에이지알부스터프로블랙,"메디큐브 에이지알 부스터 프로 블랙 색상 판매합니다
박스/본체 구성이며 상태 매우 좋습니다

설명서는 잃어버렸는데 사용법은 네이버에 검색만해도 나와있어서 없어도 상관없어요

잘 안쓰게되어 판매합니다

8공구 비대면거래
교환/환불 x",3,4,59,110000,41.0,당근당근,판매완료,1,인천 연수구 송도동,https://www.daangn.com/kr/buy-sell/%EB%A9%94%EB%94%94%ED%81%90%EB%B8%8C-%EC%97%90%EC%9D%B4%EC%A7%80%EC%95%8C-%EB%B6%80%EC%8A%A4%ED%84%B0-%ED%94%84%EB%A1%9C-%EB%B8%94%EB%9E%99-8ht13beoyt9q/
2026-01-11,메디큐브에이지알부스터프로,"부스터프로 블랙 색상 풀박스로 판매합니다
본체 머리에 끼우는 캡도 드려요
비대면 문고리거래 희망해요",3,6,115,170000,42.5,바다거북,판매완료,2,인천 연수구 송도동,https://www.daangn.com/kr/buy-sell/%EB%A9%94%EB%94%94%ED%81%90%EB%B8%8C-%EC%97%90%EC%9D%B4%EC%A7%80%EC%95%8C-%EB%B6%80%EC%8A%A4%ED%84%B0%ED%94%84%EB%A1%9C-dpotqmgruner/
2025-12-18,메디큐브에이지알부스터프로블랙풀박스,"메디큐브 에이지알 부스터 프로 블랙 색상입니다.
풀박스 구성으로 드립니다.

EMS 에어샷 더마샷 기능으로 집에서 간편하게 피부 관리를 할 수 있습니다.

저는 쿼드쎄라 사서 가성비제품 처분합니다.  

환불 불가",3,7,117,100000,37.7,달막,판매완료,6,인천 연수구 송도동,https://www.daangn.com/kr/buy-sell/%EB%A9%94%EB%94%94%ED%81%90%EB%B8%8C-%EC%97%90%EC%9D%B4%EC%A7%80%EC%95%8C-%EB%B6%80%EC%8A%A4%ED%84%B0-%ED%94%84%EB%A1%9C-%EB%B8%94%EB%9E%99-%ED%92%80%EB%B0%95%EC%8A%A4-wcbkfqbmninp/
2025-12-13,메디큐브age-r부스터프로쿠로미에디션새상품,"메디큐브 AGE-R 부스터 프로 쿠로미 에디션 새상품입니다

피부 속 탄력 개선에 도움을 줍니다

2.600mAh 배터리 용량

미개봉 새제품입니다",0,2,32,265000,55.8,널부러진앵무새,판매완료,4,인천 연수구 송도동,https://www.daangn.com/kr/buy-sell/%EB%A9%94%EB%94%94%ED%81%90%EB%B8%8C-age-r-%EB%B6%80%EC%8A%A4%ED%84%B0-%ED%94%84%EB%A1%9C-%EC%BF%A0%EB%A1%9C%EB%AF%B8-%EC%97%90%EB%94%94%EC%85%98-%EC%83%88%EC%83%81%ED%92%88-q5n5bbniqsae/
2025-12-07,메디큐브에이지알부스터프로마이멜로디에디션,"현재 공홈 품절, 단종 상태인 마이멜로디 부스터 프로입니다☺️

딱 한 번 사용 후 박스에 넣어 보관중이에요. 알콜 스왑으로 깨끗하게 닦아서 보내드릴게요.

박스/헤드케이스/참/세안밴드/클리너/스티커 전부 풀셋입니다. 

증정품으로 받은 시카 앰플, 리유저블 백도 원하시면 전부 보내드립니다💗",0,2,43,300000,39.0,뿌뿌,판매완료,2,인천 연수구 송도동,https://www.daangn.com/kr/buy-sell/%EB%A9%94%EB%94%94%ED%81%90%EB%B8%8C-%EC%97%90%EC%9D%B4%EC%A7%80%EC%95%8C-%EB%B6%80%EC%8A%A4%ED%84%B0-%ED%94%84%EB%A1%9C-%EB%A7%88%EC%9D%B4%EB%A9%9C%EB%A1%9C%EB%94%94-%EC%97%90%EB%94%94%EC%85%98-uh5kajg793na/
2025-11-20,메디큐브에이지알부스터프로헬로키티에디션,"메디큐브 에이지알 부스터 프로 헬로키티 에디션 풀박스입니다

- 5가지 꼼꼼한 모드로 피부 속 광채, 탄력, 모공, 피부결, 진피 치밀도 개선에 도움을 줍니다
- 헬로키티 디자인으로 소장 가치도 높아요

사용횟수는 10회미만으로 상태는 아주 좋아요!

가지러 와주셔야 해요~",3,5,290,200000,45.9,체리,판매완료,2,인천 연수구 송도동,https://www.daangn.com/kr/buy-sell/%EB%A9%94%EB%94%94%ED%81%90%EB%B8%8C-%EC%97%90%EC%9D%B4%EC%A7%80%EC%95%8C-%EB%B6%80%EC%8A%A4%ED%84%B0-%ED%94%84%EB%A1%9C-%ED%97%AC%EB%A1%9C%ED%82%A4%ED%8B%B0-%EC%97%90%EB%94%94%EC%85%98-h91i31w93edn/
2025-12-02,메디큐브클렌징헤드+부스터프로미니플러스세트미개봉판매,미개봉 베이지색입니다°,0,5,21,95000,49.2,용용,판매완료,1,인천 연수구 송도동,https://www.daangn.com/kr/buy-sell/%EB%A9%94%EB%94%94%ED%81%90%EB%B8%8C-%ED%81%B4%EB%A0%8C%EC%A7%95-%ED%97%A4%EB%93%9C-%EB%B6%80%EC%8A%A4%ED%84%B0%ED%94%84%EB%A1%9C%EB%AF%B8%EB%8B%88%ED%94%8C%EB%9F%AC%EC%8A%A4-%EC%84%B8%ED%8A%B8-%EB%AF%B8%EA%B0%9C%EB%B4%89-%ED%8C%90%EB%A7%A4-u6q774romupa/
2025-12-02,메디큐브부스터프로짱구미사용,"선물받았는데 있어서 팔아요
열어서 구성품만 봤습니다~
",1,2,54,240000,49.2,용용,판매완료,4,인천 연수구 송도동,https://www.daangn.com/kr/buy-sell/%EB%A9%94%EB%94%94%ED%81%90%EB%B8%8C-%EB%B6%80%EC%8A%A4%ED%84%B0%ED%94%84%EB%A1%9C-%EC%A7%B1%EA%B5%AC-%EB%AF%B8%EC%82%AC%EC%9A%A9-e1xzkh45orko/
2025-11-09,메디큐브age-r에이지알부스터프로,"메디큐브 AGE-R 에이지알 부스터 프로입니다
피부 관리에 도움을 줍니다",1,1,88,100000,37.5,릴렉스,판매완료,1,인천 연수구 송도동,https://www.daangn.com/kr/buy-sell/%EB%A9%94%EB%94%94%ED%81%90%EB%B8%8C-age-r-%EC%97%90%EC%9D%B4%EC%A7%80%EC%95%8C-%EB%B6%80%EC%8A%A4%ED%84%B0-%ED%94%84%EB%A1%9C-ubtaff3z5r84/
2025-11-06,[미개봉새상품]메디큐브정품에이지알부스터프로,"메디큐브 AGE-R Booster Pro 미개봉 새상품입니다

-피부 속 광채 효과
-피부결 개선
-모공 케어
-콜라겐 촉진
구매해서 박스뜯지 않고 놔두고있는데 지인분이 같은걸 하나 주셔서 판매해요.
구매하실분들만 문의주세요.
직거래인점에서 환불 불가합니다.",3,12,197,219000,37.7,당근해요,판매완료,5,인천 연수구 송도동,https://www.daangn.com/kr/buy-sell/%EB%AF%B8%EA%B0%9C%EB%B4%89%EC%83%88%EC%83%81%ED%92%88-%EB%A9%94%EB%94%94%ED%81%90%EB%B8%8C%EC%A0%95%ED%92%88-%EC%97%90%EC%9D%B4%EC%A7%80%EC%95%8C-%EB%B6%80%EC%8A%A4%ED%84%B0-%ED%94%84%EB%A1%9C-t3oxu8y52wjo/
2025-11-07,메디큐브에이지알부스터프로풀박스,"메디큐브 에이지알 부스터 프로 풀박스입니다
사자마자 임신해서 거의 사용 못 하다가 
애기 낳으니 이제 사용할 시간이 없어서 팝니다,,🥲
5가지 모드 작동 이상 무, 컨디션 좋습니다

당근페이, 문고리 거래 원합니다
입금 확인 후 상세주소 안내드립니다 :)",1,6,79,165000,56.4,ononuu,판매완료,2,인천 연수구 송도동,https://www.daangn.com/kr/buy-sell/%EB%A9%94%EB%94%94%ED%81%90%EB%B8%8C-%EC%97%90%EC%9D%B4%EC%A7%80%EC%95%8C-%EB%B6%80%EC%8A%A4%ED%84%B0-%ED%94%84%EB%A1%9C-%ED%92%80%EB%B0%95%EC%8A%A4-mk39gp9adbi7/
2025-10-29,메디큐브에이지알부스터프로풀박스,"메디큐브 에이지알 부스터 프로 풀박스 팔아요.
- 글루타치온 글로우 세럼 2개 포함되어 있습니다.
- 피부 속 광채를 부스팅 해주는 기기로 
- 5가지 핵심 기술이 피부 속 깊이 유효 성분 흡수를 도와줍니다.
- 실사용 1회입니다",3,12,123,180000,38.5,임솜,판매완료,6,인천 연수구 송도동,https://www.daangn.com/kr/buy-sell/%EB%A9%94%EB%94%94%ED%81%90%EB%B8%8C-%EC%97%90%EC%9D%B4%EC%A7%80%EC%95%8C-%EB%B6%80%EC%8A%A4%ED%84%B0-%ED%94%84%EB%A1%9C-%ED%92%80%EB%B0%95%EC%8A%A4-ohhhik3a5acd/
2025-10-15,[새상품]메디큐브에이지알부스터프로미니플러스+진동클렌저,"메디큐브 에이지알 부스터 프로 미니 플러스+클렌저(세트 판매, 별도 판매불가,택배가능)

비닐도 안뜯은 상품 2세트(1세트 예약 중)
부스터프로미니플러스+진동클렌저 세트 가격 : 135,000원

메디큐브 AGE-R 부스터 프로 미니 플러스와 페이셜 클렌징 디바이스 헤드 새 제품입니다
- 진동 클렌저와 부스터 기능이 있습니다
- 쫀쫀한 피부결과 광채 피부를 선사합니다",2,13,267,135000,38.3,doubles84,판매완료,2,인천 연수구 송도동,https://www.daangn.com/kr/buy-sell/%EC%83%88%EC%83%81%ED%92%88-%EB%A9%94%EB%94%94%ED%81%90%EB%B8%8C-%EC%97%90%EC%9D%B4%EC%A7%80%EC%95%8C-%EB%B6%80%EC%8A%A4%ED%84%B0-%ED%94%84%EB%A1%9C-%EB%AF%B8%EB%8B%88-%ED%94%8C%EB%9F%AC%EC%8A%A4-%EC%A7%84%EB%8F%99-%ED%81%B4%EB%A0%8C%EC%A0%80-5ktg2ffmjxdd/
2025-10-24,메디큐브에이지알부스터프로블랙새상품,"메디큐브 에이지알 부스터 프로 블랙 새상품입니다!
비닐도 안뜯었어요! 포장 그대로 드려요! 안에 정품 인증서랑 부속품 다 있습니다! 

캠퍼스 타운역에서 거래합니다😊",1,5,75,220000,44.7,안쓰는거싸게팔아용,판매완료,1,인천 연수구 송도동,https://www.daangn.com/kr/buy-sell/%EB%A9%94%EB%94%94%ED%81%90%EB%B8%8C-%EC%97%90%EC%9D%B4%EC%A7%80%EC%95%8C-%EB%B6%80%EC%8A%A4%ED%84%B0-%ED%94%84%EB%A1%9C-%EB%B8%94%EB%9E%99-%EC%83%88%EC%83%81%ED%92%88-7x9me92nwnwv/
2025-10-26,메디큐브에이지알부스터프로핑크거의새상품,"메디큐브 에이지알 부스터 프로 핑크 
-피부 속 광채 개선에 도움을 줍니다
-피부결 개선, 모공 케어, 탄력 개선 효과를 기대할 수 있습니다


다들 사길래 저도 구매해봤는데 잘 안쓰게 될것 같아 판매해요~ 

세번인가 쓴것 같네요 ㅎ 

택배로 보내드릴수도 있습니다!",1,7,96,160000,36.8,조이,판매완료,3,인천 연수구 송도동,https://www.daangn.com/kr/buy-sell/%EB%A9%94%EB%94%94%ED%81%90%EB%B8%8C-%EC%97%90%EC%9D%B4%EC%A7%80%EC%95%8C-%EB%B6%80%EC%8A%A4%ED%84%B0-%ED%94%84%EB%A1%9C-%ED%95%91%ED%81%AC-%EA%B1%B0%EC%9D%98%EC%83%88%EC%83%81%ED%92%88-edbqqafqzv3v/
2025-10-22,메디큐브에이지알부스터프로,"메디큐브 에이지알 부스터 프로입니다
사용 설명서와 주의사항 설명서 함께 드립니다
네고 문의는 사양하오니 참고해주세요",3,3,87,140000,40.9,언어덜터,판매완료,1,인천 연수구 송도동,https://www.daangn.com/kr/buy-sell/%EB%A9%94%EB%94%94%ED%81%90%EB%B8%8C-%EC%97%90%EC%9D%B4%EC%A7%80%EC%95%8C-%EB%B6%80%EC%8A%A4%ED%84%B0-%ED%94%84%EB%A1%9C-e9oy2xynqtv7/
2025-10-18,메디큐브에이지알부스터프로풀박스,"메디큐브 에이지알 부스터 프로 풀박스입니다
- 5가지 모드(부스터 모드, 콜라겐 모드, 물광 모드, 탄력 모드, 진정 모드)로 피부 컨디션에 맞게 사용 가능해요
- 피부 속 콜라겐, 탄력 개선에 도움을 줍니다
- 풀박스 구성

9월에  신세계면세점에서 구입하고 몇번 사용했어요
정품박스 케이블 있습니다 

5공구 직거래 또는 편의점택배 가능",1,6,91,150000,41.4,양가인,판매완료,2,인천 연수구 송도동,https://www.daangn.com/kr/buy-sell/%EB%A9%94%EB%94%94%ED%81%90%EB%B8%8C-%EC%97%90%EC%9D%B4%EC%A7%80%EC%95%8C-%EB%B6%80%EC%8A%A4%ED%84%B0-%ED%94%84%EB%A1%9C-%ED%92%80%EB%B0%95%EC%8A%A4-equgrkv7s7e9/
2025-09-28,메디큐브에이지알부스터프로,"24년 12월경 새제품으로 교환받았고 구매 정품입니다. 
비슷한 미용 기기를 선물 받아 내놓게 되었습니다

메디큐브 AGE-R 부스터 프로 블랙 색상입니다

피부 탄력과 광채 개선에 도움을 줍니다

구매 가격은 329,000 원입니다.",6,6,184,160000,43.9,즐겁게살자,판매완료,9,인천 연수구 송도동,https://www.daangn.com/kr/buy-sell/%EB%A9%94%EB%94%94%ED%81%90%EB%B8%8C-%EC%97%90%EC%9D%B4%EC%A7%80%EC%95%8C-%EB%B6%80%EC%8A%A4%ED%84%B0-%ED%94%84%EB%A1%9C-xe486h4nwd1e/
2025-09-29,메디큐브에이지알부스터프로풀박스,"메디큐브 에이지알 부스터 프로 풀박스입니다
사용 안하고 박스에서 놀고있어 기기들 처분합니다",2,9,126,150000,37.6,샤네루비,판매완료,2,인천 연수구 송도동,https://www.daangn.com/kr/buy-sell/%EB%A9%94%EB%94%94%ED%81%90%EB%B8%8C-%EC%97%90%EC%9D%B4%EC%A7%80%EC%95%8C-%EB%B6%80%EC%8A%A4%ED%84%B0-%ED%94%84%EB%A1%9C-%ED%92%80%EB%B0%95%EC%8A%A4-qwr46epc18t3/
2025-09-23,메디큐브부스터프로핑크,"게을러서 ㅠㅠ 안 쓰네요
10회 미만 사용
전용 케이스 같이 드려용

타지에 있어 택배로 가능해요 (배송비 제가 부담)",1,3,73,160000,55.6,겸둥이,판매완료,1,인천 연수구 송도동,https://www.daangn.com/kr/buy-sell/%EB%A9%94%EB%94%94%ED%81%90%EB%B8%8C-%EB%B6%80%EC%8A%A4%ED%84%B0%ED%94%84%EB%A1%9C-%ED%95%91%ED%81%AC-28qvbqmzt2g8/
2025-09-12,이번주까지만판매‼️메디큐브에이지알부스터프로미개봉새상품(가격제안편하게연락주세요),"메디큐브 에이지알 부스터 프로 새 상품입니다!

스티커도 떼지 않은 새 상품이에요
선물 받은 건데 쓰지 않아서 판매합니다
가져가시는 분 없으면 제가 쓰려구 합니다
편하게 연락주세요",1,3,61,220000,38.3,miein,판매완료,2,인천 연수구 송도동,https://www.daangn.com/kr/buy-sell/%EC%9D%B4%EB%B2%88-%EC%A3%BC-%EA%B9%8C%EC%A7%80%EB%A7%8C-%ED%8C%90%EB%A7%A4-%EB%A9%94%EB%94%94%ED%81%90%EB%B8%8C-%EC%97%90%EC%9D%B4%EC%A7%80%EC%95%8C-%EB%B6%80%EC%8A%A4%ED%84%B0-%ED%94%84%EB%A1%9C-%EB%AF%B8%EA%B0%9C%EB%B4%89-%EC%83%88%EC%83%81%ED%92%88-%EA%B0%80%EA%B2%A9%EC%A0%9C%EC%95%88-%ED%8E%B8%ED%95%98%EA%B2%8C-%EC%97%B0%EB%9D%BD%EC%A3%BC%EC%84%B8%EC%9A%94-qmpbnidmtyj7/
2025-09-01,메디큐브에이지알부스터프로,"메디큐브 에이지알 부스터 프로 내놓습니다!

풀박스에 설명서, 충전 케이블까지 다 있어요~ 
상태 좋습니다!
벨벳파우치,헤드케이스도 있습니다.

23년 11월 구입했지만, 
직장 다니면서 거의 사용을 못했습니다
20~25회 정도 사용하다보니 거의 새것 수준입니다.
",2,4,165,220000,37.9,grace송도,판매완료,2,인천 연수구 송도동,https://www.daangn.com/kr/buy-sell/%EB%A9%94%EB%94%94%ED%81%90%EB%B8%8C-%EC%97%90%EC%9D%B4%EC%A7%80%EC%95%8C-%EB%B6%80%EC%8A%A4%ED%84%B0-%ED%94%84%EB%A1%9C-mpsoqtr56rm8/
2025-08-29,메디큐브부스터프로,"메디큐브 부스터프로 팝니다~ 
사용감 있지만 새것처럼 잘 작동합니다! 
박스,충전기 없어서 싸게 팔아요~ (c타입 충전기로 충전 가능)

교환, 환불 불가능하니 신중하게 결정해주세요!",4,1,194,150000,38.3,okidoki,판매완료,2,인천 연수구 송도동,https://www.daangn.com/kr/buy-sell/%EB%A9%94%EB%94%94%ED%81%90%EB%B8%8C%EB%B6%80%EC%8A%A4%ED%84%B0%ED%94%84%EB%A1%9C-gupghchd2x6c/
2025-08-17,메디큐브에이지알부스터프로미니플러스(베이지색상),"메디큐브 에이지알 부스터프로입니다. 
최근에 출시한제품입니당. 딱 두번 사용하고 소독해서 넣어놨습니다.
진정, 광채(흡수), 미백 모드 이렇게 세 가지 가능하구요, 구매한지 3일밖에 안되었습니다!
피부 관리에 도움을 주는 뷰티 디바이스입니다! 
편하게 연락주세요!",1,10,211,68000,40.9,yhun,판매완료,2,인천 연수구 송도동,https://www.daangn.com/kr/buy-sell/%EB%A9%94%EB%94%94%ED%81%90%EB%B8%8C-%EC%97%90%EC%9D%B4%EC%A7%80%EC%95%8C-%EB%B6%80%EC%8A%A4%ED%84%B0%ED%94%84%EB%A1%9C-%EB%AF%B8%EB%8B%88-%ED%94%8C%EB%9F%AC%EC%8A%A4-%EB%B2%A0%EC%9D%B4%EC%A7%80-%EC%83%89%EC%83%81-a1rcxht2xn1a/
2025-08-20,메디큐브부스터프로미니,몇번 사용하지 않아 거의 새거처럼 깨끗합니다,1,4,146,50000,51.8,abc,판매완료,3,인천 연수구 송도동,https://www.daangn.com/kr/buy-sell/%EB%A9%94%EB%94%94%ED%81%90%EB%B8%8C-%EB%B6%80%EC%8A%A4%ED%84%B0%ED%94%84%EB%A1%9C%EB%AF%B8%EB%8B%88-8etemupw39o4/
2025-08-20,메디큐브에이지알부스터프로,"메디큐브 AGE-R Booster Pro Mini 판매합니다~ 
선물받았는데 사용안해서 판매합니다",3,14,272,70000,40.0,꼬꼬,판매완료,4,인천 연수구 송도동,https://www.daangn.com/kr/buy-sell/%EB%A9%94%EB%94%94%ED%81%90%EB%B8%8C-%EC%97%90%EC%9D%B4%EC%A7%80%EC%95%8C-%EB%B6%80%EC%8A%A4%ED%84%B0-%ED%94%84%EB%A1%9C-whubjnduu94n/
2025-08-10,메디큐브에이지알부스터프로미니,2025년 7월 8일에 구매했습니다 박스는 없고 기기와 파우치만 있습니다 사용하지 않아서 판매해용,1,3,115,60000,57.7,3333378,판매완료,1,인천 연수구 송도동,https://www.daangn.com/kr/buy-sell/%EB%A9%94%EB%94%94%ED%81%90%EB%B8%8C-%EC%97%90%EC%9D%B4%EC%A7%80%EC%95%8C-%EB%B6%80%EC%8A%A4%ED%84%B0%ED%94%84%EB%A1%9C-%EB%AF%B8%EB%8B%88-xu1qcha9gsyb/
2025-08-01,메디큐브에이지알부스터프로새상품,"메디큐브 에이지알 부스터 프로 새상품입니다!

글루타치온 크림, 헤드케이스 같이 드려요",1,0,53,220000,56.3,몰리브데넘,판매완료,1,인천 연수구 송도동,https://www.daangn.com/kr/buy-sell/%EB%A9%94%EB%94%94%ED%81%90%EB%B8%8C-%EC%97%90%EC%9D%B4%EC%A7%80%EC%95%8C-%EB%B6%80%EC%8A%A4%ED%84%B0-%ED%94%84%EB%A1%9C-%EC%83%88%EC%83%81%ED%92%88-kkd7k828mc98/
2025-07-30,메디큐브부스터프로단순개봉미사용,"부스터프로 단순개봉 미사용 입니다

사진과 같이 구매한지는 한달이 채 안됐고 
동일한 상품 선물을 받아서
엄마줄까하다 필요없다하여 판매합니다

원래 사용할 생각이었던 터라 단순개봉은 했으나
미사용입니다. 

풀박스이며 충전기등 첫상태 그대로 입니다
송도2동 주민센터  또는 우체국 앞에서 거래 가능",1,8,122,200000,44.4,동네불쥬먹,판매완료,2,인천 연수구 송도동,https://www.daangn.com/kr/buy-sell/%EB%A9%94%EB%94%94%ED%81%90%EB%B8%8C-%EB%B6%80%EC%8A%A4%ED%84%B0%ED%94%84%EB%A1%9C-%EB%8B%A8%EC%88%9C%EA%B0%9C%EB%B4%89-%EB%AF%B8%EC%82%AC%EC%9A%A9-xvockbmnyq1u/
2025-07-23,메디큐브에이지알부스터프로헬로키티에디션,"메디큐브 에이지알 부스터 프로 헬로키티 에디션입니다

구매후 5회 사용했고, 사진에 구성품 모두 가격입니다

C타입 충전선도 같이 드려요


- GS 편의점 반값 택배 : 2,000원

- 편의점 일반 택배 : 4,000원

- 직거래 시간 조율 가능",2,11,155,200000,40.9,율0,판매완료,3,인천 연수구 송도동,https://www.daangn.com/kr/buy-sell/%EB%A9%94%EB%94%94%ED%81%90%EB%B8%8C-%EC%97%90%EC%9D%B4%EC%A7%80%EC%95%8C-%EB%B6%80%EC%8A%A4%ED%84%B0-%ED%94%84%EB%A1%9C-%ED%97%AC%EB%A1%9C%ED%82%A4%ED%8B%B0-%EC%97%90%EB%94%94%EC%85%98-1dhpbg7icdje/
2025-07-23,김희선메디큐브에이지알부스터프로,"메디큐브 에이지알 부스터 프로 

- 더마 EMS 기술
- 4가지 모드 (부스팅, 탄력, 모공 케어)
- 피부 탄력, 모공, 각질, 피부결 개선에 도움
13만원",3,2,79,130000,37.3,빙고,판매완료,3,인천 연수구 송도동,https://www.daangn.com/kr/buy-sell/%EA%B9%80%ED%9D%AC%EC%84%A0-%EB%A9%94%EB%94%94%ED%81%90%EB%B8%8C-%EC%97%90%EC%9D%B4%EC%A7%80%EC%95%8C-%EB%B6%80%EC%8A%A4%ED%84%B0-%ED%94%84%EB%A1%9C-ixu62jqvkagd/
2025-06-13,메디큐브에이지알부스터프로,"3달전쯤 구매했는데 막상 사두고 귀찮아서 일주일도 못써보고 방치만 해놨어요. 상태 좋구요
충전기도 같이 들어있어요

확실히 바로 효과 오는 것 같았어요 
엄청 쫀쫀해져서 화장 잘먹어욤",2,15,337,210500,39.4,momo,판매완료,3,인천 연수구 송도동,https://www.daangn.com/kr/buy-sell/%EB%A9%94%EB%94%94%ED%81%90%EB%B8%8C-%EC%97%90%EC%9D%B4%EC%A7%80%EC%95%8C-%EB%B6%80%EC%8A%A4%ED%84%B0%ED%94%84%EB%A1%9C-vzufwnzsrudc/
2025-06-21,[메디큐브]부스터프로쿠로미에디션새상품,"새상품  입니다.
저 스티커랑닦는것만 없고 풀박입니다
선물받은건데 있어서 싸게팔아요~",1,8,120,270000,49.2,용용,판매완료,4,인천 연수구 송도동,https://www.daangn.com/kr/buy-sell/%EB%A9%94%EB%94%94%ED%81%90%EB%B8%8C-%EB%B6%80%EC%8A%A4%ED%84%B0%ED%94%84%EB%A1%9C-%EC%BF%A0%EB%A1%9C%EB%AF%B8-%EC%97%90%EB%94%94%EC%85%98-%EC%83%88%EC%83%81%ED%92%88-2ddrhxyyhb9x/
2025-05-16,미개봉메디큐브부스터프로+콜라겐마스크6장,"선물 받아서 어제 택배 도착했습니다!!
미개봉 단품 +메디큐브 콜라겐 마스크 6장

25만원 쿨거시 24만원 
빠른 연락주세요!",4,8,170,250000,56.1,앙고링,판매완료,2,인천 연수구 송도동,https://www.daangn.com/kr/buy-sell/%EB%AF%B8%EA%B0%9C%EB%B4%89-%EB%A9%94%EB%94%94%ED%81%90%EB%B8%8C-%EB%B6%80%EC%8A%A4%ED%84%B0%ED%94%84%EB%A1%9C-%EC%BD%9C%EB%9D%BC%EA%B2%90-%EB%A7%88%EC%8A%A4%ED%81%AC-6%EC%9E%A5-3jzemoeq8xt2/
2025-05-31,메디큐브에이지알부스터프로새상품,"메디큐브 AGE-R 부스터 프로 새상품입니다


미개봉상품이고 뚜껑도 있습니다

가격제안 x

문고리 거래합니다. 입금 확인 후 동호수 알려드리겠습니다",4,6,225,230000,41.1,닉네임어떤걸로할까,판매완료,3,인천 연수구 송도동,https://www.daangn.com/kr/buy-sell/%EB%A9%94%EB%94%94%ED%81%90%EB%B8%8C-%EC%97%90%EC%9D%B4%EC%A7%80%EC%95%8C-%EB%B6%80%EC%8A%A4%ED%84%B0-%ED%94%84%EB%A1%9C-%EC%83%88%EC%83%81%ED%92%88-5pt5v3rr6feq/
2025-06-01,메디큐브에이지알부스터프로팝니다.,"메디큐브 에이지알 부스터 프로 팝니다. 

올해 올해 4월에 사고 한 5번정도밖에 사용 안 한 거의 새상품입니다. 생각보다 자주 안쓰게 돼서 판매합니다. 사용할 때마다 알코올솜으로 깨끗하고 닦고 사용하였습니다. 곰돌이 헤드도 같이 드려요! 

센트럴파크 직거래 선호하고, 중고제품이다보니 교환 환불은 어렵습니다. 편하게 연락주세요!",2,6,112,200000,38.8,하누,판매완료,3,인천 연수구 송도동,https://www.daangn.com/kr/buy-sell/%EB%A9%94%EB%94%94%ED%81%90%EB%B8%8C-%EC%97%90%EC%9D%B4%EC%A7%80%EC%95%8C-%EB%B6%80%EC%8A%A4%ED%84%B0-%ED%94%84%EB%A1%9C-%ED%8C%9D%EB%8B%88%EB%8B%A4-x9mxv8qf58em/
2025-04-26,메디큐브부스터프로,"초반에 몇번만 쓰고 보관만해서 판매해요
상태 좋으나 중고니 예민하신분은 패스해주세요

충전기와 함께 드립니다
네고 불가",4,13,519,200000,74.9,에이프릴,판매완료,1,인천 연수구 송도동,https://www.daangn.com/kr/buy-sell/%EB%A9%94%EB%94%94%ED%81%90%EB%B8%8C-%EB%B6%80%EC%8A%A4%ED%84%B0%ED%94%84%EB%A1%9C-hgnx3fytjcgs/
2025-04-19,[미개봉]메디큐브부스터프로,"새상품 네고 불가
두개 있어서 판매해요",2,5,238,260000,37.6,얌프라이,판매완료,1,인천 연수구 송도동,https://www.daangn.com/kr/buy-sell/%EB%AF%B8%EA%B0%9C%EB%B4%89-%EB%A9%94%EB%94%94%ED%81%90%EB%B8%8C-%EB%B6%80%EC%8A%A4%ED%84%B0%ED%94%84%EB%A1%9C-h6c9d84cusxk/
2025-04-26,단순개봉메디큐브에이지알부스터프로헬로키티에디션,"메디큐브 에이지알 부스터 프로 헬로키티 에디션

귀여운 헬로키티 디자인으로 홈케어해요!
상자와 구성품 모두 있습니다

단순개봉 상품입니당!
사용 안했어용
다른거 구매해서 내놔용


♥️27만원♥️ 

택배 원하시면 무료배송 해드릴게용!",3,6,241,270000,91.7,뽀잉잉,판매완료,5,인천 연수구 송도동,https://www.daangn.com/kr/buy-sell/%EB%8B%A8%EC%88%9C%EA%B0%9C%EB%B4%89-%EB%A9%94%EB%94%94%ED%81%90%EB%B8%8C-%EC%97%90%EC%9D%B4%EC%A7%80%EC%95%8C-%EB%B6%80%EC%8A%A4%ED%84%B0-%ED%94%84%EB%A1%9C-%ED%97%AC%EB%A1%9C%ED%82%A4%ED%8B%B0-%EC%97%90%EB%94%94%EC%85%98-xm8ciswq2n11/
2025-04-28,메디큐브부스터프로기기(상태:최상급)⭐️,"유학생활하면서 관리해보려고 두 달 전에 구매한 기기인데 귀차니즘이 너무 심해서 몇 번 안쓰고 방치하게 되서잠시 한국 들어온 김에 판매하려거합니다ㅠ

흠집이나 상태 거의 새 것이라 보시면되고 박스랑 보증서도있습니당~ 당연히 소독도해서 드려요

가격제안주시면 합리적이라고 생각되는 선에서 판매할 생각이니 뷰티/피부관리에 관심있으신 분들은 편히 채팅주세욤😋

급처라 빨리 연락주신분께 판매하겠습니다!",3,4,115,170000,38.8,오늘이꽃,판매완료,1,인천 연수구 송도동,https://www.daangn.com/kr/buy-sell/%EB%A9%94%EB%94%94%ED%81%90%EB%B8%8C-%EB%B6%80%EC%8A%A4%ED%84%B0%ED%94%84%EB%A1%9C%EA%B8%B0%EA%B8%B0-%EC%83%81%ED%83%9C-%EC%B5%9C%EC%83%81%EA%B8%89-sxyj24bvtpdc/
2025-03-01,메디큐브부스터프로핑크에디션최종가격,"작년 12월경 구매하고 3번정도 사용했습니다
관리 후 보습이나 속광 효과는 잘 봤으나 일이 바빠 도저히 관리할 시간이 안 나 판매합니다
구성- 기기 본품, 곰돌이 실리콘 캡, pdrn 부스터 젤, 전용 소독 티슈 새것, pdrn 핑크 펩타이드 세럼 새것, 엑소좀 시카 세럼 새것, 콜라겐 글로우 부스터 세럼 새것 일괄 판매합니다

직거래 문고리거래 모두 가능합니다",4,7,548,270000,51.1,후추는야옹,판매완료,1,인천 연수구 송도동,https://www.daangn.com/kr/buy-sell/%EB%A9%94%EB%94%94%ED%81%90%EB%B8%8C-%EB%B6%80%EC%8A%A4%ED%84%B0%ED%94%84%EB%A1%9C-%ED%95%91%ED%81%AC%EC%97%90%EB%94%94%EC%85%98-%EC%B5%9C%EC%A2%85%EA%B0%80%EA%B2%A9-x54uq5wahuvu/
2025-04-04,메디큐브부스터프로미니,"메디큐브 부스터 프로 미니 춘식이 에디션이에용 
3월에 구매했어요
다른 기기를 선물 받아서 팝니다!! 
실사용 5회미만이에요 사용 후 알콜솜으로 다 소독하면서 사용했어서 엄청 깨끗합니다 
파우치+박스+스티커 같이 드려요",1,0,129,70000,47.5,옷장터짐,판매완료,3,인천 연수구 송도동,https://www.daangn.com/kr/buy-sell/%EB%A9%94%EB%94%94%ED%81%90%EB%B8%8C-%EB%B6%80%EC%8A%A4%ED%84%B0-%ED%94%84%EB%A1%9C-%EB%AF%B8%EB%8B%88-3istqaztjeb1/
2025-03-14,메디큐브부스터프로핑크에디션+곰돌이캡+pdrn토너세럼크림세트,"올해 2월에 구매하고 사용 2번밖에 안했어요
사용감이나 하자 전혀 없습니다
저는 게을러서.. 사용 잘 안하게 되어서 팔아요ㅠ

스킨케어 구성품 모두 같이 드립니다(미사용 포장 그대로)

가격 최종입니다",3,19,432,270000,39.0,당근케이크,판매완료,1,인천 연수구 송도동,https://www.daangn.com/kr/buy-sell/%EB%A9%94%EB%94%94%ED%81%90%EB%B8%8C-%EB%B6%80%EC%8A%A4%ED%84%B0%ED%94%84%EB%A1%9C-%ED%95%91%ED%81%AC%EC%97%90%EB%94%94%EC%85%98-%EA%B3%B0%EB%8F%8C%EC%9D%B4%EC%BA%A1-pdrn%ED%86%A0%EB%84%88%EC%84%B8%EB%9F%BC%ED%81%AC%EB%A6%BC-%EC%84%B8%ED%8A%B8-nc588z314dxj/
2025-01-23,메디큐브에이징부스터프로피부마사지기,구매하고 할인받아 37만원에 구매하고 몇번 사용안하고 급전이 필요해 팝니다 네고가능,3,1,105,200000,37.9,하하하,판매완료,2,인천 연수구 송도동,https://www.daangn.com/kr/buy-sell/%EB%A9%94%EB%94%94%ED%81%90%EB%B8%8C-%EC%97%90%EC%9D%B4%EC%A7%95-%EB%B6%80%EC%8A%A4%ED%84%B0-%ED%94%84%EB%A1%9C-%ED%94%BC%EB%B6%80%EB%A7%88%EC%82%AC%EC%A7%80%EA%B8%B0-7wwthnwwk1pa/
2025-01-19,메디큐브부스터프로핑크미개봉새제품,"메디큐브 부스터프로 핑크 미개봉 새제품
25년 1월 구매 상품
택배거래 가능",4,2,120,260000,38.3,doubles84,판매완료,2,인천 연수구 송도동,https://www.daangn.com/kr/buy-sell/%EB%A9%94%EB%94%94%ED%81%90%EB%B8%8C-%EB%B6%80%EC%8A%A4%ED%84%B0%ED%94%84%EB%A1%9C-%ED%95%91%ED%81%AC-%EB%AF%B8%EA%B0%9C%EB%B4%89-%EC%83%88%EC%A0%9C%ED%92%88-w59f8wzq69f4/
2025-01-14,메디큐브age-r부스터프로,"24년 9월 구매 후 7-8회 정도 사용
박스 있고, 구성 분실 없어요
부스터프로 미니 받고 그것만 써서 팔아요

반값 +0.2
일반 +0.4",2,2,128,180000,44.6,부자의포즈,판매완료,4,인천 연수구 송도동,https://www.daangn.com/kr/buy-sell/%EB%A9%94%EB%94%94%ED%81%90%EB%B8%8C-age-r-%EB%B6%80%EC%8A%A4%ED%84%B0-%ED%94%84%EB%A1%9C-xg5b5cv2be4i/
2024-12-29,메디큐브에이지알부스터프로,"실사용횟수 6회 메디큐브 에이지알 부스터 프
로 팝니다!
박스는 없고 설명서랑 본품, 충전단자 있습니다
(충전기 본체 원래 없음)
상태 엄청 좋아요 
ㅜㅜ게으른편이라 자주 못쓸거같아서 팝니다!!
평일 송도동 주말 용산구 직거래 가능합니다",6,12,331,190000,38.9,롱롱,판매완료,1,인천 연수구 송도동,https://www.daangn.com/kr/buy-sell/%EB%A9%94%EB%94%94%ED%81%90%EB%B8%8C-%EC%97%90%EC%9D%B4%EC%A7%80%EC%95%8C-%EB%B6%80%EC%8A%A4%ED%84%B0%ED%94%84%EB%A1%9C-1ys34jftc399/
2024-11-22,메디큐브에이지알부스터프로새제품+곰돌이+토너,"방금택배도착한 새제품 미개봉상품입니다
곰돌이헤드(블랙)+ 새제품토너
(토너: 메디큐브에이지알 글루타치온 글로우 토너)   

일반택배.반값택배.직거래 아카데미로447 
모두가능
반품x 
정품바코드있어서 사진에색칠함

부스터프로+곰돌이헤드+토너1개
기계에대한정보는 인터넷보시고 
사실분만연락주세요^^ 네고안되요..
집에있는지모르고 남편이또샀네요
*포장온대루 고대로다시넣었어요 선물하기편하시게*
",4,12,323,250000,48.7,윈디젤라,판매완료,7,인천 연수구 송도동,https://www.daangn.com/kr/buy-sell/%EB%A9%94%EB%94%94%ED%81%90%EB%B8%8C-%EC%97%90%EC%9D%B4%EC%A7%80%EC%95%8C-%EB%B6%80%EC%8A%A4%ED%84%B0%ED%94%84%EB%A1%9C-%EC%83%88%EC%A0%9C%ED%92%88-%EA%B3%B0%EB%8F%8C%EC%9D%B4-%ED%86%A0%EB%84%88-7mhzyjskjhv8/
2024-11-05,메디큐브에이지알부스터프로,올해 연초 선물받았는데 거의 안썼습니다. 박스부터 그대로 다 있습니다. 소독티슈 껴서 같이 드립니다.,2,8,206,230000,51.9,BN,판매완료,1,인천 연수구 송도동,https://www.daangn.com/kr/buy-sell/%EB%A9%94%EB%94%94%ED%81%90%EB%B8%8C-%EC%97%90%EC%9D%B4%EC%A7%80%EC%95%8C-%EB%B6%80%EC%8A%A4%ED%84%B0%ED%94%84%EB%A1%9C-bh5vw6r9nj1v/
2024-11-13,(새상품)메디큐브부스터프로핑크(곰돌이전용캡포함),"메디큐브 부스터프로 핑크입니다
곰돌이 전용캡 포함이에요~

상태확인차 단순개봉한 새상품이고,
겉박스까지 받은 그대로 보관중입니다
11월초에 직접구매했는데,
다른 뷰티디바이스를 선물로 받아서
아쉽지만 내놓습니다~~

구매 원하시는 분은 챗 주세요!!

☆당근과 중고나라에 동시에 올리다보니
다른곳에서 먼저 판매되는 경우도 있습니다☆",1,4,104,250000,59.9,뽀오,판매완료,3,인천 연수구 송도동,https://www.daangn.com/kr/buy-sell/%EC%83%88%EC%83%81%ED%92%88-%EB%A9%94%EB%94%94%ED%81%90%EB%B8%8C-%EB%B6%80%EC%8A%A4%ED%84%B0%ED%94%84%EB%A1%9C-%ED%95%91%ED%81%AC-%EA%B3%B0%EB%8F%8C%EC%9D%B4-%EC%A0%84%EC%9A%A9%EC%BA%A1-%ED%8F%AC%ED%95%A8-git6bry24dve/
2024-11-11,메디큐브에이지알부스터프로,"올 초쯤 구매했었는데, 원래 쓰던 기기가 있어서 아끼다가 몇번 사용 못했습니다~

5회미만 사용이구요
알콜소독 열심히 하면서 사용했습니다 

풀박스 이구
충전케이블하구 설명서 안뜯은채로 있습니다~

3공구 코스트코 근처 직거래 또는 문고리 거래 합니다~^^",2,2,187,160000,44.1,수딩이,판매완료,3,인천 연수구 송도동,https://www.daangn.com/kr/buy-sell/%EB%A9%94%EB%94%94%ED%81%90%EB%B8%8C-%EC%97%90%EC%9D%B4%EC%A7%80%EC%95%8C-%EB%B6%80%EC%8A%A4%ED%84%B0%ED%94%84%EB%A1%9C-qvbmtdak14gh/
2024-10-12,메디큐브부스터프로(미개봉),"메디큐브 부스터프로(미개봉) 입니다
선물받아 판매합니다",1,2,72,260000,44.8,하이맨,판매완료,2,인천 연수구 송도동,https://www.daangn.com/kr/buy-sell/%EB%A9%94%EB%94%94%ED%81%90%EB%B8%8C-%EB%B6%80%EC%8A%A4%ED%84%B0%ED%94%84%EB%A1%9C-%EB%AF%B8%EA%B0%9C%EB%B4%89-dtsg178gmph1/
2024-10-11,메디큐브부스터프로,"메디큐브 부스터 프로입니다
실사용횟수 5회미만이며 상태 깨끗합니다",2,3,221,210000,49.1,문고리거래선호,판매완료,3,인천 연수구 송도동,https://www.daangn.com/kr/buy-sell/%EB%A9%94%EB%94%94%ED%81%90%EB%B8%8C-%EB%B6%80%EC%8A%A4%ED%84%B0%ED%94%84%EB%A1%9C-ym1cs8ykpfki/
2024-08-10,미개봉새상품/메디큐브부스터프로,"메디큐브 부스터프로 미개봉 새상품입니다.
인터넷 최저가보다 싸게올려요.
아예 개봉도 안한 새상품이라 선물도 가능하세요!
네고는 정중히 사양합니다.
안팔리면 친정엄마 드릴거에요^^",2,4,129,1234,80.7,집정리중구경하고득템,판매완료,4,인천 연수구 송도동,https://www.daangn.com/kr/buy-sell/%EB%AF%B8%EA%B0%9C%EB%B4%89%EC%83%88%EC%83%81%ED%92%88-%EB%A9%94%EB%94%94%ED%81%90%EB%B8%8C-%EB%B6%80%EC%8A%A4%ED%84%B0%ED%94%84%EB%A1%9C-cas2w38nrgxh/
2024-06-18,오늘받은메디큐브에이지알부스터프로팝니다,"메디큐브 부스터 프로 국민 마사지기로 유명해서 오늘 받은 제품이에요,, 사용설명서 보는데 알레르기 피부나 아토피 피부는 사용하지 말라 적혀있어서 제가 다 해당되므로ㅠㅠ 처분합니다.  
한번도 사용 안했고 설명서만 읽고 기계는 만지지도 않았네요 ㅎ 
세럼, 크림 포함해서 34만원에 구매했고 기계만 최저가보다 낮은 금액으로 24만원에 팔겠습니다!",4,3,198,240000,36.8,kiminozg12,판매완료,2,인천 연수구 송도동,https://www.daangn.com/kr/buy-sell/%EC%98%A4%EB%8A%98%EB%B0%9B%EC%9D%80-%EB%A9%94%EB%94%94%ED%81%90%EB%B8%8C-%EC%97%90%EC%9D%B4%EC%A7%80%EC%95%8C-%EB%B6%80%EC%8A%A4%ED%84%B0-%ED%94%84%EB%A1%9C-%ED%8C%9D%EB%8B%88%EB%8B%A4-ys9y3trq4qwm/
2025-06-07,메디큐브에이지알부스터프로,"메디큐브 에이지알 부스터 프로 내놓습니다!

- 피부 속 광채 부스팅
- 모공 탄력, 피부결 개선에 도움
- 5가지 모드 (부스터, MC, 더마 EMS, 에어샷, 타이트닝)로 관리 가능

제조일자는 사진에 보이는 것처럼 22년 8월 23일입니다",5,7,463,80000,53.7,함께하는이웃,판매중,5,경기 하남시 덕풍1동,https://www.daangn.com/kr/buy-sell/%EB%A9%94%EB%94%94%ED%81%90%EB%B8%8C-%EC%97%90%EC%9D%B4%EC%A7%80%EC%95%8C-%EB%B6%80%EC%8A%A4%ED%84%B0-%ED%94%84%EB%A1%9C-xio8ab5ibhq3/
2026-03-26,메디큐브브이롤러핑크(미개봉새상품+젤),"메디큐브 에이지알 부스터 브이롤러 핑크색상입니다
피부 컨디션 개선에 도움을 주고, 피부 탄력 및 매끄러움 개선에 효과적입니다
PDRN 부스터 젤 300ml도 함께 드립니다.
브이롤러 헤드만입니다.
미니부스터프로에 연결해야합니다.

-브이롤러 미개봉 새상품
-부스터젤 미개봉 새상품",1,3,81,50000,48.3,라벤더,판매완료,3,경기 하남시 덕풍1동,https://www.daangn.com/kr/buy-sell/%EB%A9%94%EB%94%94%ED%81%90%EB%B8%8C-%EB%B8%8C%EC%9D%B4%EB%A1%A4%EB%9F%AC-%ED%95%91%ED%81%AC-%EB%AF%B8%EA%B0%9C%EB%B4%89%EC%83%88%EC%83%81%ED%92%88-%EC%A0%A4-18ro9xe5adsj/
2025-09-26,메디큐브에이지알부스터프로,"메디큐브 에이지알 부스터 프로 라벤더 에디션 
 
라벤더 색상이 너무이뻐서 
올해 2월에 구매
아까워서 5번 미만 실사용 했습니다.

박스랑 충전 케이블 그대로 드려요:)",2,6,124,181000,39.9,스윗맘,판매완료,4,경기 하남시 덕풍1동,https://www.daangn.com/kr/buy-sell/%EB%A9%94%EB%94%94%ED%81%90%EB%B8%8C-%EC%97%90%EC%9D%B4%EC%A7%80%EC%95%8C-%EB%B6%80%EC%8A%A4%ED%84%B0-%ED%94%84%EB%A1%9C-dhhqpxb5uu5s/
2025-09-15,메디큐브부스터프로미니(급처),"8/4일 구매.
핑크색상 이고,
가벼워서 무리 안가요 확실히 꼼꼼하게 흡수 잘됨.
5단계까지 있고 리프팅,탄력,진정 효과 좋음
써보고 싶으셨던분이 구매 하심 좋을듯요

시간낭비 하기 싫어요 찔러보기 사절이요.

동부초 근처 주택가 집앞 직거래",1,3,134,40000,42.3,Ganii,판매완료,1,경기 하남시 덕풍1동,https://www.daangn.com/kr/buy-sell/%EB%A9%94%EB%94%94%ED%81%90%EB%B8%8C-%EB%B6%80%EC%8A%A4%ED%84%B0%ED%94%84%EB%A1%9C-%EB%AF%B8%EB%8B%88-%EA%B8%89%EC%B2%98-7kpiaaw1qugo/
2025-01-16,메디큐브부스터프로,본체만있어서 저렴하게 판매합니다.,4,1,205,150000,54.8,알뜰살뜰,판매완료,1,경기 하남시 덕풍1동,https://www.daangn.com/kr/buy-sell/%EB%A9%94%EB%94%94%ED%81%90%EB%B8%8C-%EB%B6%80%EC%8A%A4%ED%84%B0-%ED%94%84%EB%A1%9C-gk288q6k8j71/
2026-01-13,메디큐브부스터프로미니카카오프렌즈춘식이에디션,"메디큐브 부스터 프로 미니 카카오프렌즈 춘식이 콜라보 제품입니다.
피부 속 광채를 깨우고, 겉탄력 리프팅 효과를 줍니다. 그리고 진정과 미백 효과도 있습니다.
옐로우 색상이며, 파우치 함께 드립니다.
원하신다면 춘식이 스티커 한장 드립니다.
사용감은 정말 없습니다.기기에 스크래치도 없습니다.
마지막 할인입니다",3,28,507,60000,39.9,Aa,판매완료,6,부산 동래구 복산동,https://www.daangn.com/kr/buy-sell/%EB%A9%94%EB%94%94%ED%81%90%EB%B8%8C-%EB%B6%80%EC%8A%A4%ED%84%B0-%ED%94%84%EB%A1%9C-%EB%AF%B8%EB%8B%88-%EC%B9%B4%EC%B9%B4%EC%98%A4%ED%94%84%EB%A0%8C%EC%A6%88-%EC%B6%98%EC%8B%9D%EC%9D%B4-%EC%97%90%EB%94%94%EC%85%98-7259bpxa1xhk/
2026-06-03,메디큐브크레용신짱에이지알부스터프로미니,"메디큐브 애이지알 부스터 프로 미니
모델명 ME-B9MP-B4, DC 3.7V, 700mAh 배터리가 탑재되어 있어요
USB C타입 충전으로 편리하게 사용할 수 있답니다",0,2,15,70000,37.4,1000,판매중,2,인천 서구 청라2동,https://www.daangn.com/kr/buy-sell/%EB%A9%94%EB%94%94%ED%81%90%EB%B8%8C-%ED%81%AC%EB%A0%88%EC%9A%A9%EC%8B%A0%EC%A7%B1-%EC%97%90%EC%9D%B4%EC%A7%80%EC%95%8C-%EB%B6%80%EC%8A%A4%ED%84%B0-%ED%94%84%EB%A1%9C-%EB%AF%B8%EB%8B%88-umzj87suzu5a/
2026-03-25,미개봉새상품메디큐브에이지알부스터프로,"미개봉 메디큐브 에이지알 부스터 프로 옐로우색상입니다
곰돌이 뚜껑도 함께있어서 청결하게 사용하실수있어요
26년 3월3일에 구매했는데
반품기간이 지나 개봉전에 판매합니다",1,4,117,210000,45.3,노롱이,판매중,4,인천 서구 청라2동,https://www.daangn.com/kr/buy-sell/%EB%AF%B8%EA%B0%9C%EB%B4%89-%EC%83%88%EC%83%81%ED%92%88-%EB%A9%94%EB%94%94%ED%81%90%EB%B8%8C-%EC%97%90%EC%9D%B4%EC%A7%80%EC%95%8C-%EB%B6%80%EC%8A%A4%ED%84%B0-%ED%94%84%EB%A1%9C-6r2bpd3ygeoa/
2025-12-27,메디큐브age-r부스터프로미니마이멜로디,"메디큐브 AGE-R 부스터 프로 미니 플러스 마이멜로디 에디션 팝니다

- 풀박스 5번도 안쓴 상품입니다
- 핑크색의 귀여운 마이멜로디 에디션입니다
-충전기 포함 
네고 가능",2,19,450,72000,37.3,다다,판매완료,2,인천 서구 청라2동,https://www.daangn.com/kr/buy-sell/%EB%A9%94%EB%94%94%ED%81%90%EB%B8%8C-age-r-%EB%B6%80%EC%8A%A4%ED%84%B0-%ED%94%84%EB%A1%9C-%EB%AF%B8%EB%8B%88-%EB%A7%88%EC%9D%B4%EB%A9%9C%EB%A1%9C%EB%94%94-w26xrn63nov3/
2026-05-27,메디큐브에이지알부스터프로블랙풀박스,"메디큐브 에이지알 부스터프로 블랙 색상입니다.

구성품은 본체, 충전 케이블 있습니다.

잔기스, 헤드부분기스, 사용감 충분히 있습니다.
사진 자세히 첨부했기때문에 꼼꼼히 확인해주세요~

사용하는것(소리,불빛,화면)에는 지장없습니다 !

에눌문의 안 받습니다~",0,4,42,75000,42.8,햇빛알러지,판매완료,7,인천 서구 청라2동,https://www.daangn.com/kr/buy-sell/%EB%A9%94%EB%94%94%ED%81%90%EB%B8%8C-%EC%97%90%EC%9D%B4%EC%A7%80%EC%95%8C-%EB%B6%80%EC%8A%A4%ED%84%B0%ED%94%84%EB%A1%9C-%EB%B8%94%EB%9E%99-%ED%92%80%EB%B0%95%EC%8A%A4-r18p25j23vnp/
2026-04-22,메디큐브에이지알부스터프로x2핑크(새상품미개봉),"이번 신상 !!!!! 메디큐브 에이지알 부스터 프로 X2 핑크 색상이에요 💓
사용하던게 있어서 판매합니다
새 제품 가격은 37에 파네요

얼른 처분하고싶어서 좀 저렴하게 내놓을게요
가격하락은 어렵습니다 :))",2,11,111,285000,41.9,나나,판매완료,3,인천 서구 청라2동,https://www.daangn.com/kr/buy-sell/%EB%A9%94%EB%94%94%ED%81%90%EB%B8%8C-%EC%97%90%EC%9D%B4%EC%A7%80%EC%95%8C-%EB%B6%80%EC%8A%A4%ED%84%B0-%ED%94%84%EB%A1%9C-x2-%ED%95%91%ED%81%AC-%EC%83%88%EC%83%81%ED%92%88-%EB%AF%B8%EA%B0%9C%EB%B4%89-pe1rmdh1dx6n/
2026-03-12,메디큐브age-r부스터프로블랙,"메디큐브 AGE-R 부스터 프로 블랙 입니다
사용감 거의 없어요
박스채인데 설명서가 없어요
홈페이지에서 확인 가능합니다",2,1,50,100000,37.9,이터널선샤인,판매완료,2,인천 서구 청라2동,https://www.daangn.com/kr/buy-sell/%EB%A9%94%EB%94%94%ED%81%90%EB%B8%8C-age-r-%EB%B6%80%EC%8A%A4%ED%84%B0-%ED%94%84%EB%A1%9C-%EB%B8%94%EB%9E%99-2x2rtafv3vhg/
2025-11-30,메디큐브부스터프로핑크베어헤드케이스(비매품-인터넷가39800원/미개봉),"메디큐브 에이지알 부스터 프로 핑크 베어 에디션 헤드케이스입니다! 
미개봉 제품이고 기기 가지고 계신 분들 기기 윗부분 헤드에 끼워서 사용하시면 됩니다. 원래 헤드케이스 따로는 팔지 않는 제품입니다:)

청라 내 직거래, 택배 모두 가능합니다:)",1,4,45,10000,51.6,하늘,판매완료,3,인천 서구 청라2동,https://www.daangn.com/kr/buy-sell/%EB%A9%94%EB%94%94%ED%81%90%EB%B8%8C-%EB%B6%80%EC%8A%A4%ED%84%B0%ED%94%84%EB%A1%9C-%ED%95%91%ED%81%AC%EB%B2%A0%EC%96%B4-%ED%97%A4%EB%93%9C%EC%BC%80%EC%9D%B4%EC%8A%A4-%EB%B9%84%EB%A7%A4%ED%92%88-%EC%9D%B8%ED%84%B0%EB%84%B7%EA%B0%80-39800%EC%9B%90-%EB%AF%B8%EA%B0%9C%EB%B4%89-jkqk1iexpg6n/
2025-10-17,메디큐브부스터&진동클렌저세트미개봉새상품,"메디큐브 부스터프로미니플러스와 진동 클렌저 세트 미개봉 새상품입니다
피부 속 깊은 곳까지 클렌징해주는 진동 클렌저와 피부 흡수를 도와주는 부스터로 구성되어 있습니다
- 콤팩트한 디자인으로 사용과 보관이 편리합니다
- 피부톤 개선에 도움을 줍니다",1,5,86,140000,50.1,헬로키티상점,판매완료,1,인천 서구 청라2동,https://www.daangn.com/kr/buy-sell/%EB%A9%94%EB%94%94%ED%81%90%EB%B8%8C-%EB%B6%80%EC%8A%A4%ED%84%B0-%EC%A7%84%EB%8F%99-%ED%81%B4%EB%A0%8C%EC%A0%80-%EC%84%B8%ED%8A%B8-%EB%AF%B8%EA%B0%9C%EB%B4%89%EC%83%88%EC%83%81%ED%92%88-s7bt2e3kq54x/
2025-08-20,메디큐브부스터프로판매합니다,"메디큐브 공식 홈페이지에서 구매한 정품이에요!
사놓고 두번 사용해서 거의 새거입니다:)
출국전에 판매하고 싶어서 시세보다 싸게 팔아요☺️",7,9,271,150000,36.9,나재민,판매완료,2,인천 서구 청라2동,https://www.daangn.com/kr/buy-sell/%EB%A9%94%EB%94%94%ED%81%90%EB%B8%8C-%EB%B6%80%EC%8A%A4%ED%84%B0%ED%94%84%EB%A1%9C-%ED%8C%90%EB%A7%A4%ED%95%A9%EB%8B%88%EB%8B%A4-zefruqrpwk76/
2025-06-16,메디큐브에이지알부스터프로,"메디큐브 에이지알 부스터 프로 내놓습니다

- 피부 속 광채 부스팅, 콜라겐 흡수 촉진, 모공 케어에 좋아요
- 5가지 맞춤모드
ㅡ5회미만 사용했어요.
반품 환불 안되니 잘생각하시고 구매해주세요.",2,0,48,180000,42.7,슈슈니,판매완료,1,인천 서구 청라2동,https://www.daangn.com/kr/buy-sell/%EB%A9%94%EB%94%94%ED%81%90%EB%B8%8C-%EC%97%90%EC%9D%B4%EC%A7%80%EC%95%8C-%EB%B6%80%EC%8A%A4%ED%84%B0-%ED%94%84%EB%A1%9C-q2tf9xq9tqx8/
2025-01-26,최종가)메디큐브에이지알에어샷,"메디큐브 에이지알 에어샷 풀박 재당근합니다-! 
부스터프로를 구매해서 에어샷은 안쓰게 되네요!

마지막 사진 보시면 오돌토돌 뭐가 있어서 시세보다 훨 저렴하게 내놓습니다~ 사용하는덴 지장없어요!

문고리거래나 청라역 직거래 희망합니다!",6,21,1103,40000,43.3,콩맘,판매완료,4,인천 서구 청라2동,https://www.daangn.com/kr/buy-sell/%EC%B5%9C%EC%A2%85%EA%B0%80-%EB%A9%94%EB%94%94%ED%81%90%EB%B8%8C-%EC%97%90%EC%9D%B4%EC%A7%80%EC%95%8C-%EC%97%90%EC%96%B4%EC%83%B7-rr9ycnvissdw/
2025-02-19,메디큐브age-r부스터프로,새상품,1,0,79,250000,37.8,visited,판매완료,2,인천 서구 청라2동,https://www.daangn.com/kr/buy-sell/%EB%A9%94%EB%94%94%ED%81%90%EB%B8%8C-age-r-%EB%B6%80%EC%8A%A4%ED%84%B0-%ED%94%84%EB%A1%9C-7m28kjfbv2bk/
2025-01-21,메디큐브부스터프로,"구입후 5번미만 사용했습니다

사용후 알콜로 소독후 보관했습니다 

모공 &  탄력케어 완전 좋습니다

다른 피부관리제품이 많아 내놓습니다 ",3,2,111,180000,45.5,wnsla707,판매완료,2,인천 서구 청라2동,https://www.daangn.com/kr/buy-sell/%EB%A9%94%EB%94%94%ED%81%90%EB%B8%8C-%EB%B6%80%EC%8A%A4%ED%84%B0%ED%94%84%EB%A1%9C-c5awyceuskki/
2025-01-11,메디큐브부스터프로,"작년 여름에 샀고 기기만 있어요
사고 초반에만 써서 거의 새거예요
그냥 두기아까워서 판매합니다
충전은 c타입으로 충전하심돼요~",1,1,99,160000,38.2,haruu,판매완료,4,인천 서구 청라2동,https://www.daangn.com/kr/buy-sell/%EB%A9%94%EB%94%94%ED%81%90%EB%B8%8C-%EB%B6%80%EC%8A%A4%ED%84%B0%ED%94%84%EB%A1%9C-v14pk5rp692y/
2024-10-28,메디큐브부스터프로,"메디큐브 부스터프로 새상품 판매해요
쓰던거 있는데 선물받아서 새상품
저렴하게 판매해요
글루타치온 글로우 앰플도 새거 두개 드릴게요",1,0,60,200000,37.3,제이,판매완료,2,인천 서구 청라2동,https://www.daangn.com/kr/buy-sell/%EB%A9%94%EB%94%94%ED%81%90%EB%B8%8C-%EB%B6%80%EC%8A%A4%ED%84%B0%ED%94%84%EB%A1%9C-xr1kafikjpy5/
2026-01-04,메디큐브에이지알부스터프로블랙,"구성품: 부스터프로, 캡, 앰플2개 (박스 없습니다..)
-> 앰플은 pdrn이나 글루타치온 중 선택할 수 있습니다

2025년 3월 구매하고 많이 사용하지 않았습니다. 생활 기스만 조금 있습니다!",1,10,336,180000,37.8,안경잽이,판매중,8,광주 광산구 장덕동,https://www.daangn.com/kr/buy-sell/%EB%A9%94%EB%94%94%ED%81%90%EB%B8%8C-%EC%97%90%EC%9D%B4%EC%A7%80%EC%95%8C-%EB%B6%80%EC%8A%A4%ED%84%B0-%ED%94%84%EB%A1%9C-%EB%B8%94%EB%9E%99-5xks1i615fbj/
2026-03-23,메디큐브에이지알부스터프로,"메디큐브 에이지알 부스터 프로 판매해요
 2025년 2월 제조 상품이에요
박스와 본체만 있습니다
환불X",1,2,59,130000,48.5,위즈니이,판매완료,4,광주 광산구 장덕동,https://www.daangn.com/kr/buy-sell/%EB%A9%94%EB%94%94%ED%81%90%EB%B8%8C-%EC%97%90%EC%9D%B4%EC%A7%80%EC%95%8C-%EB%B6%80%EC%8A%A4%ED%84%B0-%ED%94%84%EB%A1%9C-2bjuzkvg6mej/
2026-04-09,메디큐브에이지알부스터프로블랙,"메디큐브 에이지알 부스터 프로 블랙 판매해요
사진에 보이는 구성품 그대로 드려요
피부 관리 효과를 높여주는 제품이에요
집에서 간편하게 피부 관리하고 싶으신 분들께 추천드려요

케이스는 없습니다 ㅠ

",1,9,110,100000,43.7,yj,판매완료,2,광주 광산구 장덕동,https://www.daangn.com/kr/buy-sell/%EB%A9%94%EB%94%94%ED%81%90%EB%B8%8C-%EC%97%90%EC%9D%B4%EC%A7%80%EC%95%8C-%EB%B6%80%EC%8A%A4%ED%84%B0-%ED%94%84%EB%A1%9C-%EB%B8%94%EB%9E%99-rr8tbfonowjy/
2026-04-19,메디큐브에이지알부스터프로핑크(메인기기만),"피부 고민 해결을 도와주는 메디큐브 에이지알 부스터 프로 핑크예요
다양한 모드로 피부 관리를 할 수 있으며, 사용법도 간편해요
실사용 10회에서 20회 정도입니다.
사진에서와 같이 모든 모드 다 잘 작동합니다.
메인기기만 판매합니다.
c타입 충전기 사용하시면 돼요.
집에서 간편하게 피부 홈케어를 하고 싶으신 분들께 추천드려요",2,2,52,100000,37.6,송송,판매완료,10,광주 광산구 장덕동,https://www.daangn.com/kr/buy-sell/%EB%A9%94%EB%94%94%ED%81%90%EB%B8%8C-%EC%97%90%EC%9D%B4%EC%A7%80%EC%95%8C-%EB%B6%80%EC%8A%A4%ED%84%B0-%ED%94%84%EB%A1%9C-%ED%95%91%ED%81%AC-%EB%A9%94%EC%9D%B8%EA%B8%B0%EA%B8%B0%EB%A7%8C-xsybqa77q4ed/
2026-03-11,메디큐브에이지알부스터프로풀박스,"메디큐브 에이지알 부스터 프로 풀박스 새상품처입니다.
10번정도 사용했어요. 
30만원 주고 샀는데 싸게 팔아요. 
직거래. 반값택배. 택배  다가능해요. ",3,5,53,130000,36.8,덕만,판매완료,1,광주 광산구 장덕동,https://www.daangn.com/kr/buy-sell/%EB%A9%94%EB%94%94%ED%81%90%EB%B8%8C-%EC%97%90%EC%9D%B4%EC%A7%80%EC%95%8C-%EB%B6%80%EC%8A%A4%ED%84%B0-%ED%94%84%EB%A1%9C-%ED%92%80%EB%B0%95%EC%8A%A4-hbxkiswipoov/
2025-11-07,메디큐브에이지알부스터프로,"구매일자 2025 09월 
정품 인증 완료
신세계 손녀 애니한테 영업당해서 샀는데
저에게는 맞지않아 판매합니다
광채+피부결 개선 !!
사용횟수 2회
상태 최상 거의 새거나 다름없어요!!",1,10,133,180000,38.9,1678,판매완료,2,광주 광산구 장덕동,https://www.daangn.com/kr/buy-sell/%EB%A9%94%EB%94%94%ED%81%90%EB%B8%8C-%EC%97%90%EC%9D%B4%EC%A7%80%EC%95%8C-%EB%B6%80%EC%8A%A4%ED%84%B0%ED%94%84%EB%A1%9C-mmx332e3dxio/
2025-07-18,메디큐브에이지알부스터프로미니,"메디큐브 부스터 프로 미니입니다 어느정도 사용감은 있습니다(사진 참조) 박스 안버려서 설명서랑 박스 있습니다  핑크파우치도 드립니다 

- 제조일자: 24년 12월
",2,4,170,45000,48.5,위즈니이,판매완료,5,광주 광산구 장덕동,https://www.daangn.com/kr/buy-sell/%EB%A9%94%EB%94%94%ED%81%90%EB%B8%8C-%EC%97%90%EC%9D%B4%EC%A7%80%EC%95%8C-%EB%B6%80%EC%8A%A4%ED%84%B0-%ED%94%84%EB%A1%9C-%EB%AF%B8%EB%8B%88-dx99vj2u21fe/
2025-05-01,메디큐브에이지알부스터프로,"메디큐브 에이지알 부스터 프로 핑크색상입니다

- EMS, 미세 전류, LED 기능
- 5가지 모드 (피부 탄력, 모공, 각질, 윤광, 톤업)
- 정가는 30만원


메디큐브 부스터프로 핑크 판매합니다
1회 사용 후 보관만 했습니다
구성품 다 있습니다

더 궁금하신 점 있으시면 연락주세요

⚠️주의:교환이나 환불은 어렵습니다 

찔러보기나 의미없는 질문은 차단합니다",3,8,258,200000,38.0,카르마,판매완료,4,광주 광산구 장덕동,https://www.daangn.com/kr/buy-sell/%EB%A9%94%EB%94%94%ED%81%90%EB%B8%8C-%EC%97%90%EC%9D%B4%EC%A7%80%EC%95%8C-%EB%B6%80%EC%8A%A4%ED%84%B0-%ED%94%84%EB%A1%9C-dsq6sesqreh1/
2025-02-09,메디큐브부스터프로,"구매는 작년 7월쯤해서 사용은 한달정도 했습니다 ! 당연히 작동안되는 거 없구요 다른디바이스 구매로 내놓았습니다 직거래 우산동 청사교회쪽에서 진행합니다 반값택배 알뜰택배,반값택배 가능 (+1800원) 하자 없습니다 하자가 따로 없어서 환불은 안됩니다 !! 사진에 보이는대로 풀박스 구성으로 드립니다 :)",1,5,185,210000,48.1,쭈루뿌뿌,판매완료,1,광주 광산구 장덕동,https://www.daangn.com/kr/buy-sell/%EB%A9%94%EB%94%94%ED%81%90%EB%B8%8C-%EB%B6%80%EC%8A%A4%ED%84%B0-%ED%94%84%EB%A1%9C-7poxgbkogahf/
2025-01-12,🩷메디큐브에이지알부스터프로🩷,"🩷메디큐브 에이지알 부스터 프로🩷
귀차니즘으로 거의 사용을 안해서
박스도 기기도 새것처럼 잘 있습니다
이사가기 전 급전 필요해 내놔욥,,

빠른 거래 시 깎아드릴게요!

(사진에 얼굴 자꾸 비쳐서 펜으로 가렸어요 큰 차이 없지만 원본 사진 궁금하시면 채팅 주세요)",2,6,149,210000,38.7,소형견,판매완료,3,광주 광산구 장덕동,https://www.daangn.com/kr/buy-sell/%EB%A9%94%EB%94%94%ED%81%90%EB%B8%8C-%EC%97%90%EC%9D%B4%EC%A7%80%EC%95%8C-%EB%B6%80%EC%8A%A4%ED%84%B0-%ED%94%84%EB%A1%9C-snj2c8ascrov/
2025-12-22,메디큐브age-r부스터프로풀박스,"메디큐브 AGE-R 부스터 프로 풀박스입니다
피부 속 흡수를 촉진시켜주는 제품이에요
상태는 사진과 같이 좋습니다
- 풀박스 구성 (본체, 충전 케이블, 사용 설명서)
- 5가지 모드로 피부 컨디션에 맞게 사용 가능
- 피부 속 광채, 탄력, 모공, 피부결, 진정 효과

상태좋습니다 수원역 근처 문고리거래 가능하고 구매후 교환 반품 어려워요",9,25,556,140000,42.2,쁘니,판매중,1,경기 수원시 팔달구 매산로2가,https://www.daangn.com/kr/buy-sell/%EB%A9%94%EB%94%94%ED%81%90%EB%B8%8C-age-r-%EB%B6%80%EC%8A%A4%ED%84%B0-%ED%94%84%EB%A1%9C-%ED%92%80%EB%B0%95%EC%8A%A4-bwo58uzhqq8m/
2026-04-18,메디큐브에이지알부스터프로블랙풀박스,"부스터 프로, 케이스 구성
사용하다가 귀찮아서 사용 안하게 되어 판매합니다
헤드에 잔기스 있있어서 싸게 팔아요",2,4,91,120000,39.8,뚱인데오,판매완료,3,경기 수원시 팔달구 매산로2가,https://www.daangn.com/kr/buy-sell/%EB%A9%94%EB%94%94%ED%81%90%EB%B8%8C-%EC%97%90%EC%9D%B4%EC%A7%80%EC%95%8C-%EB%B6%80%EC%8A%A4%ED%84%B0-%ED%94%84%EB%A1%9C-%EB%B8%94%EB%9E%99-%ED%92%80%EB%B0%95%EC%8A%A4-iyacjobureex/
2026-01-17,메디큐브에이지알부스터프로풀박스,"메디큐브 에이지알 부스터 프로 팝니다
EMS, 에어샷, 더마샷 기능이 있습니다
풀박스이고 상태 좋습니다",1,4,51,90000,47.4,carefree77,판매완료,3,충북 괴산군 괴산읍,https://www.daangn.com/kr/buy-sell/%EB%A9%94%EB%94%94%ED%81%90%EB%B8%8C-%EC%97%90%EC%9D%B4%EC%A7%80%EC%95%8C-%EB%B6%80%EC%8A%A4%ED%84%B0-%ED%94%84%EB%A1%9C-%ED%92%80%EB%B0%95%EC%8A%A4-gevkpggq7dd6/
2025-11-01,메디큐브에이지알부스터프로핑크,"새제품)메디큐브 에이지알 부스터 프로 핑크입니다
집에하나있는데 선물받은거구요
패키지상품 다 같이드려요~


- 모공, 탄력, 볼륨, 광채, 결, 톤 케어에 좋아요
- 7가지 토탈 케어 가능
- 더마 EMS, 에어샷, 부스터, MC, DEEP 모드 지원

정가는 39만원입니다
새제품이고 패키지상품도 다 같이 드려요~",1,3,56,210000,40.8,제주프루,판매완료,2,경남 창원시 마산회원구 석전동,https://www.daangn.com/kr/buy-sell/%EB%A9%94%EB%94%94%ED%81%90%EB%B8%8C-%EC%97%90%EC%9D%B4%EC%A7%80%EC%95%8C-%EB%B6%80%EC%8A%A4%ED%84%B0-%ED%94%84%EB%A1%9C-%ED%95%91%ED%81%AC-uoxg4v77puad/
2025-07-16,메디큐브에이지알부스터프로미니,"메디큐브 에이지알 부스터 프로 미니입니다

109,000원에 구매했습니다.
구매한지는 반년정도 지났는데 총 사용 기간은 한두달 정도 입니다!!

박스는 따로 없습니다 ㅜㅠ
택배도 가능합니다!! (택배비 별도)",2,4,222,60000,39.8,소미,판매완료,1,경남 창원시 마산회원구 석전동,https://www.daangn.com/kr/buy-sell/%EB%A9%94%EB%94%94%ED%81%90%EB%B8%8C-%EC%97%90%EC%9D%B4%EC%A7%80%EC%95%8C-%EB%B6%80%EC%8A%A4%ED%84%B0-%ED%94%84%EB%A1%9C-%EB%AF%B8%EB%8B%88-3zt16ic8i71h/
2025-04-25,메디큐브에이지알부스터프로핑크,"2025년 1월에 구매했고 초반에 몇 번 사용했는데 손이 잘 안 가서요!

질문사항 있으시면 편하게 연락주세요😃",3,3,107,210000,40.5,아보카도,판매완료,1,전남 순천시 석현동,https://www.daangn.com/kr/buy-sell/%EB%A9%94%EB%94%94%ED%81%90%EB%B8%8C-%EC%97%90%EC%9D%B4%EC%A7%80%EC%95%8C-%EB%B6%80%EC%8A%A4%ED%84%B0%ED%94%84%EB%A1%9C-%ED%95%91%ED%81%AC-o5i9nnx6gnaj/
2026-05-25,마지막가격내림급처)메디큐브부스터프로미니핑크,"선물 받았는 데 안 써서 급처합니다
풀박스이고요 3번 사용 했고 충전 한 번도 안 했을만큼 사용감 전혀 없습니다. 

구성품
-기계 3가지(브이롤러,클렌징,미니)
-부스터크림
-헤어밴드


*내고 불가
*택배 거래만 가능(편의점 반값 택배)",0,7,102,180000,40.1,택배거래만해요,판매중,1,인천 미추홀구 학익동,https://www.daangn.com/kr/buy-sell/%EB%A7%88%EC%A7%80%EB%A7%89-%EA%B0%80%EA%B2%A9-%EB%82%B4%EB%A6%BC-%EA%B8%89%EC%B2%98-%EB%A9%94%EB%94%94%ED%81%90%EB%B8%8C-%EB%B6%80%EC%8A%A4%ED%84%B0-%ED%94%84%EB%A1%9C-%EB%AF%B8%EB%8B%88-%ED%95%91%ED%81%AC-gk1cmwcsbbn3/
2026-05-11,메디큐브에이지알부스터프로핑크,"메디큐브 에이지알 부스터 프로 핑크 색상이에요
비닐도 안뜯은 새제품입니다!",2,4,64,210000,39.1,똥그라미꾸,판매중,2,인천 미추홀구 학익동,https://www.daangn.com/kr/buy-sell/%EB%A9%94%EB%94%94%ED%81%90%EB%B8%8C-%EC%97%90%EC%9D%B4%EC%A7%80%EC%95%8C-%EB%B6%80%EC%8A%A4%ED%84%B0-%ED%94%84%EB%A1%9C-%ED%95%91%ED%81%AC-fm1svzyprepd/
2026-05-22,메디큐브헬로키티에디션부스터프로,"메디큐브 헬로키티 에디션 부스터입니다. 

사용 횟수 구매하고 4번 사용했습니다. 
소독티슈로 1차 닦고 
알콜솜으로 2차 닦아서 깨끗합니다.",4,14,145,130000,37.9,냥이,판매완료,3,인천 미추홀구 학익동,https://www.daangn.com/kr/buy-sell/%EB%A9%94%EB%94%94%ED%81%90%EB%B8%8C-%ED%97%AC%EB%A1%9C%ED%82%A4%ED%8B%B0-%EC%97%90%EB%94%94%EC%85%98-%EB%B6%80%EC%8A%A4%ED%84%B0-%ED%94%84%EB%A1%9C-pnaf6snm4ygf/
2026-04-15,메디큐브에이지알부스터프로블랙,"메디큐브 부스터 프로 블랙
선물 받고 초반에 사용하다가 지금은 갓생사느냐 바쁘네요 ㅠㅠ 확실히 화장 잘먹어요

예쁘게 잘 써주실 분 !?",3,10,149,110000,50.5,바닐라머스크,판매완료,7,인천 미추홀구 학익동,https://www.daangn.com/kr/buy-sell/%EB%A9%94%EB%94%94%ED%81%90%EB%B8%8C-%EC%97%90%EC%9D%B4%EC%A7%80%EC%95%8C-%EB%B6%80%EC%8A%A4%ED%84%B0-%ED%94%84%EB%A1%9C-%EB%B8%94%EB%9E%99-7tyhw4eux5zd/
2026-03-12,메디큐브에이지알부스터프로헬로키티한정판판매합니다!,"- 메디큐브 AGE-R 부스터 프로 헬로키티 에디션(국내 정식발매ver., 현재는 단종)

- 구성 : 본체, 거치대, 설명서, 충전 케이블, 박스

- 키티를 좋아해 구입 후 보관만하다 최근 개봉하였는데 ㅠㅠ 다른 기기가 생겨 판매합니다!

- 실사용횟수 5회 미만이지만 두번째 사진에 보다시피 약간의 기스 있습니다. 반드시 참고해주세용

- 크림 새상품기준 리셀가 참고하시면 참 메리트있는 가격이라 생각합니당

- 부스터 프로는 5가지 핵심 기술로 피부 속 광채, 탄력 개선, 모공 케어, 피부결 개선, 붓기 완화에 도움을 줍니다. 라고 적혀있네요 ㅎㅎ 특히 메이크업 전에 사용하면 화장도 잘 먹어요!

- 네고는 불가하며 학익SK뷰 직거래, 문고리거래 가능합니다~",1,32,531,180000,40.3,쟁니,판매완료,5,인천 미추홀구 학익동,https://www.daangn.com/kr/buy-sell/%EB%A9%94%EB%94%94%ED%81%90%EB%B8%8C-%EC%97%90%EC%9D%B4%EC%A7%80%EC%95%8C-%EB%B6%80%EC%8A%A4%ED%84%B0-%ED%94%84%EB%A1%9C-%ED%97%AC%EB%A1%9C%ED%82%A4%ED%8B%B0-%ED%95%9C%EC%A0%95%ED%8C%90-%ED%8C%90%EB%A7%A4%ED%95%A9%EB%8B%88%EB%8B%A4-m6vu7ajrmkav/
2026-02-27,메디큐브에이지알부스터프로헬로키티에디션,"구매후 많이 사용 안했습니다
헬로키티 얼굴이 실리콘소재라 아주 약간의 변색과 뒤쪽부분에 가까이 자세히봐야하는 노란 변색 있습니다 사진 확인 부탁드려요

기기작동 잘 됩니다

지금 단종된 제품이라 구할수 없는데 변색이 약간 있어 싸게 판매합니다

물티슈는 한번도 안쓴 풀박스 입니다",0,1,64,200000,54.1,박두식,판매완료,3,인천 미추홀구 학익동,https://www.daangn.com/kr/buy-sell/%EB%A9%94%EB%94%94%ED%81%90%EB%B8%8C-%EC%97%90%EC%9D%B4%EC%A7%80%EC%95%8C-%EB%B6%80%EC%8A%A4%ED%84%B0-%ED%94%84%EB%A1%9C-%ED%97%AC%EB%A1%9C%ED%82%A4%ED%8B%B0-%EC%97%90%EB%94%94%EC%85%98-xsntwbr5yywa/
2026-02-03,메디큐브에이지알부스터프로쿠로미에디션,"실사용 5회 미만이고 깨끗하게 썻습니다. 다른 기기를 구매해서 저렴히 올립니다. 본체만 드립니다 (기기+쿠로미 커버)

네고 환불불가",4,12,187,140000,44.4,또이,판매완료,4,인천 미추홀구 학익동,https://www.daangn.com/kr/buy-sell/%EB%A9%94%EB%94%94%ED%81%90%EB%B8%8C-%EC%97%90%EC%9D%B4%EC%A7%80%EC%95%8C-%EB%B6%80%EC%8A%A4%ED%84%B0-%ED%94%84%EB%A1%9C-%EC%BF%A0%EB%A1%9C%EB%AF%B8-%EC%97%90%EB%94%94%EC%85%98-keymr39a5vnn/
2025-09-20,메디큐브에이지알부스터프로,"24.10.12 구매해서 아직 1년이 안되었어요.
너무 안써서 판매합니다. 
사용 횟수는 얼마안되지만 빛 밑에서 보면
약간의 잔기스가 보입니다.

직거래만 가능해요.",2,4,111,150000,37.9,하긱동주민,판매완료,9,인천 미추홀구 학익동,https://www.daangn.com/kr/buy-sell/%EB%A9%94%EB%94%94%ED%81%90%EB%B8%8C-%EC%97%90%EC%9D%B4%EC%A7%80%EC%95%8C-%EB%B6%80%EC%8A%A4%ED%84%B0%ED%94%84%EB%A1%9C-95vn2a4rdy9p/
2025-03-28,메디큐브age-r부스터프로,"막상 관리하려고 사니깐 이 귀차니즘 때문에 잘 안쓰게 되네요...실사용 5번정도 한거같고요 기계 상태는 좋아요 항상 사용 후 소독 했고요 너무 예민하신분들 피해주세요!
확실히 기계돌리고 나면 다음날 피부컨디션 좋긴해요 화장도 잘먹고요!
반값택배또는 문앞거래만 할게요~",2,6,247,185000,47.4,카투링,판매완료,6,인천 미추홀구 학익동,https://www.daangn.com/kr/buy-sell/%EB%A9%94%EB%94%94%ED%81%90%EB%B8%8C-age-r-%EB%B6%80%EC%8A%A4%ED%84%B0-%ED%94%84%EB%A1%9C-wybwsgepx2um/
2026-05-20,메디큐브에이지알부스터프로핑크,"메디큐브 에이지알 부스터 프로 핑크 색상이에요
본품과 박스 구성입니다
사진에서 보이는 것처럼 깔끔한 상태를 유지하고 있어요
피부 탄력과 리프팅에 도움을 주는 제품으로 홈케어하기 좋아요


토끼헤드랑 pdrn 마스크 같이 드려용",0,1,79,250000,39.2,쏭쏭,판매중,3,경기 의정부시 의정부동,https://www.daangn.com/kr/buy-sell/%EB%A9%94%EB%94%94%ED%81%90%EB%B8%8C-%EC%97%90%EC%9D%B4%EC%A7%80%EC%95%8C-%EB%B6%80%EC%8A%A4%ED%84%B0-%ED%94%84%EB%A1%9C-%ED%95%91%ED%81%AC-oe1u3862xnrd/
2026-03-03,메디큐브에이지알부스터프로짱구에디션,"메디큐브 에이지알 부스터 프로 짱구 에디션 풀세트입니다

- 154g으로 가볍고 광채, 탄력, 볼륨, 모공을 한번에 관리할 수 있는 올인원 뷰티 디바이스입니다
- 집에서 쉽고 빠르게 피부 관리를 할 수 있습니다
-새제품입니다 
-의정부역 앞 근처 직거래합니다",0,1,66,310000,41.3,물망초,판매중,3,경기 의정부시 의정부동,https://www.daangn.com/kr/buy-sell/%EB%A9%94%EB%94%94%ED%81%90%EB%B8%8C-%EC%97%90%EC%9D%B4%EC%A7%80%EC%95%8C-%EB%B6%80%EC%8A%A4%ED%84%B0-%ED%94%84%EB%A1%9C-%EC%A7%B1%EA%B5%AC-%EC%97%90%EB%94%94%EC%85%98-wzk46s27ybds/
2026-05-23,메디큐브부스터프로미니플러스+진동클랜져+v롤러세트미개봉새상품,"메디큐브 부스터 프로 미니 플러스와 진동클랜저+브이롤러 풀세트에요

사진에서 보이는 것처럼 구성품 모두 새것 그대로 포장되어 있어요",0,5,37,160000,53.6,산사태,판매중,3,경기 의정부시 의정부동,https://www.daangn.com/kr/buy-sell/%EB%A9%94%EB%94%94%ED%81%90%EB%B8%8C-%EB%B6%80%EC%8A%A4%ED%84%B0%ED%94%84%EB%A1%9C-%EB%AF%B8%EB%8B%88%ED%94%8C%EB%9F%AC%EC%8A%A4-%EC%A7%84%EB%8F%99%ED%81%B4%EB%9E%9C%EC%A0%B8-v%EB%A1%A4%EB%9F%AC-%EC%84%B8%ED%8A%B8-%EB%AF%B8%EA%B0%9C%EB%B4%89-%EC%83%88%EC%83%81%ED%92%88-mimn4m36gnue/
2026-05-07,메디큐브에이지알부스터프로옐로우,메디큐브 에이지알 부스터 프로 옐로우 색상이에요..새것이고기계커버있고세럼3개는그냥드려요..^^,0,1,31,250000,36.7,하늘,판매중,1,경기 의정부시 의정부동,https://www.daangn.com/kr/buy-sell/%EB%A9%94%EB%94%94%ED%81%90%EB%B8%8C-%EC%97%90%EC%9D%B4%EC%A7%80%EC%95%8C-%EB%B6%80%EC%8A%A4%ED%84%B0-%ED%94%84%EB%A1%9C-%EC%98%90%EB%A1%9C%EC%9A%B0-x39eoy1wszf3/
2026-02-28,"메디큐브기기(부스터프로블랙,울트라튠,하이포커스샷)","📦 메디큐브 홈케어 기기 3종 풀박스 판매 (부스터 프로 블랙 / 울트라 튠 / 하이포커스샷)

✔ 구성  (79만원에 구매)
- 부스터 프로 블랙 (풀박스)  
- 울트라 튠 (풀박스)  
- 하이포커스샷 (풀박스)  + 부스터 젤
※ 구성품 모두 포함 / 정상 작동 확인 완료  

🧴 3종 일괄 구매 시  
→ 크림 새상품 1개 무료 증정!

💡 상태  
- 전체적으로 깨끗하게 사용  
- 사용 횟수 3회 이내
- 보관 잘 해서 컨디션 양호  

피부관리 기기 정리하면서 내놓습니다.  
홈케어 꾸준히 하실 분들께 추천드려요 :)  
메디큐브 기기 관심 있으셨던 분들 일괄로 가져가시면 가성비 좋아요!

📍 직거래/택배 협의 가능  
💬 편하게 문의 주세요 (네고는 합리적 선에서 가능)",1,4,118,300000,36.7,쭈앤둥,판매중,4,경기 의정부시 의정부동,https://www.daangn.com/kr/buy-sell/%EB%A9%94%EB%94%94%ED%81%90%EB%B8%8C-%EA%B8%B0%EA%B8%B0-%EB%B6%80%EC%8A%A4%ED%84%B0-%ED%94%84%EB%A1%9C-%EB%B8%94%EB%9E%99-%EC%9A%B8%ED%8A%B8%EB%9D%BC-%ED%8A%A0-%ED%95%98%EC%9D%B4%ED%8F%AC%EC%BB%A4%EC%8A%A4%EC%83%B7-8hp2jep313cf/
2026-05-04,메디큐브부스터프로블랙풀박스,"메디큐브 부스터프로 블랙 색상 풀박스 구성이에요
본체와 충전 케이블, 설명서까지 모두 갖춰져 있어요
깔끔한 디자인으로 어디에 두어도 잘 어울려요
피부 관리에 관심 있는 분들께 추천드려요
실사용 몇 안됩니댱 !!",2,14,99,95000,37.2,다주세연,판매완료,10,경기 의정부시 의정부동,https://www.daangn.com/kr/buy-sell/%EB%A9%94%EB%94%94%ED%81%90%EB%B8%8C-%EB%B6%80%EC%8A%A4%ED%84%B0%ED%94%84%EB%A1%9C-%EB%B8%94%EB%9E%99-%ED%92%80%EB%B0%95%EC%8A%A4-rudqnxmd34ga/
2026-05-06,메디큐브에이지알부스터프로x2핑크,"메디큐브 에이지알 부스터 프로X2 핑크 색상이에요
본체와 박스 구성입니다
사진에서 보이는 그대로의 제품이에요

홈케어기기에 관심이 많아서 26.3.19  첫 출시날 구입했어요. 3주 정도 사용했고, 기존에 사용하던 기기와 기능이 비슷해서 정리하려고 해요. 
 알콜 소독 후 박스에 넣어두었어요.  

쿨 거래 시 기기전용 마스크팩 (붙이고 마스크팩모드 사용) 3개 드릴게요!!!",4,43,773,280000,45.5,당근이지잉,판매완료,5,경기 의정부시 의정부동,https://www.daangn.com/kr/buy-sell/%EB%A9%94%EB%94%94%ED%81%90%EB%B8%8C-%EC%97%90%EC%9D%B4%EC%A7%80%EC%95%8C-%EB%B6%80%EC%8A%A4%ED%84%B0-%ED%94%84%EB%A1%9Cx2-%ED%95%91%ED%81%AC-xaz9ue65gwi1/
2026-04-26,메디큐브에이지알부스터프로미니핑크,"메디큐브 에이지알 부스터 프로 미니 핑크 제품이에요
깔끔한 핑크 색상에 컴팩트한 사이즈로 휴대하기 좋아요
박스 구성품 그대로 보관되어 있어요
피부 관리에 관심 있는 분들께 추천드려요

선물받았는데 저는 피부관리같은걸 잘 못하는 성격이라 팔아요ㅠ",1,2,49,50000,50.8,옥정21,판매완료,5,경기 의정부시 의정부동,https://www.daangn.com/kr/buy-sell/%EB%A9%94%EB%94%94%ED%81%90%EB%B8%8C-%EC%97%90%EC%9D%B4%EC%A7%80%EC%95%8C-%EB%B6%80%EC%8A%A4%ED%84%B0-%ED%94%84%EB%A1%9C-%EB%AF%B8%EB%8B%88-%ED%95%91%ED%81%AC-pc8uz6sz2a6g/
2025-11-12,메디큐브에이지알부스터프로,"1년 전에 구매하고 잘 안써서 판매합니다
상태 매우 좋습니다 !  박스랑 충전기는 버려서 없습니다..(c타입으로 사용 가능)

의정부역 근처에서 거래 원해요",3,18,496,120000,44.4,씅님,판매완료,3,경기 의정부시 의정부동,https://www.daangn.com/kr/buy-sell/%EB%A9%94%EB%94%94%ED%81%90%EB%B8%8C-%EC%97%90%EC%9D%B4%EC%A7%80%EC%95%8C-%EB%B6%80%EC%8A%A4%ED%84%B0-%ED%94%84%EB%A1%9C-ynaiqt66bct3/
2026-03-07,메디큐브부스터프로블랙,"메디큐브 부스터 프로 블랙 색상입니다.

피부 속 광채, 탄력, 모공, 진피 치밀도 개선에 도움을 줍니다
5가지 모드를 지원하여 다양한 피부 고민을 해결할 수 있습니다
상태는 사진과 같습니다.

GS 반값택배 희망합니다.
빠른 거래 가능하신분께 먼저 판매하겠습니다.",2,8,165,100000,41.1,오마이줄리아,판매완료,1,경기 의정부시 의정부동,https://www.daangn.com/kr/buy-sell/%EB%A9%94%EB%94%94%ED%81%90%EB%B8%8C-%EB%B6%80%EC%8A%A4%ED%84%B0-%ED%94%84%EB%A1%9C-%EB%B8%94%EB%9E%99-52edkp99o7x3/
2026-03-17,메디큐브하이포커스샷플러스+부스터프로,"부스터젤 1번 사용,하나는 새제품,콜라겐세럼 새제품
다 드려요 ~따로도 가능 하니 구매 하실 분 연락 주세요!
같은 제품을 선물 받아서 판매 해여~!
네고 합니다 같이 구매시 가격 올려놔용",0,5,43,350000,37.8,참참참,판매완료,1,경기 의정부시 의정부동,https://www.daangn.com/kr/buy-sell/%EB%A9%94%EB%94%94%ED%81%90%EB%B8%8C-%ED%95%98%EC%9D%B4%ED%8F%AC%EC%BB%A4%EC%8A%A4%EC%83%B7-%ED%94%8C%EB%9F%AC%EC%8A%A4-%EB%B6%80%EC%8A%A4%ED%84%B0%ED%94%84%EB%A1%9C-8oqa33km3616/
2026-02-25,메디큐브부스터프로미개봉새상품,"미개봉 새제품입니다~

직거래 장소는 의정부역 7번 출구쪽입니다~
일정 조율 가능하시면 리치마트쪽에 있는 덕산초 앞에서도 가능합니다",2,14,155,200000,43.4,슈슈,판매완료,1,경기 의정부시 의정부동,https://www.daangn.com/kr/buy-sell/%EB%A9%94%EB%94%94%ED%81%90%EB%B8%8C-%EB%B6%80%EC%8A%A4%ED%84%B0%ED%94%84%EB%A1%9C-%EB%AF%B8%EA%B0%9C%EB%B4%89-%EC%83%88%EC%83%81%ED%92%88-fegokr67aw2p/
2026-01-25,메디큐브age-r부스터프로블랙,"메디큐브 AGE-R 부스터 프로 블랙 색상 판매합니다.
사진 보시면 아시겠지만 상태 좋아요.
피부 탄력과 광채 개선에 도움을 주는 뷰티 디바이스로, 4가지 모드와 5단계 강도 조절이 가능해서 피부 타입에 맞춰 사용할 수 있어요. 광채랑 탄력에 특히 효과 있습니다. 다만 귀찮아서 사용 안하게 되어 판매해요ㅠㅠ",5,19,291,135000,37.7,동동이,판매완료,2,경기 의정부시 의정부동,https://www.daangn.com/kr/buy-sell/%EB%A9%94%EB%94%94%ED%81%90%EB%B8%8C-age-r-%EB%B6%80%EC%8A%A4%ED%84%B0-%ED%94%84%EB%A1%9C-%EB%B8%94%EB%9E%99-v7u63hkw52ri/
2026-02-16,메디큐브에이지알부스터미니,"메디큐브 에이지알 부스터 프로 핑크색입니다
피부톤 개선과 탄력 증가에 도움을 줍니다
집에서 간편하게 피부 관리를 할 수 있습니다


하나더 생겨서 팝니다!
사고 일주일정도 썼습니다",4,20,199,50000,40.7,베아,판매완료,1,경기 의정부시 의정부동,https://www.daangn.com/kr/buy-sell/%EB%A9%94%EB%94%94%ED%81%90%EB%B8%8C-%EC%97%90%EC%9D%B4%EC%A7%80%EC%95%8C-%EB%B6%80%EC%8A%A4%ED%84%B0-%EB%AF%B8%EB%8B%88-4bnbjxjoamss/
2026-01-29,메디큐브에이지알부스터프로마이멜로디에디션,"메디큐브 에이지알 브스터프로 마이멜로디에디션 팝니다. 5-6번 사용하고 서랍에서 안꺼내길래 팝니다. 

의정부역 인근 직거래합니다.",1,5,40,230000,44.1,딩동댕,판매완료,2,경기 의정부시 의정부동,https://www.daangn.com/kr/buy-sell/%EB%A9%94%EB%94%94%ED%81%90%EB%B8%8C-%EC%97%90%EC%9D%B4%EC%A7%80%EC%95%8C-%EB%B6%80%EC%8A%A4%ED%84%B0%ED%94%84%EB%A1%9C-%EB%A7%88%EC%9D%B4%EB%A9%9C%EB%A1%9C%EB%94%94%EC%97%90%EB%94%94%EC%85%98-x3b6k6oz7cja/
2026-01-14,메디큐브뷰티디바이스4종세트,"메디큐브 뷰티 디바이스 4종 세트 판매합니다
- 울트라튠
- 부스터 프로
- 하이포커스 샷
- 에이지알 더마 EMS


4종 모두 10회 미만 사용했습니다. 

박스 포함이며, 일괄 구매 32에 드리며 일부 네고 가능합니다.",3,5,112,320000,39.8,MIN,판매완료,1,경기 의정부시 의정부동,https://www.daangn.com/kr/buy-sell/%EB%A9%94%EB%94%94%ED%81%90%EB%B8%8C-%EB%B7%B0%ED%8B%B0-%EB%94%94%EB%B0%94%EC%9D%B4%EC%8A%A4-4%EC%A2%85-%EC%84%B8%ED%8A%B8-1t1hgvkexv7r/
2026-01-03,메디큐브부스터프로마이멜로디팝니다,"메디큐브 부스터프로 마이멜로디 에디션이고 
작년 8월에 샀는데 잘 안 쓰게 되어 처분하려고 합니다:)
멜로디 세안밴드 빼곤 풀박스입니다

직거래는 의정부역에서 원합니다",1,7,69,180000,37.7,순심이,판매완료,3,경기 의정부시 의정부동,https://www.daangn.com/kr/buy-sell/%EB%A9%94%EB%94%94%ED%81%90%EB%B8%8C-%EB%B6%80%EC%8A%A4%ED%84%B0-%ED%94%84%EB%A1%9C-%EB%A7%88%EC%9D%B4%EB%A9%9C%EB%A1%9C%EB%94%94-%ED%8C%9D%EB%8B%88%EB%8B%A4-2td18saze5tz/
2025-12-20,메디큐브age-r부스터프로블랙팝니다,"메디큐브 AGE-R 부스터 프로 블랙 색상
2번 사용하고 박스에 보관했어요
풀박스 그대로 보관 중이에요

-피부 속 광채 효과
-피부 탄력 개선
-모공 케어에 도움

피부 고민 해결에 도움을 주는 뷰티 디바이스입니다",1,5,47,150000,37.7,톨톨,판매완료,2,경기 의정부시 의정부동,https://www.daangn.com/kr/buy-sell/%EB%A9%94%EB%94%94%ED%81%90%EB%B8%8C-age-r-%EB%B6%80%EC%8A%A4%ED%84%B0-%ED%94%84%EB%A1%9C-%EB%B8%94%EB%9E%99-%ED%8C%9D%EB%8B%88%EB%8B%A4-j7h6em1uqmrd/
2025-11-22,메디큐브에이지알부스터프로블랙,"메디큐브 에이지알 부스터 프로 블랙 입니다.

본체, 충전 케이블, 사용설명서, 본체뚜껑까지 풀구성입니다.  1회 사용하여 거의 새것입니다.

알콜스왑 동봉해서 보내드리겠습니다. 연락주세요 =)


- 풀박스 구성 (본체, 사용설명서, 충전 케이블, 박스)
- 피부 속 콜라겐, 탄력, 광채, 모공, 진피 치밀도 개선에 도움을 줍니다.
-피부결 개선, 모공 축소, 피부톤 개선에도 효과적입니다.
- 5가지 다양한 모드를 지원하여 피부 컨디션에 맞게 사용 가능합니다.",1,9,87,180000,37.7,행복만땅,판매완료,6,경기 의정부시 의정부동,https://www.daangn.com/kr/buy-sell/%EB%A9%94%EB%94%94%ED%81%90%EB%B8%8C-%EC%97%90%EC%9D%B4%EC%A7%80%EC%95%8C-%EB%B6%80%EC%8A%A4%ED%84%B0-%ED%94%84%EB%A1%9C-%EB%B8%94%EB%9E%99-mtofa3xrw8mq/
2025-11-24,메디큐브부스터프로미니+/클렌징기기,"재당근이에요ㅠ 구매한지 얼마 안됐는데 저랑은 안 맞는 것 같아요
하자 없고 깨끗해요 구매 하시면 알콜로 다 닦아서 드릴게요",2,9,92,98000,40.7,마싯는누룽지,판매완료,1,경기 의정부시 의정부동,https://www.daangn.com/kr/buy-sell/%EB%A9%94%EB%94%94%ED%81%90%EB%B8%8C-%EB%B6%80%EC%8A%A4%ED%84%B0%ED%94%84%EB%A1%9C%EB%AF%B8%EB%8B%88-%ED%81%B4%EB%A0%8C%EC%A7%95%EA%B8%B0%EA%B8%B0-sbcr148rjer8/
2025-11-25,메디큐브부스터프로옐로우풀박스,"메디큐브 에이지알 부스터 프로 옐로우 색상입니다
- 풀박스 구성 (본체, 충전기, 설명서, 곰돌이 헤드, 미개봉 앰플)
- 피부 속 250% 더 깊숙이 흡수되는 효과가 있습니다
- 1회 사용만으로도 즉각적인 피부 변화를 경험할 수 있습니다
피부톤 개선, 광채 효과, 모공 면적 감소에 도움을 줍니다


사용 딱 두번 했어요!
",1,10,63,150000,36.0,해피해피해피,판매완료,5,경기 의정부시 의정부동,https://www.daangn.com/kr/buy-sell/%EB%A9%94%EB%94%94%ED%81%90%EB%B8%8C-%EB%B6%80%EC%8A%A4%ED%84%B0-%ED%94%84%EB%A1%9C-%EC%98%90%EB%A1%9C%EC%9A%B0-%ED%92%80%EB%B0%95%EC%8A%A4-gxy9too2u8wv/
2025-11-04,메디큐브에이지알부스터프로마이멜로디에디션,"메디큐브 에이지알 부스터 프로정품
마이멜로디 에디션 풀세트입니다 (미니아님x)
사용횟수 5회미만
구매한지 얼마 안되었지만
귀차니즘이 심해 사용하지않아 판매합니다
집에서 편하게 피부관리하세요",1,17,355,230000,37.0,순이,판매완료,1,경기 의정부시 의정부동,https://www.daangn.com/kr/buy-sell/%EB%A9%94%EB%94%94%ED%81%90%EB%B8%8C-%EC%97%90%EC%9D%B4%EC%A7%80%EC%95%8C-%EB%B6%80%EC%8A%A4%ED%84%B0-%ED%94%84%EB%A1%9C-%EB%A7%88%EC%9D%B4%EB%A9%9C%EB%A1%9C%EB%94%94-%EC%97%90%EB%94%94%EC%85%98-5rowwp9t5ngt/
2025-10-15,메디큐브에이지알부스터프로미니플러스/진동클렌저및구성품판매합니다,"메디큐브 에이지알 풀코스 4종 세트가 개별구매보다 싸서 구매후 안쓰는 제품 팔아요 
컬러 베이지
- 부스터 프로 미니 플러스 
- 진동클렌저(클렌징디바이스)
- 글루타치온 글로우 캡슐 크림
- 트리플 콜라겐 크림 4.0
- PDRN 부스터 젤

미개봉 새제품입니다

각각 개별구매시 28만원 정도입니다

센텔리안 기기랑 같이 구매시 네고해드려요",0,2,100,130000,38.6,몰리,판매완료,2,경기 의정부시 의정부동,https://www.daangn.com/kr/buy-sell/%EB%A9%94%EB%94%94%ED%81%90%EB%B8%8C-%EC%97%90%EC%9D%B4%EC%A7%80%EC%95%8C-%EB%B6%80%EC%8A%A4%ED%84%B0-%ED%94%84%EB%A1%9C-%EB%AF%B8%EB%8B%88-%ED%94%8C%EB%9F%AC%EC%8A%A4-%EC%A7%84%EB%8F%99-%ED%81%B4%EB%A0%8C%EC%A0%80-%EB%B0%8F-%EA%B5%AC%EC%84%B1%ED%92%88-%ED%8C%90%EB%A7%A4%ED%95%A9%EB%8B%88%EB%8B%A4-gb98mht9nraz/
2025-07-11,메디큐브에이지알부스터프로미니핑크,"메디큐브 에이지알 부스터 프로 미니
- 모공 케어, 피부 탄력, 톤업 효과
- 괄사 효과 & 휴대용
-상자 같이 드리는데 조금 벌여져있어요
-충전기는 제가 샀을 때도 없었어요ᩚ.(집에 있는 c타입으로 해주시면 됩니다)
-트러블모드/모공모드 두가지 있습니다.
-사용 안한지 시간이 좀 지나 혹시 사용 하실거면 충전 해보시는걸 추천합니다.
-스킨케ન어흡수 기능",1,1,51,68000,38.0,뽀찌,판매완료,3,경기 의정부시 의정부동,https://www.daangn.com/kr/buy-sell/%EB%A9%94%EB%94%94%ED%81%90%EB%B8%8C-%EC%97%90%EC%9D%B4%EC%A7%80%EC%95%8C-%EB%B6%80%EC%8A%A4%ED%84%B0-%ED%94%84%EB%A1%9C-%EB%AF%B8%EB%8B%88-%ED%95%91%ED%81%AC-qivs8u4m73xj/
2025-05-01,메디큐브에이지알부스터프로쿠로미95%새상품,"메디큐브 에이지알 부스터 프로 쿠로미 에디션 2번 사용하였습니다
너무 귀여워서 샀는데, 확실히 하늘색? 에어샷 모드였나 모공 조여주는 모드 있는데 그건 효과 진짜 좋더라구요 근데 저는 사실 리프팅 해주는 줄 알고 샀는데 피부 개선쪽으로 도움이 되는 제품이더라구요 (저보단 나이 있으신 분께 추천 드립니다) 저는 피부과를 다녀서 필요가 없길래..그냥 빠르게 팔아요 구매는 3주 전에 샀는데 밍기적 거리다가 이제 팝니다 선착순으로 먼저 연락 주시는 분께 가격 제안 받고 팔겠습니다 한번씩 모드 사용해본거라 다른 헤어밴드나 클리닝천, 스티커 만지지도 않았습니다 부가적인건 완벽히 새것 입니다.


- 4가지 모드로 피부 속 광채, 투명도, 탄력 개선에 도움을 줘요
- 피부 밀착 센서로 사용도 간편해요
- 쿠로미 디자인이라 소장 가치도 높아요
- 박스, 클리닝 천, 헤어밴드 등 풀세트 그대로 드려요",3,9,358,285000,38.7,친절한은자씨,판매완료,5,경기 의정부시 의정부동,https://www.daangn.com/kr/buy-sell/%EB%A9%94%EB%94%94%ED%81%90%EB%B8%8C-%EC%97%90%EC%9D%B4%EC%A7%80%EC%95%8C-%EB%B6%80%EC%8A%A4%ED%84%B0-%ED%94%84%EB%A1%9C-%EC%BF%A0%EB%A1%9C%EB%AF%B8-95-%EC%83%88%EC%83%81%ED%92%88-32qsktj3fnfc/
2025-04-08,메디큐브에이지알부스터프로age-r부스터프로,"메디큐브 에이지알 부스터프로 내놓습니다

30만원 상당의 부스터 프로 저렴하게 샀구요

25년 4월 3일 받아서 진심 3번 쓰고 내놓습니다.

거짓말 안합니다.

박스 있고, 정품 인증서 있구요, 고장 없습니다. 

(고장 있으면 아직 교환 환불되는데 환불 했겠죠? ) 

저한테 안맞는 것 같아서 내놓아요. 

가져가시면 환불 안해드려요, 

편하게 연락주세요~",9,17,310,180000,38.6,로라,판매완료,3,경기 의정부시 의정부동,https://www.daangn.com/kr/buy-sell/%EB%A9%94%EB%94%94%ED%81%90%EB%B8%8C-%EC%97%90%EC%9D%B4%EC%A7%80%EC%95%8C-%EB%B6%80%EC%8A%A4%ED%84%B0%ED%94%84%EB%A1%9C-age-r-%EB%B6%80%EC%8A%A4%ED%84%B0-%ED%94%84%EB%A1%9C-tfviggyi11w4/
2025-03-12,메디큐브에이지알부스터프로+비타씨프로앰플,"1/12에 샀는데 3월되고나서부터는 안썼네요,,지인이 찬양을 해서 샀는데 전 오히려 피부가 자극되는 느낌이랄까요ㅠ 충전기랑 다 있습니다! 기스하나 안가고 사용법까지 다 들어가있는건디ㅜ 엄청 싸게 팝니다ㅠㅠ 같이산 비타씨 앰플도 드릴게요! 보시다시피 안뜯었어요",3,18,470,210000,40.9,숭이,판매완료,10,경기 의정부시 의정부동,https://www.daangn.com/kr/buy-sell/%EB%A9%94%EB%94%94%ED%81%90%EB%B8%8C-%EC%97%90%EC%9D%B4%EC%A7%80%EC%95%8C-%EB%B6%80%EC%8A%A4%ED%84%B0%ED%94%84%EB%A1%9C-%EB%B9%84%ED%83%80%EC%94%A8%ED%94%84%EB%A1%9C%EC%95%B0%ED%94%8C-h4dttockts1u/
2025-02-24,메디큐브부스터프로,"24년 8월 구입 후 저한테는 자극감 있어 몇번 사용 안했습니다~~ ㅠㅠ 
CJ 홈쇼핑에서 구입했어요(세번째 사진 참고)",2,3,104,200000,40.7,안뇽하세요옹,판매완료,3,경기 의정부시 의정부동,https://www.daangn.com/kr/buy-sell/%EB%A9%94%EB%94%94%ED%81%90%EB%B8%8C-%EB%B6%80%EC%8A%A4%ED%84%B0%ED%94%84%EB%A1%9C-4mvbq11ur8e4/
2025-02-16,메디큐브에이지알부스터프로,부스터젤 드려용,3,3,131,180000,39.3,lilu,판매완료,1,경기 의정부시 의정부동,https://www.daangn.com/kr/buy-sell/%EB%A9%94%EB%94%94%ED%81%90%EB%B8%8C-%EC%97%90%EC%9D%B4%EC%A7%80%EC%95%8C-%EB%B6%80%EC%8A%A4%ED%84%B0%ED%94%84%EB%A1%9C-tizk37wu7u19/
2025-01-31,메디큐브에이지알부스터프로미니미개봉새상품,"메디큐브 에이지알 부스터 프로 미니 미개봉 새상품입니다!
화이트 컬러이고 의정부 1동 희망어린이공원 직거래합니다",5,6,252,90000,38.8,매요,판매완료,2,경기 의정부시 의정부동,https://www.daangn.com/kr/buy-sell/%EB%A9%94%EB%94%94%ED%81%90%EB%B8%8C-%EC%97%90%EC%9D%B4%EC%A7%80%EC%95%8C-%EB%B6%80%EC%8A%A4%ED%84%B0-%ED%94%84%EB%A1%9C-%EB%AF%B8%EB%8B%88-%EB%AF%B8%EA%B0%9C%EB%B4%89-%EC%83%88%EC%83%81%ED%92%88-yzottpvsm2m3/
2025-01-05,메디큐브부스터프로기기판매,"2024.10.23.구매해서 딱 한번 쓰고 귀찮아서 사용하지 않았습니다.
저는 658,000원에 샀는데 요즘은 쿠폰 적용 할인 들어가서 329,000원에 팔더라고요ㅠ
구매 원하시는 분 연락주세요",4,6,202,200000,36.7,무인텔델루나,판매완료,4,경기 의정부시 의정부동,https://www.daangn.com/kr/buy-sell/%EB%A9%94%EB%94%94%ED%81%90%EB%B8%8C-%EB%B6%80%EC%8A%A4%ED%84%B0-%ED%94%84%EB%A1%9C-%EA%B8%B0%EA%B8%B0-%ED%8C%90%EB%A7%A4-dqouoxbk85on/
2024-11-05,메디큐브에이지알부스터프로,"선물 받았는데 사용하지 않아서 내놓습니다~
잘 작동 되는지 실사용으로 한번 해봤구요
완전 새상품 깨끗하고요 글로우 앰플도 새상품이에요~
제조년월 24년 6월이구요,
포장박스는 버려서 상품 저렴하게 내놓습니당,,
구매하게 되시면 종이상자에 넣어드릴거에요~

교환,환불 x
직거래 : 의정부역 1번출구 및 협의",3,4,201,175000,39.0,123456,판매완료,10,경기 의정부시 의정부동,https://www.daangn.com/kr/buy-sell/%EB%A9%94%EB%94%94%ED%81%90%EB%B8%8C-%EC%97%90%EC%9D%B4%EC%A7%80%EC%95%8C-%EB%B6%80%EC%8A%A4%ED%84%B0%ED%94%84%EB%A1%9C-2yh8g4b3k7xt/
2024-09-04,메디큐브부스터프로,"1월에 구매해서 10번정도 사용했는데 
다른 기기들이랑 같이 넣어놨더니 생활 기스 
조금 있습니다 
앰플이랑 크림 같이 드립니다 ",2,4,175,200000,37.0,콜리,판매완료,4,경기 의정부시 의정부동,https://www.daangn.com/kr/buy-sell/%EB%A9%94%EB%94%94%ED%81%90%EB%B8%8C-%EB%B6%80%EC%8A%A4%ED%84%B0%ED%94%84%EB%A1%9C-w99gff27b6de/
2024-06-20,메디큐브부스터프로,매일 사용하면 확실히 피부는 좋아져요  저는 시간이 없어 잘 안하게 되서 내놓습니다,1,2,173,220000,38.9,772,판매완료,3,경기 의정부시 의정부동,https://www.daangn.com/kr/buy-sell/%EB%A9%94%EB%94%94%ED%81%90%EB%B8%8C-%EB%B6%80%EC%8A%A4%ED%84%B0%ED%94%84%EB%A1%9C-zra9jhxhnx3y/
2024-07-31,메디큐브에이지알부스터프로,구매후 사용을 잘 하지않아 판매합니다,1,2,75,220000,7.7,댕1,판매완료,4,경기 의정부시 의정부동,https://www.daangn.com/kr/buy-sell/%EB%A9%94%EB%94%94%ED%81%90%EB%B8%8C-%EC%97%90%EC%9D%B4%EC%A7%80%EC%95%8C-%EB%B6%80%EC%8A%A4%ED%84%B0-%ED%94%84%EB%A1%9C-7u9ztpjab9w5/
2024-07-27,메디큐브부스터프로미개봉,"메디큐브 부스터프로 미개봉 제품입니다.
직거래, 택배거래 가능합니다.
직거래는 의정부 역 근처 빛나는바다 신시가지점 앞으로 오시면 되시고 택배는 오늘 바로 편의점 택배 가능합니다. 화요일쯤 받으실 수 있으실것 같네요. 택배비는 별도로 안받겠습니다.",1,1,86,220000,37.6,응비,판매완료,3,경기 의정부시 의정부동,https://www.daangn.com/kr/buy-sell/%EB%A9%94%EB%94%94%ED%81%90%EB%B8%8C-%EB%B6%80%EC%8A%A4%ED%84%B0%ED%94%84%EB%A1%9C-%EB%AF%B8%EA%B0%9C%EB%B4%89-2q64kv9acct8/
2026-05-14,메디큐브에이지알부스터프로,"보호캡까지 드립니당
작동은 매우 잘됩니다
손이 잘 안가서 내놓습니다
헤드부분 미세한 금이 있어서
저렴하게 내놓습니다
충전단자는 없습니다(C타입 호환)",1,9,139,40000,39.8,도청시민,판매완료,5,경북 안동시 풍천면,https://www.daangn.com/kr/buy-sell/%EB%A9%94%EB%94%94%ED%81%90%EB%B8%8C-%EC%97%90%EC%9D%B4%EC%A7%80%EC%95%8C-%EB%B6%80%EC%8A%A4%ED%84%B0%ED%94%84%EB%A1%9C-2nvpqavjv9xn/
2025-07-06,메디큐브에이지알부스터프로(피부관리기),"워낙 유명한 제품이라 샀고 두달전에  사서 2회 사용했어요. 상태 거의 새거에요.
c타입 usb케이블로 충전
[제품기능]
 -부스터 모드: 토닝광채케어
 -미세전류모드: 라인볼륨케어
 -더마샷모드: 윤곽탄력케어
 -에어샷모드: 모공탄력개선",3,4,151,190000,42.6,jiny,판매완료,2,경북 안동시 풍천면,https://www.daangn.com/kr/buy-sell/%EB%A9%94%EB%94%94%ED%81%90%EB%B8%8C-%EC%97%90%EC%9D%B4%EC%A7%80%EC%95%8C-%EB%B6%80%EC%8A%A4%ED%84%B0%ED%94%84%EB%A1%9C-%ED%94%BC%EB%B6%80-%EA%B4%80%EB%A6%AC%EA%B8%B0-m1uett3bxakp/
2025-05-15,오늘거래시싸게해드릴게요메디큐브에이지알헬로키티에디션,"메디큐브 에이지알 부스터 프로 헬로키티 에디션이에요
몇 번 사용 안 했어요~ 상태 좋습니다!
구매한지 얼마 안대써여!

- LED 파장, 미세전류 기능
- 멸균 티슈, 사용 설명서 포함
- 정가는 698,000원입니다
할인가 349,000원입니다 
박스도 같이 드려요!
너무 낮은금액만 아니면 가격제안도 가능합니다

바로오실수 있는분 연락주세용 가격 최대한 낮춰드릴게용
반품, 환불, 불가",2,4,197,275000,46.7,수롱이,판매완료,7,경북 안동시 풍천면,https://www.daangn.com/kr/buy-sell/%EC%98%A4%EB%8A%98-%EA%B1%B0%EB%9E%98%EC%8B%9C-%EC%8B%B8%EA%B2%8C%ED%95%B4%EB%93%9C%EB%A6%B4%EA%B2%8C%EC%9A%94-%EB%A9%94%EB%94%94%ED%81%90%EB%B8%8C-%EC%97%90%EC%9D%B4%EC%A7%80%EC%95%8C-%ED%97%AC%EB%A1%9C%ED%82%A4%ED%8B%B0-%EC%97%90%EB%94%94%EC%85%98-a1yuuvogmsbg/
2026-06-04,메디큐브age-r부스터프로미니플러스마이멜로디,"사진 구성과 동일합니다 :-)
풀구성 
반값택배 가능합니다",0,0,5,90000,67.9,뚝딱뚝딱,판매중,3,부산 수영구 광안동,https://www.daangn.com/kr/buy-sell/%EB%A9%94%EB%94%94%ED%81%90%EB%B8%8C-age-r-%EB%B6%80%EC%8A%A4%ED%84%B0%ED%94%84%EB%A1%9C-%EB%AF%B8%EB%8B%88-%ED%94%8C%EB%9F%AC%EC%8A%A4-%EB%A7%88%EC%9D%B4%EB%A9%9C%EB%A1%9C%EB%94%94-6hue2b4jfcp5/
2026-05-30,메디큐브boosterprox2새상품,"완전 새상품 최저가로 올려요
메디큐브 부스터 프로 x2 핑크",2,1,41,270000,46.7,빙빙,판매중,1,부산 수영구 광안동,https://www.daangn.com/kr/buy-sell/%EB%A9%94%EB%94%94%ED%81%90%EB%B8%8C-booster-pro-x2-%EC%83%88%EC%83%81%ED%92%88-4zend43rnk3p/
2026-05-29,메디큐브에이지알부스터프고디바이스,"메디큐브 에이지알 부스터프로 디바이스입니다

구매시기 : 2024년
사용감 : 조금 있음

 메디큐브 디바이스입니다. 새로운 기계 구입하게 되면서 잘 사용하지 않아 내놓게되었습니다. 작동 문제 없고 배터리 성능도 좋아서 완충시켜놓고 오래 사용가능합니다. 박스, 충전선 포함해서 올려놓습니다!

직거래는 수영역 14번 출구! 바로 거래도 가능합니당",1,0,36,90000,38.7,wonwon,판매완료,5,부산 수영구 광안동,https://www.daangn.com/kr/buy-sell/%EB%A9%94%EB%94%94%ED%81%90%EB%B8%8C-%EC%97%90%EC%9D%B4%EC%A7%80%EC%95%8C-%EB%B6%80%EC%8A%A4%ED%84%B0%ED%94%84%EA%B3%A0-%EB%94%94%EB%B0%94%EC%9D%B4%EC%8A%A4-332uxay3jh9k/
2026-02-03,메디큐브에이지알부스터프로핑크에디션세트,"메디큐브 에이지알 부스터 프로 핑크 에디션과 PDRN 부스터 젤, 제로 모공 원데이 세럼 세트입니다.

부스터젤은 1회 시용했으며, 기기는 깨끗하게 알콜솜으로 소독하여 보관했습니다.
사진과 똑같이 깨끗한 상태이며 충전기 및 박스는 없습니다.",2,12,221,100000,38.9,갓기린,판매완료,2,부산 수영구 광안동,https://www.daangn.com/kr/buy-sell/%EB%A9%94%EB%94%94%ED%81%90%EB%B8%8C-%EC%97%90%EC%9D%B4%EC%A7%80%EC%95%8C-%EB%B6%80%EC%8A%A4%ED%84%B0-%ED%94%84%EB%A1%9C-%ED%95%91%ED%81%AC-%EC%97%90%EB%94%94%EC%85%98-%EC%84%B8%ED%8A%B8-i96twa34a3so/
2026-01-20,메디큐브부스터프로미니핑크💕,"몇번 사용 안했고, 상태 좋아요!",4,19,301,40000,81.4,기분좋은거래하자,판매완료,9,부산 수영구 광안동,https://www.daangn.com/kr/buy-sell/%EB%A9%94%EB%94%94%ED%81%90%EB%B8%8C-%EB%B6%80%EC%8A%A4%ED%84%B0%ED%94%84%EB%A1%9C-%EB%AF%B8%EB%8B%88-%ED%95%91%ED%81%AC-djfi2823m4qq/
2026-01-20,메디큐브age-r부스터프로헬로키티,"메디큐브 AGE-R 부스터 프로 헬로키티 에디션 새상품입니다

피부 속 콜라겐, 탄력, 광채, 모공, 피부결 개선에 도움을 줍니다

풀박스 구성으로 드립니다

사용감 적으며 티슈 절반정도 있습니다.
박스 그대로입니다.

1월 22일만 15만원에 처분합니다.
내일이면 다시 17로 올려요

",1,8,73,150000,38.2,니니,판매완료,2,부산 수영구 광안동,https://www.daangn.com/kr/buy-sell/%EB%A9%94%EB%94%94%ED%81%90%EB%B8%8C-age-r-%EB%B6%80%EC%8A%A4%ED%84%B0-%ED%94%84%EB%A1%9C-%ED%97%AC%EB%A1%9C%ED%82%A4%ED%8B%B0-dek4k9p76cty/
2026-01-07,메디큐브age-r부스터프로미니짱구에디션,"메디큐브 AGE-R 부스터 프로 미니 플러스 짱구 에디션 새상품입니다!
짱구 캐릭터가 그려진 귀여운 디자인이 특징이에요
피부 속 콜라겐, 탄력, 광채, 모공, 진피 치밀도 개선에 도움을 줍니다
 짱구 케이스 하고 구르프는 없어졋어요 ㅠㅠㅠㅠㅠ 
저는 8만 거이 9마넌 돈쥬고 삿는데 
5마넌에 내놔요 ㅠㅠ

포장꼼꼼히 택배도 대니깐 언재든 뮨의주새요 ! 
직거래는 수영역 15번 출구입니다",1,13,138,50000,37.6,우리감짜,판매완료,2,부산 수영구 광안동,https://www.daangn.com/kr/buy-sell/%EB%A9%94%EB%94%94%ED%81%90%EB%B8%8C-age-r-%EB%B6%80%EC%8A%A4%ED%84%B0-%ED%94%84%EB%A1%9C-%EB%AF%B8%EB%8B%88-%EC%A7%B1%EA%B5%AC-%EC%97%90%EB%94%94%EC%85%98-ieqyixifn5i9/
2025-10-13,메디큐브부스터프로미니,"메디큐브 부스터프로 미니
작년 12월에 구매해서 한 번 써보고 제 피부엔 안맞는거같아서 이후엔 계속 파우치 안에 보관만 했어요",1,22,420,67000,39.4,냠냠,판매완료,2,부산 수영구 광안동,https://www.daangn.com/kr/buy-sell/%EB%A9%94%EB%94%94%ED%81%90%EB%B8%8C-%EB%B6%80%EC%8A%A4%ED%84%B0%ED%94%84%EB%A1%9C-%EB%AF%B8%EB%8B%88-ge8ugx3vr24m/
2025-10-30,메디큐브부스터프로미니춘식이에디션미개봉제품,"미개봉 완전 새제품
+콜라겐 책 5장, 시카팩 5장

#받은지 얼마 안된 제품이라 1년안에 무상수리 및 교환가능합니다.
#안에 파우치+스티커 포함입니다!",1,0,39,90000,54.8,산책좋아용,판매완료,3,부산 수영구 광안동,https://www.daangn.com/kr/buy-sell/%EB%A9%94%EB%94%94%ED%81%90%EB%B8%8C-%EB%B6%80%EC%8A%A4%ED%84%B0-%ED%94%84%EB%A1%9C-%EB%AF%B8%EB%8B%88-%EC%B6%98%EC%8B%9D%EC%9D%B4-%EC%97%90%EB%94%94%EC%85%98-%EB%AF%B8%EA%B0%9C%EB%B4%89%EC%A0%9C%ED%92%88-x8ffvrtgevg4/
2025-10-17,[입금완료]메디큐브에이지알부스터프로미니플러스마이멜로디에디션,"메디큐브 에이지알 부스터프로 미니 플러스 마이멜로디 에디션 새상품 풀박스입니다
 
이번주에 사서 한번 사용한 거의 새제품 입니다.
저와는 맞지않는것 같아 판매하고 , 풀박스 구성 그대로에
피부닿는 기기부분 씰스티커 그대로 있습니다.

직거래는 수영역 광안역 근처 가능하고 , 편의점 반값택배 가능합니다.

교환X / 반품X
택배는 쿨거시 택포 / 직거래 쿨거시 -5000원",1,17,309,87000,38.7,꿀꿀,판매완료,8,부산 수영구 광안동,https://www.daangn.com/kr/buy-sell/%EC%9E%85%EA%B8%88%EC%99%84%EB%A3%8C-%EB%A9%94%EB%94%94%ED%81%90%EB%B8%8C-%EC%97%90%EC%9D%B4%EC%A7%80%EC%95%8C-%EB%B6%80%EC%8A%A4%ED%84%B0-%ED%94%84%EB%A1%9C-%EB%AF%B8%EB%8B%88-%ED%94%8C%EB%9F%AC%EC%8A%A4-%EB%A7%88%EC%9D%B4%EB%A9%9C%EB%A1%9C%EB%94%94-%EC%97%90%EB%94%94%EC%85%98-sms12s6zd98j/
2025-10-06,메디큐브에이지알부스터프로,"사용감 있습니다 사진 확인 해주세요
네고 x",5,4,293,150000,37.5,망치,판매완료,6,부산 수영구 광안동,https://www.daangn.com/kr/buy-sell/%EB%A9%94%EB%94%94%ED%81%90%EB%B8%8C-%EC%97%90%EC%9D%B4%EC%A7%80%EC%95%8C-%EB%B6%80%EC%8A%A4%ED%84%B0-%ED%94%84%EB%A1%9C-efgmno7qx73e/
2025-08-28,메디큐브에이지알부스터프로,"메디큐브 AGE-R Booster Pro 판매합니다
박스에 담겨있고 상태 좋습니다~ 

*5월에 구매해서 5회 사용했습니다*",3,1,97,200000,44.0,꼬북이,판매완료,2,부산 수영구 광안동,https://www.daangn.com/kr/buy-sell/%EB%A9%94%EB%94%94%ED%81%90%EB%B8%8C-%EC%97%90%EC%9D%B4%EC%A7%80%EC%95%8C-%EB%B6%80%EC%8A%A4%ED%84%B0-%ED%94%84%EB%A1%9C-ys8ckxfgqfcn/
2025-06-24,메디큐브부스터프로미니,"https://m.oliveyoung.co.kr/m/G.do?goodsNo=A000000224655

사용을 잘 안 하게 되어서 판매해요 !

박스를 버려서 .. 기기만 드려요 :)

궁금한 거 있으시면 편하게 채팅 주세요 !

* 채팅할 때 최소한의 답장은 해주시고 구매 의사는 확실하게 표현해주세요 *",2,4,139,55000,47.6,세니,판매완료,1,부산 수영구 광안동,https://www.daangn.com/kr/buy-sell/%EB%A9%94%EB%94%94%ED%81%90%EB%B8%8C-%EB%B6%80%EC%8A%A4%ED%84%B0-%ED%94%84%EB%A1%9C-%EB%AF%B8%EB%8B%88-d9yugr6oany4/
2025-05-29,메디큐브에이지알부스터프로,"메디큐브 에이지알 부스터 프로 내놓습니다!
집에서 간편하게 피부 관리하세요~ 
저는 귀찮아서 잘 안하게 되네요
10회 정도 사용 했어요!

- 미세 전류, 고주파, 초음파, LED 광선 기능
- 3가지 모드 지원
- 무선 충전 가능
- 자동 전원 차단 기능
- 무게: 165g, 크기: 175 x 45 x 40mm

정가는 29만원입니다! 박스도 같이 드려요",3,12,218,180000,49.4,수달,판매완료,4,부산 수영구 광안동,https://www.daangn.com/kr/buy-sell/%EB%A9%94%EB%94%94%ED%81%90%EB%B8%8C-%EC%97%90%EC%9D%B4%EC%A7%80%EC%95%8C-%EB%B6%80%EC%8A%A4%ED%84%B0-%ED%94%84%EB%A1%9C-k16p3skeu96s/
2025-05-23,메디큐브부스터프로미니핑크,선물받아 한번 써보고 보관만 했어요,4,5,224,80000,47.5,무한,판매완료,1,부산 수영구 광안동,https://www.daangn.com/kr/buy-sell/%EB%A9%94%EB%94%94%ED%81%90%EB%B8%8C-%EB%B6%80%EC%8A%A4%ED%84%B0%ED%94%84%EB%A1%9C-%EB%AF%B8%EB%8B%88-%ED%95%91%ED%81%AC-qm8ytmm58ovw/
2025-05-21,메디큐브부스터프로핑크에디션(거의새상품),"메디큐브 에이지알 부스터 프로 핑크색상입니다
거의 새제품입니다 ‼️‼️‼️‼️‼️‼️
상자랑 충전 케이블 같이 챙겨드리겠습니당!
박스 뒷편 메디큐브 정품인증 QR코드 그대로 있습니당
공식홈페이지에서 32만원 정도에 구매했어요. 

다른 피부기기 선물받아서 거의 안썻어요 넘 아까워서 당근에 내놓습니다 얼른 데리구가셔서 피부 탱탱하게 관리하셔요 ><

기계 기능이나 효과 확인 필요하신분들 공식 홈페이지 들어가셔서 참고해주세요!",2,4,115,220000,39.8,만콩떡,판매완료,1,부산 수영구 광안동,https://www.daangn.com/kr/buy-sell/%EB%A9%94%EB%94%94%ED%81%90%EB%B8%8C-%EB%B6%80%EC%8A%A4%ED%84%B0-%ED%94%84%EB%A1%9C-%ED%95%91%ED%81%AC%EC%97%90%EB%94%94%EC%85%98-%EA%B1%B0%EC%9D%98-%EC%83%88%EC%83%81%ED%92%88-9sidm3xq72io/
2025-02-06,메디큐브부스터프로+글로우앰플새상품2개,"메디큐브 부스터프로 + 글루타치오 글로우 앰플 새상품 2개

메디큐브 부스터프로는 몇번 사용 안했습니다

작동 잘 되는지 확인완료 했습니다.

구성품 : 부스터프로 본품, 충전선, 설명서, 글루타치온 글로우 앰플 새상품2개",3,4,363,270000,45.3,총총이,판매완료,6,부산 수영구 광안동,https://www.daangn.com/kr/buy-sell/%EB%A9%94%EB%94%94%ED%81%90%EB%B8%8C-%EB%B6%80%EC%8A%A4%ED%84%B0%ED%94%84%EB%A1%9C-%EA%B8%80%EB%A1%9C%EC%9A%B0-%EC%95%B0%ED%94%8C-%EC%83%88%EC%83%81%ED%92%88-2%EA%B0%9C-85ok86wz6b2z/
2025-02-15,메디큐브에이지알부스터프로,"메디큐브 정품 에이지알 부스터프로
개봉 전인 상품입니다 !
핑크, 검정색 둘 다 가능합니다 😀",1,7,248,250000,38.4,당근당근,판매완료,3,부산 수영구 광안동,https://www.daangn.com/kr/buy-sell/%EB%A9%94%EB%94%94%ED%81%90%EB%B8%8C-%EC%97%90%EC%9D%B4%EC%A7%80%EC%95%8C-%EB%B6%80%EC%8A%A4%ED%84%B0%ED%94%84%EB%A1%9C-dpgbd651z8wz/
2024-09-18,메디큐브에이지알부스터프로,"몇번사용하고 귀찮아서 안쓰게 되어서 판매합니다
풀박스 그대로이고 눈에띄는 스크레치는 없지만 중고제품이다보니 민감하신분은 사양합니다 에눌X",0,4,175,230000,37.2,june,판매완료,5,부산 수영구 광안동,https://www.daangn.com/kr/buy-sell/%EB%A9%94%EB%94%94%ED%81%90%EB%B8%8C-%EC%97%90%EC%9D%B4%EC%A7%80%EC%95%8C-%EB%B6%80%EC%8A%A4%ED%84%B0%ED%94%84%EB%A1%9C-4ni53zn2zho8/
2026-04-14,"메디큐브부스터프로미니플러스세트판매합니다(브이롤러,클렌징,젤)","메디큐브 부스터프로 미니 플러스 세트 판매합니다(브이롤러,클렌징,젤)
브이롤러만 박스있습니다
모두 상태좋아요!
세트로만 판매합니다😀
부스터젤도 같이드려요!",2,10,134,155000,52.4,아아하하하핳핳,판매완료,1,서울시 중구 을지로6가,https://www.daangn.com/kr/buy-sell/%EB%A9%94%EB%94%94%ED%81%90%EB%B8%8C-%EB%B6%80%EC%8A%A4%ED%84%B0%ED%94%84%EB%A1%9C-%EB%AF%B8%EB%8B%88-%ED%94%8C%EB%9F%AC%EC%8A%A4-%EC%84%B8%ED%8A%B8-%ED%8C%90%EB%A7%A4%ED%95%A9%EB%8B%88%EB%8B%A4-%EB%B8%8C%EC%9D%B4%EB%A1%A4%EB%9F%AC-%ED%81%B4%EB%A0%8C%EC%A7%95-%EC%A0%A4-r3xhgwdpba9h/
2025-01-22,메디큐브부스터프로미니화이트,"일주일 전 구매하고 한번 사용했어요(현재 씰 제거됨)
박스+사용설명서+본품 구성이고 알콜스왑 드릴테니 닦아쓰시면 될것 같습니다

동대문밀리오레,ddp 근처 직거래하고
편의점 반값택배+1800,일반택배+3000입니다",3,4,178,70000,57.0,하하,판매완료,1,서울시 중구 을지로6가,https://www.daangn.com/kr/buy-sell/%EB%A9%94%EB%94%94%ED%81%90%EB%B8%8C-%EB%B6%80%EC%8A%A4%ED%84%B0%ED%94%84%EB%A1%9C-%EB%AF%B8%EB%8B%88-%ED%99%94%EC%9D%B4%ED%8A%B8-dwey6hr19c38/
2026-04-26,미개봉메디큐브에이지알부스터프로미니핑크,"포장지도 안 뜯은 메디큐브 부스터프로 미니 팝니다.

참고로 해당 제품 메디큐브 공홈에서 176000원에 판매되고 있습니다.",1,2,66,80000,39.6,가니,판매완료,3,광주 광산구 흑석동,https://www.daangn.com/kr/buy-sell/%EB%AF%B8%EA%B0%9C%EB%B4%89-%EB%A9%94%EB%94%94%ED%81%90%EB%B8%8C-%EC%97%90%EC%9D%B4%EC%A7%80%EC%95%8C-%EB%B6%80%EC%8A%A4%ED%84%B0-%ED%94%84%EB%A1%9C-%EB%AF%B8%EB%8B%88-%ED%95%91%ED%81%AC-w6cvyf9zkoyw/
2026-02-03,메디큐브에이지알부스터진동클렌저,"메디큐브 에이지알 부스터 진동 클렌저와 부스터 프로 미니 플러스, 그리고 폼 클렌저 세트입니다
비슷한기기들이있는데 욕심내서 사긴했지만 사용안할것같아팔아요
사용하지않은 상품입니다",1,3,63,120000,40.5,몽따,판매완료,3,광주 광산구 흑석동,https://www.daangn.com/kr/buy-sell/%EB%A9%94%EB%94%94%ED%81%90%EB%B8%8C-%EC%97%90%EC%9D%B4%EC%A7%80%EC%95%8C-%EB%B6%80%EC%8A%A4%ED%84%B0-%EC%A7%84%EB%8F%99-%ED%81%B4%EB%A0%8C%EC%A0%80-np96abzuj7q1/
2025-06-30,메디큐브에이지알부스터프로,"메디큐브 에이지알 부스터 프로 내놓습니다
사용감 미미합니다
5가지 모드로 피부 관리를 할 수 있어요

- 부스터, 콜라겐, 탄력, 물광, 진정 모드
- 피부톤, 광채, 볼륨, 탄력, 리프팅 개선에 도움
- 정가는 39만원대입니다

상태는 사진 참고해주세요~ 박스도 같이 드려요
구매 후 환불은 어렵습니다.",3,4,186,200000,38.1,Whatfor,판매완료,5,광주 광산구 흑석동,https://www.daangn.com/kr/buy-sell/%EB%A9%94%EB%94%94%ED%81%90%EB%B8%8C-%EC%97%90%EC%9D%B4%EC%A7%80%EC%95%8C-%EB%B6%80%EC%8A%A4%ED%84%B0-%ED%94%84%EB%A1%9C-4ctr69acuauo/
2024-08-06,메디큐브에이지알부스터프로,"박스랑 기계본품만있어요 
사용을 안하게돼서 판매합니다
에눌안해요 가격제시하지말아주세요",2,6,155,200000,40.2,노을,판매완료,1,광주 광산구 흑석동,https://www.daangn.com/kr/buy-sell/%EB%A9%94%EB%94%94%ED%81%90%EB%B8%8C-%EC%97%90%EC%9D%B4%EC%A7%80%EC%95%8C-%EB%B6%80%EC%8A%A4%ED%84%B0%ED%94%84%EB%A1%9C-bunowfvwd7hs/
2026-04-12,메디큐브에이지알부스터프로블랙,"메디큐브 에이지알 부스터 프로 블랙 색상 미개봉 새상품입니다. 
미개봉 랩 밀봉된 풀박스 그대로 드립니다.",5,21,235,170000,39.1,김다연,판매중,1,경기 고양시 일산서구 대화동,https://www.daangn.com/kr/buy-sell/%EB%A9%94%EB%94%94%ED%81%90%EB%B8%8C-%EC%97%90%EC%9D%B4%EC%A7%80%EC%95%8C-%EB%B6%80%EC%8A%A4%ED%84%B0-%ED%94%84%EB%A1%9C-%EB%B8%94%EB%9E%99-9otjr4k99nts/
2026-04-12,메디큐브에이지알부스터프로핑크,"메디큐브 에이지알 부스터 프로 핑크 색상 미개봉 새상품입니다. 
미개봉 랩 밀봉된 풀박스 그대로 드립니다.",3,40,300,170000,39.1,김다연,판매중,3,경기 고양시 일산서구 대화동,https://www.daangn.com/kr/buy-sell/%EB%A9%94%EB%94%94%ED%81%90%EB%B8%8C-%EC%97%90%EC%9D%B4%EC%A7%80%EC%95%8C-%EB%B6%80%EC%8A%A4%ED%84%B0-%ED%94%84%EB%A1%9C-%ED%95%91%ED%81%AC-w69kmzi4dhiu/
2026-03-06,메디큐브부스터프로미니+pdrn세럼(정가3.5)새상품,"메디큐브 부스터 프로 미니와 PDRN 콜라겐 글로우 젤리 세럼 함께 팝니디 ! 뷰티기기라서 선물용으로도 좋을것 같아용 ~~~~~~ 
싸게 데려가세요 ! 😋 

두 제품 모두 새상품입니다!",0,13,168,92000,37.2,쥬라기,판매중,3,경기 고양시 일산서구 대화동,https://www.daangn.com/kr/buy-sell/%EB%A9%94%EB%94%94%ED%81%90%EB%B8%8C-%EB%B6%80%EC%8A%A4%ED%84%B0-%ED%94%84%EB%A1%9C-%EB%AF%B8%EB%8B%88-pdrn-%EC%84%B8%EB%9F%BC-%EC%A0%95%EA%B0%80-3-5-%EC%83%88%EC%83%81%ED%92%88-wn7e9vvgvpbq/
2026-03-30,메디큐브부스터프로스페셜에디션,"메디큐브 부스터 프로 스페셜 에디션 판매
미개봉 새상품이고, 사진에 보이는 그대로

킨텍스 포레나 오피스텔에서 직거래
당근페이 계좌 모두 가능",0,1,63,310000,59.7,당근페이만합니다,판매중,3,경기 고양시 일산서구 대화동,https://www.daangn.com/kr/buy-sell/%EB%A9%94%EB%94%94%ED%81%90%EB%B8%8C-%EB%B6%80%EC%8A%A4%ED%84%B0-%ED%94%84%EB%A1%9C-%EC%8A%A4%ED%8E%98%EC%85%9C-%EC%97%90%EB%94%94%EC%85%98-afzyhpksmbii/
2025-06-26,메디큐브에이지알부스터프로,"메디큐브 에이지알 부스터 프로입니다
구매후 얼마사용하지 않았어요

**가격 내렸어요***

- 피부 광채, 탄력, 모공, 피부결, 톤업 개선에 도움을 줘요
- 5가지 모드와 3단계 강도 조절이 가능해요
- 피부 밀착 디자인으로 빈틈없이 관리할 수 있어요

메디큐브 에이지알 부스터 프로입니다
정가는 339,000원이에요
박스랑 설명서도  구매때 그대로있어요",8,24,885,120000,36.7,유비니,판매완료,5,경기 고양시 일산서구 대화동,https://www.daangn.com/kr/buy-sell/%EB%A9%94%EB%94%94%ED%81%90%EB%B8%8C-%EC%97%90%EC%9D%B4%EC%A7%80%EC%95%8C-%EB%B6%80%EC%8A%A4%ED%84%B0-%ED%94%84%EB%A1%9C-gyk4f3bz94iz/
2026-03-31,[미개봉]메디큐브에이지알부스터프로미니플러스&에이지알페이셜클렌징디바이스,"메디큐브 에이지알 부스터 프로 미니 플러스 
페이셜 클렌징 디바이스 헤드 세트입니다

에이지알 부스터 프로 미니 플러스는 피부에 앰플 흡수를 도와주는 뷰티 디바이스입니다

에이지알 페이셜 클렌징 디바이스 헤드는 클렌징 디바이스입니다 

포어 핑크 나이아신아마이드 휩 클렌저는 120g 까지 드립니다 

세 제품 모두 미개봉 새 상품입니다",1,14,243,150000,39.0,러브링,판매완료,3,경기 고양시 일산서구 대화동,https://www.daangn.com/kr/buy-sell/%EB%AF%B8%EA%B0%9C%EB%B4%89-%EB%A9%94%EB%94%94%ED%81%90%EB%B8%8C-%EC%97%90%EC%9D%B4%EC%A7%80%EC%95%8C-%EB%B6%80%EC%8A%A4%ED%84%B0-%ED%94%84%EB%A1%9C-%EB%AF%B8%EB%8B%88-%ED%94%8C%EB%9F%AC%EC%8A%A4-%EC%97%90%EC%9D%B4%EC%A7%80%EC%95%8C-%ED%8E%98%EC%9D%B4%EC%85%9C-%ED%81%B4%EB%A0%8C%EC%A7%95-%EB%94%94%EB%B0%94%EC%9D%B4%EC%8A%A4-cm85g2s54298/
2026-04-09,메디큐브부스터프로핑크,"메디큐브 에이지알 부스터 프로 핑크 색상 미개봉 새상품입니다. 
미개봉 랩 밀봉된 풀박스 그대로 드립니다.",1,6,73,180000,39.1,김다연,판매완료,3,경기 고양시 일산서구 대화동,https://www.daangn.com/kr/buy-sell/%EB%A9%94%EB%94%94%ED%81%90%EB%B8%8C-%EB%B6%80%EC%8A%A4%ED%84%B0%ED%94%84%EB%A1%9C-%ED%95%91%ED%81%AC-tws3m6q2pamn/
2026-02-24,메디큐브에이지알부스터프로핑크랩포장미개봉품,"메디큐브 에이지알 부스터 프로 핑크 색상 미개봉 새상품입니다
미개봉 밀봉된 풀박스 그대로 드립니다",4,4,109,190000,39.1,김다연,판매완료,1,경기 고양시 일산서구 대화동,https://www.daangn.com/kr/buy-sell/%EB%A9%94%EB%94%94%ED%81%90%EB%B8%8C-%EC%97%90%EC%9D%B4%EC%A7%80%EC%95%8C-%EB%B6%80%EC%8A%A4%ED%84%B0-%ED%94%84%EB%A1%9C-%ED%95%91%ED%81%AC-%EB%9E%A9%ED%8F%AC%EC%9E%A5-%EB%AF%B8%EA%B0%9C%EB%B4%89%ED%92%88-rz835cxtv9dq/
2026-02-22,메디큐브부스터프로미니화이트,"메디큐브 부스터프로 미니 디바이스 입니다
상태 매우 좋아요!

디바이스 박스는 없고 10회 미만으로 사용했습니다 알코올 솜으로 소독해서 보내드려용",2,9,97,45000,40.9,영탐원툴,판매완료,1,경기 고양시 일산서구 대화동,https://www.daangn.com/kr/buy-sell/%EB%A9%94%EB%94%94%ED%81%90%EB%B8%8C-%EB%B6%80%EC%8A%A4%ED%84%B0%ED%94%84%EB%A1%9C-%EB%AF%B8%EB%8B%88-%ED%99%94%EC%9D%B4%ED%8A%B8-1rivd54aaows/
2026-01-11,메디큐브에이지알부스터프로풀박스,"메디큐브 에이지알 부스터 프로 풀박스입니다. 
충전선 한번도 쓰지 않았고.. 
30만원 넘게주고 사서 큰맘먹고 몇회 사용하였으나 귀찮은 저로써는..  있어도 무용지물.. 
사용해보고싶지만 새상품은 너무 비싸고.. 
그렇다고 너무 중고인 제품은 꺼려지는 분들은 
구매해서 사용해보시면 좋을것 같아요.",2,17,146,160000,40.2,모찌맘,판매완료,3,경기 고양시 일산서구 대화동,https://www.daangn.com/kr/buy-sell/%EB%A9%94%EB%94%94%ED%81%90%EB%B8%8C-%EC%97%90%EC%9D%B4%EC%A7%80%EC%95%8C-%EB%B6%80%EC%8A%A4%ED%84%B0-%ED%94%84%EB%A1%9C-%ED%92%80%EB%B0%95%EC%8A%A4-8w9jg26k2yw3/
2026-01-10,메디큐브에이지알부스터프로+ems+유쎄라,메디큐브 에이지알 부스터 프로는 사용감 거의 없습니다. 부스터 프로 판매하려던 가격에 조금 오래된 EMS와  유쎄라 같이 드리겠습니다. ,3,12,210,60000,39.8,gardeni,판매완료,1,경기 고양시 일산서구 대화동,https://www.daangn.com/kr/buy-sell/%EB%A9%94%EB%94%94%ED%81%90%EB%B8%8C-%EC%97%90%EC%9D%B4%EC%A7%80%EC%95%8C-%EB%B6%80%EC%8A%A4%ED%84%B0-%ED%94%84%EB%A1%9C-ems-%EC%9C%A0%EC%8E%84%EB%9D%BC-1jk4etowbgpg/
2025-12-20,메디큐브부스터프로헬로키티에디션,"메디큐브 부스터프로 헬로키티 에디션 풀박스.
실사용 일주일 미만.
충전선, 키티 소독티슈는 미사용 새상품.

키티 때문에 구매했는데 게으름으로 판매.

부스터프로는 알콜스왑으로 닦으면 안된다고 합니다. 풀박 구성 보존하고 싶어서 마지막 사진에 소독 티슈 따로 추가로 구매해서 사용했고, 이건 화장 도구 닦을때 이미 거의 다 써서 판매에 포함하지 않습니다. 

생활 기스 있을 수 있으며,
전자상품이기에 직거래 권장드리나,
원하시면 작동 여부 동영상으로 보내드리고
문고리나 GS택배 가능합니다. (+택배비용 추가)


**반품 및 환불은 불가하므로 신중한 구매 부탁드립니다.
**거래장소: 대화동 일산백병원 옆 보양삼계탕 건물",1,7,82,200000,47.6,굼굼,판매완료,6,경기 고양시 일산서구 대화동,https://www.daangn.com/kr/buy-sell/%EB%A9%94%EB%94%94%ED%81%90%EB%B8%8C-%EB%B6%80%EC%8A%A4%ED%84%B0%ED%94%84%EB%A1%9C-%ED%97%AC%EB%A1%9C%ED%82%A4%ED%8B%B0-%EC%97%90%EB%94%94%EC%85%98-8ip1891hiqzv/
2025-11-09,[홈케어뷰티디바이스]메디큐브부스터프로미니(화이트),"[홈케어 뷰티디바이스] 메디큐브 부스터프로 미니(화이트)

[상품 정보]
■ 상품명: 메디큐브 부스터프로 미니(화이트)
■ 상품 구매가: 112,000원
■ 제품 상태: 디바이스 새 제품
     (단, 상품 구매 후 박스 개봉 하였으며 제품 설명서는 분실 하였지만 하기 제품 사용 설명 URL를 통해 확인 가능)
https://youtu.be/nceTDAyJoxc?si=BSCxH7Tsf7grHUa0
https://naver.me/5SSJawGn

■ 기타사항
   - 사용 후기 검색을 통한 상세 정보 확인을 추천해 드립니다.
   - 디바이스는 새제품이지만, 개봉한 상품이라서 저렴하게 판매하는 상품입니다. 😊

♡ 최대한 꼼꼼하게 포장하여 발송 드립니다 ♡
♡ 가능한 빠른 일정으로 발송 드립니다 ♡
♡ 택배 접수 후 운송장 정보를 공유해 드립니다 ♡
  
★ 필독 ★
※ 거래 방법: 택배 발송 (편의점 반값 택배 불가)
※ 택배 접수: 결제 후 3일 이내 발송 (ASAP 진행 中)
※ 교환 및 반품 불가
",0,1,47,50000,36.9,동동,판매완료,10,경기 고양시 일산서구 대화동,https://www.daangn.com/kr/buy-sell/%ED%99%88%EC%BC%80%EC%96%B4-%EB%B7%B0%ED%8B%B0%EB%94%94%EB%B0%94%EC%9D%B4%EC%8A%A4-%EB%A9%94%EB%94%94%ED%81%90%EB%B8%8C-%EB%B6%80%EC%8A%A4%ED%84%B0%ED%94%84%EB%A1%9C-%EB%AF%B8%EB%8B%88-%ED%99%94%EC%9D%B4%ED%8A%B8-edvgruqporzi/
2025-09-17,메디큐브에이지알부스터프로미니,"메디큐브 에이지알 부스터 프로 미니 핑크색상입니다

두세번 사용한 거의 세재품입니다. 
다른 기기를 사게 되어 눈물을 머금고 판매합니다..ㅠ
소독+풀박스로 드려요~!

진정, 수분, 탄력에 효과 좋아용 ㅎㅎ
원가보다 훨씬 저렴하게 내놓습니다 ㅠㅠ",4,24,550,78000,37.2,짹짹,판매완료,3,경기 고양시 일산서구 대화동,https://www.daangn.com/kr/buy-sell/%EB%A9%94%EB%94%94%ED%81%90%EB%B8%8C-%EC%97%90%EC%9D%B4%EC%A7%80%EC%95%8C-%EB%B6%80%EC%8A%A4%ED%84%B0-%ED%94%84%EB%A1%9C-%EB%AF%B8%EB%8B%88-eisva1xdg59k/
2025-10-13,새상품메디큐브에이지알부스터프로,"메디큐브 에이지알 부스터 프로 팝니다!

- 핑크삼각 케이스포함 
- 10회미만사용 (상태 거의 새거)
- 상자풀세트",2,0,63,170000,42.8,뽀양,판매완료,4,경기 고양시 일산서구 대화동,https://www.daangn.com/kr/buy-sell/%EC%83%88%EC%83%81%ED%92%88-%EB%A9%94%EB%94%94%ED%81%90%EB%B8%8C-%EC%97%90%EC%9D%B4%EC%A7%80%EC%95%8C-%EB%B6%80%EC%8A%A4%ED%84%B0-%ED%94%84%EB%A1%9C-9rz62vf8a4zw/
2025-09-25,메디큐브부스터프로(세럼증정),"메디큐브 부스터 프로 블랙 팝니다!
박스, USB 케이블 다 그대로 있어요(25.04구매)

부지런함이 다해서 다른 기기로 갈아탈겸(?) 내놓습니다~ 사용은 했어도 깨끗하게 잘 관리해서 기스는 없어요!

쿨거래시 같이 사용하기좋은
PDRN 핑크 펩타이드 세럼 세재품도 함께 드려용
(~27년 2월 26일)",3,7,76,170000,42.1,당근나라딸기농장,판매완료,4,경기 고양시 일산서구 대화동,https://www.daangn.com/kr/buy-sell/%EB%A9%94%EB%94%94%ED%81%90%EB%B8%8C-%EB%B6%80%EC%8A%A4%ED%84%B0-%ED%94%84%EB%A1%9C-%EC%84%B8%EB%9F%BC%EC%A6%9D%EC%A0%95-v3pvjoz3yx89/
2025-06-02,메디큐브에이지알부스터프로,"메디큐브 에이지알 부스터 프로 내놓습니다
집에서 간편하게 피부 관리할 수 있어요

- 모공, 탄력, 볼륨, 광채, 결, 톤 개선에 도움
- 부스터 모드, MC미세전류 모드, Air Shot 모드, 더마 EMS 모드 지원

상자랑 구성품 다 있어요

실사용 5회미만
그대로 보관만 하고 사용하지 않음",1,3,154,200000,37.3,채채채워니,판매완료,3,경기 고양시 일산서구 대화동,https://www.daangn.com/kr/buy-sell/%EB%A9%94%EB%94%94%ED%81%90%EB%B8%8C-%EC%97%90%EC%9D%B4%EC%A7%80%EC%95%8C-%EB%B6%80%EC%8A%A4%ED%84%B0-%ED%94%84%EB%A1%9C-4kpguafw2zr7/
2025-06-02,메디큐브에이지알부스터프로핑크새상품,"에이지알 부스터 프로 핑크 미개봉 새상품이에요
최근에 선물 받았는데 안 쓸 것 같아서 판매해요!

문거리 거래 혹은 직거래
투썸플레이스 킨텍스꿈에그린점에서 해요!",3,4,129,220000,67.5,살구,판매완료,3,경기 고양시 일산서구 대화동,https://www.daangn.com/kr/buy-sell/%EB%A9%94%EB%94%94%ED%81%90%EB%B8%8C-%EC%97%90%EC%9D%B4%EC%A7%80%EC%95%8C-%EB%B6%80%EC%8A%A4%ED%84%B0-%ED%94%84%EB%A1%9C-%ED%95%91%ED%81%AC-%EC%83%88%EC%83%81%ED%92%88-w4ncbf3n7jay/
2025-05-12,메디큐브에이지알부스터프로,"메디큐브 에이지알 부스터 프로입니다.
구매한지는 1년정도 되었는데 
서랍에만 넣어두고 안써서 상태는 좋은 편입니다.1주만 사용 됐어요^^
케이블만 있어요.

신중히 생각하시고 구매 해주세요
궁금하신 내용 있으시면 채팅 환영합니다
직접 확인하실 수 있고 거래 후 교환x 환불 x

직거래 장소는 킨텍스로 217-23 더샾그라비스타  주차장 입구 옆 gs편의점 (gs25킨텍스스타점)입니다
반값 택배가능합니다",2,0,143,150000,43.3,임띵동,판매완료,2,경기 고양시 일산서구 대화동,https://www.daangn.com/kr/buy-sell/%EB%A9%94%EB%94%94%ED%81%90%EB%B8%8C-%EC%97%90%EC%9D%B4%EC%A7%80%EC%95%8C-%EB%B6%80%EC%8A%A4%ED%84%B0-%ED%94%84%EB%A1%9C-9rwamy9saywc/
2025-04-25,메디큐브에이지알부스터프로핑크에디션,"메디큐브 에이지알 부스터 프로 핑크 에디션
25년 2월 17일 구매했으나 일주일동안 자기전에 열심히 쓰다가 점차 횟수가 줄어들고 이제는 안하게되네요..
피부과 갈 돈으로 기계로 해보자 하는 마음으로 샀는데 
셀프로 피부관리 열심히 관리하는사람한테 좋은거같아요.. 
- 부스터 프로 본품 
- 핑크캡
- 앰플 2가지 증정
(박스보관X)(반품X)",2,2,151,190000,39.5,뚱이,판매완료,3,경기 고양시 일산서구 대화동,https://www.daangn.com/kr/buy-sell/%EB%A9%94%EB%94%94%ED%81%90%EB%B8%8C-%EC%97%90%EC%9D%B4%EC%A7%80%EC%95%8C-%EB%B6%80%EC%8A%A4%ED%84%B0%ED%94%84%EB%A1%9C-%ED%95%91%ED%81%AC%EC%97%90%EB%94%94%EC%85%98-y8ykxr85imbg/
2025-03-16,[미개봉]메디큐브에이지알부스터프로+마스크팩10매(가격내림),"미개봉 부스터프로와 함께 받은 
메디큐브 마스크팩 2종 판매합니다!

1️⃣ 부스터 프로(미개봉)
2️⃣ 슈퍼 시카 카밍 마스크(2027년 4월 10일까지) 5매
3️⃣ 콜라겐 리프팅 마스크(2026년 11월 13일까지) 5매

🤗대화역 인근에서 직거래/문고리 환영합니다🤗
📦택배는 GS25 반택만 가능합니다📦
👍입금 후 예약 가능합니다👍
❌️반품/환불 어렵습니다❌️
🥕편하게 대화걸어주세요🥕",1,3,163,260000,42.0,월급아왜도망가,판매완료,1,경기 고양시 일산서구 대화동,https://www.daangn.com/kr/buy-sell/%EB%AF%B8%EA%B0%9C%EB%B4%89-%EB%A9%94%EB%94%94%ED%81%90%EB%B8%8C-%EC%97%90%EC%9D%B4%EC%A7%80%EC%95%8C-%EB%B6%80%EC%8A%A4%ED%84%B0-%ED%94%84%EB%A1%9C-%EB%A7%88%EC%8A%A4%ED%81%AC%ED%8C%A9-10%EB%A7%A4-%EA%B0%80%EA%B2%A9%EB%82%B4%EB%A6%BC-d6gt2m44og2g/
2025-02-25,메디큐브부스터프로,"구매한지는 4개월 정도 되었으나 사용은 20회정도 쓴것같네요.
사용하지않게 되어 
판매합니다.",1,12,277,180000,38.7,hwhl,판매완료,2,경기 고양시 일산서구 대화동,https://www.daangn.com/kr/buy-sell/%EB%A9%94%EB%94%94%ED%81%90%EB%B8%8C-%EB%B6%80%EC%8A%A4%ED%84%B0%ED%94%84%EB%A1%9C-en5r8iuu8ro7/
2025-02-12,메디큐브에이지알부스터프로,"체험단으로 받아서 테스트로 한번 사용하고 저는 딱히 필요하지 않아서 싸게 판매합니다! 정가가 60만원대고 이벤트로 할인 하더라도 20만원대였어요!
영상 찍는 용으로 피부에 잠깐 갖다대서 거의 새거고 잘 작동됩니다! 피부에 닿고 깨끗하게 다 닦았습니다.",4,6,212,170000,49.6,수나모롤,판매완료,2,경기 고양시 일산서구 대화동,https://www.daangn.com/kr/buy-sell/%EB%A9%94%EB%94%94%ED%81%90%EB%B8%8C-%EC%97%90%EC%9D%B4%EC%A7%80%EC%95%8C-%EB%B6%80%EC%8A%A4%ED%84%B0%ED%94%84%EB%A1%9C-abrrmjbf9j72/
2024-12-06,메디큐브부스터프로,"주변에서 많이들 좋다고 해서 샀는데
요즘 바빠서 이용을 잘 못해 내놓습니다.

충전기와 설명서는 다 있지만 사용감이 조금 있어 저렴하게 내놔요 :) 10번 미만으로 사용했고 올해 10월에 사서 기기 작동도 잘 됩니다.

필요하신 분들 연락주세요.",4,2,239,160000,37.4,보라돌이,판매완료,3,경기 고양시 일산서구 대화동,https://www.daangn.com/kr/buy-sell/%EB%A9%94%EB%94%94%ED%81%90%EB%B8%8C-%EB%B6%80%EC%8A%A4%ED%84%B0%ED%94%84%EB%A1%9C-14u91j9iztum/
2024-08-04,메디큐브부스터프로(김희선광고),"GS 홈쇼핑에서 구매  잘 사용했고
업그레이드 제품 선물받고 판매합니다~~~",5,4,628,250000,36.4,당근이지,판매완료,1,경기 고양시 일산서구 대화동,https://www.daangn.com/kr/buy-sell/%EB%A9%94%EB%94%94%ED%81%90%EB%B8%8C-%EB%B6%80%EC%8A%A4%ED%84%B0%ED%94%84%EB%A1%9C-%EA%B9%80%ED%9D%AC%EC%84%A0%EA%B4%91%EA%B3%A0-byhfg4ycdczi/
2024-09-02,메디큐브부스터프로판매합니다!,"작년 10월 구매하였는데 조금 사용하다 다른 디바이스를 선물 받은 후 손이 가지않아 판매합니다!
사용감 많지 않으나 예민하신 분은 피해주세요.
실사용 목적으로 구매한거라 다 버려 본품만 있어요.

대화도서관 / 대진고 / 백병원 / 대화역 거래 가능합니다.",1,4,241,210000,40.0,당근씨,판매완료,2,경기 고양시 일산서구 대화동,https://www.daangn.com/kr/buy-sell/%EB%A9%94%EB%94%94%ED%81%90%EB%B8%8C-%EB%B6%80%EC%8A%A4%ED%84%B0%ED%94%84%EB%A1%9C-%ED%8C%90%EB%A7%A4%ED%95%A9%EB%8B%88%EB%8B%A4-97ktuwgo3jpj/
2024-07-15,메디큐브부스터프로,"5월에 공홈에서 직접구매했습니다
피부가 안좋아져서 구매했는데
피부관리실 다니기시작하면서 
기기 사용하지말라고해서 두어번 사용하고 보관하다가 판매합니다
풀박스그대로 거의 새거라보시면되용!
방금 전원켜서 작동상태 다
확인했습니다

대화역쪽이나 운정산내마을9단지 직거래가능합니다 문의주세요 😊

중고기기특성상환불은어려워용",1,0,136,280000,41.7,골라골라,판매완료,5,경기 고양시 일산서구 대화동,https://www.daangn.com/kr/buy-sell/%EB%A9%94%EB%94%94%ED%81%90%EB%B8%8C-%EB%B6%80%EC%8A%A4%ED%84%B0%ED%94%84%EB%A1%9C-ikjua6pbxurd/
2026-05-15,메디큐브에이지알부스터프로미니핑크,"메디큐브 에이지알 부스터 프로 미니 핑크 제품이에요
사진에서 보이는 것처럼 깔끔한 상태를 유지하고 있어요
제품 개봉 후 충전한 적이 없을 정도로 사용 횟수가 적고 새제품처럼 관리했습니다! 모드도 2가지가 있어서 관리하기 편해요 ~
피부 관리에 관심 있는 분들에게 정말 좋은 선택이 될 거예요
매일매일 건강한 피부를 가꾸는 데 도움을 줄 수 있어요. 박스나 구성품은 따로 없는 점 참고 부탁드려요! C타입 충전기로 충전해주시면 됩니다~
급하게 돈이 필요해서 처분합니다 :)

직거래,택배 모두 가능해요!",2,9,90,50000,37.0,판댜,판매완료,2,충남 천안시 동남구 신부동,https://www.daangn.com/kr/buy-sell/%EB%A9%94%EB%94%94%ED%81%90%EB%B8%8C-%EC%97%90%EC%9D%B4%EC%A7%80%EC%95%8C-%EB%B6%80%EC%8A%A4%ED%84%B0-%ED%94%84%EB%A1%9C-%EB%AF%B8%EB%8B%88-%ED%95%91%ED%81%AC-jfnsbx5wdogv/
2026-05-06,메디큐브부스터프로미니,"급처합니다
원가격 12만원으로 구매했구요
사용 3번 했습니다
앱있어서 편하게 사용가능하고
돈이 필요해서 팝니다!
편하게 연락주세요",2,15,246,45000,39.0,안뇽하세욜,판매완료,1,충남 천안시 동남구 신부동,https://www.daangn.com/kr/buy-sell/%EB%A9%94%EB%94%94%ED%81%90%EB%B8%8C-%EB%B6%80%EC%8A%A4%ED%84%B0%ED%94%84%EB%A1%9C-%EB%AF%B8%EB%8B%88-no5vfrtspdf9/
2026-05-06,메디큐브에이지알ems부스터브이롤러(부스터프로미니플러스75g+브이롤러헤드150g),"메디큐브 에이지알 EMS 부스터 브이롤러 (부스터프로 미니 플러스 75g+브이롤러 헤드 150g) +PDRN부스터젤 새재품 + 충전케이블

몇 번사용 안 한 거의 새제품입니다. 박스는 없어요. 롤러헤드에 기스나지 않게 파우치에 넣어 보관했습니다. (같이 드릴게요!)",2,6,65,94000,36.8,jamie,판매완료,3,충남 천안시 동남구 신부동,https://www.daangn.com/kr/buy-sell/%EB%A9%94%EB%94%94%ED%81%90%EB%B8%8C-%EC%97%90%EC%9D%B4%EC%A7%80%EC%95%8C-ems-%EB%B6%80%EC%8A%A4%ED%84%B0-%EB%B8%8C%EC%9D%B4%EB%A1%A4%EB%9F%AC-%EB%B6%80%EC%8A%A4%ED%84%B0%ED%94%84%EB%A1%9C-%EB%AF%B8%EB%8B%88-%ED%94%8C%EB%9F%AC%EC%8A%A4-75g-%EB%B8%8C%EC%9D%B4%EB%A1%A4%EB%9F%AC-%ED%97%A4%EB%93%9C-150g-kwryqmoooa81/
2026-03-26,메디큐브부스터프로&진동클렌저,"메디큐브 에이지알 부스터프로미니 와 진동 클렌저 세트입니다
깨끗하게 사용해서 사용감 좋습니다.
새로 선물 받아서 팝니다

구매하시면 펩타이드 세럼 새거 본품이랑 리필 1/3, 충전기까지 풀로 드립니다! 전부 박스에 넣어드려요",3,16,348,95000,41.1,당구니,판매완료,4,충남 천안시 동남구 신부동,https://www.daangn.com/kr/buy-sell/%EB%A9%94%EB%94%94%ED%81%90%EB%B8%8C-%EB%B6%80%EC%8A%A4%ED%84%B0-%ED%94%84%EB%A1%9C-%EC%A7%84%EB%8F%99-%ED%81%B4%EB%A0%8C%EC%A0%80-p29dwxzmuhia/
2026-03-24,메디큐브부스터프로미니플러스+클렌저마이멜로디에디션,"실사용 거의없어요!! 포장만뜯고 한두번쓰고 소독해서 보관만해뒀어요
육아하느라 계속 사용하기 어려워서 판매해요
구성품 다있고 깨끗하고 물오염 아예없습니다!!
기스도 아예없어요

거래장소는 풍세 한양수자인,신부동 극동아파트에요
Gs25 반택 가능해요!!",1,4,95,70000,99.0,다둥이맘,판매완료,8,충남 천안시 동남구 신부동,https://www.daangn.com/kr/buy-sell/%EB%A9%94%EB%94%94%ED%81%90%EB%B8%8C-%EB%B6%80%EC%8A%A4%ED%84%B0%ED%94%84%EB%A1%9C%EB%AF%B8%EB%8B%88%ED%94%8C%EB%9F%AC%EC%8A%A4-%ED%81%B4%EB%A0%8C%EC%A0%80-%EB%A7%88%EC%9D%B4%EB%A9%9C%EB%A1%9C%EB%94%94-%EC%97%90%EB%94%94%EC%85%98-asg17x25eep8/
2025-12-13,메디큐브부스터프로,"메디큐브 에이지알 부스터프로 판매합니다
10번도 안쓴듯 ㄷㄷ 
거래는 문고리 거래 합니닷
쿨거시 네고 가능합니다",5,13,261,180000,37.9,다욤,판매완료,1,충남 천안시 동남구 신부동,https://www.daangn.com/kr/buy-sell/%EB%A9%94%EB%94%94%ED%81%90%EB%B8%8C-%EB%B6%80%EC%8A%A4%ED%84%B0%ED%94%84%EB%A1%9C-izx7fhfz44ux/
2025-10-29,메디큐브에이지알부스터프로화이트풀박스+헤드캡,"메디큐브 에이지알 부스터 프로 화이트 에디션 실사용 10회 미만 제품입니다!(25년 10월 구매, 현재 공홈 판매 X)

한정판으로 나온 제품이며 판다 헤드캡도 같이 드립니다! 
박스, 구성품(뜯지않음) 다 있습니다
새로운 기기 선물받아 급히 판매합니다!

화이트인데도 불구하고 때타지도 않고 화장대에 두어도 산뜻하니 판다 헤드캡해놓으면 아주 귀엽습니다!

네고 가능하니 편하게 물어봐주세요😊",1,0,88,220000,37.0,닉네이,판매완료,2,충남 천안시 동남구 신부동,https://www.daangn.com/kr/buy-sell/%EB%A9%94%EB%94%94%ED%81%90%EB%B8%8C-%EC%97%90%EC%9D%B4%EC%A7%80%EC%95%8C-%EB%B6%80%EC%8A%A4%ED%84%B0-%ED%94%84%EB%A1%9C-%ED%99%94%EC%9D%B4%ED%8A%B8-%ED%92%80%EB%B0%95%EC%8A%A4-%ED%97%A4%EB%93%9C%EC%BA%A1-5o4gmz6h4ahp/
2025-08-03,메디큐브부스터프로미니핑크,"메디큐브 부스터 프로 미니 핑크 에디션이에요
새거 아니고 3번쯤 쓴 깨끗한 제품이에요
택배 안돼요 문고리거래만 해요
- 모공, 탄력, 볼륨, 광채, 결 케어에 좋아요
- 더마 EMS, MC 리프팅, 에어샷, 부스터 모드 기능이 있어요
- 핑크색상입니다
- 상자도 같이 드려요.두번째 사진처럼 상자 약간 찢어졌어요
그 외에 흠집없어요
",2,9,258,60000,92.0,주하,판매완료,2,충남 천안시 동남구 신부동,https://www.daangn.com/kr/buy-sell/%EB%A9%94%EB%94%94%ED%81%90%EB%B8%8C-%EB%B6%80%EC%8A%A4%ED%84%B0-%ED%94%84%EB%A1%9C-%EB%AF%B8%EB%8B%88-%ED%95%91%ED%81%AC-teay22y9g7sz/
2025-06-10,메디큐브에이지알부스터프로(새상품),"메디큐브 에이지알 부스터 프로입니다
아직 뜯지도 않은 새제품이구요!

며칠전에 구매했는데 그냥 기존에 쓰던 미니로 쓰려고 판매합니다! 

오늘 바로 쿨거래시 10,000원 네고 해드립니다",3,9,343,228000,45.9,또비츄,판매완료,2,충남 천안시 동남구 신부동,https://www.daangn.com/kr/buy-sell/%EB%A9%94%EB%94%94%ED%81%90%EB%B8%8C-%EC%97%90%EC%9D%B4%EC%A7%80%EC%95%8C-%EB%B6%80%EC%8A%A4%ED%84%B0-%ED%94%84%EB%A1%9C-%EC%83%88%EC%83%81%ED%92%88-ffbpuhvw8kmr/
2025-08-01,메디큐브에이지알부스터프로핑크,"메디큐브 에이지알 부스터 프로 핑크 내놓습니다!

- LED 파장, 미세 전류, 초음파, 이온토포레시스 기능
- 5가지 모드로 피부 관리
- 피부 탄력, 모공, 볼륨, 광채 개선에 도움
- 핑크색

박스랑 설명서 다 있어요~

뒷면에 고데기에 그을려서 싸게내놔요 (사용엔문제x)",2,4,199,150000,46.8,겨울,판매완료,4,충남 천안시 동남구 신부동,https://www.daangn.com/kr/buy-sell/%EB%A9%94%EB%94%94%ED%81%90%EB%B8%8C-%EC%97%90%EC%9D%B4%EC%A7%80%EC%95%8C-%EB%B6%80%EC%8A%A4%ED%84%B0-%ED%94%84%EB%A1%9C-%ED%95%91%ED%81%AC-twhdszbwz3v4/
2025-03-18,메디큐브부스터프로+마스크팩,"공식 홈페이지에서 25년 2월 26일에 구매했고
몇번 사용 안했고 작동도 잘 됩니다
처음 온 상태 그대로 판매합니다
(충전기, 사용 설명서, 박스)
30만원 초중반에 샀습니다

가격 조정 가능합니다 
편하게 연락 주세요~",3,8,295,230000,38.1,좋은하루,판매완료,2,충남 천안시 동남구 신부동,https://www.daangn.com/kr/buy-sell/%EB%A9%94%EB%94%94%ED%81%90%EB%B8%8C-%EB%B6%80%EC%8A%A4%ED%84%B0-%ED%94%84%EB%A1%9C-%EB%A7%88%EC%8A%A4%ED%81%AC%ED%8C%A9-6zfe7orrrzhc/
2025-02-19,메디큐브age-r부스터프로,"🌟 24.6월 구매
🌟 기기 단품",1,1,107,170000,44.4,흑당,판매완료,4,충남 천안시 동남구 신부동,https://www.daangn.com/kr/buy-sell/%EB%A9%94%EB%94%94%ED%81%90%EB%B8%8C-age-r-%EB%B6%80%EC%8A%A4%ED%84%B0-%ED%94%84%EB%A1%9C-5fk712caaaxf/
2024-07-21,메디큐브에이지알부스터프로미개봉,"선물받은 메디큐브 에이지알 부스터큐브제품입니다
미개봉으로 스티커 부착되어있구요
정품인증서까지 붙어져있어요~
마지막으로가격 내리고 그냥 안팔리면 써보려구요!

",6,5,306,260000,44.7,포로롱,판매완료,2,충남 천안시 동남구 신부동,https://www.daangn.com/kr/buy-sell/%EB%A9%94%EB%94%94%ED%81%90%EB%B8%8C-%EC%97%90%EC%9D%B4%EC%A7%80%EC%95%8C-%EB%B6%80%EC%8A%A4%ED%84%B0%ED%94%84%EB%A1%9C-%EB%AF%B8%EA%B0%9C%EB%B4%89-1hx6n6hs491v/
2026-05-05,메디큐브에이지알부스터프로미니뷰티디바이스핑크,"메디큐브 에이지알 부스터 프로 미니 핑크 색상이에요
USB C타입 충전 가능하고 2025년 7월 제조 상품이에요
케이블은 따로 없습니다.

결혼 준비 과정중에 사용하고 귀찮아서 안하게 되어 판매합니다.",1,9,257,63000,48.0,고구감자,판매중,4,경기 수원시 영통구 영통2동,https://www.daangn.com/kr/buy-sell/%EB%A9%94%EB%94%94%ED%81%90%EB%B8%8C-%EC%97%90%EC%9D%B4%EC%A7%80%EC%95%8C-%EB%B6%80%EC%8A%A4%ED%84%B0-%ED%94%84%EB%A1%9C-%EB%AF%B8%EB%8B%88-%EB%B7%B0%ED%8B%B0-%EB%94%94%EB%B0%94%EC%9D%B4%EC%8A%A4-%ED%95%91%ED%81%AC-fjqn5xhtub3v/
2026-05-31,메디큐브에이지알부스터프로울트라튠40.68,"메디큐브 에이지알 부스터 프로와 울트라튠 40.68 세트예요
구성품 모두 사진에 나와있는 그대로 있어요
깔끔한 디자인으로 인테리어 효과도 좋아요
피부 관리에 관심 있는 분들께 추천드려요",0,4,41,150000,39.9,로빈,판매중,5,경기 수원시 영통구 영통2동,https://www.daangn.com/kr/buy-sell/%EB%A9%94%EB%94%94%ED%81%90%EB%B8%8C-%EC%97%90%EC%9D%B4%EC%A7%80%EC%95%8C-%EB%B6%80%EC%8A%A4%ED%84%B0-%ED%94%84%EB%A1%9C-%EC%9A%B8%ED%8A%B8%EB%9D%BC%ED%8A%A0-40-68-iqtyay6fsorz/
2026-04-09,메디큐브에이지알부스터프로미니,"메디큐브 에이지알 부스터 프로 미니예요
사진에서 보이는 것처럼 본체만 있어요
깔끔한 디자인으로 어디에나 잘 어울려요
피부 관리에 관심 있는 분들께 추천드려요",0,7,173,40000,38.8,Wkxo,판매완료,1,경기 수원시 영통구 영통2동,https://www.daangn.com/kr/buy-sell/%EB%A9%94%EB%94%94%ED%81%90%EB%B8%8C-%EC%97%90%EC%9D%B4%EC%A7%80%EC%95%8C-%EB%B6%80%EC%8A%A4%ED%84%B0-%ED%94%84%EB%A1%9C-%EB%AF%B8%EB%8B%88-vxyaiijvyg15/
2026-02-03,메디큐브에이지알부스터프로,"구매하고 몇번 안썻습니다
상태좋아요
박스는 버려서 본체+충전단자만 있어요ㅠㅠ
24년 2월구매햇어요",5,17,396,120000,44.3,두쫀구,판매완료,3,경기 수원시 영통구 영통2동,https://www.daangn.com/kr/buy-sell/%EB%A9%94%EB%94%94%ED%81%90%EB%B8%8C-%EC%97%90%EC%9D%B4%EC%A7%80%EC%95%8C-%EB%B6%80%EC%8A%A4%ED%84%B0-%ED%94%84%EB%A1%9C-nf46mfvy4b8f/
2026-01-18,메디큐브에이지알부스터프로풀박스,"메디큐브 에이지알 부스터 프로 풀박스입니다
피부 속 콜라겐, 탄력, 광채, 모공, 피부결, 진피치밀도, 보습, 턴오버, 멜라닌, 피부톤, 항산화, 피부장벽 개선에 도움을 줍니다
피부 컨디션에 따라 맞춤 케어가 가능하고, 풀박스 구성으로 사용 설명서와 충전 케이블이 포함되어 있습니다. 쿨거래시 네고 가능합니다.
부지런히 사용하시면 확실히 효과 있어요~",7,33,367,140000,68.3,황88,판매완료,1,경기 수원시 영통구 영통2동,https://www.daangn.com/kr/buy-sell/%EB%A9%94%EB%94%94%ED%81%90%EB%B8%8C-%EC%97%90%EC%9D%B4%EC%A7%80%EC%95%8C-%EB%B6%80%EC%8A%A4%ED%84%B0-%ED%94%84%EB%A1%9C-%ED%92%80%EB%B0%95%EC%8A%A4-s42bwx6cp79h/
2026-01-03,메디큐브부스터프로,"메디큐브 AGE-R 옐로우 에디션입니다
한번사용하고 보관중입니다
상자와 내용물 모두 있습니다
곰돌이 뚜겅도 있어 보관이 더용이하고 
글루타치온앰플도 두개 함께 드려요
저랑은 안맞아서 내놓습니다",2,13,219,199000,47.5,아이린,판매완료,1,경기 수원시 영통구 영통2동,https://www.daangn.com/kr/buy-sell/%EB%A9%94%EB%94%94%ED%81%90%EB%B8%8C-%EB%B6%80%EC%8A%A4%ED%84%B0%ED%94%84%EB%A1%9C-8ex7joh5en5v/
2026-01-07,메디큐브부스터프로풀박스,"메디큐브 부스터 프로 풀박스 구성입니다.
3회 미만 사용이고 메디큐브 공홈에서 직접 구매하였습니다. 다른 디바이스가 많아서 사용 거의 못하고 내놓습니다",3,15,120,160000,76.0,파리씨스,판매완료,1,경기 수원시 영통구 영통2동,https://www.daangn.com/kr/buy-sell/%EB%A9%94%EB%94%94%ED%81%90%EB%B8%8C-%EB%B6%80%EC%8A%A4%ED%84%B0%ED%94%84%EB%A1%9C-%ED%92%80%EB%B0%95%EC%8A%A4-7ifm5kxnkgw7/
2025-12-26,메디큐브부스터프로,"2023년 10월에 제조된 제품입니다 !

사용상에 전혀 문제는 없습니다.
패키지는 없고 충전기 없고 본품만 있습니다. 
(Usb c 타입으로 핸드폰 충전하듯이 충전하시면 됩니다.)

바닥부분의 약간의 생활기스는 있습니다.
문고리 거래 희망합니다


(제품 설명 )
AGE20's 부스터 프로 블랙 색상입니다
다양한 모드를 지원하여 피부 컨디션에 맞게 사용 가능합니다
- AIR SHOT, DERMA-S, MC, BOOSTER 모드
2023년 12월에 제조되었어요
피부 속 콜라겐, 탄력, 수분, 광채 개선에 도움을 줍니다",2,8,107,100000,38.9,니니,판매완료,7,경기 수원시 영통구 영통2동,https://www.daangn.com/kr/buy-sell/%EB%A9%94%EB%94%94%ED%81%90%EB%B8%8C-%EB%B6%80%EC%8A%A4%ED%84%B0%ED%94%84%EB%A1%9C-r1he39f3wwit/
2025-12-14,메디큐브age-r부스터프로풀박스,"메디큐브 AGE-R 부스터 프로 풀박스 미개봉 제품입니다. 사놓고 몇번 못썼는데 다른 기기 구매하며 팔아요.

꾸준히 하면 피부 속 광채와 탄력 개선에 도움돼요!",1,4,110,120000,47.1,미뇽,판매완료,4,경기 수원시 영통구 영통2동,https://www.daangn.com/kr/buy-sell/%EB%A9%94%EB%94%94%ED%81%90%EB%B8%8C-age-r-%EB%B6%80%EC%8A%A4%ED%84%B0-%ED%94%84%EB%A1%9C-%ED%92%80%EB%B0%95%EC%8A%A4-azps1yk7fjci/
2025-12-11,새상품에이지알부스터미니+메디큐브콜라겐세럼+콜라겐리프팅마스크5매(8만원),"새상품 메디큐브 부스터 프로 미니와 콜라겐 글로우 버블 세럼 100ml, 콜라겐 리프팅 마스크 5매 함께 판매합니다

콜라겐 글로우 버블 세럼은
-피부 속부터 차오르는 콜라겐 광채를 선사하고
-피부 탄력 개선에 도움을 줍니다

에이지알 부스터 프로 미니는 핑크색입니다",1,3,31,80000,54.9,비의여신,판매완료,2,경기 수원시 영통구 영통2동,https://www.daangn.com/kr/buy-sell/%EC%83%88%EC%83%81%ED%92%88-%EC%97%90%EC%9D%B4%EC%A7%80%EC%95%8C-%EB%B6%80%EC%8A%A4%ED%84%B0-%EB%AF%B8%EB%8B%88-%EB%A9%94%EB%94%94%ED%81%90%EB%B8%8C-%EC%BD%9C%EB%9D%BC%EA%B2%90-%EC%84%B8%EB%9F%BC-%EC%BD%9C%EB%9D%BC%EA%B2%90-%EB%A6%AC%ED%94%84%ED%8C%85-%EB%A7%88%EC%8A%A4%ED%81%AC5%EB%A7%A4-8%EB%A7%8C%EC%9B%90-fqtu3yz9yoau/
2025-11-09,면세점새제품메디큐브부스터프로,"해외갔다오면서 신세계면세점에서 구매한거예요
1개에 10프로 2개에 20프로라해서 하나는 제가쓰고 하나는 판매합니다
인터넷제품보다 믿고 사실수있어요^^
멀지않으면 가져다드릴께요",1,1,41,200000,60.9,보거스,판매완료,3,경기 수원시 영통구 영통2동,https://www.daangn.com/kr/buy-sell/%EB%A9%B4%EC%84%B8%EC%A0%90%EC%83%88%EC%A0%9C%ED%92%88-%EB%A9%94%EB%94%94%ED%81%90%EB%B8%8C-%EB%B6%80%EC%8A%A4%ED%84%B0%ED%94%84%EB%A1%9C-pkzm48ss7s1u/
2025-09-28,메디큐브부스터프로,"메디큐브 부스터프로 팝니다
핑크색상이고, 케이스도 같이 드려요~",3,10,248,179000,50.3,이이,판매완료,2,경기 수원시 영통구 영통2동,https://www.daangn.com/kr/buy-sell/%EB%A9%94%EB%94%94%ED%81%90%EB%B8%8C-%EB%B6%80%EC%8A%A4%ED%84%B0%ED%94%84%EB%A1%9C-34uxgyn938cb/
2025-07-31,메디큐브부스터프로미니,"한번 써봤습니다 제 피부에는 맞지 않는것같아 당근합니다

알콤솜으로 닦았고 거의 새거입니다

핑크색이고 충전기와 충전선은 원래 들어있지 않았습니다

증정품이었던 파우치 같이 드립니다

택배시 반택 2000원 듭니다!",2,3,122,65000,52.5,페퍼민트,판매완료,2,경기 수원시 영통구 영통2동,https://www.daangn.com/kr/buy-sell/%EB%A9%94%EB%94%94%ED%81%90%EB%B8%8C-%EB%B6%80%EC%8A%A4%ED%84%B0-%ED%94%84%EB%A1%9C-%EB%AF%B8%EB%8B%88-9cyziqkztqax/
2025-04-28,메디큐브에이지알부스터프로,"메디큐브 에이지알 부스터 프로

23년말 구매로 구매시기는 꽤 됐지만 10회 내외로 사용한 것 같습니다. 
손이 안가 잘 사용하실 분께 판매하고 싶습니다.

- 구성품: 풀박(미사용 충전선 포함)
- 컨디션: 전반적으로 깨끗하나 생활기스 약간, 작동 잘함. 잔기스 마지막 사진들 참고.",3,0,76,170000,39.8,핑크빛하늘,판매완료,7,경기 수원시 영통구 영통2동,https://www.daangn.com/kr/buy-sell/%EB%A9%94%EB%94%94%ED%81%90%EB%B8%8C-%EC%97%90%EC%9D%B4%EC%A7%80%EC%95%8C-%EB%B6%80%EC%8A%A4%ED%84%B0-%ED%94%84%EB%A1%9C-xztbegmyoshv/
2024-09-08,메디큐브에이지알부스터프로패키지,"뜯어보기만하고 한번도 사용안한 새상품입니다
앰플 50ml 2개도 함께 드려요
죄송하지만 네고는 되지않습니다",3,14,724,280000,47.5,아이린,판매완료,1,경기 수원시 영통구 영통2동,https://www.daangn.com/kr/buy-sell/%EB%A9%94%EB%94%94%ED%81%90%EB%B8%8C-%EC%97%90%EC%9D%B4%EC%A7%80%EC%95%8C-%EB%B6%80%EC%8A%A4%ED%84%B0%ED%94%84%EB%A1%9C-%ED%8C%A8%ED%82%A4%EC%A7%80-kzt5qpt65a5g/
2024-08-12,메디큐브부스터프로판매해요,"메디큐브 부스터프로 판매해요

작동 확인 및 약 5분동안 1회 사용 후 보관중이예요 생활기스 및 사용흔적 없으며 기기도 알콜스왑으로 깨끗하게 닦아두었어요 모든 구성품, 박스도 있어요

교환 환불 어려우며 팔리지 않으면 사용할 예정이라 네고 받지 않아요

전주에 내려가있을 때가 많아 택배거래 선호합니다😊",0,2,132,250000,46.6,동글모찌,판매완료,3,경기 수원시 영통구 영통2동,https://www.daangn.com/kr/buy-sell/%EB%A9%94%EB%94%94%ED%81%90%EB%B8%8C-%EB%B6%80%EC%8A%A4%ED%84%B0%ED%94%84%EB%A1%9C-%ED%8C%90%EB%A7%A4%ED%95%B4%EC%9A%94-oaj9feie5f9o/
2024-07-10,메디큐브부스터프로팝니다,"쓰려고 샀는데 한두번 쓰고 상자에 넣어놨어요
풀박 그대로 입니다~
챗주세요",8,13,482,230000,45.5,꼬꼬마,판매완료,2,경기 수원시 영통구 영통2동,https://www.daangn.com/kr/buy-sell/%EB%A9%94%EB%94%94%ED%81%90%EB%B8%8C-%EB%B6%80%EC%8A%A4%ED%84%B0%ED%94%84%EB%A1%9C-%ED%8C%9D%EB%8B%88%EB%8B%A4-9bmer3jfbzyg/
2026-06-02,메디큐브부스터프로미니핑크,"메디큐브 부스터 프로 미니 핑크 색상이에요
피부 관리 홈케어 기기로 집에서 간편하게 사용 가능해요
피부 탄력과 광채 관리에 도움을 주는 제품이에요.

상자 없이 깨끗함",1,4,41,35000,36.6,운동하는판다,판매중,1,서울시 강서구 화곡제4동,https://www.daangn.com/kr/buy-sell/%EB%A9%94%EB%94%94%ED%81%90%EB%B8%8C-%EB%B6%80%EC%8A%A4%ED%84%B0-%ED%94%84%EB%A1%9C-%EB%AF%B8%EB%8B%88-%ED%95%91%ED%81%AC-86b2dskd6ot3/
2026-05-14,메디큐브부스터프로블랙풀박스,"메디큐브 부스터프로 블랙 색상 풀박스 구성이에요
구성품 모두 확인 가능하며, 깔끔하게 사용했어요
기기 본체, 충전 케이블, 설명서, 박스 모두 포함되어 있어요
피부 탄력과 리프팅에 관심 있는 분들께 추천드려요

저는 뷰티 디바이스 기기 7개 가지고 있으며
잘 사용하지않는 디바이스라 처분합니다

상태 좋고 깨끗하게 사용했으며
기기 이상 없이 잘 됩니다 
기계에대해선 걱정안하셔도 됩니다 ㅎ",0,10,115,94000,49.6,구르미그린그림,판매중,4,서울시 강서구 화곡제4동,https://www.daangn.com/kr/buy-sell/%EB%A9%94%EB%94%94%ED%81%90%EB%B8%8C-%EB%B6%80%EC%8A%A4%ED%84%B0%ED%94%84%EB%A1%9C-%EB%B8%94%EB%9E%99-%ED%92%80%EB%B0%95%EC%8A%A4-a73f8vn14uss/
2026-03-16,메디큐브에이지알부스터프로핑크에디션새제품,"메디큐브 에이지알 부스터 프로 핑크 에디션 새제품입니다

- PDRN 핑크 펩타이드 세럼, PDRN 핑크 원데이 세럼도 함께 드립니다
- 겉탄력 리프팅 효과를 경험해보세요
- 피부 속 탄력 개선에도 도움을 줍니다


구매한거 있는데 선물 받아서요^^ 두개는 필요없으니 저한테 있는 것들을 팔아 들을게용~",0,0,46,260000,36.8,유라,판매중,7,서울시   강서구 화곡제4동,https://www.daangn.com/kr/buy-sell/%EB%A9%94%EB%94%94%ED%81%90%EB%B8%8C-%EC%97%90%EC%9D%B4%EC%A7%80%EC%95%8C-%EB%B6%80%EC%8A%A4%ED%84%B0-%ED%94%84%EB%A1%9C-%ED%95%91%ED%81%AC-%EC%97%90%EB%94%94%EC%85%98-%EC%83%88%EC%A0%9C%ED%92%88-shfxbto1n56h/
2026-04-23,메디큐브짱구에이지알부스터프로미니플러스,"메디큐브 에이지알 부스터 프로 미니 플러스 짱구 에디션이에요
구성품 모두 포함되어 있고, 짱구 캐릭터가 그려져 있어 소장 가치가 높아요
피부 관리에 도움을 주는 제품으로, 특별한 디자인으로 눈길을 사로잡아요
",9,10,399,62000,40.9,에바,판매완료,3,서울시 강서구 화곡제4동,https://www.daangn.com/kr/buy-sell/%EB%A9%94%EB%94%94%ED%81%90%EB%B8%8C-%EC%A7%B1%EA%B5%AC-%EC%97%90%EC%9D%B4%EC%A7%80%EC%95%8C-%EB%B6%80%EC%8A%A4%ED%84%B0-%ED%94%84%EB%A1%9C-%EB%AF%B8%EB%8B%88-%ED%94%8C%EB%9F%AC%EC%8A%A4-e61zze4q9xao/
2026-05-31,메디큐브에이지알부스터프로미니핑크,"메디큐브 에이지알 부스터 프로 미니 핑크 제품이에요
피부 탄력과 리프팅에 도움을 주는 뷰티 디바이스랍니다
작고 가벼워서 휴대하기 좋아요
매끈하고 건강한 피부를 가꾸고 싶으신 분들께 추천드려요",1,9,112,40000,36.6,운동하는판다,판매중,1,서울시 강서구 화곡제4동,https://www.daangn.com/kr/buy-sell/%EB%A9%94%EB%94%94%ED%81%90%EB%B8%8C-%EC%97%90%EC%9D%B4%EC%A7%80%EC%95%8C-%EB%B6%80%EC%8A%A4%ED%84%B0-%ED%94%84%EB%A1%9C-%EB%AF%B8%EB%8B%88-%ED%95%91%ED%81%AC-a12eqsw3so9a/
2026-02-04,메디큐브에이지알부스터프로블랙,"메디큐브 에이지알 부스터 프로 블랙 색상입니다.
사고 몇번 안써서 올립니다 메디큐브 공식 홈 페이지에서 구매하였고 하자 없습니다 박스는 있는데 조금 회손 됬습니다",2,1,55,150000,37.5,안녕,판매완료,2,서울시 강서구 화곡제4동,https://www.daangn.com/kr/buy-sell/%EB%A9%94%EB%94%94%ED%81%90%EB%B8%8C-%EC%97%90%EC%9D%B4%EC%A7%80%EC%95%8C-%EB%B6%80%EC%8A%A4%ED%84%B0-%ED%94%84%EB%A1%9C-%EB%B8%94%EB%9E%99-u2epxn1ijbqo/
2026-01-13,메디큐브에이지알부스터프로풀박스,"메디큐브 AGE-R 부스터 프로 풀박스 판매합니다~!

약 1년전에 구입하여 3-4번 썼으나, 저의 게으름으로 인해 더이상 사용하지 않고 있었습니다

마지막 사진 접촉부위의 기스는 모공타이트닝 기능의 전류로 인한 자연스러운 기스라고 합니다.

직거래 희망합니다
월-금 오전 10시이전!! 신곡초등학교, 대통마트 가능합니다! (이 곳으로 와주신다면 5천원 할인해드려용)
오후 시간은 7:50 이후 가능합니다~

그외 7시에 방화역부근에서 퇴근합니다^^",3,7,103,145000,37.2,중고짱,판매완료,4,서울시 강서구 화곡제4동,https://www.daangn.com/kr/buy-sell/%EB%A9%94%EB%94%94%ED%81%90%EB%B8%8C-%EC%97%90%EC%9D%B4%EC%A7%80%EC%95%8C-%EB%B6%80%EC%8A%A4%ED%84%B0-%ED%94%84%EB%A1%9C-%ED%92%80%EB%B0%95%EC%8A%A4-yd3msfji6i2d/
2025-12-04,메디큐브에이지알부스터프로,"메디큐브 에이지알 부스터 프로 입니다!

11월2일에 구매했고 게을러서 잘 사용 안해서 내놓습니다. 
10번 안되게 사용했습니다. 

직거래 원합니다. 

-피부 속 광채, 탄력, 모공, 피부결, 진피 치밀도 개선에 도움을 줍니다
-피부의 겉과 속을 동시에 케어해 줍니다
-피부 속 깊이 유효 성분 흡수",4,19,342,170000,39.1,보리,판매완료,1,서울시 강서구 화곡제4동,https://www.daangn.com/kr/buy-sell/%EB%A9%94%EB%94%94%ED%81%90%EB%B8%8C-%EC%97%90%EC%9D%B4%EC%A7%80%EC%95%8C-%EB%B6%80%EC%8A%A4%ED%84%B0-%ED%94%84%EB%A1%9C-9gzwz9in1bc9/
2025-11-27,메디큐브age-r부스터프로블랙풀박스,"메디큐브 AGE-R 부스터 프로 블랙 풀박스 판매합니다!

- 집에서 꼼꼼하게 피부 관리를 할 수 있습니다
- 피부 속까지 유효 성분 전달을 도와 피부 개선에 효과적입니다


메디큐브 에이지알 부스터 프로 판매합니다.

7/24일 구매 후 별로 사용 안 해서 판매해요
효과는 확실히 느꼈는데 귀찮아서 ㅎ..

쓸때마다 소독솜으로 닦아서 사용해서 깨끗합니당",1,16,171,175000,39.7,송도동동,판매완료,3,서울시 강서구 화곡제4동,https://www.daangn.com/kr/buy-sell/%EB%A9%94%EB%94%94%ED%81%90%EB%B8%8C-age-r-%EB%B6%80%EC%8A%A4%ED%84%B0-%ED%94%84%EB%A1%9C-%EB%B8%94%EB%9E%99-%ED%92%80%EB%B0%95%EC%8A%A4-gonbcdrh2ohi/
2025-05-15,메디큐브에이지알부스터프로,"메디큐브 에이지알 부스터 프로
10회 미만 사용
10만원에 팝니다

화곡4동 성석교회 앞에서 직거래합니다",4,3,149,100000,40.4,SP,판매완료,1,서울시 강서구 화곡제4동,https://www.daangn.com/kr/buy-sell/%EB%A9%94%EB%94%94%ED%81%90%EB%B8%8C-%EC%97%90%EC%9D%B4%EC%A7%80%EC%95%8C-%EB%B6%80%EC%8A%A4%ED%84%B0-%ED%94%84%EB%A1%9C-f43b4qz7knvf/
2025-05-11,메디큐브부스터프로[새상품],"핑크핑크하니 이쁩니다~ 지인한테 선물받아서 쓰려고했는데
임신하면서 사용을못하게되서 처분합니다ㅜㅜ
저도 진짜써보고싶은거였는데 급전이 필요해서 처분하여요.
포장도안뜯은 미개봉 새상품입니다. 좋은주인을 만나길^^",3,4,121,210000,51.5,봄이,판매완료,1,서울시 강서구 화곡제4동,https://www.daangn.com/kr/buy-sell/%EB%A9%94%EB%94%94%ED%81%90%EB%B8%8C-%EB%B6%80%EC%8A%A4%ED%84%B0%ED%94%84%EB%A1%9C-%EC%83%88%EC%83%81%ED%92%88-2176hme654kc/
2026-01-26,거의새상품)메디큐브에이지알부스터프로핑크,"메디큐브 에이지알 부스터 프로 핑크 풀박스입니다
(충전기 다 포함)

실사용 10회 이하로 거의 새상품 입니다
생일선물로 받고 귀찬아서 잘사용안햇어요 ㅎㅎ",2,14,113,190000,44.6,폴로,판매완료,3,대구 중구 서성로2가,https://www.daangn.com/kr/buy-sell/%EA%B1%B0%EC%9D%98%EC%83%88%EC%83%81%ED%92%88-%EB%A9%94%EB%94%94%ED%81%90%EB%B8%8C-%EC%97%90%EC%9D%B4%EC%A7%80%EC%95%8C-%EB%B6%80%EC%8A%A4%ED%84%B0-%ED%94%84%EB%A1%9C-%ED%95%91%ED%81%AC-d48bcr72vqzx/
2026-04-10,메디큐브에이지알부스터프로블랙,"메디큐브 에이지알 부스터 프로 블랙 풀박스 구성이에요
사용 설명서와 충전 케이블까지 모두 갖춰져 있어요
사진에서 보이는 것처럼 깔끔하게 보관되어 있답니다
피부 관리에 관심 있는 분들께 추천드려요
작년인가 공홈에서 구매  10회미만 사용 ㅠㅠ 귀차니즘이 심한편이라서요. 자주 사용하실분 찾아요~~",2,8,104,124000,40.7,ssong님,판매완료,4,경기 오산시 부산동,https://www.daangn.com/kr/buy-sell/%EB%A9%94%EB%94%94%ED%81%90%EB%B8%8C-%EC%97%90%EC%9D%B4%EC%A7%80%EC%95%8C-%EB%B6%80%EC%8A%A4%ED%84%B0-%ED%94%84%EB%A1%9C-%EB%B8%94%EB%9E%99-de28tfz1r3ii/
2025-10-07,메디큐브에이지알부스터프로미니핑크,"마지막 가격 내림 ))

메디큐브 에이지알 부스터 프로 미니 핑크색상 판매합니다
사놓고 몇 번 사용 안 해서 상태 매우 좋아요
케이스도 같이 드립니당
문고리 / 반택 가능",7,32,473,50000,44.1,공쥬님,판매완료,1,경기 오산시 부산동,https://www.daangn.com/kr/buy-sell/%EB%A9%94%EB%94%94%ED%81%90%EB%B8%8C-%EC%97%90%EC%9D%B4%EC%A7%80%EC%95%8C-%EB%B6%80%EC%8A%A4%ED%84%B0-%ED%94%84%EB%A1%9C-%EB%AF%B8%EB%8B%88-%ED%95%91%ED%81%AC-mkxsc5x2zkcm/
2025-07-12,메디큐브부스터프로미니화이트+파우치,"한달 전에 구매했는데 손이 잘 안가서 판매합니다 
확실히 스킨케어 후 사용하면 다음날 얼굴이 광나요
파우치도 있어요 사용 5회 미만이라 흠 없습니다",1,0,47,50000,56.9,아에이오어,판매완료,1,경기 오산시 부산동,https://www.daangn.com/kr/buy-sell/%EB%A9%94%EB%94%94%ED%81%90%EB%B8%8C-%EB%B6%80%EC%8A%A4%ED%84%B0%ED%94%84%EB%A1%9C-%EB%AF%B8%EB%8B%88-%ED%99%94%EC%9D%B4%ED%8A%B8-%ED%8C%8C%EC%9A%B0%EC%B9%98-1vhe3m79nvx3/
2025-06-10,메디큐브에이지알부스터프로,"메디큐브 에이지알 부스터 프로 내놓습니다!
집에서 간편하게 피부 관리할 수 있어요

- 5가지 모드로 피부 고민에 맞춤 케어 가능
- 부스터, 콜라겐, 탄력, 물광, 진정 모드
- 정가는 329,000원입니다
- 박스 포함

일이바빠서 1-2회 사용했어요 

*카드가능",0,1,86,276000,39.5,겨울나비,판매완료,6,경기 오산시 부산동,https://www.daangn.com/kr/buy-sell/%EB%A9%94%EB%94%94%ED%81%90%EB%B8%8C-%EC%97%90%EC%9D%B4%EC%A7%80%EC%95%8C-%EB%B6%80%EC%8A%A4%ED%84%B0-%ED%94%84%EB%A1%9C-j7ano653xmmg/
2024-12-22,메디큐브부스터프로에이지알풀박스,"11월에 선물받은 새상품입니다.
포장만 뜯었고 기존에 사용하던 제품있어서
사용하지않아 판매합니다! 정품입니다.
설명길게 하지않아도 너무 유명한 제품이죠..
저렴한 가격에 데려가세요
쿨거래시 네고가능🩷


📍예민맘피해주세요
📍선입금비대면문고리거래
📍교환환불불가입니다
📍당근페이가능",1,3,75,210000,49.0,바니바니당근당근,판매완료,1,경기 오산시 부산동,https://www.daangn.com/kr/buy-sell/%EB%A9%94%EB%94%94%ED%81%90%EB%B8%8C-%EB%B6%80%EC%8A%A4%ED%84%B0%ED%94%84%EB%A1%9C-%EC%97%90%EC%9D%B4%EC%A7%80%EC%95%8C-%ED%92%80%EB%B0%95%EC%8A%A4-eucs9erpiri6/
2024-10-11,메디큐브부스터프로,"구매하고 1번 사용하였는데 귀찮음이 심해 사용을 안하게 되어서 판매해요~(기기만 1번 사용 후에 깨끗하게 닦고 보관했어요)
기스X

*직거래 or 택배거래",3,4,246,200000,39.2,쏘뉴,판매완료,3,부산 영도구 봉래동4가,https://www.daangn.com/kr/buy-sell/%EB%A9%94%EB%94%94%ED%81%90%EB%B8%8C-%EB%B6%80%EC%8A%A4%ED%84%B0%ED%94%84%EB%A1%9C-9eqb2vafwidh/
2025-11-17,메디큐브부스터프로미니플러스클렌징기기세트,7만원에 팔아요 사용감 좀 있고 쓰고나서 소독하면서 보관했어요 저렴하게 올려요,2,0,58,70000,39.6,운동화,판매완료,1,제주 제주시 아라일동,https://www.daangn.com/kr/buy-sell/%EB%A9%94%EB%94%94%ED%81%90%EB%B8%8C-%EB%B6%80%EC%8A%A4%ED%84%B0%ED%94%84%EB%A1%9C%EB%AF%B8%EB%8B%88-%ED%94%8C%EB%9F%AC%EC%8A%A4-%ED%81%B4%EB%A0%8C%EC%A7%95%EA%B8%B0%EA%B8%B0-%EC%84%B8%ED%8A%B8-qrx51q5aaq1t/
2025-09-28,메디큐브부스터프로,"사놓고 잘 사용하지 않아 판매합니다.
두 번째 사진처럼 작은 기스가 여러 개 있지만, 만지거나 피부에 닿았을 때는 전혀 느껴지지 않습니다.

메디큐브 본사에 문의한 결과:
“부스터 프로의 헤드는 도금이 아닌 수술용 칼이나 주사바늘에 쓰이는 의료용 써지컬 스틸로 제작되어 사용에 문제가 없다.”
→ 따라서 사용에는 이상이 없습니다!

제품은 소독까지 깔끔히 마무리해서 드립니다.
필요하신 분 저렴하게 가져가세요 😊",2,0,96,70000,39.5,아자아자,판매완료,2,제주 제주시 아라일동,https://www.daangn.com/kr/buy-sell/%EB%A9%94%EB%94%94%ED%81%90%EB%B8%8C-%EB%B6%80%EC%8A%A4%ED%84%B0%ED%94%84%EB%A1%9C-qutnr3p1zg2h/
2025-01-06,메디큐브부스터프로,"메디큐브 부스터프로 
사용얼마안해서 상태좋습니다!",3,0,93,170000,46.1,고먐미,판매완료,1,제주 제주시 아라일동,https://www.daangn.com/kr/buy-sell/%EB%A9%94%EB%94%94%ED%81%90%EB%B8%8C-%EB%B6%80%EC%8A%A4%ED%84%B0%ED%94%84%EB%A1%9C-c5c21948f3qv/
2025-04-12,메디큐브에이지알6in1토탈케어부스터프로,"올해 1월에 샀는데 피부가 너무 약해서 많이 쓰지도 못했어요 ㅠ 
그래도 중고라 참고해주세요
비대면 거래 하겠습니다
할부도 안끊나서 계속 쓰고싶은데 너무 아깝네요 ㅠ 필요한 분이 가져가셨으면 좋겠어요~~",2,1,251,180000,46.5,당근청주,판매완료,2,충북 청주시 상당구 북문로1가,https://www.daangn.com/kr/buy-sell/%EB%A9%94%EB%94%94%ED%81%90%EB%B8%8C-%EC%97%90%EC%9D%B4%EC%A7%80%EC%95%8C-6-in-1-%ED%86%A0%ED%83%88%EC%BC%80%EC%96%B4-%EB%B6%80%EC%8A%A4%ED%84%B0-%ED%94%84%EB%A1%9C-6u81t4xozc4r/
2026-05-24,메디큐브에이지알부스터프로핑크,"메디큐브 에이지알 부스터프로 핑크 색상이에요
본품과 구성품 모두 사진에서 확인 가능해요

3회 사용했는데 게을러서.. 안써지네요..",2,13,106,150000,44.3,귤뀰귤뀰귤,판매중,3,광주 북구 용봉동,https://www.daangn.com/kr/buy-sell/%EB%A9%94%EB%94%94%ED%81%90%EB%B8%8C-%EC%97%90%EC%9D%B4%EC%A7%80%EC%95%8C-%EB%B6%80%EC%8A%A4%ED%84%B0%ED%94%84%EB%A1%9C-%ED%95%91%ED%81%AC-jdsduc6dik22/
2026-04-08,메디큐브에이지알부스터프로핑크에디션+보호캡,"25/10월달에 구매했습니다

깨끗합니다

손이 잘 안가서 팔아ㅛ",0,8,204,180000,51.4,zizimsa,판매중,2,광주 북구 용봉동,https://www.daangn.com/kr/buy-sell/%EB%A9%94%EB%94%94%ED%81%90%EB%B8%8C-%EC%97%90%EC%9D%B4%EC%A7%80%EC%95%8C-%EB%B6%80%EC%8A%A4%ED%84%B0-%ED%94%84%EB%A1%9C-%ED%95%91%ED%81%AC-%EC%97%90%EB%94%94%EC%85%98-%EB%B3%B4%ED%98%B8%EC%BA%A1-1g166g8hosoz/
2026-01-18,메디큐브에이지알부스터프로짱구에디션새상품,"메디큐브 에이지알 부스터 프로 짱구 에디션 새상품입니다
미개봉 풀박스 구성이며, 5가지 핵심 피부 고민을 해결해 줍니다
- 피부 속 광채 효과
- 탄력 개선
- 모공 축소
- 피부결 개선
- 진피 치밀도 개선
피부톤과 광채, 탄력, 모공, 피부결 개선에 도움을 주는 제품입니다",3,11,225,270000,37.0,Annie,판매중,5,광주 북구 용봉동,https://www.daangn.com/kr/buy-sell/%EB%A9%94%EB%94%94%ED%81%90%EB%B8%8C-%EC%97%90%EC%9D%B4%EC%A7%80%EC%95%8C-%EB%B6%80%EC%8A%A4%ED%84%B0-%ED%94%84%EB%A1%9C-%EC%A7%B1%EA%B5%AC-%EC%97%90%EB%94%94%EC%85%98-%EC%83%88%EC%83%81%ED%92%88-b62qdpo8jog9/
2026-04-10,메디큐브부스터프로쿠로미한정판(단종됨)뷰티디바이스,"산지 1년도 안 됐습니다!
자주 사용하지도 않았고 본체, 쿠로미 머리 뚜껑, 헤어밴드, 스티커, 닦는 천, 설명서, 충전기 선 있습니다!
노쇼방지 30,000원 선입금 있습니당
기기는 소독 해서 드리겠습니다

직거래는 순천분은 서한이다음 2차 정문에서 하고 광주분은 문흥초 건너편에서 합니다. 문고리 비대면 거래도 가능합니다!",0,0,37,285000,38.7,fuu,판매중,1,광주 북구 용봉동,https://www.daangn.com/kr/buy-sell/%EB%A9%94%EB%94%94%ED%81%90%EB%B8%8C-%EB%B6%80%EC%8A%A4%ED%84%B0-%ED%94%84%EB%A1%9C-%EC%BF%A0%EB%A1%9C%EB%AF%B8-%ED%95%9C%EC%A0%95%ED%8C%90-%EB%8B%A8%EC%A2%85%EB%90%A8-%EB%B7%B0%ED%8B%B0%EB%94%94%EB%B0%94%EC%9D%B4%EC%8A%A4-zuskfqika2gu/
2025-12-08,메디큐브에이지알부스터프로핑크,"메디큐브 에이지알 부스터 프로 핑크색입니다!
2024년 11월 말에 구매하고 초반에 쓰다가 안써서 판매합니다!
쿨거시 22만원에 드려요",0,3,184,216000,40.6,베비에르,판매중,1,광주 북구 용봉동,https://www.daangn.com/kr/buy-sell/%EB%A9%94%EB%94%94%ED%81%90%EB%B8%8C-%EC%97%90%EC%9D%B4%EC%A7%80%EC%95%8C-%EB%B6%80%EC%8A%A4%ED%84%B0-%ED%94%84%EB%A1%9C-%ED%95%91%ED%81%AC-7bv6givqm5zg/
2025-12-15,메디큐브부스터프로쿠로미한정판(마지막가격내림),"산지 1년도 안 됐습니다!
자주 사용하지도 않았고 본체, 쿠로미 머리 뚜껑, 헤어밴드, 스티커, 닦는 천, 설명서, 충전기 선 있습니다!
노쇼방지 30,000원 선입금 있습니당
기기는 소독해서 드리겠습니다

직거래는 문흥초 건너편 신호등에서 하고 문고리 비대면 거래도 가능합니다!",1,19,685,285000,38.7,fuu,판매중,1,광주 북구 용봉동,https://www.daangn.com/kr/buy-sell/%EB%A9%94%EB%94%94%ED%81%90%EB%B8%8C-%EB%B6%80%EC%8A%A4%ED%84%B0-%ED%94%84%EB%A1%9C-%EC%BF%A0%EB%A1%9C%EB%AF%B8-%ED%95%9C%EC%A0%95%ED%8C%90-%EB%A7%88%EC%A7%80%EB%A7%89-%EA%B0%80%EA%B2%A9-%EB%82%B4%EB%A6%BC-jtjw57ssf7cr/
2026-04-11,메디큐브에이지알부스터프로미니,"
본품과 구성품 모두 깔끔하게 보관되어 있어요.

작년에 당근에서 상태 좋은 중고로 구매했어요.

*2024년 11월 제조라고 써져있네요.

작동 너무 잘 되구요. *미간에 손톱자국처럼 패여있던 자국이 이거 하고 사라졌어요*
효과 좋다 생각되어 메디큐브 큰것도 사려다가
미니가 덜 아파서 매일 손이 가더라구요!

본가에 따로 사는 엄마도 사드릴 정도로
만족하며 썼는데, 제가 얼굴에 시술받게 되어 
판매합니다!!

뷰티디바이스 입문자분들께 강추합니다!",8,31,476,40000,40.1,Cecilia,판매완료,6,광주 북구 용봉동,https://www.daangn.com/kr/buy-sell/%EB%A9%94%EB%94%94%ED%81%90%EB%B8%8C-%EC%97%90%EC%9D%B4%EC%A7%80%EC%95%8C-%EB%B6%80%EC%8A%A4%ED%84%B0-%ED%94%84%EB%A1%9C-%EB%AF%B8%EB%8B%88-4ajt4ing36ar/
2026-02-05,메디큐브에이지알부스터프로블랙풀박스,"메디큐브 에이지알 부스터 프로 블랙 풀박스입니다

산 시기는 반년 정도 됐는데 급한 돈이 필요해서 팝니다ㅠㅠ
실제 사용은 한달? 정도 한 것 같아요
사진처럼 어느 정도의 사용감은 있는데
알콜솜으로 청소는 자주 해줬어여~

가져다 드리는건 만원 추가해서 14만원 할게요",1,7,75,130000,42.6,훈뎐,판매완료,2,광주 북구 용봉동,https://www.daangn.com/kr/buy-sell/%EB%A9%94%EB%94%94%ED%81%90%EB%B8%8C-%EC%97%90%EC%9D%B4%EC%A7%80%EC%95%8C-%EB%B6%80%EC%8A%A4%ED%84%B0-%ED%94%84%EB%A1%9C-%EB%B8%94%EB%9E%99-%ED%92%80%EB%B0%95%EC%8A%A4-4a9qr7ccsqjm/
2025-12-13,메디큐브미니부스터프로,"메디큐브 미니 부스터프로 판매합니다.

미세한 사용감은 있지만, 전체적으로 깨끗하게 사용했습니다.

올해 5월에 구매했습니다.",6,15,274,50000,39.3,팔아요사요,판매완료,1,광주 북구 용봉동,https://www.daangn.com/kr/buy-sell/%EB%A9%94%EB%94%94%ED%81%90%EB%B8%8C-%EB%AF%B8%EB%8B%88%EB%B6%80%EC%8A%A4%ED%84%B0%ED%94%84%EB%A1%9C-2qtswaicx6yb/
2025-12-11,메디큐브에이지알부스터프로(블랙),"선물 받아서 사용 몇번 하다가 잘 안 쓰는거 같아서 판매합니다 
구성품 X
구성품 없어서 저렴하게 판매합니다 하자는 없습니다
10회 미만 사용
사용전후로 알코올 스왑으로 닦았습니다 !",1,12,146,145000,39.7,레제러버,판매완료,2,광주 북구 용봉동,https://www.daangn.com/kr/buy-sell/%EB%A9%94%EB%94%94%ED%81%90%EB%B8%8C-%EC%97%90%EC%9D%B4%EC%A7%80%EC%95%8C-%EB%B6%80%EC%8A%A4%ED%84%B0-%ED%94%84%EB%A1%9C-%EB%B8%94%EB%9E%99-w6ipkox52cvx/
2025-11-29,메디큐브age-r부스터프로블랙,"(구매할 분만 연락바랍니다)
- 구성 (본체, USB 케이블, 헤드리필,박스)+다이소에서 산 알콜스왑 하나 썼는데 남은것도 드릴게요

귀찮아서 안쓰게 돼서 팝니다 3회 사용

10월 초에 면세점에서 샀어요

첨단 or 전대후문 직거래",2,2,104,150000,39.5,김주,판매완료,1,광주 북구 용봉동,https://www.daangn.com/kr/buy-sell/%EB%A9%94%EB%94%94%ED%81%90%EB%B8%8C-age-r-%EB%B6%80%EC%8A%A4%ED%84%B0-%ED%94%84%EB%A1%9C-%EB%B8%94%EB%9E%99-6fp9rort8mn4/
2025-10-13,메디큐브에이지알부스터프로미니플러스마이멜로디에디션,"구매한 지 1개월 조금 넘었고 실사용 횟수 3회 정도 돼요

박스는 있는데 마이멜로디 파츠 연결하는 부분을 잃어버려서 파츠만 있습니다!!

블루투스 연결 안 해보긴 했는데 가능한 제품입니다!",1,17,422,80000,39.5,고구마칩,판매완료,1,광주 북구 용봉동,https://www.daangn.com/kr/buy-sell/%EB%A9%94%EB%94%94%ED%81%90%EB%B8%8C-%EC%97%90%EC%9D%B4%EC%A7%80%EC%95%8C-%EB%B6%80%EC%8A%A4%ED%84%B0%ED%94%84%EB%A1%9C-%EB%AF%B8%EB%8B%88%ED%94%8C%EB%9F%AC%EC%8A%A4-%EB%A7%88%EC%9D%B4%EB%A9%9C%EB%A1%9C%EB%94%94-%EC%97%90%EB%94%94%EC%85%98-835sv9ymichc/
2025-10-12,메디큐브에이지알부스터프로핑크,"메디큐브 에이지알 부스터 프로 핑크 에디션입니다🩷

새상품급으로 상태 매우 깨끗하고,  곰돌이 헤드 케이스도 함께 드려요.
상자없습니다! 🥲

저도 제가 이걸 팔게될지 생각도 못해서 ㅠㅠ 다 생각없이 버려버렸네요 .... 

쿨거 하시면 네고 의향 있습니다!😇😇",2,6,82,200000,40.6,랄랄,판매완료,1,광주 북구 용봉동,https://www.daangn.com/kr/buy-sell/%EB%A9%94%EB%94%94%ED%81%90%EB%B8%8C-%EC%97%90%EC%9D%B4%EC%A7%80%EC%95%8C-%EB%B6%80%EC%8A%A4%ED%84%B0-%ED%94%84%EB%A1%9C-%ED%95%91%ED%81%AC-uv9m18y1wiz3/
2025-09-08,메디큐브부스터프로블랙,"사용 10회 미만이고 사용 설명서와 충전기 박스 모두 있습니다

귀찮음이 많아 잘 사용 안하게 되어서 판매합니다ㅜㅜ

사용할 때마다 소독약으로 소독했기 때문에 깨끗합니다!

제가 돈이 급해서 혹시 이번 주 안에 구매하시는 분은 205000원에 드릴게요!",1,0,92,205000,37.9,솜사탕,판매완료,1,광주 북구 용봉동,https://www.daangn.com/kr/buy-sell/%EB%A9%94%EB%94%94%ED%81%90%EB%B8%8C-%EB%B6%80%EC%8A%A4%ED%84%B0-%ED%94%84%EB%A1%9C-%EB%B8%94%EB%9E%99-4275vd1fn979/
2025-05-16,메디큐브에이지알부스터프로,"메디큐브 에이지알 부스터 프로
27
새제품

용봉동 딱 한잔만 앞에서 거래",3,4,182,257000,40.9,황반장,판매완료,1,광주 북구 용봉동,https://www.daangn.com/kr/buy-sell/%EB%A9%94%EB%94%94%ED%81%90%EB%B8%8C-%EC%97%90%EC%9D%B4%EC%A7%80%EC%95%8C-%EB%B6%80%EC%8A%A4%ED%84%B0-%ED%94%84%EB%A1%9C-dpombgavsg7o/
2025-04-17,(택포)메디큐브부스터프로쿠로미에디션,"메디큐브 부스터프로 쿠로미 에디션 팝니다!

3회 정도 사용했고 헤어밴드 빼고 풀박스입니다!

택포 220,000원에 팔아요

***직거래XXXXXX***",1,13,224,220000,44.7,와웅,판매완료,2,광주 북구 용봉동,https://www.daangn.com/kr/buy-sell/%ED%83%9D%ED%8F%AC-%EB%A9%94%EB%94%94%ED%81%90%EB%B8%8C-%EB%B6%80%EC%8A%A4%ED%84%B0%ED%94%84%EB%A1%9C-%EC%BF%A0%EB%A1%9C%EB%AF%B8-%EC%97%90%EB%94%94%EC%85%98-9zetqbvv6itu/
2025-03-29,메디큐브부스터프로루피팝니당,"구성품
1. 본체
2. 루피머리
3. 파우치
4. 충전기선
5. 박스

설명서 잃어버려서 없네여 ㅠ
20번정도 사용한거 같은데 피부관리 포기해서 팝니다
사용감 조금 있습니다
전대후문에서 거래합니당",2,3,242,230000,36.9,둥둥둥,판매완료,2,광주 북구 용봉동,https://www.daangn.com/kr/buy-sell/%EB%A9%94%EB%94%94%ED%81%90%EB%B8%8C-%EB%B6%80%EC%8A%A4%ED%84%B0-%ED%94%84%EB%A1%9C-%EB%A3%A8%ED%94%BC-%ED%8C%9D%EB%8B%88%EB%8B%B9-bbdb7ywwdetu/
2025-02-24,메디큐브부스터프로,"5회 사용
사용 전 후 알콜스왑으로 닦으면서 깨끗허게 사용 했어요
네고 안됨",3,7,255,210000,39.4,도레미파,판매완료,3,광주 북구 용봉동,https://www.daangn.com/kr/buy-sell/%EB%A9%94%EB%94%94%ED%81%90%EB%B8%8C-%EB%B6%80%EC%8A%A4%ED%84%B0%ED%94%84%EB%A1%9C-6xbsif8y1its/
2024-12-02,메디큐브부스터프로,"1번 잠깐 사용하고 비닐 그대로 붙혀놨어요.
귀찮아서 잘 사용하지 않을것같아서 
피부관리 잘 하시는분께 추천드립니다 
거의 새상품이라 생각하심 되요 
쿨거래시 에눌해드려요",2,5,202,250000,40.9,당근당근,판매완료,1,광주 북구 용봉동,https://www.daangn.com/kr/buy-sell/%EB%A9%94%EB%94%94%ED%81%90%EB%B8%8C-%EB%B6%80%EC%8A%A4%ED%84%B0%ED%94%84%EB%A1%9C-w3ohi48dyy41/
2025-04-18,메디큐브부스터프로팔아요💙,"박스, 충전케이블, 주의사항, 사용설명서
그대로 있어요
거의 사용하지않은 상품으로
처음부터 미세 스크레치, 크랙있었으나
사용하는데에 문제 없습니당
(교환, 환불 불가)

직거래 희망 시민공원역 2번출구
",1,16,366,190000,38.1,졔졔,판매완료,5,인천 미추홀구 주안7동,https://www.daangn.com/kr/buy-sell/%EB%A9%94%EB%94%94%ED%81%90%EB%B8%8C-%EB%B6%80%EC%8A%A4%ED%84%B0%ED%94%84%EB%A1%9C-%ED%8C%94%EC%95%84%EC%9A%94-bsh56ymg37ve/
2025-02-15,메디큐브부스터프로핑크,"구매후 한번사용했어요
바삐서 손이 안가다보니 팝니다",4,10,206,200000,49.8,읽씹하면답장안함,판매완료,1,인천 미추홀구 주안7동,https://www.daangn.com/kr/buy-sell/%EB%A9%94%EB%94%94%ED%81%90%EB%B8%8C-%EB%B6%80%EC%8A%A4%ED%84%B0%ED%94%84%EB%A1%9C-%ED%95%91%ED%81%AC-v9gdzf8kyg4j/
2026-04-24,메디큐브에이지알부스터프로블랙,"친구가 화장품 관련 회사를 다니는데 생일선물로 줬던 부스터프로입니다!
근데 전 이미 있어서 뜯지도 않은 새상품 저렴하게 판매합니다!!
연락 주세요!!",0,3,32,180000,37.3,잉이이이,판매중,1,경기 과천시 주암동,https://www.daangn.com/kr/buy-sell/%EB%A9%94%EB%94%94%ED%81%90%EB%B8%8C-%EC%97%90%EC%9D%B4%EC%A7%80%EC%95%8C-%EB%B6%80%EC%8A%A4%ED%84%B0-%ED%94%84%EB%A1%9C-%EB%B8%94%EB%9E%99-y2iik3teyfao/
2025-10-06,"메디큐브에이지알부스터프로핑크새상품+크림,세럼","메디큐브 에이지알 부스터 프로 핑크색 1회사용 완전 새 제품입니당~ 가격조정 가능합니다😇
박스 개봉만 한 새 제품으로, USB 충전 케이블과 사용자 매뉴얼이 모두 포함되어 있어요
피부 탄력과 광채 개선에 도움을 주는 뷰티 디바이스입니다
집에서 간편하게 피부 관리를 시작해보세요

덤으로 크림이랑 세럼 나눔합니다~🥰",3,14,219,182000,36.9,더해피,판매완료,6,서울시 용산구 동빙고동,https://www.daangn.com/kr/buy-sell/%EB%A9%94%EB%94%94%ED%81%90%EB%B8%8C-%EC%97%90%EC%9D%B4%EC%A7%80%EC%95%8C-%EB%B6%80%EC%8A%A4%ED%84%B0-%ED%94%84%EB%A1%9C-%ED%95%91%ED%81%AC-%EC%83%88%EC%83%81%ED%92%88-%ED%81%AC%EB%A6%BC-%EC%84%B8%EB%9F%BC-nqf4fp6iaff3/
2025-02-07,메디큐브age-r에이지알부스터프로mebpro,"메디큐브 Age-R 에이지알 부스터 프로
ME BPRO 입니다.

사용 5번미만입니다.
완전 새거라고 보시면 되세요.

관심있으시면 연락주세요.
",1,3,83,180000,37.7,신뢰라말합니다,판매완료,3,강원 인제군 인제읍,https://www.daangn.com/kr/buy-sell/%EB%A9%94%EB%94%94%ED%81%90%EB%B8%8C-age-r-%EC%97%90%EC%9D%B4%EC%A7%80%EC%95%8C-%EB%B6%80%EC%8A%A4%ED%84%B0-%ED%94%84%EB%A1%9C-me-bpro-ma51r2su4zrk/
2026-04-11,메디큐브에이지알부스터프로옐로우,"메디큐브 에이지알 부스터 프로 옐로우 색상이에요
본품과 박스 구성으로 되어있어요(충전선x)
몇번 쓰다 안쓰게 되어 팝니다",1,31,312,130000,41.0,슈잉,판매중,1,서울시 동대문구 휘경제1동,https://www.daangn.com/kr/buy-sell/%EB%A9%94%EB%94%94%ED%81%90%EB%B8%8C-%EC%97%90%EC%9D%B4%EC%A7%80%EC%95%8C-%EB%B6%80%EC%8A%A4%ED%84%B0-%ED%94%84%EB%A1%9C-%EC%98%90%EB%A1%9C%EC%9A%B0-f8umaayqid9p/
2026-02-23,메디큐브에이지알부스터프로미니플러스핑크,"피부톤, 광채, 탄력 개선에 도움을 줍니다
- 모공 케어에도 효과적입니다
- 1.24kg으로 가볍고 1.13cm로 얇아서 사용하기 편리합니다

상자는 버려서 없습니다 기기만 있어요 얼마 사용 안했습니다  구매시 직접 가져다드리겠습니다",3,6,145,40000,38.8,준준,판매완료,6,경북 칠곡군 석적읍,https://www.daangn.com/kr/buy-sell/%EB%A9%94%EB%94%94%ED%81%90%EB%B8%8C-%EC%97%90%EC%9D%B4%EC%A7%80%EC%95%8C-%EB%B6%80%EC%8A%A4%ED%84%B0-%ED%94%84%EB%A1%9C-%EB%AF%B8%EB%8B%88-%ED%94%8C%EB%9F%AC%EC%8A%A4-%ED%95%91%ED%81%AC-h79o747xg32k/
2025-03-03,메디큐브부스터프로핑크에디션,"홈케어를 귀찮아해서 팝니다ㅠㅠ
거의 새상품이고 동봉된 설명서,충전기(미사용)
같이드려요",1,6,178,200000,39.7,주이니,판매완료,4,경북 칠곡군 석적읍,https://www.daangn.com/kr/buy-sell/%EB%A9%94%EB%94%94%ED%81%90%EB%B8%8C-%EB%B6%80%EC%8A%A4%ED%84%B0%ED%94%84%EB%A1%9C-%ED%95%91%ED%81%AC%EC%97%90%EB%94%94%EC%85%98-vcmhe68gdh41/
2026-05-30,메디큐브에이지알마이멜로디에디션부스터프로미니플러스,"부스터 프로 미니 플러스 본품과 함께 마이멜로디 캐릭터가 그려진 박스 구성이에요
사진에서 보이는 것처럼 깔끔하게 보관되어 있어요
피부 관리에 관심 있는 분들께 추천드려요

마이멜로디가 키링이 원래 달려있는데
관리 시 불편해서 제거했습니다",0,1,64,95000,39.7,당근핑,판매중,2,경북 포항 시 북구 죽도동,https://www.daangn.com/kr/buy-sell/%EB%A9%94%EB%94%94%ED%81%90%EB%B8%8C-%EC%97%90%EC%9D%B4%EC%A7%80%EC%95%8C-%EB%A7%88%EC%9D%B4%EB%A9%9C%EB%A1%9C%EB%94%94-%EC%97%90%EB%94%94%EC%85%98-%EB%B6%80%EC%8A%A4%ED%84%B0-%ED%94%84%EB%A1%9C-%EB%AF%B8%EB%8B%88-%ED%94%8C%EB%9F%AC%EC%8A%A4-cdem1eq5jhb3/
2026-05-08,메디큐브부스터프로핑크완전미개봉새상품,"기존 기기 불량으로 새제품 교환했고요
완전미개봉으로 상자 비닐까지 있습니다
교환일자 26/5/7 부터 1년 무상a/s가능합니다.
제조년월일로부터 1년 6개월까지도 무상 a/s 가능하지만, 완전 미개봉이라 제조년월일은 모릅니다!(기기뒷편에 적혀있음)
만약 개봉 및 사용하시다 불량이면 제조년월일로 메디큐브에 연락하시면 바로 무상교환됩니다! 
구매하시고 개봉 후에는 저는 어떤 도움도 못드립니다! 
완전 정품이고 교환이력 인증가능해요 ~ 
공홈에서 구매했으니 네이버 최저가랑 비교하지 말아주세요!! 가품일수도 있고 as안될수도 있습니다~
핑크색이고 부스터프로 기본제품입니다!
이번에 새로나온 2x 아닙니다!",0,6,127,250000,42.1,내아,판매중,1,경북 포항시 북구 죽도동,https://www.daangn.com/kr/buy-sell/%EB%A9%94%EB%94%94%ED%81%90%EB%B8%8C-%EB%B6%80%EC%8A%A4%ED%84%B0%ED%94%84%EB%A1%9C-%ED%95%91%ED%81%AC-%EC%99%84%EC%A0%84%EB%AF%B8%EA%B0%9C%EB%B4%89-%EC%83%88%EC%83%81%ED%92%88-fckbnke5hnsx/
2026-03-06,네고가능)메디큐브에이지알부스터프로마이멜로디에디션,"메디큐브 에이지알 부스터 프로 마이멜로디 에디션입니다
사용 5번미만 입니다. 다른 뷰티 디바이스가 있어서 내놓아요.
포장박스케이스는 없어요. 사진에 보이시는 구성(충전 케이블, 마이멜로디 스티커, 세안밴드 ) 있어요. 
피부톤, 투명도, 광채 개선에 도움을 줍니다.
네고가능합니다.",3,8,79,180000,43.3,뀨우,판매완료,4,경북 포항시 북구 죽도동,https://www.daangn.com/kr/buy-sell/%EB%84%A4%EA%B3%A0%EA%B0%80%EB%8A%A5-%EB%A9%94%EB%94%94%ED%81%90%EB%B8%8C-%EC%97%90%EC%9D%B4%EC%A7%80%EC%95%8C-%EB%B6%80%EC%8A%A4%ED%84%B0-%ED%94%84%EB%A1%9C-%EB%A7%88%EC%9D%B4%EB%A9%9C%EB%A1%9C%EB%94%94-%EC%97%90%EB%94%94%EC%85%98-aoxebje1d8cd/
2025-12-14,메디큐브에이지알부스터프로핑크,"메디큐브 에이지알 부스터 프로 핑크 에디션입니다
박스에 담겨 있고 상태 좋습니다

피부 속 광채, 모공, 탄력, 피부결 개선에 도움을 줍니다

구매의향 있으신 분은 연락주시길 바랍니다.
택배거래시에는 입금확인 후 바로 택배 배송 진행합니다.
(바로 구매 가능)을 원하신다면 바꾸어 드립니다.",3,9,135,140000,36.9,주디보살,판매완료,1,경북 포항시 북구 죽도동,https://www.daangn.com/kr/buy-sell/%EB%A9%94%EB%94%94%ED%81%90%EB%B8%8C-%EC%97%90%EC%9D%B4%EC%A7%80%EC%95%8C-%EB%B6%80%EC%8A%A4%ED%84%B0-%ED%94%84%EB%A1%9C-%ED%95%91%ED%81%AC-3hydu7n6jjtv/
2025-05-08,메디큐브3종부스터프로/울트라튠/하이포커스샷,"유명한 피부디바이스 3종 
집에서 편하게 피부 관리하세요~


풀박스 다 있어요

쿨거래시 메디큐브 함께 사용할 화장품들 챙겨드림",3,0,261,450000,39.5,베티,판매완료,6,경북 포항시 북구 죽도동,https://www.daangn.com/kr/buy-sell/%EB%A9%94%EB%94%94%ED%81%90%EB%B8%8C-3%EC%A2%85-%EB%B6%80%EC%8A%A4%ED%84%B0%ED%94%84%EB%A1%9C-%EC%9A%B8%ED%8A%B8%EB%9D%BC%ED%8A%A0-%ED%95%98%EC%9D%B4%ED%8F%AC%EC%BB%A4%EC%8A%A4%EC%83%B7-w13gdnf73xi4/
2024-12-12,메디큐브부스터프로,"메디큐브 부스터프로 판매합니다
구매한지 6개월정도 됐습니다
5회 미만 사용입니다
충전기도 비닐도 안 뜯은 새것입니다
기기 아주 깨끗하고 새거나 다름없고
정상작동 됩니다
설명서 그외 박스 등등 모두 있습니다
잘 사용안해져서 판매합니다",3,4,187,200000,37.0,포카리스웨트,판매완료,3,경북 포항시 북구 죽도동,https://www.daangn.com/kr/buy-sell/%EB%A9%94%EB%94%94%ED%81%90%EB%B8%8C-%EB%B6%80%EC%8A%A4%ED%84%B0%ED%94%84%EB%A1%9C-yerant8fxcdv/
2025-10-26,메디큐브에이지알부스터프로블랙(s급),"메디큐브 에이지알 부스터 프로 블랙 색상입니다
풀박스 구성으로 드립니다
네고 안해요",1,1,141,170000,38.7,치즈볼,판매완료,1,경기 성남시 분당구 야탑3동,https://www.daangn.com/kr/buy-sell/%EB%A9%94%EB%94%94%ED%81%90%EB%B8%8C-%EC%97%90%EC%9D%B4%EC%A7%80%EC%95%8C-%EB%B6%80%EC%8A%A4%ED%84%B0-%ED%94%84%EB%A1%9C-%EB%B8%94%EB%9E%99-s%EA%B8%89-kz2ww483q41j/
2026-04-09,메디큐브에이지알부스터프로미니화이트,"메디큐브 에이지알 부스터 프로 미니 화이트 색상이에요
딱 2-3번 밖에 사용 안 한 거의 새제품입니다!
케이스 위에는 잃어버려서 딱 저렇게 드릴 수 있어서 싸게 올립니다!",2,11,150,48000,38.4,아아아아아악,판매완료,5,경기 성남시 분당구 야탑3동,https://www.daangn.com/kr/buy-sell/%EB%A9%94%EB%94%94%ED%81%90%EB%B8%8C-%EC%97%90%EC%9D%B4%EC%A7%80%EC%95%8C-%EB%B6%80%EC%8A%A4%ED%84%B0-%ED%94%84%EB%A1%9C-%EB%AF%B8%EB%8B%88-%ED%99%94%EC%9D%B4%ED%8A%B8-68ogq5smt28r/
2026-03-14,메디큐브에이지알부스터프로_메이핑크,"메디큐브 부스터프로 핑크색상입니다

선물 받아서 몇번 사용했지만 상태 깨끗합니다

박스는 버려서 없고 본체만 보관 중입니디

어플로 연결된걸로 정품 인증합니다

직거래/택배 가능",1,1,53,110000,47.4,ryettt,판매완료,7,경기 성남시 분당구 야탑3동,https://www.daangn.com/kr/buy-sell/%EB%A9%94%EB%94%94%ED%81%90%EB%B8%8C-%EC%97%90%EC%9D%B4%EC%A7%80%EC%95%8C-%EB%B6%80%EC%8A%A4%ED%84%B0-%ED%94%84%EB%A1%9C-%EB%A9%94%EC%9D%B4%ED%95%91%ED%81%AC-wt6bptdhj6uj/
2026-01-31,메디큐브에이지알부스터프로&세럼,"메디큐브 에이지알 부스터 프로와 글루타치온 글로우 세럼 50ml 세트입니다

부스터 프로는 피부 흡수율을 400%까지 높여주는 효과가 있으며, 6가지 스킨케어 모드로 다양한 피부 고민을 해결해줍니다
글루타치온 글로우 세럼은 글루타치온 5%와 나이아신아마이드 5%를 함유하여 피부 광채와 탄력 개선에 도움을 줍니다.

5번도 사용 안했고
충전은 C타입 휴대폰 충전기로 하면됩니다.
열심히 해야하는데
게을러서 거의 사용을 안해서 판매합니다.

쿨거래시 약간 조정해드릴려구요~",1,3,37,160000,38.1,문리버,판매완료,2,경기 성남시 분당구 야탑3동,https://www.daangn.com/kr/buy-sell/%EB%A9%94%EB%94%94%ED%81%90%EB%B8%8C-%EC%97%90%EC%9D%B4%EC%A7%80%EC%95%8C-%EB%B6%80%EC%8A%A4%ED%84%B0-%ED%94%84%EB%A1%9C-%EC%84%B8%EB%9F%BC-zm2jgczvfpu5/
2026-01-10,메디큐브부스터프로블랙풀박스판매합니다.,"메디큐브 공홈에서 구입한 제품으로 실 사용은 10번 미만입니다. 받았을 때 그 상태로 충전도 한 번 안 했던 상품이라 새상품이라고 보시면 돼요!
싸게 정리해보려고 하니 많은 연락 부탁드립니다 : )",2,3,73,120000,42.8,신스타24,판매완료,4,경기 성남시 분당구 야탑3동,https://www.daangn.com/kr/buy-sell/%EB%A9%94%EB%94%94%ED%81%90%EB%B8%8C-%EB%B6%80%EC%8A%A4%ED%84%B0%ED%94%84%EB%A1%9C-%EB%B8%94%EB%9E%99-%ED%92%80%EB%B0%95%EC%8A%A4-%ED%8C%90%EB%A7%A4%ED%95%A9%EB%8B%88%EB%8B%A4-t8u4v241hqef/
2025-12-28,급처분)메디큐브부스터프로미니플러스마이멜로디에디션,"사놓고 두세번 밖에 안 써서 판매합니다

알콜솜으로 다 소독해둔 상태에요!

마이멜로디 에디션이라 꾸밀 수 있는 참도 같이 드려요

반택거래 원합니다 반택비 포함 6.5

쿨거 해주시면 샘플도 같이 드릴게요 !! 연락 주세요 :)",2,18,159,65000,51.2,여름,판매완료,4,경기 성남시 분당구 야탑3동,https://www.daangn.com/kr/buy-sell/%EA%B8%89%EC%B2%98%EB%B6%84-%EB%A9%94%EB%94%94%ED%81%90%EB%B8%8C-%EB%B6%80%EC%8A%A4%ED%84%B0-%ED%94%84%EB%A1%9C-%EB%AF%B8%EB%8B%88-%ED%94%8C%EB%9F%AC%EC%8A%A4-%EB%A7%88%EC%9D%B4%EB%A9%9C%EB%A1%9C%EB%94%94-%EC%97%90%EB%94%94%EC%85%98-pc8t5vejtp6i/
2025-11-21,메디큐브에이지알부스터프로,"블랙 색상입니당
한두달전에 사놓고 안쓰구 있어서 거의 새거입니다!!
하자 없어요
사진요청시 원하시는 부분 찍어보내드려요
박스는 없습니다 ㅜㅜ

쿨거시 네고 가능

직거래가능합니다",4,24,258,160000,42.6,559,판매완료,2,경기 성남시 분당구 야탑3동,https://www.daangn.com/kr/buy-sell/%EB%A9%94%EB%94%94%ED%81%90%EB%B8%8C-%EC%97%90%EC%9D%B4%EC%A7%80%EC%95%8C-%EB%B6%80%EC%8A%A4%ED%84%B0-%ED%94%84%EB%A1%9C-zof3kjgaubo1/
2025-08-06,메디큐브에이지알부스터프로,"메디큐브 에이지알 부스터 프로 블랙 색상입니다.

박스도 같이 드립니다

깨끗하게 사용했어요",3,8,304,171000,38.4,망푸지,판매완료,2,경기 성남시 분당구 야탑3동,https://www.daangn.com/kr/buy-sell/%EB%A9%94%EB%94%94%ED%81%90%EB%B8%8C-%EC%97%90%EC%9D%B4%EC%A7%80%EC%95%8C-%EB%B6%80%EC%8A%A4%ED%84%B0-%ED%94%84%EB%A1%9C-usgh2u8hbb2k/
2025-06-05,메디큐브에이지알부스터프로새상품,"메디큐브 AGE-R 부스터 프로 새상품입니다
피부 속 광채를 깨우는 에이지알 부스터 프로
메디큐브 사이트에서 구매했습니다 

- 7가지 맞춤 모드
- 퀵 클렌징 기능
- 3단계 앰플 흡수
- 피부 밀착 디자인

공홈 정가는 30만원대에요
비닐도 안뜯은 새상품입니다 


*야탑 3동 문고리 비대면거래합니다
*당근페이 합니다
죄송하지만 비대면 거래만 합니다 
택배비 부담하시면 우체국택배 해드려요 

*환불은 사양합니다
*찔러보기 하실분은 뒤로 가주세요 !!!!!!!!",5,7,196,1,55.7,어디가까,판매완료,4,경기 성남시 분당구 야탑3동,https://www.daangn.com/kr/buy-sell/%EB%A9%94%EB%94%94%ED%81%90%EB%B8%8C-%EC%97%90%EC%9D%B4%EC%A7%80%EC%95%8C-%EB%B6%80%EC%8A%A4%ED%84%B0-%ED%94%84%EB%A1%9C-%EC%83%88%EC%83%81%ED%92%88-z54krvpio2ox/
2025-02-15,급처분)메디큐브부스터프로미니핑크판매합니다,"11만원인가 주고 샀는데 처음에만 챙겨서 쓰다가 좀 귀찮아져서 안 써서 판매합니다

알콜스왑으로 피부 닿은 곳 소독 다 해뒀어요

택배나 문고리, 우편함 거래만 합니다 
쿨거시 네고 좀 해드릴게요 ! 
연락 주세요!!",3,12,394,68000,51.2,여름,판매완료,3,경기 성남시 분당구 야탑3동,https://www.daangn.com/kr/buy-sell/%EA%B8%89%EC%B2%98%EB%B6%84-%EB%A9%94%EB%94%94%ED%81%90%EB%B8%8C-%EB%B6%80%EC%8A%A4%ED%84%B0-%ED%94%84%EB%A1%9C-%EB%AF%B8%EB%8B%88-%ED%95%91%ED%81%AC-%ED%8C%90%EB%A7%A4%ED%95%A9%EB%8B%88%EB%8B%A4-arbsrgs6p4r4/
2026-04-12,메디큐브에이지알부스터프로핑크,"본체, 충전 케이블 포함 풀박스입니다. 
실사용 5회, 흠집❌

쿨거시 네고해드려요 !",2,7,70,140000,39.2,몽몽양짱,판매완료,5,경기 평택시 장당동,https://www.daangn.com/kr/buy-sell/%EB%A9%94%EB%94%94%ED%81%90%EB%B8%8C-%EC%97%90%EC%9D%B4%EC%A7%80%EC%95%8C-%EB%B6%80%EC%8A%A4%ED%84%B0-%ED%94%84%EB%A1%9C-%ED%95%91%ED%81%AC-qs1n3ge8ku46/
2026-03-24,메디큐브age-r울트라튠피부관리기,"25년 12월 구매

메디큐브 AGE-R 울트라 튠 피부관리기입니다

피부 탄력 개선과 리프팅에 도움을 주는 제품입니다

집에서 간편하게 전문적인 피부 관리를 경험해 보세요

●메디큐브 부스터프로랑 교환 가능●",0,7,117,140000,41.5,꼬륵,판매중,3,경기 평택시 장당동,https://www.daangn.com/kr/buy-sell/%EB%A9%94%EB%94%94%ED%81%90%EB%B8%8C-age-r-%EC%9A%B8%ED%8A%B8%EB%9D%BC-%ED%8A%A0-%ED%94%BC%EB%B6%80%EA%B4%80%EB%A6%AC%EA%B8%B0-4b3xzfio3c9w/
2024-10-01,메디큐브에이지알,작년에 구매했는데 메디큐브 부스터프로를 구매하는바람에 잘 사용을 안하게되서 판매합니다,2,8,296,90000,37.4,등푸른,판매완료,3,경기 평택시 장당동,https://www.daangn.com/kr/buy-sell/%EB%A9%94%EB%94%94%ED%81%90%EB%B8%8C-%EC%97%90%EC%9D%B4%EC%A7%80%EC%95%8C-4phvjgbu2n7d/
2026-05-28,메디큐브에이지알부스터프로핑크곰돌이헤드,"메디큐브 에이지알 부스터프로 핑크 색상입니다. 곰돌이 헤드가 포함되어 있으며, 사용 설명서와 충전 케이블도 함께 드려요. 피부 관리에 관심 있는 분들께 추천드리는 제품이에요",0,0,15,120000,36.9,써비,판매중,2,경기 양평군 강상면,https://www.daangn.com/kr/buy-sell/%EB%A9%94%EB%94%94%ED%81%90%EB%B8%8C-%EC%97%90%EC%9D%B4%EC%A7%80%EC%95%8C-%EB%B6%80%EC%8A%A4%ED%84%B0%ED%94%84%EB%A1%9C-%ED%95%91%ED%81%AC-%EA%B3%B0%EB%8F%8C%EC%9D%B4-%ED%97%A4%EB%93%9C-vazsu2sq9jq3/
2026-05-24,*새제품*메디큐브에이지알부스터프로마이멜로디에디션,"메디큐브 에이지알 부스터프로 마이멜로디 에디션이에요
마이멜로디 콜라보 한정판으로 나온 제품입니다
본품과 함께 멜로디 헤어밴드, 멜로디 파우치, 글루타치온 시트 마스크 5개, 콜라겐 리프팅 마스크 5개, 멀티 펩타이드 세럼이 포함되어 있어요
피부 탄력과 광채를 동시에 잡고 싶으신 분들께 추천드려요

부스터 프로 마이멜로디 에디션 + 마이멜로디 헤드케이스 + 마이멜로디 세안밴드 + 마이멜로디 피규어&꾸미기링 + 마이멜로디꾸미기스티커 + 마이멜로디극세사클리너",0,4,62,250000,38.8,Alan,판매중,8,서울시 구로구 구로제3동,https://www.daangn.com/kr/buy-sell/%EC%83%88-%EC%A0%9C%ED%92%88-%EB%A9%94%EB%94%94%ED%81%90%EB%B8%8C-%EC%97%90%EC%9D%B4%EC%A7%80%EC%95%8C-%EB%B6%80%EC%8A%A4%ED%84%B0%ED%94%84%EB%A1%9C-%EB%A7%88%EC%9D%B4%EB%A9%9C%EB%A1%9C%EB%94%94-%EC%97%90%EB%94%94%EC%85%98-6gcncgdqr87b/
2026-02-18,메디큐브에이지알부스터프로풀박스,"메디큐브 에이지알 부스터 프로 블랙 풀박스 판매합니다

24년 12월에 구매했습니다
테스트 한번하고 귀찮아서 사용 못해보고 보관만 하고 있습니당
보관만 하는것보다 다른분한테 파는게 나을거 같아서 올립니당

구성은 풀박스에요(부스터 프로, 충전기 , 사용설명서)

",5,8,421,160000,36.1,얌얌,판매완료,1,서울시 구로구 구로제3동,https://www.daangn.com/kr/buy-sell/%EB%A9%94%EB%94%94%ED%81%90%EB%B8%8C-%EC%97%90%EC%9D%B4%EC%A7%80%EC%95%8C-%EB%B6%80%EC%8A%A4%ED%84%B0-%ED%94%84%EB%A1%9C-%ED%92%80%EB%B0%95%EC%8A%A4-gu4pe56xti3k/
2026-05-22,메디큐브부스터프로,"박스없고 잔기스는 조금있어요
20번 미만 사용
저렴하게 판매해요

2025.01 제조상품입니다~",0,3,44,95000,47.2,띠두,판매완료,7,서울시 구로구 구로제3동,https://www.daangn.com/kr/buy-sell/%EB%A9%94%EB%94%94%ED%81%90%EB%B8%8C-%EB%B6%80%EC%8A%A4%ED%84%B0-%ED%94%84%EB%A1%9C-agi8tgskkx44/
2026-02-09,메디큐브부스터프로&하이포커스샷,"메디큐브 부스터 프로와 하이포커스샷 함께 팝니다

-피부 속 콜라겐, 탄력, 볼륨 개선에 도움을 줍니다
-피부결 개선, 광채 개선, 모공 면적 개선 효과가 있습니다
풀박스 그대로 드립니다

퇴근후 손이 잘 안가서 안하게 되어 팝매합니다.
두제품 모두 5회 미만 사용입니다
함께 30에 판매합니다",1,11,116,290000,42.7,잉어,판매완료,2,서울시 구로구 구로제3동,https://www.daangn.com/kr/buy-sell/%EB%A9%94%EB%94%94%ED%81%90%EB%B8%8C-%EB%B6%80%EC%8A%A4%ED%84%B0-%ED%94%84%EB%A1%9C-%ED%95%98%EC%9D%B4%ED%8F%AC%EC%BB%A4%EC%8A%A4%EC%83%B7-a96vyti9xi8u/
2025-12-21,메디큐브에이지알부스터프로풀박스,"메디큐브 에이지알 부스터 프로 풀박스입니다

- 구매일자 25년 7월
- 구매후 5~6회 사용 후 보관
- 정품스티커+ 충전줄도 그대로 포장상태 새거
- 사용감없이 깨끗하고 전후로 알콜스왑으로 닦아서 썼음
- 대림역 직거래 반값 택배 가능",6,19,354,180000,39.0,당근냠,판매완료,2,서울시 구로구 구로제3동,https://www.daangn.com/kr/buy-sell/%EB%A9%94%EB%94%94%ED%81%90%EB%B8%8C-%EC%97%90%EC%9D%B4%EC%A7%80%EC%95%8C-%EB%B6%80%EC%8A%A4%ED%84%B0-%ED%94%84%EB%A1%9C-%ED%92%80%EB%B0%95%EC%8A%A4-iq1og33uchir/
2025-12-11,메디큐브age-r부스터프로헬로키티,"메디큐브 AGE-R 부스터 프로 헬로키티 에디션
2회 사용 게을러서 판매 합니다
제품 상태 좋아요!

직거래 대림역, 구로디지털단지 2호선
영서초 앞,  일반택배 4,000원",1,2,63,250000,41.1,깜지언니,판매완료,5,서울시 구로구 구로제3동,https://www.daangn.com/kr/buy-sell/%EB%A9%94%EB%94%94%ED%81%90%EB%B8%8C-age-r-%EB%B6%80%EC%8A%A4%ED%84%B0-%ED%94%84%EB%A1%9C-%ED%97%AC%EB%A1%9C%ED%82%A4%ED%8B%B0-idxrxdqnnoao/
2025-10-19,메디큐브부스터프로미개봉새제품,"선물받았으나 쓰지않을 것 같아 팝니다

택배거래가능",3,16,197,210000,47.2,띠두,판매완료,1,서울시 구로구 구로제3동,https://www.daangn.com/kr/buy-sell/%EB%A9%94%EB%94%94%ED%81%90%EB%B8%8C-%EB%B6%80%EC%8A%A4%ED%84%B0%ED%94%84%EB%A1%9C-%EB%AF%B8%EA%B0%9C%EB%B4%89-%EC%83%88%EC%A0%9C%ED%92%88-eyx2721h22d8/
2025-02-06,메디큐브에이지알부스터프로+글루타치온앰플,"메디큐브 에이지알 부스터 프로+ 글루타치온 앰플

10개월전 선물받았으며 풀박스이구요
다른기계가 있어 이기계엔 손이 잘 안가 
사용은 10회 미만입니다.
처음 한달정도 사용하고 손안대고 보관중이다 팝니다~
새상품 글루타치온 앰플1개 같이 드립니다!
정품인증 가능",2,6,224,220000,42.0,뀨릉,판매완료,7,서울시 구로구 구로제3동,https://www.daangn.com/kr/buy-sell/%EB%A9%94%EB%94%94%ED%81%90%EB%B8%8C-%EC%97%90%EC%9D%B4%EC%A7%80%EC%95%8C-%EB%B6%80%EC%8A%A4%ED%84%B0-%ED%94%84%EB%A1%9C-%EA%B8%80%EB%A3%A8%ED%83%80%EC%B9%98%EC%98%A8-%EC%95%B0%ED%94%8C-f76oehpfvyp6/
2026-06-03,메디큐브에이지알부스터프로새상품,"메디큐브 에이지알 부스터 프로 새상품
피부 관리 홈케어 기기입니다
피부 탄력 관리에 도움을 주는 제품이에요
기기 16만
앰플3박스 2만
2개 같이하시면 17에드릴게요",0,10,74,160000,43.8,찐찐,판매중,1,경남 창원시 성산구 대원동,https://www.daangn.com/kr/buy-sell/%EB%A9%94%EB%94%94%ED%81%90%EB%B8%8C-%EC%97%90%EC%9D%B4%EC%A7%80%EC%95%8C-%EB%B6%80%EC%8A%A4%ED%84%B0-%ED%94%84%EB%A1%9C-%EC%83%88%EC%83%81%ED%92%88-nbaz4o6h1kc7/
2026-01-07,메디큐브에이지알부스터프로피부미용뷰티기기,"메디큐브 에이지알 부스터 프로 팝니다.
워낙 유명한 제품이라 네이버 검색해보시고 상세페이지 참고해주세요.
실사용 2~3회 후 방치 중이라 정리해봅니다.",1,5,107,200000,41.2,당근당근하쟈,판매완료,3,경남 창원시 성산구 대원동,https://www.daangn.com/kr/buy-sell/%EB%A9%94%EB%94%94%ED%81%90%EB%B8%8C-%EC%97%90%EC%9D%B4%EC%A7%80%EC%95%8C-%EB%B6%80%EC%8A%A4%ED%84%B0-%ED%94%84%EB%A1%9C-%ED%94%BC%EB%B6%80-%EB%AF%B8%EC%9A%A9-%EB%B7%B0%ED%8B%B0-%EA%B8%B0%EA%B8%B0-isg9xg3ddumb/
2025-10-16,메디큐브부스터프로,"메디큐브 부스터프로입니다
구매한지 1년반정도 됐습니다
박스 구성품 없이 본품만 있어서 가격 낮춰서 내놓습니다~",13,28,1012,120000,37.5,하이호이헤이,판매완료,2,경남 창원시 성산구 대원동,https://www.daangn.com/kr/buy-sell/%EB%A9%94%EB%94%94%ED%81%90%EB%B8%8C-%EB%B6%80%EC%8A%A4%ED%84%B0%ED%94%84%EB%A1%9C-uwk93ufac865/
2025-08-22,메디큐브부스터프로,한두번 이용한 거의 새 제품입니다,4,11,376,170000,37.9,갸아앍,판매완료,1,경남 창원시 성산구 대원동,https://www.daangn.com/kr/buy-sell/%EB%A9%94%EB%94%94%ED%81%90%EB%B8%8C-%EB%B6%80%EC%8A%A4%ED%84%B0%ED%94%84%EB%A1%9C-ctdnffqkrq9d/
2025-03-04,메디큐브부스터프로미니춘식이,"한정판 춘식이 메디큐브 부스터 미니 프로 입니다.
배송받고 제대로 왔는지 확인하고 기기 이상이 있는지 두 번 정도 사용해봤습니다.
충전기는 원래 안 들어있었습니다.
상자,기기,파우치,스티커 들어있습니다.

거래 약속 후 직전에 파기하시는 분이 많아 약속시 선입금 5천원 받습니다. 약속 장소에서 나머지 입금해주시면 됩니다.

구매하시기전에 궁금한 점 물어보셔야하고 
나중에 알았다 말씀하셔도 일부 환불,환불 안됩니다.",4,6,352,82000,38.6,베베514,판매완료,3,경남 창원시 성산구 대원동,https://www.daangn.com/kr/buy-sell/%EB%A9%94%EB%94%94%ED%81%90%EB%B8%8C-%EB%B6%80%EC%8A%A4%ED%84%B0-%ED%94%84%EB%A1%9C-%EB%AF%B8%EB%8B%88-%EC%B6%98%EC%8B%9D%EC%9D%B4-2e587vpwmucb/
2025-03-30,메디큐브부스터프로,"25년 1월 구입 
10회미만 사용
깨끗합니당
충전기는 없구요 C타입충전 입니당

",5,6,464,130000,44.6,두두,판매완료,1,경남 창원시 성산구 대원동,https://www.daangn.com/kr/buy-sell/%EB%A9%94%EB%94%94%ED%81%90%EB%B8%8C%EB%B6%80%EC%8A%A4%ED%84%B0%ED%94%84%EB%A1%9C-fu9jtfm88vah/
2024-08-18,메디큐브부스터프로,"메디큐브 부스터프로 싸게팝니다~
상태 s급이요~",1,1,194,210000,40.1,콕콕코,판매완료,9,경남 창원시 성산구 대원동,https://www.daangn.com/kr/buy-sell/%EB%A9%94%EB%94%94%ED%81%90%EB%B8%8C-%EB%B6%80%EC%8A%A4%ED%84%B0%ED%94%84%EB%A1%9C-rrowder7r3m7/
2024-06-20,메디큐브에이지알부스터프로(글루타치온세럼새제품2개포함),"메디큐브 에이지알 부스터 프로 2024년 3월에 32만원에 구입하여 거의 사용하지 않아 상태는 최상입니다.
구입시 글루타치온 세럼 새제품 2개도 같이 드려요. 
참고로 이사하면서 제품박스랑 설명서는 버렸고 나머지는 사진에 있는 그대로 다 있습니다.
관심있는 분 연락주세요.

010-7139-7279 ",1,3,249,210000,37.3,민트,판매완료,7,경남 창원시 성산구 대원동,https://www.daangn.com/kr/buy-sell/%EB%A9%94%EB%94%94%ED%81%90%EB%B8%8C-%EC%97%90%EC%9D%B4%EC%A7%80%EC%95%8C-%EB%B6%80%EC%8A%A4%ED%84%B0-%ED%94%84%EB%A1%9C-%EA%B8%80%EB%A3%A8%ED%83%80%EC%B9%98%EC%98%A8%EC%84%B8%EB%9F%BC-%EC%83%88%EC%A0%9C%ED%92%882%EA%B0%9C%ED%8F%AC%ED%95%A8-h8bc68joe474/
2025-11-05,메디큐브에이지알부스터프로,"메디큐브 에이지알 부스터프로 급처합니다!

다른 제품들이 많아서 판매해요! 최근까지도 사용했어서 사용에는 문제가 없습니다 ‼️

아무래도 사용하던 제품이라 생활흠집 있는 편이고 사진 잘 보시면 디바이스 얼굴에 대는 부분에 크랙이 있습니다 사용하시는데에는 문제 없습니다 🥲
박스랑 충전기는 없어요 🥹 c타입으로 사용하시면 됩니다 😊

‼️ 참고로 보증기간은 지났고 24년 1월 생산제품입니다 ‼

❌ 싸게 처분하기 때문에 환불 안받습니다 ❌",2,1,119,50000,42.8,용감한쿠키,판매완료,1,강원 강릉시 포남동,https://www.daangn.com/kr/buy-sell/%EB%A9%94%EB%94%94%ED%81%90%EB%B8%8C-%EC%97%90%EC%9D%B4%EC%A7%80%EC%95%8C-%EB%B6%80%EC%8A%A4%ED%84%B0-%ED%94%84%EB%A1%9C-bj1ecphqh58z/
2025-06-10,메디큐브부스터프로,"메디큐브 부스터 프로 내놓습니다!

- 콜라겐 부스팅, 모공 케어, 피부결 개선에 좋아요
- 5가지 모드 (부스터, MC, 에어샷, 더마 EMS, 콜라겐) 지원
- LED 디스플레이",3,9,358,180000,43.0,키타카,판매중,1,광주 북구 오치1동,https://www.daangn.com/kr/buy-sell/%EB%A9%94%EB%94%94%ED%81%90%EB%B8%8C-%EB%B6%80%EC%8A%A4%ED%84%B0-%ED%94%84%EB%A1%9C-6hpm6j9bzwts/
2025-10-26,메디큐브age-r부스터프로+앰플+크림새상품,"메디큐브 AGE-R Booster Pro와 딥 비타 C 캡슐 크림, 핑크 톤업 앰플 새제품입니다
-피부 속 탄력 개선에 도움을 줍니다
-겉탄력 리프팅, 톤업 광채 피부결 개선에 도움을 줍니다

새상품 미개봉 판매합니다^^ 연락주세요
크림,앰플 두개다 미개봉 새상품입니다^^",0,6,68,230000,36.3,gmlwls4307,판매완료,5,광주 북구 오치1동,https://www.daangn.com/kr/buy-sell/%EB%A9%94%EB%94%94%ED%81%90%EB%B8%8C-age-r-%EB%B6%80%EC%8A%A4%ED%84%B0-%ED%94%84%EB%A1%9C-%EC%95%B0%ED%94%8C-%ED%81%AC%EB%A6%BC-%EC%83%88%EC%83%81%ED%92%88-6ykibv1n1jp2/
2026-02-14,메디큐브에이지알부스터프로새상품,"메디큐브 에이지알 부스터 프로 미개봉 새상품입니다
피부 속 콜라겐, 탄력, 광채, 보습, 진정 개선에 도움을 줍니다
-피부 속 2.5mm 콜라겐 흡수율 440% 증가
-7가지 파장 LED로 빈틈없는 토탈 케어
-피부결, 볼륨, 탄력, 리프팅, 모공, 진피치밀도, 피부톤, 붓기, 혈행 개선

세럼까지 같이드려요 !",0,9,38,225000,45.3,싸게주는토끼,판매완료,2,전북 전주시 완산구 경원동1가,https://www.daangn.com/kr/buy-sell/%EB%A9%94%EB%94%94%ED%81%90%EB%B8%8C-%EC%97%90%EC%9D%B4%EC%A7%80%EC%95%8C-%EB%B6%80%EC%8A%A4%ED%84%B0-%ED%94%84%EB%A1%9C-%EC%83%88%EC%83%81%ED%92%88-pow12c5djyqb/
2026-01-14,메디큐브에이지알부스터프로미니,"실사용 2회 
현재 알콜솜으로 소독 후 쭉 보관중입니다! 

뷰티기기 많아서 팔아요
박스 없고 본체만 있어요

화이트다 보니 미세이염정도는 있을 수 있어요 너무 예민하신 분은 구매 지양해주세요

택배만 가능
택배비 착불",0,4,73,60000,39.1,까까,판매완료,1,서울시 중구 필동,https://www.daangn.com/kr/buy-sell/%EB%A9%94%EB%94%94%ED%81%90%EB%B8%8C-%EC%97%90%EC%9D%B4%EC%A7%80%EC%95%8C-%EB%B6%80%EC%8A%A4%ED%84%B0%ED%94%84%EB%A1%9C-%EB%AF%B8%EB%8B%88-vu3nrb5gzv9m/
2026-01-06,메디큐브에이지알부스터프로미니,산지 2개월 정도 됐는데 큰 버전 사게 되서 내놨습니당!! 돈 급해서 싸게 올려뒀어요,12,40,994,45000,37.3,안녕하세영,판매중,2,서울시 양천구 신월2동,https://www.daangn.com/kr/buy-sell/%EB%A9%94%EB%94%94%ED%81%90%EB%B8%8C-%EC%97%90%EC%9D%B4%EC%A7%80%EC%95%8C-%EB%B6%80%EC%8A%A4%ED%84%B0-%ED%94%84%EB%A1%9C-%EB%AF%B8%EB%8B%88-tkrd2m3x9sbu/
2026-04-16,메디큐브에이지알부스터프로미니핑크,"메디큐브 에이지알 부스터 프로 미니 핑크 색상이에요🌸
USB-C 타입 충전 가능해요!
직거래 신강초,양강중에서 가능합니다 :)
저도 당근에서 구입한 후 1번 밖에 안 써서 엄청 깨끗해요!!(쓰고 알콜솜으로 닦았습니다)
궁금하신 점 연락주세요 🤙
반택도 가능합니다",3,16,303,55000,37.9,아아,판매완료,4,서울시 양천구 신월2동,https://www.daangn.com/kr/buy-sell/%EB%A9%94%EB%94%94%ED%81%90%EB%B8%8C-%EC%97%90%EC%9D%B4%EC%A7%80%EC%95%8C-%EB%B6%80%EC%8A%A4%ED%84%B0-%ED%94%84%EB%A1%9C-%EB%AF%B8%EB%8B%88-%ED%95%91%ED%81%AC-qndequt92ocp/
2026-02-04,메디큐브에이지알부스터프로핑크,"직거래 장소는 양강중학교 부근입니다. 

메디큐브 에이지알 부스터 프로 핑크색입니다

피부 속 광채, 탄력, 모공, 피부결, 진피 치밀도 개선에 도움을 줍니다

핑크색 곰돌이 모양 덮개가 포함되어 있습니다

3가지 코어 테크놀로지로 피부 속부터 차오르는 리얼 광채를 경험해보세요",1,6,71,160000,71.2,오로리,판매완료,5,서울시 양천구 신월2동,https://www.daangn.com/kr/buy-sell/%EB%A9%94%EB%94%94%ED%81%90%EB%B8%8C-%EC%97%90%EC%9D%B4%EC%A7%80%EC%95%8C-%EB%B6%80%EC%8A%A4%ED%84%B0-%ED%94%84%EB%A1%9C-%ED%95%91%ED%81%AC-mcy15twabuk2/
2025-10-18,메디큐브부스터프로(거의새상품),"25년 8월중순에 구매하였고 사용 별로 안 했습니다


제조일: 25년 6월

(상자 있습니다 !! )


꼭. 구매 원하시는 분들만 연락주세용",1,5,57,170000,42.1,빵꾸,판매완료,3,서울시 양천구 신월2동,https://www.daangn.com/kr/buy-sell/%EB%A9%94%EB%94%94%ED%81%90%EB%B8%8C-%EB%B6%80%EC%8A%A4%ED%84%B0%ED%94%84%EB%A1%9C-%EA%B1%B0%EC%9D%98-%EC%83%88%EC%83%81%ED%92%88-88d6edjqi1o1/
2025-09-10,메디큐브에이지알부스터프로미니새상품(+시카앰플),"메디큐브 에이지알 부스터 프로 미니 새상품입니다! (+ 시카앰플 새상품 같이 드려요)

- 핑크색
- 5가지 모드로 피부 관리 가능
- EMS, 미세 전류 기능
- 정가는 12만6천원이에요


까치산역 3번출구 직거래 희망합니다",2,17,340,95000,38.0,해피니스,판매완료,2,서울시 양천구 신월2동,https://www.daangn.com/kr/buy-sell/%EB%A9%94%EB%94%94%ED%81%90%EB%B8%8C-%EC%97%90%EC%9D%B4%EC%A7%80%EC%95%8C-%EB%B6%80%EC%8A%A4%ED%84%B0-%ED%94%84%EB%A1%9C-%EB%AF%B8%EB%8B%88-%EC%83%88%EC%83%81%ED%92%88-%EC%8B%9C%EC%B9%B4%EC%95%B0%ED%94%8C-x3gryawr58zs/
2025-07-01,(새상품)메디큐브에이지알부스터프로쿠로미에디션풀박스,"메디큐브 에이지알 부스터 프로 쿠로미 에디션입니다.
새상품이에요. 
풀박스이며 택배 받고 구성 다 있나 박스 뚜껑만 열어보고 안에 물건은 꺼내보지도 않았습니다.

쿠로미가 귀여워서 메디큐브 공홈에서 349000원에 샀었는데 사놓고 쓰지를 않아서 그대로 판매합니다. 원래부터 뷰티 디바이스같은거 쓰는편이 아니라서 안쓰게되네요.

신정네거리역에서 직거래 합니다.",1,1,130,300000,38.5,지갑플렉쓰,판매완료,3,서울시 양천구 신월2동,https://www.daangn.com/kr/buy-sell/%EC%83%88%EC%83%81%ED%92%88-%EB%A9%94%EB%94%94%ED%81%90%EB%B8%8C-%EC%97%90%EC%9D%B4%EC%A7%80%EC%95%8C-%EB%B6%80%EC%8A%A4%ED%84%B0-%ED%94%84%EB%A1%9C-%EC%BF%A0%EB%A1%9C%EB%AF%B8-%EC%97%90%EB%94%94%EC%85%98-%ED%92%80%EB%B0%95%EC%8A%A4-9ywouu3fpu2t/
2025-07-01,메디큐브에이지알부스터프로,"메디큐브 에이지알 부스터 프로 핑크색상 판매합니다
상태는 사진과 같습니다
5번 사용
잘 사용하지 않아 판매합니다
올해 4월 매디큐브 사이트에서 구매했습니다 

박스도 같이 드려요~

여의도 까치치산 신정 직거래 가능 

중고거래로 교환 환불 어려우니 신중한 구매 부탁드립니다",4,2,154,180000,41.4,ODJ,판매완료,2,서울시 양천구 신월2동,https://www.daangn.com/kr/buy-sell/%EB%A9%94%EB%94%94%ED%81%90%EB%B8%8C-%EC%97%90%EC%9D%B4%EC%A7%80%EC%95%8C-%EB%B6%80%EC%8A%A4%ED%84%B0-%ED%94%84%EB%A1%9C-ub15m5dvs1ko/
2024-06-30,메디큐브부스터프로,"상태 좋아요

24년 초에 사서 10번 미만 썼어요

편의점택배, 반값택배, 신월2동 신목동 파라곤 아파트 직거래 가능해요",1,3,269,250000,40.4,마츠다,판매완료,4,서울시 양천구 신월2동,https://www.daangn.com/kr/buy-sell/%EB%A9%94%EB%94%94%ED%81%90%EB%B8%8C-%EB%B6%80%EC%8A%A4%ED%84%B0%ED%94%84%EB%A1%9C-gx3kz5gve7oa/
2025-08-29,메디큐브에이지알부스터프로쿠로미,"Medicube AGE-R Booster Pro 쿠로미 에디션 판매합니다!
2025년 4월에 구매했었고 실사용 5회정도 했습니다. 

갑자기 임신을 하게되서 잘 사용하지 못해서 판매합니다. 

쿠로미 세안밴드는 제가 사용중이라 없고 그외의 구성품은 모두 가지고 있습니다. 동봉된 스티커도 하나도 사용 안했습니다. 

컨디션 아주 좋으며 알콜소독 티슈로 다 닦고 소독해둔 상태입니다. 

- AGE-R 부스터 프로 본품
- 쿠로미 헤드 케이스
- 정품 박스, 설명서, 충전 케이블, 스티커 포함",1,4,138,250000,55.1,냐미,판매완료,4,서울시 종로구 신문로1가,https://www.daangn.com/kr/buy-sell/%EB%A9%94%EB%94%94%ED%81%90%EB%B8%8C-%EC%97%90%EC%9D%B4%EC%A7%80%EC%95%8C-%EB%B6%80%EC%8A%A4%ED%84%B0-%ED%94%84%EB%A1%9C-%EC%BF%A0%EB%A1%9C%EB%AF%B8-dydsscrv6sea/
2025-03-02,메디큐브부스터프로미니미개봉새제품,"메디큐브 부스터프로 미니 미개봉 새제품

선유도역, 광화문역 직거래
택배거래 가능합니다",2,5,122,71000,48.6,당근8,판매완료,1,서울시 종로구 신문로1가,https://www.daangn.com/kr/buy-sell/%EB%A9%94%EB%94%94%ED%81%90%EB%B8%8C-%EB%B6%80%EC%8A%A4%ED%84%B0%ED%94%84%EB%A1%9C-%EB%AF%B8%EB%8B%88-%EB%AF%B8%EA%B0%9C%EB%B4%89-%EC%83%88%EC%A0%9C%ED%92%88-jz3d7ow1qt8y/
2024-12-25,[미개봉]메디큐브부스터프로올리브영어워즈기획세트,"메디큐브 올리브영 어워즈 한정 기획세트
미개봉 새제품
직거래 택배거래 반값택배거래 모두 가능합니다",2,2,81,260000,48.6,당근8,판매완료,3,서울시 종로구 신문로1가,https://www.daangn.com/kr/buy-sell/%EB%AF%B8%EA%B0%9C%EB%B4%89-%EB%A9%94%EB%94%94%ED%81%90%EB%B8%8C-%EB%B6%80%EC%8A%A4%ED%84%B0%ED%94%84%EB%A1%9C-%EC%98%AC%EB%A6%AC%EB%B8%8C%EC%98%81%EC%96%B4%EC%9B%8C%EC%A6%88-%EA%B8%B0%ED%9A%8D%EC%84%B8%ED%8A%B8-ysc5epuapsv5/
2026-05-29,메디큐브부스터프로x2핑크,"공홈에서 구매한 상품입니다 
10회 미만사용하였고 기스없이 깨끗합니다 
Usb충전선 있고 박스는 없습니다 
마스크팩은 1개사용하여 9개 있습니다 
모두포함 20만원에 판매합니다",1,10,60,200000,46.8,뿌뿜,판매중,4,경기 고양시 덕양구 오금동,https://www.daangn.com/kr/buy-sell/%EB%A9%94%EB%94%94%ED%81%90%EB%B8%8C-%EB%B6%80%EC%8A%A4%ED%84%B0%ED%94%84%EB%A1%9Cx2-%ED%95%91%ED%81%AC-ph8pv9ruo8vz/
2025-06-27,메디큐브에이지알부스터프로,"메디큐브 에이지알 부스터 프로 내놓습니다
집에서 간편하게 피부 관리하세요!

- 피부 광채 부스팅
- 모공 탄력 케어
- 피부결 개선
- 5가지 모드

박스, 충전기, 사용설명서 그대로 있습니다. 
깨끗합니다.
박스도 같이 드립니다.",1,3,61,150000,47.6,기브미,판매완료,2,경기 고양시 덕양구 오금동,https://www.daangn.com/kr/buy-sell/%EB%A9%94%EB%94%94%ED%81%90%EB%B8%8C-%EC%97%90%EC%9D%B4%EC%A7%80%EC%95%8C-%EB%B6%80%EC%8A%A4%ED%84%B0-%ED%94%84%EB%A1%9C-u3a1v6hx4t3b/
2026-05-30,메디큐브에이지알부스터프로풀박스앰플2병다드려요,"챗gpt에 검색하면 1위로 울쎄라기기로 나옵니다 
1회 사용, 보증기간이 10개월 남았습니다
국내 정품 바코드 확인하시고 메디큐브 정품 아닌 가품도 있으니 확실한 제품 저렴히 들여가세요..
같이 드리는 앰플 2개다 새것입니다 
줄기세포 시카 병풀 앰플30ml, 메디힐 비타민C미백세럼40ml 펩타이드 나노 리포좀 크림 20매 20ml
앰플 세럼 크림 유통기한 28년 후반대 한참 남았습니다

블랙핑크 리사가 해외투어중에 
피부과에 갈시간이 없어서 이제품으로 관리해서
울쎄라 효과보고 있는 최애템 이라네요 
참고로 지금  x2 나온게 너무 의미없는게 메디큐어는 거의 100프로 부스터프로만 집중적으로 사용하게 돼서 리뉴얼 제품하고 차이가 없다고 봐요 마스크팩
붙이고 쓰는 기능 하나늘고 기능차이가 없어요 

 ",0,1,38,170000,45.5,도래미,판매중,4,인천 계양구 작전1동,https://www.daangn.com/kr/buy-sell/%EB%A9%94%EB%94%94%ED%81%90%EB%B8%8C-%EC%97%90%EC%9D%B4%EC%A7%80%EC%95%8C-%EB%B6%80%EC%8A%A4%ED%84%B0-%ED%94%84%EB%A1%9C-%ED%92%80%EB%B0%95%EC%8A%A4-%EC%95%B0%ED%94%8C2%EB%B3%91-%EB%8B%A4%EB%93%9C%EB%A0%A4%EC%9A%94-rjs44s1khswe/
2025-11-16,"메디큐브에이지알부스터프로핑크(캡,충전선포함)","메디큐브 에이지알 부스터 프로 핑크색상입니다

-피부 속 광채와 탄력 개선에 도움을 줍니다
-피부 밀도를 높여주고, 7가지 모드로 피부 컨디션에 맞게 사용 가능합니다
-작고 가벼워서 휴대하기 편리하고, 사용법도 간단합니다
작은 앰플도 함께 드립니다

쓸때마다 알코올솜으로 소독했고요 사용감이 있긴하지만 작동하는데엔 문제 없습니다 전 제가 평생 쓸줄 알고 박스를 버렸지만 몇 달동안 쓰지않다가 내놓습니다ㅠ



캡포함ㆍ충전선포함입니다 충전선 찾아놨어요

쿨거래시 네고가능입니다, 직거래시 작전공원or계양구청앞",1,4,76,160000,39.0,곤혀기,판매완료,1,인천 계양구 작전1동,https://www.daangn.com/kr/buy-sell/%EB%A9%94%EB%94%94%ED%81%90%EB%B8%8C-%EC%97%90%EC%9D%B4%EC%A7%80%EC%95%8C-%EB%B6%80%EC%8A%A4%ED%84%B0-%ED%94%84%EB%A1%9C-%ED%95%91%ED%81%AC-%EC%BA%A1-%EC%B6%A9%EC%A0%84%EC%84%A0-%ED%8F%AC%ED%95%A8-53o3wf6pa7iq/
2025-03-03,메디큐브부스터프로,"생활 기스o
박스 기스o

정상 작동o
사용 적게 하였습니당
에눌 불가",5,2,147,180000,36.7,당근당근,판매완료,2,인천 계양구 작전1동,https://www.daangn.com/kr/buy-sell/%EB%A9%94%EB%94%94%ED%81%90%EB%B8%8C-%EB%B6%80%EC%8A%A4%ED%84%B0%ED%94%84%EB%A1%9C-xjy968yibufy/
2026-05-04,메디큐브부스터프로미니화이트,"메디큐브 에이지알 부스터 미니 화이트 색상이에요

실 사용 10회 미만 
빡빡 닦아서 사용했습니다

피부 탄력 관리에 도움을 주는 제품으로 
가격 부담이신 분들
첫 사용 강추입니다 홈케어하기 좋아요",1,4,75,45000,38.7,피망,판매완료,2,경기 가평군 조종면,https://www.daangn.com/kr/buy-sell/%EB%A9%94%EB%94%94%ED%81%90%EB%B8%8C-%EB%B6%80%EC%8A%A4%ED%84%B0-%ED%94%84%EB%A1%9C-%EB%AF%B8%EB%8B%88-%ED%99%94%EC%9D%B4%ED%8A%B8-3oiz6c18b6sr/
2025-09-28,메디큐브부스터프로,"메디큐브 에이지알 ATS 에어샷 새 상품입니다!

피부 관리에 좋은 메디큐브 제품들이에요~ 박스 개봉해서 본품 확인만 했어요. 크림, 세럼은 미개봉 상품입니다.

같이 있는 구성품:
- 에이지알 ATS 에어샷 본체
- 메디큐브 PDRN 핑크 히알루로닉 모이스처라이징 크림 (50ml)
- 메디큐브 PDRN 핑크 펩타이드 세럼 (30ml)",1,0,51,200000,38.6,뿡뿡뿡,판매완료,4,전남 여수시 돌산읍,https://www.daangn.com/kr/buy-sell/%EB%A9%94%EB%94%94%ED%81%90%EB%B8%8C-%EB%B6%80%EC%8A%A4%ED%84%B0%ED%94%84%EB%A1%9C-2kj79ps1xw4p/
2026-05-25,메디큐브부스터프로,"메디큐브 에이지알 부스터 프로 블랙 풀박스 구성이에요
본체와 사용 설명서, 케이블까지 모두 갖춰져 있어요
사진으로 꼼꼼히 확인해보세요

사용횟수도 적고 앞으로도 사용하지 않을거같아 당근합니다

반품 환불은 불가합니다",1,14,85,120000,40.1,후루룩,판매중,3,충북 청주시 서원구 분평동,https://www.daangn.com/kr/buy-sell/%EB%A9%94%EB%94%94%ED%81%90%EB%B8%8C-%EB%B6%80%EC%8A%A4%ED%84%B0-%ED%94%84%EB%A1%9C-6conxxxnqcus/
2026-06-02,메디큐브부스터프로미니플러스브이롤러세트,"메디큐브 부스터 프로 미니 플러스와 브이롤러 세트예요.
쿨거래 네고 가능",0,4,33,100000,42.9,hi12,판매중,3,충북 청주시 서원구 분평동,https://www.daangn.com/kr/buy-sell/%EB%A9%94%EB%94%94%ED%81%90%EB%B8%8C-%EB%B6%80%EC%8A%A4%ED%84%B0-%ED%94%84%EB%A1%9C-%EB%AF%B8%EB%8B%88-%ED%94%8C%EB%9F%AC%EC%8A%A4-%EB%B8%8C%EC%9D%B4%EB%A1%A4%EB%9F%AC-%EC%84%B8%ED%8A%B8-kqjvvtps1693/
2025-11-11,메디큐브에이지알부스터프로핑크,"25.06.25일에 구매했고 두번사용했어요

마멜에디션 선물받아서 
기존에 두번사용한 부스터 프로 핑크 판매합니다
박스도 그대로 있고 충전선은 새것입니다
환불❎️ 택배❎️
문고리거래시 선금 먼저 받습니다!",0,4,188,300000,38.5,짱똘,판매중,5,충북 청주시 서원구 분평동,https://www.daangn.com/kr/buy-sell/%EB%A9%94%EB%94%94%ED%81%90%EB%B8%8C-%EC%97%90%EC%9D%B4%EC%A7%80%EC%95%8C-%EB%B6%80%EC%8A%A4%ED%84%B0-%ED%94%84%EB%A1%9C-%ED%95%91%ED%81%AC-f7qbw9266p36/
2026-03-23,[본체미개봉새상품]메디큐브에이지알부스터프로헬로키티헤드,"기기 사용하다가 헤드에 약간 크랙이 생겨서 그대로 사용해도 괜찮지만 찝찝한 마음에 26년 3월 25일에 새 상품으로 교환 받았습니다. (미개봉 상태입니다)

(같은 제품 컬러 화이트, 키티에디션은X : 본체에서 키티 로고 빠진다고 보시면 됩니다)

저 사진에 있는 본체 빠지고 화이트 새상품으로 교환해서 보내드립니다.

구성품:
부스터프로 디바이스 화이트 새상품, 헬로키티 헤드, 케이블, 주의사항, 사용 설명서)

살균 소독 티슈는 시간이 지나서 말랐습니다.
가지고 싶으시면 보내드리고 버려달라고 하시면 빼고 보내드리겠습니다.

메디큐브 AGE-R 부스터 프로 헬로키티 헤드 새상품

꼼꼼하게 포장해서 드리겠습니다.

-피부 속 광채, 탄력, 모공, 피부결, 진피 치밀도 개선에 도움을 줍니다
-피부 고민에 따라 맞춤 케어가 가능합니다",0,10,452,260000,47.1,마샹,판매중,3,충북 청주시 서원구 분평동,https://www.daangn.com/kr/buy-sell/%EB%B3%B8%EC%B2%B4-%EB%AF%B8%EA%B0%9C%EB%B4%89-%EC%83%88%EC%83%81%ED%92%88-%EB%A9%94%EB%94%94%ED%81%90%EB%B8%8C-%EC%97%90%EC%9D%B4%EC%A7%80%EC%95%8C-%EB%B6%80%EC%8A%A4%ED%84%B0-%ED%94%84%EB%A1%9C-%ED%97%AC%EB%A1%9C%ED%82%A4%ED%8B%B0-%ED%97%A4%EB%93%9C-ce3b7fydmk75/
2025-12-31,메디큐브울트라튠,"메디큐브 울트라튠 판매합니다.
사용했던 기기이며..예민하신분은 패쓰해 주세요.
 부스터프로는 판매완료 입니다.",0,12,524,130000,46.7,뽈록이,판매중,1,충북 청주시 서원구 분평동,https://www.daangn.com/kr/buy-sell/%EB%A9%94%EB%94%94%ED%81%90%EB%B8%8C-%EC%9A%B8%ED%8A%B8%EB%9D%BC%ED%8A%A0-ufs8vpsccnyg/
2026-01-02,메디큐브부스터프로블랙,"메디큐브 부스터 프로 블랙입니다
네 가지 모드로 상황에 따라 피부 관리 할 수 있어요!
사용한지 10번 미만이고 박스가 없어서 싸게 팔아요 쿨거시 같이 사용하는 젤도 드립니다!",2,1,68,120000,38.7,쨩쨤,판매완료,1,충북 청주시 서원구 분평동,https://www.daangn.com/kr/buy-sell/%EB%A9%94%EB%94%94%ED%81%90%EB%B8%8C-%EB%B6%80%EC%8A%A4%ED%84%B0-%ED%94%84%EB%A1%9C-%EB%B8%94%EB%9E%99-h1v28redgbw7/
2025-12-09,메디큐브에이지알부스터프로핑크,"메디큐브 에이지알 부스터 프로 핑크색입니다
5회 정도 사용했고 저랑 안맞아서 판매합니다 ㅎ 
손이 잘 안가요 ㅠ0ㅠ 
박스 , 충전선 그대로 드릴게요!! 상태 좋습니다 ㅎㅎ 
오디너리 앰플도 같이 드릴게요! 
연락주세요!",3,14,252,175000,52.3,형광노,판매완료,2,충북 청주시 서원구 분평동,https://www.daangn.com/kr/buy-sell/%EB%A9%94%EB%94%94%ED%81%90%EB%B8%8C-%EC%97%90%EC%9D%B4%EC%A7%80%EC%95%8C-%EB%B6%80%EC%8A%A4%ED%84%B0-%ED%94%84%EB%A1%9C-%ED%95%91%ED%81%AC-e3krsp7jurtd/
2025-12-01,메디큐브에이지알부스터프로미니팝니다!!,"부스터프로 미니 몇번 안쓰고 좋아서 최근에 짱구 에디션 할때 큰거 사버려서 싸게 올립니다!! 
부스터프로 보관주머니까지 있습니다 ㅎㅎ
너무 잘 쓰고 보내주려고 합니다!!
부스터프로 꾸미기 스티커도 드리겠습니다.",3,9,163,64000,38.0,당근당근,판매완료,2,충북 청주시 서원구 분평동,https://www.daangn.com/kr/buy-sell/%EB%A9%94%EB%94%94%ED%81%90%EB%B8%8C-%EC%97%90%EC%9D%B4%EC%A7%80%EC%95%8C-%EB%B6%80%EC%8A%A4%ED%84%B0%ED%94%84%EB%A1%9C-%EB%AF%B8%EB%8B%88-%ED%8C%9D%EB%8B%88%EB%8B%A4-8nzccfz2sni5/
2025-11-24,메디큐브부스터프로미니화이트(마지막),"메디큐브 부스터 프로 미니 화이트 색상입니다~

- 풀박스 구성입니다
- 콤팩트한 디자인으로 휴대하기 편리합니다
- 피부 속 흡수를 촉진시켜 줍니다 

3번 사용해서 사용감은 아주 조금 ? 있습니다 ^^

사정상 내일까지 안팔리면 내려요..",3,6,220,68000,43.7,오두리,판매완료,2,충북 청주시 서원구 분평동,https://www.daangn.com/kr/buy-sell/%EB%A9%94%EB%94%94%ED%81%90%EB%B8%8C-%EB%B6%80%EC%8A%A4%ED%84%B0-%ED%94%84%EB%A1%9C-%EB%AF%B8%EB%8B%88-%ED%99%94%EC%9D%B4%ED%8A%B8-%EB%A7%88%EC%A7%80%EB%A7%89-fwsxjs5cwrrh/
2025-10-08,메디큐브에이지알부스터프로풀박스,"메디큐브 에이지알 부스터 프로 풀박스입니다
- 피부 속까지 유효 성분을 전달하여 피부결 개선과 광채 효과를 줍니다
- 피부의 겉과 속을 동시에 케어해 탄력 있는 피부로 가꿔줍니다

메디큐브 에이지알 부스터 프로 풀박스입니다
-피부 속 광채, 모공, 탄력, 피부결 개선에 도움을 줍니다
-5가지 모드: 부스터 모드, 콜라겐 모드, 물광 모드, 탄력 모드, 에어샷 모드 
메디큐브 에이지알 부스터 프로
작년에 샀어서 잘 안 사용해요.
환불 안되요.",4,6,162,150000,41.3,mimi,판매완료,2,충북 청주시 서원구 분평동,https://www.daangn.com/kr/buy-sell/%EB%A9%94%EB%94%94%ED%81%90%EB%B8%8C-%EC%97%90%EC%9D%B4%EC%A7%80%EC%95%8C-%EB%B6%80%EC%8A%A4%ED%84%B0-%ED%94%84%EB%A1%9C-%ED%92%80%EB%B0%95%EC%8A%A4-apxr6sh1v22o/
2025-09-30,메디큐브에이지알부스터프로쿠로미에디션,"메디큐브 에이지알 부스터 프로 쿠로미 에디션 풀박스 입니다 
실사용 5번도 안됩니다 바빠서 쓸일이 없게되어
올려용 기스나 하자 없습니당 궁금한점 채팅주세욥",2,7,157,250000,37.3,까미,판매완료,2,충북 청주시 서원구 분평동,https://www.daangn.com/kr/buy-sell/%EB%A9%94%EB%94%94%ED%81%90%EB%B8%8C-%EC%97%90%EC%9D%B4%EC%A7%80%EC%95%8C-%EB%B6%80%EC%8A%A4%ED%84%B0-%ED%94%84%EB%A1%9C-%EC%BF%A0%EB%A1%9C%EB%AF%B8-%EC%97%90%EB%94%94%EC%85%98-ez9r4er3nmek/
2025-07-10,메디큐브에이지알부스터프로,"메디큐브 에이지알 부스터 프로 내놓습니다

- 피부 광채, 탄력, 모공 케어에 좋아요
- 5가지 모드 (부스터, MC, 더마 EMS, 에어샷, 포토 포레이션)로 피부 고민에 맞춤형 케어가 가능해요
- 정가는 299,000원입니다
- 박스도 같이 드려요 

구매후 환불불가 입니다 
작년구매후 10회 미만사용입니다",4,6,198,180000,41.3,내맘대로,판매완료,2,충북 청주시 서원구 분평동,https://www.daangn.com/kr/buy-sell/%EB%A9%94%EB%94%94%ED%81%90%EB%B8%8C-%EC%97%90%EC%9D%B4%EC%A7%80%EC%95%8C-%EB%B6%80%EC%8A%A4%ED%84%B0-%ED%94%84%EB%A1%9C-beyo39o6tw7w/
2025-06-05,메디큐브에이지알부스터프로,"메디큐브 에이지알 부스터 프로 내놓습니다
집에서 간편하게 피부 관리할 수 있어요

- 6가지 모드로 관리 가능
- 풀박스 구성입니다
- 현재 네이바 최저가 21만원

미개봉상품이며 선물받았는데 이미 있어서 판매해요입니다! 

연락주세요!",4,10,166,180000,36.5,락뜨,판매완료,1,충북 청주시 서원구 분평동,https://www.daangn.com/kr/buy-sell/%EB%A9%94%EB%94%94%ED%81%90%EB%B8%8C-%EC%97%90%EC%9D%B4%EC%A7%80%EC%95%8C-%EB%B6%80%EC%8A%A4%ED%84%B0%ED%94%84%EB%A1%9C-f21xvmu5zpu4/
2025-04-23,메디큐브부스터프로(미사용),"미사용 제품 입니다
작동여부 확인 위해 개봉만 하였습니다
쿨거시 만원 네고해드려용
",1,1,71,210000,36.9,사주세영,판매완료,5,충북 청주시 서원구 분평동,https://www.daangn.com/kr/buy-sell/%EB%A9%94%EB%94%94%ED%81%90%EB%B8%8C-%EB%B6%80%EC%8A%A4%ED%84%B0%ED%94%84%EB%A1%9C-%EB%AF%B8%EC%82%AC%EC%9A%A9-53opzyj3yxbi/
2025-03-16,메디큐브부스터프로,"23년 12월에서 24년 1월 사이
구입시기는 정확히 기억이 안납니다.
홈쇼핑으로 32만원 넘게 구입했구요.
같이 준 앰플 3병 중 2병은 다 쓰고 한 병은 쓰다 말고 남아서 쓰던거라 제외햔게요.
사서 두달 정도 쓰다가 방치 상태고 더 안 쓸것 같아 내놓습니다. 정상 작동 되고 스크래치도 없습니다.
박스도 설명서도 다 있습니다.",3,1,124,120000,37.3,수선화,판매완료,8,충북 청주시 서원구 분평동,https://www.daangn.com/kr/buy-sell/%EB%A9%94%EB%94%94%ED%81%90%EB%B8%8C-%EB%B6%80%EC%8A%A4%ED%84%B0%ED%94%84%EB%A1%9C-jiqfraus4zf9/
2025-01-06,메디큐브부스터프로,"새제품이에여!!!!

당근 안하는 친구가 부탁해서 올립니다~🙃

제품  받고서는 자기가 생각했던게 아니라네요;;;
박스를 이미 뜯은 상태고 안에 상자도 열어봤어서 싸게 올려달라네요~~




/반품환불x",2,2,116,225000,46.9,아하하하유후,판매완료,1,충북 청주시 서원구 분평동,https://www.daangn.com/kr/buy-sell/%EB%A9%94%EB%94%94%ED%81%90%EB%B8%8C-%EB%B6%80%EC%8A%A4%ED%84%B0%ED%94%84%EB%A1%9C-dzm9a8ct8gg8/
2024-12-31,메디큐브부스터프로,"완전 새상품입니다.
오늘 받은 제품이에요.
정품이고 메디큐브 본사제품이에요~

구매 후 반품환불 안됩니다.
비닐도 다 씌워져있어요.

:)메디큐브 마스크팩 6개 같이 드려요",2,6,196,250000,46.9,아하하하유후,판매완료,5,충북 청주시 서원구 분평동,https://www.daangn.com/kr/buy-sell/%EB%A9%94%EB%94%94%ED%81%90%EB%B8%8C-%EB%B6%80%EC%8A%A4%ED%84%B0%ED%94%84%EB%A1%9C-kus49triv25a/
2026-05-28,메디큐브부스터프로핑크,"작년 여름쯤 선물 받았는데 손이 잘 안가서 판매합니다
10회 이하로 사용했어요 사용할때마다 알콜스왑으로 닦아서 곰돌이캡 씌워 보관 했습니다.

오작동 전혀없고 충전기 제외 풀박스입니다.
C타입 충전기로 충전하시면 됩니다.

다른분들이 판매하시는 제품들 대비 상태가 좋아요
헤드부분에 사소한 생활기스도 일부러 더 잘보이게 찍었으니 확인 해주세요.
사용하면서 떨어트린적도 한번도 없어 찍힘 없어요.

곰돌이 헤드캡도 같이 드립니다.",0,2,23,180000,47.5,루이콩이맘,판매중,4,경기 김포시 운양동,https://www.daangn.com/kr/buy-sell/%EB%A9%94%EB%94%94%ED%81%90%EB%B8%8C-%EB%B6%80%EC%8A%A4%ED%84%B0%ED%94%84%EB%A1%9C-%ED%95%91%ED%81%AC-zsavyvqihbqj/
2026-03-27,메디큐브에이지알부스터프로미니플러스,"새상품!
구매후 선물로 같은게 들어와서 팝니다

메디큐브 에이지알 부스터 프로 미니 플러스입니다
- 625% 높은 흡수율로 피부 고민을 빠르게 해결해 줍니다
- 3가지 LED 모드로 피부 고민에 맞게 맞춤 케어 가능합니다
- 블루투스 연동으로 실시간 케어 시간 확인 및 리모트 컨트롤이 가능합니다
- 진동 클렌저, 브이롤러 헤드 결합이 가능합니다.
작고여행시 휴대하기좋아요
콧망물부위나 섬세한곳에 미니가 좋다는평이 있네요 ~",1,4,77,73000,43.7,사고팔고당근마니아,판매중,10,경기 김포시 운양동,https://www.daangn.com/kr/buy-sell/%EB%A9%94%EB%94%94%ED%81%90%EB%B8%8C-%EC%97%90%EC%9D%B4%EC%A7%80%EC%95%8C-%EB%B6%80%EC%8A%A4%ED%84%B0-%ED%94%84%EB%A1%9C-%EB%AF%B8%EB%8B%88-%ED%94%8C%EB%9F%AC%EC%8A%A4-rb3m5iaejyex/
2026-05-12,메디큐브age-r부스터프로옐로우,"메디큐브 Age-R 에이지알 부스터 프로 옐로우 색상이에요
2,600mAh 배터리가 내장되어 있어 휴대하며 사용하기 좋아요
피부 탄력과 리프팅에 도움을 주는 제품으로 꾸준히 사용하시면 만족하실 거예요
피부 관리 홈케어를 간편하게 하고 싶으신 분들께 추천드려요

검정색은 같은제품으로 현재 와이프가 쓰는중이라 참고용으로 올리구요
미개봉 새상품이구요 옆에 노란색박스는 헤드케이스 같이 드릴게요

직거래 희망",1,3,33,200000,36.6,게누장,판매완료,3,경기 김포시 운양동,https://www.daangn.com/kr/buy-sell/%EB%A9%94%EB%94%94%ED%81%90%EB%B8%8C-age-r-%EB%B6%80%EC%8A%A4%ED%84%B0-%ED%94%84%EB%A1%9C-%EC%98%90%EB%A1%9C%EC%9A%B0-ucfjxf3pztub/
2026-03-19,메디큐브에이지알부스터프로블랙,"메디큐브 에이지알 부스터 프로 블랙 

2024년 후에 제조

작동 잘 됩니다

C타입 충전입니다",4,30,426,80000,42.0,제발쿨거래부탁,판매완료,5,경기 김포시 운양동,https://www.daangn.com/kr/buy-sell/%EB%A9%94%EB%94%94%ED%81%90%EB%B8%8C-%EC%97%90%EC%9D%B4%EC%A7%80%EC%95%8C-%EB%B6%80%EC%8A%A4%ED%84%B0-%ED%94%84%EB%A1%9C-%EB%B8%94%EB%9E%99-n2ey67n62hgu/
2026-03-21,메디큐브에이지알부스터프로블랙,"메디큐브 에이지알 부스터 프로 블랙 입니다.
-피부 속 광채, 탄력, 모공, 피부결, 진피 치밀도, 톤, 리프팅, 각질, 블랙헤드, 화이트헤드, 붓기, 피부결 개선, 보습, 윤기, 피부 장벽 강화, 멜라닌 완화, 항산화, 속보습, 겉보습, 팔자주름, 눈가주름, 볼륨, 쿨링, 열감, 겉탄력, 속탄력, 3D 볼륨 리프팅, 4중 멜라닌 케어, 7가지 임상으로 풀케어가 가능합니다

몇번쓰지를 않아서 깨끗하구요 박스 충전선 새것 다 있습니다",2,5,175,125000,47.3,모담폭포쪽운양동푸르지오,판매완료,1,경기 김포시 운양동,https://www.daangn.com/kr/buy-sell/%EB%A9%94%EB%94%94%ED%81%90%EB%B8%8C-%EC%97%90%EC%9D%B4%EC%A7%80%EC%95%8C-%EB%B6%80%EC%8A%A4%ED%84%B0-%ED%94%84%EB%A1%9C-%EB%B8%94%EB%9E%99-96s37m14ioa9/
2026-03-29,메디큐브에이지알부스터프로헬로키티에디션,"메디큐브 에이지알 부스터 프로 헬로키티 에디션입니다

작년 5월에 샀네요. 

귀찮아서 잘 안쓰게되서 판매합니다.

헤드 부분은 알콜솜으로 닦아서 드려요.

구성품은 본품,충전기,소독티슈,충전선 이렇게 있어요.

중고라서 당연히 사용감 있을 수 있습니다.

세부사진은 채팅 주시면 보내드릴게용

쿨거시 18",1,2,92,190000,39.8,꿀이꿀이꿀,판매완료,3,경기 김포시 운양동,https://www.daangn.com/kr/buy-sell/%EB%A9%94%EB%94%94%ED%81%90%EB%B8%8C-%EC%97%90%EC%9D%B4%EC%A7%80%EC%95%8C-%EB%B6%80%EC%8A%A4%ED%84%B0-%ED%94%84%EB%A1%9C-%ED%97%AC%EB%A1%9C%ED%82%A4%ED%8B%B0-%EC%97%90%EB%94%94%EC%85%98-kiy6cnmcyvcj/
2026-03-16,메디큐브에이지알부스터프로핑크풀박스,"메디큐브 에이지알 부스터 프로 핑크색 풀박스입니다.
매주 에스테틱을 다니니 쓸일이 없어요.
정말 1회 사용이 답니다.
피부 속 광채, 쫀쫀한 탄력, 매끈한 결, 3가지 핵심 피부 개선 효과를 경험해보세요
- 1회 사용만으로도 즉각적인 효과
- 피부 속 깊이 흡수되는 5가지 핵심 성분
- 임상으로 입증된 효과",4,25,244,162000,37.9,다프네,판매완료,3,경기 김포시 운양동,https://www.daangn.com/kr/buy-sell/%EB%A9%94%EB%94%94%ED%81%90%EB%B8%8C-%EC%97%90%EC%9D%B4%EC%A7%80%EC%95%8C-%EB%B6%80%EC%8A%A4%ED%84%B0-%ED%94%84%EB%A1%9C-%ED%95%91%ED%81%AC-%ED%92%80%EB%B0%95%EC%8A%A4-oxneveyzxm2b/
2026-02-12,메디큐브에이지알부스터프로미니플러스새상품,"메디큐브 에이지알 부스터 프로 미니 플러스 미개봉 새상품입니다
- 피부 속 광채, 쫀쫀한 탄력, 매끈한 결을 선사합니다
- 핵심 성분 흡수율을 4배 높여줍니다",4,15,231,74000,36.9,weststring,판매완료,3,경기 김포시 운양동,https://www.daangn.com/kr/buy-sell/%EB%A9%94%EB%94%94%ED%81%90%EB%B8%8C-%EC%97%90%EC%9D%B4%EC%A7%80%EC%95%8C-%EB%B6%80%EC%8A%A4%ED%84%B0-%ED%94%84%EB%A1%9C-%EB%AF%B8%EB%8B%88-%ED%94%8C%EB%9F%AC%EC%8A%A4-%EC%83%88%EC%83%81%ED%92%88-bw1zejmv7zbh/
2026-02-20,메디큐브에이지알부스터프로&미니,"메디큐브 에이지알 부스터 프로와 미니 세트입니다!

산지 한달도 안 되어 흠 전혀 없습니다~",1,0,54,100000,41.1,하이,판매완료,1,경기 김포시 운양동,https://www.daangn.com/kr/buy-sell/%EB%A9%94%EB%94%94%ED%81%90%EB%B8%8C-%EC%97%90%EC%9D%B4%EC%A7%80%EC%95%8C-%EB%B6%80%EC%8A%A4%ED%84%B0-%ED%94%84%EB%A1%9C-%EB%AF%B8%EB%8B%88-gw6vu7rrv9nv/
2026-02-06,메디큐브에이지알부스터프로(정품),"메디큐브 에이지알 부스터 프로 핑크색 미사용 상품 / 글루타치온 앰플50ml 1병 28년까지
풀박스 구성이며, AGE-R 글루타치온 글로우 세럼도 함께 드립니다
피부 속 광채를 깨우고, 피부결을 매끈하게 해주는 효과가 있습니다
- 1회 사용만으로도 즉각적인 효과
- 피부 속 깊이 흡수되는 3가지 핵심 광채 성분
- 저자극 테스트 완료

헤드케이스도 포함 이에요! 

선물받아 보호 필름만 제거한 새 상품 컨디션 그대로에요 (예민하신 분들은 피해주세요)

문고리거래시 차비 만원 빼드립니다

중고거래 특성상 반품 환불 불가능하니 신중하게 거래 부탁드려요 ",1,8,83,190000,45.9,사과잉,판매완료,7,경기 김포시 운양동,https://www.daangn.com/kr/buy-sell/%EB%A9%94%EB%94%94%ED%81%90%EB%B8%8C-%EC%97%90%EC%9D%B4%EC%A7%80%EC%95%8C-%EB%B6%80%EC%8A%A4%ED%84%B0-%ED%94%84%EB%A1%9C-%EC%A0%95%ED%92%88-brigcoury8gf/
2026-02-04,메디큐브에이지알부스터프로블랙,"메디큐브 에이지알 부스터 프로 블랙 색상입니다
다양한 모드를 지원하여 피부 컨디션에 맞게 사용 가능합니다
피부 속 콜라겐, 탄력 개선에 도움을 줍니다
블랙 색상으로 고급스러운 느낌을 줍니다


제작년에 메디큐브 홈페이지에서 40만언주고 구매했는데 처음부터 귀찬아서 잘안쓰다가 아예 사용안한건 1년정도된것같네요ㅜㅠㅋㅋ케이스가 없어서 저렴하게 올리지만 제품은 너무멀쩡합니다👍👍👍",1,2,89,90000,38.9,잠깐만,판매완료,4,경기 김포시 운양동,https://www.daangn.com/kr/buy-sell/%EB%A9%94%EB%94%94%ED%81%90%EB%B8%8C-%EC%97%90%EC%9D%B4%EC%A7%80%EC%95%8C-%EB%B6%80%EC%8A%A4%ED%84%B0-%ED%94%84%EB%A1%9C-%EB%B8%94%EB%9E%99-8x31npi8va1g/
2026-01-15,메디큐브에이지알부스터프로미개봉새상품,메디큐브 AGE-R 부스터 프로 미개봉 상품 판매 합니다.,1,5,72,210000,37.2,phj,판매완료,1,경기 김포시 운양동,https://www.daangn.com/kr/buy-sell/%EB%A9%94%EB%94%94%ED%81%90%EB%B8%8C-%EC%97%90%EC%9D%B4%EC%A7%80%EC%95%8C-%EB%B6%80%EC%8A%A4%ED%84%B0-%ED%94%84%EB%A1%9C-%EB%AF%B8%EA%B0%9C%EB%B4%89-%EC%83%88%EC%83%81%ED%92%88-9s5yyfgjqanv/
2026-01-16,메디큐브ems더마샷+부스터프로미니,"메디큐브 중주파 EMS 디바이스 팝니다! 본품이랑 설명서만 있어요!
부스터프로 미니랑 결합해서 사용하는 디바이스라서
화장품흡수에도좋습니다
저는 LDM있어서 부스터프로미니는 한번도 사용안했고
EMS기기는 세번 사용하고 동일한 기능있는 LDM기기를 사서 팝니다!!

1세대에 비해 이시림, 피부자극 현저히 적어지고 효과는 그대로라서 만족스러우실것같아요",0,1,35,140000,51.8,동글,판매완료,3,경기 김포시 운양동,https://www.daangn.com/kr/buy-sell/%EB%A9%94%EB%94%94%ED%81%90%EB%B8%8C-ems-%EB%8D%94%EB%A7%88%EC%83%B7-%EB%B6%80%EC%8A%A4%ED%84%B0%ED%94%84%EB%A1%9C%EB%AF%B8%EB%8B%88-j57epbba9x25/
2025-05-18,메디큐브부스터프로미니,"메디큐브 부스터 프로 미니 내놓아요
정가 11만원주고 샀습니다

10회 미만으로 사용했습니다.
돈이 급해서 판매합니다.
알콜스왑 넣어드리겠습니다. 닦아서 소독하고 사용하세요^^


cu반택가능 +2200

직거래 
평일: 태장로 G타워 2시~7시까지
주말: 문고리 혹은 전원마을2단지",8,54,1100,60000,62.6,므요,판매완료,6,경기 김포시 운양동,https://www.daangn.com/kr/buy-sell/%EB%A9%94%EB%94%94%ED%81%90%EB%B8%8C-%EB%B6%80%EC%8A%A4%ED%84%B0-%ED%94%84%EB%A1%9C-%EB%AF%B8%EB%8B%88-zmvskq2qarid/
2025-12-12,메디큐브에이지알부스터프로핑크에디션,"메디큐브 에이지알 부스터 프로 핑크 에디션입니다!
- 피부 속 깊이 흡수시켜 피부 속건조를 완화해줍니다
- 7가지 파장 LED로 맞춤 케어가 가능합니다
- 핑크색 토끼 모양 덮개가 있습니다
- medicube PORN PINK hyaluronic moisturizing cream도 함께 드립니다

여기까지 ai
-‐----‐-----------------------------------------
메디큐브 에이지알 부스터 프로 핑크색상입니다~ 
피부 속 콜라겐, 탄력, 볼륨 개선에 도움을 줍니다
- 젤 크림과 함께 드립니다
- 5가지 모드(부스터, 콜라겐, 타이트닝, 물광, 진정)로 피부 관리를 할 수 있습니다

거즘 새거에요 안써서 판매해용
",1,5,50,150000,39.9,아아,판매완료,6,경기 김포시 운양동,https://www.daangn.com/kr/buy-sell/%EB%A9%94%EB%94%94%ED%81%90%EB%B8%8C-%EC%97%90%EC%9D%B4%EC%A7%80%EC%95%8C-%EB%B6%80%EC%8A%A4%ED%84%B0-%ED%94%84%EB%A1%9C-%ED%95%91%ED%81%AC-%EC%97%90%EB%94%94%EC%85%98-uym452zabf2p/
2025-12-02,메디큐브부스터프로쿠로미에디션,"올해 구매한걸로 기억

이혼하게되어 정리합니다

전 와이프가 몇번 안쓴걸로 기억합니다

충전기x c타입이라 가지고있는거 쓰시면될듯

거래장소: 운양동 카페거리",2,4,247,50000,55.0,이웃집토토로로,판매완료,1,경기 김포시 운양동,https://www.daangn.com/kr/buy-sell/%EB%A9%94%EB%94%94%ED%81%90%EB%B8%8C-%EB%B6%80%EC%8A%A4%ED%84%B0-%ED%94%84%EB%A1%9C-%EC%BF%A0%EB%A1%9C%EB%AF%B8-%EC%97%90%EB%94%94%EC%85%98-o1apkti4ma78/
2025-11-18,메디큐브에이지알부스터프로미니플러스,"메디큐브 에이지알 부스터 프로 미니플러스 핑크입니다
3회정도 사용했고 손이 잘 안가서 판매합니다",2,2,77,60000,37.2,00000,판매완료,1,경기 김포시 운양동,https://www.daangn.com/kr/buy-sell/%EB%A9%94%EB%94%94%ED%81%90%EB%B8%8C-%EC%97%90%EC%9D%B4%EC%A7%80%EC%95%8C-%EB%B6%80%EC%8A%A4%ED%84%B0-%ED%94%84%EB%A1%9C-%EB%AF%B8%EB%8B%88%ED%94%8C%EB%9F%AC%EC%8A%A4-vq8jyea9z4sq/
2025-10-12,미세전류기기메디큐브에이지알,"메디큐브 AGE-R 부스터 프로 새 상품입니다. 

미세전류로 피부 속까지 케어해주는 뷰티 디바이스예요.
뜯지도 않았어요 
부모님 선물해드렸는데 추석에 집에 오니까 뜯지도 않고 보관만하고 계셔서 아까워서 판매해요 
메디큐브 공홈에서 주문했고 329000원에 샀어요
200000만원에 팝니다
쿨거래하실분만 챗 주세요~",3,11,156,200000,37.8,루루라,판매완료,2,경기 김포시 운양동,https://www.daangn.com/kr/buy-sell/%EB%AF%B8%EC%84%B8%EC%A0%84%EB%A5%98-%EA%B8%B0%EA%B8%B0-%EB%A9%94%EB%94%94%ED%81%90%EB%B8%8C-%EC%97%90%EC%9D%B4%EC%A7%80%EC%95%8C-okk3pbz6zhos/
2025-09-02,메디큐브부스터프로,"사용할 때 마다 알콜솜으로 항상 닦았습니다 

다른 구성 없어서 싸게 판매합니다

문고리 거래합니다",5,8,233,150000,42.1,딜라이트초코,판매완료,2,경기 김포시 운양동,https://www.daangn.com/kr/buy-sell/%EB%A9%94%EB%94%94%ED%81%90%EB%B8%8C-%EB%B6%80%EC%8A%A4%ED%84%B0%ED%94%84%EB%A1%9C-dvdkefzhgrdk/
2025-07-12,메디큐브부스터프로미니화이트,"메디큐브 부스터프로 미니 화이트 팝니당
풀박스고 파우치도있어요!
사용은 10번정도 하다가 잘 안써서 팔아용
하자없이 상태좋습니더!
원래 케이블 내장 없는거라 C타입 있으셔야되세용!",0,11,291,68000,51.8,동글,판매완료,5,경기 김포시 운양동,https://www.daangn.com/kr/buy-sell/%EB%A9%94%EB%94%94%ED%81%90%EB%B8%8C-%EB%B6%80%EC%8A%A4%ED%84%B0%ED%94%84%EB%A1%9C-%EB%AF%B8%EB%8B%88-%ED%99%94%EC%9D%B4%ED%8A%B8-mxk76negi68s/
2025-07-19,메디큐브부스터프로미니,"한 달 정도 사용하여 사용감 있습니다. 
핑크색 케이스와 원하시면 PDRN 핑크 펩타이드 세럼 리필팩도 함께 드려요~
기기 색상은 핑크입니다",2,5,101,47000,45.9,안넝,판매완료,1,경기 김포시 운양동,https://www.daangn.com/kr/buy-sell/%EB%A9%94%EB%94%94%ED%81%90%EB%B8%8C-%EB%B6%80%EC%8A%A4%ED%84%B0%ED%94%84%EB%A1%9C-%EB%AF%B8%EB%8B%88-t9m6p56uk8gk/
2025-06-29,메디큐브age-r부스터프로,"풀박.  
일이 바빠 홈케어도 못할 정도였어서 몇 번 사용하지 않아 거의 새상품입니다.
1세대 제품 모두 있으니 다른 상품도 필요하시면 말씀 주세요",5,2,100,150000,38.1,Grace,판매완료,2,경기 김포시 운양동,https://www.daangn.com/kr/buy-sell/%EB%A9%94%EB%94%94%ED%81%90%EB%B8%8C-age-r-%EB%B6%80%EC%8A%A4%ED%84%B0-%ED%94%84%EB%A1%9C-jx3zajhxnoq7/
2025-06-05,메디큐브부스터프로미니,"메디큐브 부스터프로 미니 팝니다
파우치도 드려요",2,2,99,50000,38.8,영신,판매완료,3,경기 김포시 운양동,https://www.daangn.com/kr/buy-sell/%EB%A9%94%EB%94%94%ED%81%90%EB%B8%8C-%EB%B6%80%EC%8A%A4%ED%84%B0%ED%94%84%EB%A1%9C-%EB%AF%B8%EB%8B%88-z8fbc6znk4rs/
2026-03-05,메디큐브age-r부스터프로블랙,"메디큐브 AGE-R 부스터 프로 블랙(중고)

- 풀박스 구성 (본체, 케이블) 설명서 제외

피부 속 광채를 깨우고, 모공 케어와 피부결 개선에 도움을 줍니다",3,1,69,150000,38.4,존권,판매완료,3,경기 안양시 만안구 안양5동,https://www.daangn.com/kr/buy-sell/%EB%A9%94%EB%94%94%ED%81%90%EB%B8%8C-age-r-%EB%B6%80%EC%8A%A4%ED%84%B0-%ED%94%84%EB%A1%9C-%EB%B8%94%EB%9E%99-b3ggfdtukqtg/
2025-07-07,📦메디큐브부스터프로블랙(미사용/완전새제품)판매해요,"✔️ 공홈가 32,9000원 제품
✔️ 라벨도 안 뜯은 미사용 새상품
✔️ 박스, 구성품 모두 포함


선물 받았는데 이미 사용 중인 기기가 있어서 판매해요.
한 번도 사용하지 않은 라벨 붙어있는 ✨완전 새제품✨이라
선물용으로도 좋아요!

📍 직거래만 가능
📍 국제나은병원 앞에서 거래 원해요

💰 판매가: 200,000원
(가격 제안은 정중히 사양할게요🙏)
 빠르게 거래 원해요! 연락 주세요~",5,14,117,200000,36.5,봄군이네,판매완료,4,경기 안양시 만안구 안양5동,https://www.daangn.com/kr/buy-sell/%EB%A9%94%EB%94%94%ED%81%90%EB%B8%8C-%EB%B6%80%EC%8A%A4%ED%84%B0%ED%94%84%EB%A1%9C-%EB%B8%94%EB%9E%99-%EB%AF%B8%EC%82%AC%EC%9A%A9-%EC%99%84%EC%A0%84-%EC%83%88%EC%A0%9C%ED%92%88-%ED%8C%90%EB%A7%A4%ED%95%B4%EC%9A%94-ptr2kqg45ue6/
2024-10-25,메디큐브에이지알유쎄라딥샷,"메디큐브 에이지알 유쎄라 딥샷 중고 판매합니다
부스터 프로를 구매해서 저렴하게 처분합니다",2,0,78,50000,38.4,존권,판매완료,4,경기 안양시 만안구 안양5동,https://www.daangn.com/kr/buy-sell/%EB%A9%94%EB%94%94%ED%81%90%EB%B8%8C-%EC%97%90%EC%9D%B4%EC%A7%80%EC%95%8C-%EC%9C%A0%EC%8E%84%EB%9D%BC-%EB%94%A5%EC%83%B7-78mddterzz4s/
2026-01-26,미개봉새상품메디큐브부스터프로핑크색상입니다,미개봉 새상품 메디큐브 부스터프로 핑크색상입니다. 콜라겐 마스크팩도 3개 같이 드립니다. 피부관리에 관심 있으신 분들께 추천드려요! 문의 없으시면 바로 안전결제해주시면 됩니다!,7,34,375,170000,42.8,도봉동동,판매완료,2,충남 천안시 서북구 부성1동,https://www.daangn.com/kr/buy-sell/%EB%AF%B8%EA%B0%9C%EB%B4%89-%EC%83%88%EC%83%81%ED%92%88-%EB%A9%94%EB%94%94%ED%81%90%EB%B8%8C-%EB%B6%80%EC%8A%A4%ED%84%B0%ED%94%84%EB%A1%9C-%ED%95%91%ED%81%AC%EC%83%89%EC%83%81%EC%9E%85%EB%8B%88%EB%8B%A4-eqafeg2kayia/
2025-08-31,메디큐브에이지알부스터프로,"메디큐브 에이지알 부스터프로 판매합니다!

박스, 설명서 포함되어 있습니다.
물건정리하다가 잘 안쓰게 되서 팔아요☺️",5,6,254,160000,42.2,sky00,판매완료,5,충남 천안시 서북구 부성1동,https://www.daangn.com/kr/buy-sell/%EB%A9%94%EB%94%94%ED%81%90%EB%B8%8C-%EC%97%90%EC%9D%B4%EC%A7%80%EC%95%8C-%EB%B6%80%EC%8A%A4%ED%84%B0%ED%94%84%EB%A1%9C-3d3ybrbkacid/
2025-06-30,메디큐브부스터프로,"메디큐브 에이지알 부스터 프로 내놓습니다!
몇 번 사용하다가 잘 안 써도 판매해요

팩 2팩 , 핑크 원데이 세럼 1팩 , 핑크 콜라겐 캡슐크림 ,
펩타이드 앰플 다 드려요

- 피부 속 광채 부스팅
- 콜라겐 흡수 촉진
- 피부결 개선, 모공 케어에 좋대요
- 1회 5분, 주 2~3회 사용 권장",2,5,187,220000,37.0,이기적,판매완료,2,충남 천안시 서북구 부성1동,https://www.daangn.com/kr/buy-sell/%EB%A9%94%EB%94%94%ED%81%90%EB%B8%8C-%EB%B6%80%EC%8A%A4%ED%84%B0-%ED%94%84%EB%A1%9C-3gaor1uqxv6k/
2025-12-02,메디큐브age-r부스터프로,"메디큐브 AGE-R 부스터 프로입니다
구매시점 : 23년 10월
사용횟수 : 10회 미만
박스에 넣어서 보관했어요~
쿨거래시 에눌가능해요",3,7,146,170000,39.4,댕댕,판매완료,2,충남 천안시 동남구 청룡동,https://www.daangn.com/kr/buy-sell/%EB%A9%94%EB%94%94%ED%81%90%EB%B8%8C-age-r-%EB%B6%80%EC%8A%A4%ED%84%B0-%ED%94%84%EB%A1%9C-a2m8sy4pnet8/
2026-04-24,메디큐브에이지알부스터프로화이트,"메디큐브 에이지알 부스터 프로 입니다!
구성품은 본체와 충전 케이블, 설명서있구요.
작년 12월쯤 구매했고, 실사용은 몇 번 되지 않습니다.
거래에서 직접확인하시고 구입하세요.",3,8,97,140000,38.2,곰고미,판매중,6,대전 유성구 관평동,https://www.daangn.com/kr/buy-sell/%EB%A9%94%EB%94%94%ED%81%90%EB%B8%8C-%EC%97%90%EC%9D%B4%EC%A7%80%EC%95%8C-%EB%B6%80%EC%8A%A4%ED%84%B0-%ED%94%84%EB%A1%9C-%ED%99%94%EC%9D%B4%ED%8A%B8-mitw2z8rmhqh/
2026-02-17,메디큐브에이지알부스터프로라벤더풀박스,"메디큐브 에이지알 부스터 프로 라벤더 색상 풀박스입니다

- 풀박스 구성에 곰돌이 헤드도 함께 드립니다
- 주요 기능은 피부 속 광채, 탄력, 모공, 피부결, 진피 치밀도 개선입니다
- 맑고 투명한 피부로 가꿔보세요

박스 겉 비닐만 제거 미사용 제품입니다",0,6,100,230000,37.0,옥여사S2,판매중,3,대전 유성구 관평동,https://www.daangn.com/kr/buy-sell/%EB%A9%94%EB%94%94%ED%81%90%EB%B8%8C-%EC%97%90%EC%9D%B4%EC%A7%80%EC%95%8C-%EB%B6%80%EC%8A%A4%ED%84%B0-%ED%94%84%EB%A1%9C-%EB%9D%BC%EB%B2%A4%EB%8D%94-%ED%92%80%EB%B0%95%EC%8A%A4-unn3e5ecm229/
2025-08-16,[비닐미개봉/새상품]메디큐브부스터프로,메디큐브 부스터 프로 비닐미개봉 새상품 팝니다. 테크노밸리2단지 204동 1-2라인 앞에서 직거래 가능합니다. 필요하신 분 연락주세요. 네고 가능해요.,5,19,385,240000,42.5,네오,판매중,2,대전 유성구 관평동,https://www.daangn.com/kr/buy-sell/%EB%B9%84%EB%8B%90%EB%AF%B8%EA%B0%9C%EB%B4%89-%EC%83%88%EC%83%81%ED%92%88-%EB%A9%94%EB%94%94%ED%81%90%EB%B8%8C-%EB%B6%80%EC%8A%A4%ED%84%B0%ED%94%84%EB%A1%9C-ptzyquw65oiv/
2026-01-10,메디큐브에이지알부스터프로핑크미개봉,"메디큐브 에이지알 부스터 프로 핑크 미개봉 상품입니다
- 풀박스 그대로 드립니다
- 주요 기능으로는 피부 속 광채, 탄력, 모공, 진피 치밀도 개선 등이 있습니다
- 집에서 간편하게 피부 관리를 할 수 있습니다

약간 네고 가능합니다
연락주세요",1,3,93,260000,38.7,조랭이꽃,판매완료,1,대전 유성구 관평동,https://www.daangn.com/kr/buy-sell/%EB%A9%94%EB%94%94%ED%81%90%EB%B8%8C-%EC%97%90%EC%9D%B4%EC%A7%80%EC%95%8C-%EB%B6%80%EC%8A%A4%ED%84%B0-%ED%94%84%EB%A1%9C-%ED%95%91%ED%81%AC-%EB%AF%B8%EA%B0%9C%EB%B4%89-7fffrasgvgen/
2026-01-14,메디큐브age-r부스터프로&하이포커스샷,"메디큐브 AGE-R 부스터 프로 블랙과 
하이포커스샷 실버입니다
검색해보시면 두 조합으로 썼을 때
조합이 아주 잘 맞다는 거 아실거에요

제조일자는 2024년 12월입니다
지인이 피부가 빛이나서 따라 샀는데
저의 귀차니즘이…ㅠㅠ
몇번 안썼오요

세트로 팝니다 충전기는 c타입이니 있는 거 쓰시면 돼요. 사진 본품만 있습니당!
전국 통틀어서 최저가 아닐까 싶어요
해외이사로 물건 정리중입니다",1,4,63,160000,58.9,BACHA,판매완료,3,대전 유성구 관평동,https://www.daangn.com/kr/buy-sell/%EB%A9%94%EB%94%94%ED%81%90%EB%B8%8C-age-r-%EB%B6%80%EC%8A%A4%ED%84%B0-%ED%94%84%EB%A1%9C-%ED%95%98%EC%9D%B4%ED%8F%AC%EC%BB%A4%EC%8A%A4%EC%83%B7-38jq2t6e7yxz/
2026-01-13,메디큐브에이지알부스터프로,"메디큐브 에이지알 부스터 프로
- 풀박스 구성입니다
피부 속 콜라겐, 탄력, 광채, 모공, 피부결 개선에 도움을 줄 수 있습니다

부스팅젤도 있는데
같이 챙겨드릴게요",1,10,109,170000,43.4,자갈치친구,판매완료,3,대전 유성구 관평동,https://www.daangn.com/kr/buy-sell/%EB%A9%94%EB%94%94%ED%81%90%EB%B8%8C-%EC%97%90%EC%9D%B4%EC%A7%80%EC%95%8C-%EB%B6%80%EC%8A%A4%ED%84%B0-%ED%94%84%EB%A1%9C-hn3afe64ufca/
2025-08-21,메디큐브부스터프로레몬베어한정판,"💛 메디큐브 부스터 프로 레몬베어 한정판 (박스+충전선 포함)
	•	모델명: 메디큐브 부스터 프로 🍋 레몬베어 한정판
	•	사용 시작일: 2025년 7월 25일
	•	상태: 정상 작동 / 생활기스 약간 있음 (사용 지장 없음)
	•	구성품: 본품 + 박스 + 충전선
	•	특징:
	•	메디큐브 인기 부스터 프로의 레몬베어 한정판 💛
	•	고주파, 갈바닉, LED 등 다양한 모드 지원(광채, 라인, 탄력, 모공탄력)
	•	희소성 있는 에디션이라 선물용/소장용 모두 적합

✔️ 직거래 환영 (대전)
✔️ 택배 거래 가능 (배송비 별도)

💰 판매가: 200,000",1,6,123,200000,36.8,molly,판매완료,4,대전 유성구 관평동,https://www.daangn.com/kr/buy-sell/%EB%A9%94%EB%94%94%ED%81%90%EB%B8%8C-%EB%B6%80%EC%8A%A4%ED%84%B0-%ED%94%84%EB%A1%9C-%EB%A0%88%EB%AA%AC%EB%B2%A0%EC%96%B4-%ED%95%9C%EC%A0%95%ED%8C%90-sr1f385jxw1u/
2024-10-28,메디큐브부스터프로,"지인한테 다른기기 선물받아서 팔게되었습니다 
3회 미만 사용
사진과같이 풀박스입니다 
상태 한번 보시고 직거래 원합니다
거래제안 많이 부탁드릴게요",1,3,77,270000,38.8,고기사랑,판매완료,2,대전 유성구 관평동,https://www.daangn.com/kr/buy-sell/%EB%A9%94%EB%94%94%ED%81%90%EB%B8%8C-%EB%B6%80%EC%8A%A4%ED%84%B0%ED%94%84%EB%A1%9C-bgbwzjfpsyb9/
2024-09-06,메디큐브부스터프로,"구매후에 사용거의 안했어요 
박스랑 충전기를 안버린줄 알았는데 보이질 않아서 싸게 내놓아요
집에있는 c타입 아무 충전기나 다 충전이 가능합니다",2,2,181,200000,40.9,gno,판매완료,1,대전 유성구 관평동,https://www.daangn.com/kr/buy-sell/%EB%A9%94%EB%94%94%ED%81%90%EB%B8%8C-%EB%B6%80%EC%8A%A4%ED%84%B0-%ED%94%84%EB%A1%9C-urfqm2z5h4nu/
2026-03-25,메디큐브에이지알부스터프로블랙,"메디큐브 에이지알 부스터 프로 블랙입니다
피부 탄력과 리프팅에 도움을 주는 뷰티 디바이스입니다
충전 케이블 포함되어 있습니다


선입금, 비대면거래합니다~",1,2,42,80000,42.7,백설,판매완료,1,전남 여수시 웅천동,https://www.daangn.com/kr/buy-sell/%EB%A9%94%EB%94%94%ED%81%90%EB%B8%8C-%EC%97%90%EC%9D%B4%EC%A7%80%EC%95%8C-%EB%B6%80%EC%8A%A4%ED%84%B0-%ED%94%84%EB%A1%9C-%EB%B8%94%EB%9E%99-5dptq4q4n1or/
2026-04-17,메디큐브에이지알부스터프로블랙,"메디큐브 에이지알 부스터 프로 블랙 판매해요
본체와 구성품 사진 그대로 있어요
구입한지 얼마 안 된 2번 사용하여 제품 상태 최상입니다.
구성품: 
부스터 프로 디바이스 본체, 설명서, 박스

피부 미백, 탄력과 리프팅에 도움을 주는 제품이에요
사용하시는 어떤 크림에서 사용할 수 있는 부스터라 전용 앰플을 구입하지 않아도 된답니다
매일매일 건강한 피부 관리하고 싶으신 분들께 추천드려요",1,2,31,150000,43.2,백전백승,판매완료,3,전남 여수시 웅천동,https://www.daangn.com/kr/buy-sell/%EB%A9%94%EB%94%94%ED%81%90%EB%B8%8C-%EC%97%90%EC%9D%B4%EC%A7%80%EC%95%8C-%EB%B6%80%EC%8A%A4%ED%84%B0-%ED%94%84%EB%A1%9C-%EB%B8%94%EB%9E%99-g2hs8h7ivrz9/
2026-03-09,메디큐브피부관리기3개,"메디큐브 AGE-R 더마 EMS 샷 
메디큐브 에이지알 부스터 힐러
메디큐브 Age‑R Booster Pro
풀박스입니다
피부 속 탄력 케어에 도움을 줍니다
피부 자극은 줄이면서 콜라겐 생성 촉진 효과를 줍니다
USB 케이블 포함되어 있습니다

일괄 가격입니다!",3,9,150,200000,50.2,냠냠,판매완료,3,전남 여수시 웅천동,https://www.daangn.com/kr/buy-sell/%EB%A9%94%EB%94%94%ED%81%90%EB%B8%8C-%ED%94%BC%EB%B6%80-%EA%B4%80%EB%A6%AC%EA%B8%B0-3%EA%B0%9C-hizfvdu418sf/
2026-04-02,(s급/4회미만사용)메디큐브에이지알부스터프로블랙,"메디큐브 에이지알 부스터 프로 블랙입니다

피부 속 광채, 모공, 탄력, 피부결, 진피 치밀도, 톤, 리프팅, 보습 개선에 도움을 줍니다
5가지 모드(부스터, 콜라겐, 타이트닝, 에어, MC)로 피부 컨디션에 따라 사용 가능합니다



욕심은 많으나 홈케어를 꾸준히 할 성격이 못되서 내놓습니다. 실사용 횟수 4회도 안되는거 같습니다..ㅠㅠ 너무 아깝네요.. 청소 중독자라 쓰고나면 알콜 스왑과 면봉으로 구석구석 닦아서 새것이나 다름 없습니다.",2,21,224,130000,40.7,끼리,판매완료,4,전남 여수시 웅천동,https://www.daangn.com/kr/buy-sell/s%EA%B8%89-4%ED%9A%8C-%EB%AF%B8%EB%A7%8C-%EC%82%AC%EC%9A%A9-%EB%A9%94%EB%94%94%ED%81%90%EB%B8%8C-%EC%97%90%EC%9D%B4%EC%A7%80%EC%95%8C-%EB%B6%80%EC%8A%A4%ED%84%B0-%ED%94%84%EB%A1%9C-%EB%B8%94%EB%9E%99-p1xjxgnekwf6/
2026-03-11,메디큐브age-r부스터프로블랙미개봉,"메디큐브 에이지알 부스터 프로 블랙 색상 미개봉 새제품입니다

-피부 속 광채, 탄력 개선, 모공 케어에 효과적입니다
-피부 속 2.5mm 깊이까지 유효 성분 흡수
-피부 자극은 줄이면서 효과는 높여줍니다

풀박스 그대로 드립니다",2,1,25,120000,40.1,재채기백구,판매완료,1,전남 여수시 웅천동,https://www.daangn.com/kr/buy-sell/%EB%A9%94%EB%94%94%ED%81%90%EB%B8%8C-age-r-%EB%B6%80%EC%8A%A4%ED%84%B0-%ED%94%84%EB%A1%9C-%EB%B8%94%EB%9E%99-%EB%AF%B8%EA%B0%9C%EB%B4%89-b4j7zvx58ynf/
2026-03-26,메디큐브에어샷+부스터프로미니합해서13만원‼️‼️,"메디큐브 에어샷(모공관리)- 7만원 
부스터 프로미니 - 8만원 

그냥 스킨케어 할 때랑 기기 사용해서 하면 훨씬 효과 있어서 추천합니다! 저는 다른 기기 선물 받아서 올려요 
진짜 효과있어요! 

둘 다 같이 사면 13만원에 드릴게요! 
사용감이 둘 다 별로 없어요 
C 타입 충전기로 충전해주시면 됩니다 
C 타입 충전기가 없으시거나 필요하시면 같이 드릴게요",1,10,132,70000,38.0,저푸른초원위에,판매완료,2,전남 여수시 웅천동,https://www.daangn.com/kr/buy-sell/%EB%A9%94%EB%94%94%ED%81%90%EB%B8%8C-%EC%97%90%EC%96%B4%EC%83%B7-%EB%B6%80%EC%8A%A4%ED%84%B0-%ED%94%84%EB%A1%9C-%EB%AF%B8%EB%8B%88-%ED%95%A9%ED%95%B4%EC%84%9C-13%EB%A7%8C%EC%9B%90-pf9qdrjg5pz7/
2026-02-16,메디큐브에이지알부스터프로핑크풀박스,"메디큐브 에이지알 부스터 프로 핑크색상 풀박스입니다

- 맑고 투명한 광채 피부를 선사합니다
- 피부 속 깊이 흡수시켜 겉도는 겉보습이 아닌 속보습을 채워줍니다

핑크 곰돌이 모양의 실리콘 헤드도 함께 드립니다.",2,13,185,150000,40.3,체리쉬,판매완료,2,전남 여수시 웅천동,https://www.daangn.com/kr/buy-sell/%EB%A9%94%EB%94%94%ED%81%90%EB%B8%8C-%EC%97%90%EC%9D%B4%EC%A7%80%EC%95%8C-%EB%B6%80%EC%8A%A4%ED%84%B0-%ED%94%84%EB%A1%9C-%ED%95%91%ED%81%AC-%ED%92%80%EB%B0%95%EC%8A%A4-3fy1sq8gbhxc/
2026-01-11,메디큐브에이지알부스터프로,"사용횟수 10회 정도입니다
(구매 : 25년 2월)

예민한 분 X
네고 X
중고 특성상 교환, 환불 X
찔러보기 X
정품 O

✔️우편함거래 선호합니다. 선입금 후 주소공유",3,8,173,150000,48.4,나리25,판매완료,2,전남 여수시 웅천동,https://www.daangn.com/kr/buy-sell/%EB%A9%94%EB%94%94%ED%81%90%EB%B8%8C-%EC%97%90%EC%9D%B4%EC%A7%80%EC%95%8C-%EB%B6%80%EC%8A%A4%ED%84%B0%ED%94%84%EB%A1%9C-rdunszt8pfx8/
2025-12-09,메디큐브에이지알부스터프로블랙,"메디큐브 에이지알 부스터 프로 블랙입니다

피부 속 광채, 모공, 탄력, 피부결, 윤기 개선에 도움을 줍니다

사용감있지만 작동은 아주 잘됩니다.

⛔️당근페이or 만나서현금결제만 가능합니다⛔️",2,4,51,120000,42.2,대박난다,판매완료,2,전남 여수시 웅천동,https://www.daangn.com/kr/buy-sell/%EB%A9%94%EB%94%94%ED%81%90%EB%B8%8C-%EC%97%90%EC%9D%B4%EC%A7%80%EC%95%8C-%EB%B6%80%EC%8A%A4%ED%84%B0-%ED%94%84%EB%A1%9C-%EB%B8%94%EB%9E%99-meycik2pnbaj/
2025-11-23,메디큐브age-r부스터프로풀박스,"메디큐브 에이지알 부스터 프로 풀박스입니다
사용감 적어요! 
피부 속 광채, 탄력 개선, 모공 케어에 도움을 줍니다
-피부 속 광채 효과
-피부 탄력 개선
-모공 케어에 도움",1,5,140,160000,35.9,쿨거래조아요,판매완료,1,전남 여수시 웅천동,https://www.daangn.com/kr/buy-sell/%EB%A9%94%EB%94%94%ED%81%90%EB%B8%8C-age-r-%EB%B6%80%EC%8A%A4%ED%84%B0-%ED%94%84%EB%A1%9C-%ED%92%80%EB%B0%95%EC%8A%A4-djz95hyyitwn/
2025-07-02,메디큐브에이지알부스터프로핑크입니다.,"메디큐브 에이지알 부스터 프로 핑크입니다
6월말에 사서 5번밖에 안썼어요.
필요하지 않게되어 판매합니다.
제가 따로 구입한 부스터프로 캡이랑 pdrn핑크세럼도 같이 드려요~ (핑크세럼도 2번밖에 안쓴 새거에요)",1,1,73,170000,42.0,happy,판매완료,4,전남 여수시 웅천동,https://www.daangn.com/kr/buy-sell/%EB%A9%94%EB%94%94%ED%81%90%EB%B8%8C-%EC%97%90%EC%9D%B4%EC%A7%80%EC%95%8C-%EB%B6%80%EC%8A%A4%ED%84%B0%ED%94%84%EB%A1%9C-%ED%95%91%ED%81%AC%EC%9E%85%EB%8B%88%EB%8B%A4-gz1jzqkv9obn/
2025-05-08,메디큐브에이지알부스터프로,"에이지알 부스터 프로 입니다!!
거의 새상품입니다 사용 몇번 안했어요!
정가는 30만원대입니다!
기스같아 보이는게 있는데 이건 불량이아니니 걱정마세용 다른 기스는 없습니다!",2,6,175,170000,37.4,주리링,판매완료,4,전남 여수시 웅천동,https://www.daangn.com/kr/buy-sell/%EB%A9%94%EB%94%94%ED%81%90%EB%B8%8C-%EC%97%90%EC%9D%B4%EC%A7%80%EC%95%8C-%EB%B6%80%EC%8A%A4%ED%84%B0-%ED%94%84%EB%A1%9C-6oqmvdpwhnsk/
2025-04-05,메디큐브부스터젤대용량250ml,"메디큐브 부스터프로 얼굴마사지기기 사용시 같이  사용할수있는 부스터젤입니다
250ml 대용량입니다   26년 11월까지 사용기한입니다",1,0,31,19000,39.2,카카오,판매완료,2,전남 여수시 웅천동,https://www.daangn.com/kr/buy-sell/%EB%A9%94%EB%94%94%ED%81%90%EB%B8%8C-%EB%B6%80%EC%8A%A4%ED%84%B0%EC%A0%A4-%EB%8C%80%EC%9A%A9%EB%9F%89-250ml-se8h5ubrkjjx/
2025-01-07,메디큐브부스터프로,메디큐브 에이지알 부스터프로,7,9,284,200000,53.6,금댕,판매완료,1,전남 여수시 웅천동,https://www.daangn.com/kr/buy-sell/%EB%A9%94%EB%94%94%ED%81%90%EB%B8%8C-%EB%B6%80%EC%8A%A4%ED%84%B0%ED%94%84%EB%A1%9C-y2cn6obk82co/
2026-03-18,메디큐브에이지알부스터프로블랙+pdrn젤,"메디큐브 에이지알 부스터 프로 블랙과 PDRN 부스터 젤 300ml 함께 드립니다

- 제조일자: 23년 12월

에이지알 부스터 프로는
-피부 속건조 개선
-피부결 개선
-탄력 개선에 도움을 줍니다

PDRN 부스터 젤은 피부에 영양을 공급하고 피부 컨디션 개선에 도움을 줍니다

풀박스(충전선도 있어요)",1,11,214,120000,36.7,SARA,판매중,5,경북 포항시 북구 득량동,https://www.daangn.com/kr/buy-sell/%EB%A9%94%EB%94%94%ED%81%90%EB%B8%8C-%EC%97%90%EC%9D%B4%EC%A7%80%EC%95%8C-%EB%B6%80%EC%8A%A4%ED%84%B0-%ED%94%84%EB%A1%9C-%EB%B8%94%EB%9E%99-pdrn-%EC%A0%A4-kqkt6skbd55i/
2026-06-01,메디큐브에이지알부스터프로미니,"메디큐브 에이지알 부스터 프로 미니 핑크 색상

작고 가벼워서 휴대하기 좋아요
C타입 충전기 
필요하시면 드려용",1,16,88,40000,43.8,주니쥬니,판매중,1,경기 남양주시 호평동,https://www.daangn.com/kr/buy-sell/%EB%A9%94%EB%94%94%ED%81%90%EB%B8%8C-%EC%97%90%EC%9D%B4%EC%A7%80%EC%95%8C-%EB%B6%80%EC%8A%A4%ED%84%B0-%ED%94%84%EB%A1%9C-%EB%AF%B8%EB%8B%88-jjqja4ooqcxm/
2026-05-30,메디큐브에이지알부스터프로옐로우,"메디큐브 에이지알 부스터 프로 옐로우 색상이에요
디바이스랑 상자 보내드려요
피부 고민 있으신 분들께 추천드려요

알콜 솜으로 항상 깨끗히 사용했고
5-6번 사용하고 상자보관중이에요

문고리 거래만 희망합니다",0,1,19,120000,46.3,띱띱,판매중,2,경기 남양주시 호평동,https://www.daangn.com/kr/buy-sell/%EB%A9%94%EB%94%94%ED%81%90%EB%B8%8C-%EC%97%90%EC%9D%B4%EC%A7%80%EC%95%8C-%EB%B6%80%EC%8A%A4%ED%84%B0-%ED%94%84%EB%A1%9C-%EC%98%90%EB%A1%9C%EC%9A%B0-1pvo3xm79q8w/
2026-04-15,풀박스)메디큐브에이지알부스터프로블랙,"메디큐브 에이지알 부스터 프로 블랙 색상이에요
본체와 사용 설명서, 주의사항, 충전 케이블까지 모두 포함되어 있어요
사진에서 보이는 구성품 그대로 보내드려요
피부 관리에 관심 있는 분들께 추천드리는 제품이에요

충전기 x",1,1,154,120000,41.4,쑤정,판매중,1,경기 남양주시 호평동,https://www.daangn.com/kr/buy-sell/%ED%92%80%EB%B0%95%EC%8A%A4-%EB%A9%94%EB%94%94%ED%81%90%EB%B8%8C-%EC%97%90%EC%9D%B4%EC%A7%80%EC%95%8C-%EB%B6%80%EC%8A%A4%ED%84%B0-%ED%94%84%EB%A1%9C-%EB%B8%94%EB%9E%99-xgqtzio7mp9s/
2026-04-02,[미개봉새상품](급처)메디큐브에이지알부스터프로판매,"메디큐브 공식홈페이지에서 구매하였던 비닐도 뜯지않은 미개봉 새상품 에이지알 부스터 프로 뷰티 디바이스입니다. 개인사정상 급하게 판매합니다.
(원하시면 구매영수증 인증가능합니다)

기기에 발라서쓰시는 콜라겐 크림도 같이 드리겠습니다.(이제품역시 새 제품)
모공,탄력,수분,볼륨이 고민중이신 분들에게 개선가능해서 추천드리고 4가지케어모드로 쓰실때마다 설정하시면서 쓰실수있습니다.

GS25반값택배도가능하고 동네주민이시면 장소조율가능합니다.",0,11,428,180000,36.9,루루리,판매중,2,경기 남양주시 호평동,https://www.daangn.com/kr/buy-sell/%EB%AF%B8%EA%B0%9C%EB%B4%89%EC%83%88%EC%83%81%ED%92%88-%EA%B8%89%EC%B2%98-%EB%A9%94%EB%94%94%ED%81%90%EB%B8%8C-%EC%97%90%EC%9D%B4%EC%A7%80%EC%95%8C-%EB%B6%80%EC%8A%A4%ED%84%B0%ED%94%84%EB%A1%9C-%ED%8C%90%EB%A7%A4-rttq8dhy14cp/
2026-06-01,메디큐브에이지알부스터프로미니화이트,"전체적으로 깔금하고 기능 문제없습니다!
본품만 있어요!",1,1,47,38000,55.7,집이조아,판매완료,3,경기 남양주시 호평동,https://www.daangn.com/kr/buy-sell/%EB%A9%94%EB%94%94%ED%81%90%EB%B8%8C-%EC%97%90%EC%9D%B4%EC%A7%80%EC%95%8C-%EB%B6%80%EC%8A%A4%ED%84%B0-%ED%94%84%EB%A1%9C-%EB%AF%B8%EB%8B%88-%ED%99%94%EC%9D%B4%ED%8A%B8-nugnhwsu9qp8/
2026-04-29,메디큐브에이지알부스터프로블랙,"메디큐브 부스터 프로 블랙 판매합니다
기능 이상없고 산 지 일 년정도 됐는데 세번 써서 판매해요 상태 좋습니다",0,5,50,110000,40.7,해피해피,판매완료,2,경기 남양주시 호평동,https://www.daangn.com/kr/buy-sell/%EB%A9%94%EB%94%94%ED%81%90%EB%B8%8C-%EC%97%90%EC%9D%B4%EC%A7%80%EC%95%8C-%EB%B6%80%EC%8A%A4%ED%84%B0-%ED%94%84%EB%A1%9C-%EB%B8%94%EB%9E%99-9se7p9kcv1tm/
2026-05-09,메디큐브부스터프로미니플러스,"3월초쯤? 구매하고 만족스러워서
메디큐브 부스터프로 새로 장만해서 팔아요!
몇번 사용했지만 항상 소독하고 깨끗하게 사용했습니다!

하자나, 얼룩 전혀 없습니다! 기기에도 문제없어요!
새상품은 아니라서 이런거에 민감하신 분들은 
다른곳에서 새상품으로 구매해주시면 좋을거같아요..!

직거래도 가능합니다!
일반택배도 가능해요!
(택배비는 본인부담입니다)",1,3,35,60000,41.1,날조아아하니당근,판매완료,3,경기 남양주시 호평동,https://www.daangn.com/kr/buy-sell/%EB%A9%94%EB%94%94%ED%81%90%EB%B8%8C-%EB%B6%80%EC%8A%A4%ED%84%B0-%ED%94%84%EB%A1%9C-%EB%AF%B8%EB%8B%88-%ED%94%8C%EB%9F%AC%EC%8A%A4-pn2ovza1yvxv/
2026-05-11,메디큐브부스터프로미니플러스세트,"사용한지 한달 정도 됬어요
박스 없고 사용설명서만 있습니다!",1,1,43,55000,40.4,율이,판매완료,1,경기 남양주시 호평동,https://www.daangn.com/kr/buy-sell/%EB%A9%94%EB%94%94%ED%81%90%EB%B8%8C-%EB%B6%80%EC%8A%A4%ED%84%B0-%ED%94%84%EB%A1%9C-%EB%AF%B8%EB%8B%88-%ED%94%8C%EB%9F%AC%EC%8A%A4-%EC%84%B8%ED%8A%B8-p9fhhk7rpa16/
2026-03-22,메디큐브에이지알부스터프로미니플러스새상품,"메디큐브 에이지알 부스터 프로 미니 플러스 핑크색 미개봉 새상품입니다

-피부 속 광채, 탄력, 모공, 피부결 개선에 도움을 줍니다
-피부 속 톤업 효과로 맑고 투명한 피부를 완성할 수 있습니다
-피부의 겉과 속을 동시에 케어하여 건강한 피부를 유지할 수 있습니다

풀박스 그대로 드립니다",1,14,179,70000,50.3,아리아,판매완료,3,경기 남양주시 호평동,https://www.daangn.com/kr/buy-sell/%EB%A9%94%EB%94%94%ED%81%90%EB%B8%8C-%EC%97%90%EC%9D%B4%EC%A7%80%EC%95%8C-%EB%B6%80%EC%8A%A4%ED%84%B0-%ED%94%84%EB%A1%9C-%EB%AF%B8%EB%8B%88-%ED%94%8C%EB%9F%AC%EC%8A%A4-%EC%83%88%EC%83%81%ED%92%88-5nged23oy798/
2026-04-15,메디큐브부스터프로미니마이멜로디에디션,"작년 9월인가 10월에 구입했는데 실사용 다섯번도 안 됩니다ㅠㅠ 구성품 사진에 있는대로 다 드립니다(네고 불가능)

반택도 가능합니다!!! 연락주세요",1,13,125,68000,40.4,명명가,판매완료,3,경기 남양주시 호평동,https://www.daangn.com/kr/buy-sell/%EB%A9%94%EB%94%94%ED%81%90%EB%B8%8C-%EB%B6%80%EC%8A%A4%ED%84%B0-%ED%94%84%EB%A1%9C-%EB%AF%B8%EB%8B%88-%EB%A7%88%EC%9D%B4%EB%A9%9C%EB%A1%9C%EB%94%94-%EC%97%90%EB%94%94%EC%85%98-fjc4c6s5biwr/
2026-02-12,메디큐브에이지알부스터프로풀박스,"메디큐브 부스터 프로 풀박스입니다

- 풀박스 구성으로 충전 케이블, 설명서

6월에 제 결혼식이라 5월에사서 딱 한달썻어요!
생활기스 거의없구요!
사실상 한달 사용이지만 10번도 안쓴거같아요!

문앞거래 평내호평역거래 다 가능합니다",3,12,148,130000,42.4,집사,판매완료,6,경기 남양주시 호평동,https://www.daangn.com/kr/buy-sell/%EB%A9%94%EB%94%94%ED%81%90%EB%B8%8C-%EC%97%90%EC%9D%B4%EC%A7%80%EC%95%8C-%EB%B6%80%EC%8A%A4%ED%84%B0-%ED%94%84%EB%A1%9C-%ED%92%80%EB%B0%95%EC%8A%A4-ecjdzthyeho9/
2026-01-29,[s급/박스포함]메디큐브에이지알부스터프로옐로우레몬에디션,"메디큐브 에이지알 부스터 프로 옐로우 레몬 에디션입니다😄

사진에서 보시다시피 사용감 거의 없이 깨끗한 상태입니다. 기능상 하자 없어요!

부스터, MC, 더마샷, 에어샷, 샷 5가지 모드를 지원하여 다양한 피부 관리가 가능해요

선물 받았는데 사용을 잘 안 하게 되네요.

쿨거래하시면 5천원 빼드릴게용☺️",1,3,91,135000,40.9,파인복숭아,판매완료,4,경기 남양주시 호평동,https://www.daangn.com/kr/buy-sell/s%EA%B8%89-%EB%B0%95%EC%8A%A4%ED%8F%AC%ED%95%A8-%EB%A9%94%EB%94%94%ED%81%90%EB%B8%8C-%EC%97%90%EC%9D%B4%EC%A7%80%EC%95%8C-%EB%B6%80%EC%8A%A4%ED%84%B0-%ED%94%84%EB%A1%9C-%EC%98%90%EB%A1%9C%EC%9A%B0-%EB%A0%88%EB%AA%AC-%EC%97%90%EB%94%94%EC%85%98-iq66z79bv53y/
2026-01-06,메디큐브에이지알부스터프로헬로키티에디션,"메디큐브 AGE-R 부스터 프로 헬로키티 에디션
- 풀박스 구성 (본체, 헬로키티 헤드, 설명서, 케이블, 박스)
- 피부 속 광채, 탄력, 모공, 피부결, 진피 치밀도 개선에 도움을 줍니다

귀차니즘으로 잘 사용하지 않아 판매해요
보시다시피 상태 깨끗해요

문고리, 택배 가능",1,2,63,160000,39.3,이니,판매완료,5,경기 남양주시 호평동,https://www.daangn.com/kr/buy-sell/%EB%A9%94%EB%94%94%ED%81%90%EB%B8%8C-%EC%97%90%EC%9D%B4%EC%A7%80%EC%95%8C-%EB%B6%80%EC%8A%A4%ED%84%B0-%ED%94%84%EB%A1%9C-%ED%97%AC%EB%A1%9C%ED%82%A4%ED%8B%B0-%EC%97%90%EB%94%94%EC%85%98-dht12qddxekr/
2025-10-01,메디큐브부스터프로핑크,"
부스터도여러종류가잇어요 비싸게삿어요
귀찮아지니 손이 안가서요
몇번안썻어요
필요하신분저렴히가져가세요
박스는버렷나보네요
주머니박스에넣고버렷나보네요ㅠ
교환ㆍ환불 ×
직거래
",2,16,342,150000,42.1,은하수,판매완료,3,경기 남양주시 호평동,https://www.daangn.com/kr/buy-sell/%EB%A9%94%EB%94%94%ED%81%90%EB%B8%8C-%EB%B6%80%EC%8A%A4%ED%84%B0-%ED%94%84%EB%A1%9C-%ED%95%91%ED%81%AC-rf1ov8ra25rv/
2025-11-23,메디큐브부스터진동클렌저+부스터프로미니플러스마이멜로디,"부스터프로미니플러스(마이멜로디)+클렌징 헤드 핑크색입니다.
충전기는 처음 구매했을 때부터 구성품에 없었어요!
마지막 사진 보시면 클렌징 헤드 박스 뒷면에 살짝 찌그러짐 있습니다. (사진상으론 잘 안 보이는데 육안으론 보여요)",0,1,48,110000,37.0,픔틑,판매완료,6,경기 남양주시 호평동,https://www.daangn.com/kr/buy-sell/%EB%A9%94%EB%94%94%ED%81%90%EB%B8%8C-%EB%B6%80%EC%8A%A4%ED%84%B0-%EC%A7%84%EB%8F%99-%ED%81%B4%EB%A0%8C%EC%A0%80-%EB%B6%80%EC%8A%A4%ED%84%B0%ED%94%84%EB%A1%9C-%EB%AF%B8%EB%8B%88%ED%94%8C%EB%9F%AC%EC%8A%A4-%EB%A7%88%EC%9D%B4%EB%A9%9C%EB%A1%9C%EB%94%94-28zmj2jsbym3/
2025-08-20,메디큐브에이지알부스터프로,"메디큐브 AGE-R Booster Pro 내놓습니다~ 

핑크색상이고, 박스도 같이 드려요!
상태는 새것과 같아요
저렴하게 올립니다:)",1,0,86,100000,40.1,뮤미뮤,판매완료,3,경기 남양주시 호평동,https://www.daangn.com/kr/buy-sell/%EB%A9%94%EB%94%94%ED%81%90%EB%B8%8C-%EC%97%90%EC%9D%B4%EC%A7%80%EC%95%8C-%EB%B6%80%EC%8A%A4%ED%84%B0-%ED%94%84%EB%A1%9C-98korevn5whw/
2025-08-15,메디큐브부스터프로미니&마스크팩,"메디큐브 부스터 프로 미니 판매합니다~
사은품으로 에스트라 마스크팩세트
같이 드려요~^^ 
구성품은 본체&상자&설명서입니다~
",2,8,178,60000,38.9,Jhon,판매완료,1,경기 남양주시 호평동,https://www.daangn.com/kr/buy-sell/%EB%A9%94%EB%94%94%ED%81%90%EB%B8%8C-%EB%B6%80%EC%8A%A4%ED%84%B0-%ED%94%84%EB%A1%9C-%EB%AF%B8%EB%8B%88-%EB%A7%88%EC%8A%A4%ED%81%AC%ED%8C%A9-p5digys6adut/
2025-07-21,메디큐브에이지알부스터프로,"메디큐브 에이지알 부스터 프로 
정가주고 구매했구요
10번 미만 사용하기는 했는데 지금 사진찍으려고 보니깐 
사용감이 있네요 
사진 보시고 쿨거래 하실 분만 챗 주세요 
앰플 새상품 1같이 드려요",2,2,62,150000,36.8,쩡5555,판매완료,4,경기 남양주시 호평동,https://www.daangn.com/kr/buy-sell/%EB%A9%94%EB%94%94%ED%81%90%EB%B8%8C-%EC%97%90%EC%9D%B4%EC%A7%80%EC%95%8C-%EB%B6%80%EC%8A%A4%ED%84%B0-%ED%94%84%EB%A1%9C-rbw32fznunji/
2025-06-11,새상품)메디큐브부스터프로미니화이트,"메디큐브 에이지알 부스터프로 미니 화이트 에디션 새상품입니다 앰플이랑 파우치 구성 포함입니다
선물받고 제품 확인후 한번도 사용하지않았습니다. 
(제품에 씰 그대로 있어요)
반값택배 원할시 본인부담입니다",1,0,56,75000,39.7,푸딩,판매완료,7,경기 남양주시 호평동,https://www.daangn.com/kr/buy-sell/%EC%83%88%EC%83%81%ED%92%88-%EB%A9%94%EB%94%94%ED%81%90%EB%B8%8C-%EB%B6%80%EC%8A%A4%ED%84%B0%ED%94%84%EB%A1%9C-%EB%AF%B8%EB%8B%88-%ED%99%94%EC%9D%B4%ED%8A%B8-m4oqeu6ai94n/
2025-03-07,new핑크에디션메디큐브에이지알부스터프로미개봉상품(리뉴얼버전),"안녕하세요! 
메디큐브 부스터 프로 에이지알 미개봉 상품 (리뉴얼버전) 판매합니다!!

선물 드릴려고 샀는데 받으실분이 이미 사용하고 계시다고 이야기해서 팝니다!

대부분 정품 인증 안되거나 떨이 제품 사시는분들 많으신데 제가 직접 메디큐브 공홈에서 구매해서 산거니 걱정안하셔도되고 큐알 코드 인증 할수있게 뒷부분에 인증할수있은데 있습니다! 씰 안뜯고 새상품이니까 많은 관심 가져주세요!

직거래 협의 가능합니다!
택배 하시게되면 금액 추가됩니다!

반값 택배도 받습니다!",2,4,162,230000,36.5,아무거나하슈,판매완료,4,경기 남양주시 호평동,https://www.daangn.com/kr/buy-sell/new-%ED%95%91%ED%81%AC%EC%97%90%EB%94%94%EC%85%98-%EB%A9%94%EB%94%94%ED%81%90%EB%B8%8C-%EC%97%90%EC%9D%B4%EC%A7%80%EC%95%8C-%EB%B6%80%EC%8A%A4%ED%84%B0%ED%94%84%EB%A1%9C-%EB%AF%B8%EA%B0%9C%EB%B4%89-%EC%83%81%ED%92%88-%EB%A6%AC%EB%89%B4%EC%96%BC%EB%B2%84%EC%A0%84-s6ppcobppws7/
2024-11-02,메디큐브부스터프로팔아요,"메디큐브 부스터프로 팔아요
새제품으로 9월에 교환받은거에요
박스, 구성품 다 있고 상태 좋아요",6,4,192,200000,52.6,쪼유,판매완료,3,경기 남양주시 호평동,https://www.daangn.com/kr/buy-sell/%EB%A9%94%EB%94%94%ED%81%90%EB%B8%8C-%EB%B6%80%EC%8A%A4%ED%84%B0%ED%94%84%EB%A1%9C-%ED%8C%94%EC%95%84%EC%9A%94-rx4t46c5ydde/
2024-09-22,[미개봉]메디큐브에이지알부스터프로정품,"-정품인증가능
-에눌불가
-직거래 가능
-당일배송(반값택배 +2,000원/일반택배 +3,500원)",0,1,72,240000,36.8,릴리,판매완료,2,경기 남양주시 호평동,https://www.daangn.com/kr/buy-sell/%EB%AF%B8%EA%B0%9C%EB%B4%89-%EB%A9%94%EB%94%94%ED%81%90%EB%B8%8C-%EC%97%90%EC%9D%B4%EC%A7%80%EC%95%8C-%EB%B6%80%EC%8A%A4%ED%84%B0-%ED%94%84%EB%A1%9C-%EC%A0%95%ED%92%88-yq3aurd5o6yc/
2024-08-03,(미개봉)메디큐브정품에이지알부스터프로새상품판매,"선물 받았는데 비슷한 제품이 있어 판매 합니다

가격 저렴히 올립니다

요즘 뷰티디바이스 1위 제품 입니다

문의주세요
✔️호평현대아이파크에서만 직거래 가능
✔️반값택배 가능
✔️택배 가능",1,0,60,270000,44.0,minvely,판매완료,4,경기 남양주시 호평동,https://www.daangn.com/kr/buy-sell/%EB%AF%B8%EA%B0%9C%EB%B4%89-%EB%A9%94%EB%94%94%ED%81%90%EB%B8%8C-%EC%A0%95%ED%92%88-%EC%97%90%EC%9D%B4%EC%A7%80%EC%95%8C-%EB%B6%80%EC%8A%A4%ED%84%B0-%ED%94%84%EB%A1%9C-%EC%83%88%EC%83%81%ED%92%88-%ED%8C%90%EB%A7%A4-e85wfgkrmu9k/
2026-04-02,메디큐브에이지알부스터프로핑크,"메디큐브 에이지알 부스터 프로 핑크색입니다
피부 속 광채, 탄력, 모공, 피부결, 진피 치밀도 개선에 도움을 줍니다

정품이예요 사용감적어요 싸게 내놔요 쿨거래 하실분
소독해서 드려요 

네고돼요👌",0,0,45,200000,44.7,레이디,판매중,1,충남 천안시 서북구 성정2동,https://www.daangn.com/kr/buy-sell/%EB%A9%94%EB%94%94%ED%81%90%EB%B8%8C-%EC%97%90%EC%9D%B4%EC%A7%80%EC%95%8C-%EB%B6%80%EC%8A%A4%ED%84%B0-%ED%94%84%EB%A1%9C-%ED%95%91%ED%81%AC-drqvyyfpabv6/
2025-11-08,메디큐브age-r부스터pro,"실사용 많이 안했러요 
급처 합니다",2,9,378,190000,39.8,와앙,판매중,2,충남 천안시 서북구 성정2동,https://www.daangn.com/kr/buy-sell/%EB%A9%94%EB%94%94%ED%81%90%EB%B8%8C-age-r-%EB%B6%80%EC%8A%A4%ED%84%B0-pro-ds33gk441zi4/
2025-08-20,메디큐브부스터프로,"사용한지 5번 내외이구 사용을 잘 안하게 되어서 판매합니다~!
쿨거시 19에드려요",1,1,72,200000,38.0,슈퍼파워신형만,판매완료,1,충남 천안시 서 북구 성정2동,https://www.daangn.com/kr/buy-sell/%EB%A9%94%EB%94%94%ED%81%90%EB%B8%8C-%EB%B6%80%EC%8A%A4%ED%84%B0%ED%94%84%EB%A1%9C-ev9ssexnemok/
2024-08-30,메디큐브에이지알부스터프로,"3월에 샀는데 게으름으로 몇번 쓰고 판매합니다.
3~4번 썼을때 기스가 나서 속상했던 기억이..
항상 쓰기전후 알콜솜으로 닦아서 썼습니다.
상자,설명서,충전서 고대로 다 있습니다.

직거래만 가능!!
사상역 5번출구 5시이후",1,4,206,220000,37.8,곰탱이,판매완료,3,부산 사상구 모라제3동,https://www.daangn.com/kr/buy-sell/%EB%A9%94%EB%94%94%ED%81%90%EB%B8%8C-%EC%97%90%EC%9D%B4%EC%A7%80%EC%95%8C-%EB%B6%80%EC%8A%A4%ED%84%B0%ED%94%84%EB%A1%9C-zxvzzh6tb6o8/
2024-07-17,메디큐브부스터프로미개봉새제품(피부관리사도쓰는기계),"선물받았는데 저는있어서 팔아요!
제가 피부관리사인데 고객들한테도 추천하는 기계에요!
홍조,속건조 있으신분들 진짜 짱입니다 
예민피부인데 각질정리도 정말좋았어요
모드도 많아서 매번 번갈아가며 하는 재미도 있어서 
꾸준히못하는 저에겐 좀 재미로 오늘은 뭐하지 하면서 꾸준히하게되요! 
새상품 (미개봉) 입니다!
정품등록 다 가능합니다 !
급처싸게드려요
택배도가능해요
연락주세요",1,2,99,250000,42.0,지원,판매완료,1,부산 사상구 모라제3동,https://www.daangn.com/kr/buy-sell/%EB%A9%94%EB%94%94%ED%81%90%EB%B8%8C-%EB%B6%80%EC%8A%A4%ED%84%B0%ED%94%84%EB%A1%9C-%EB%AF%B8%EA%B0%9C%EB%B4%89-%EC%83%88%EC%A0%9C%ED%92%88-%ED%94%BC%EB%B6%80%EA%B4%80%EB%A6%AC%EC%82%AC%EB%8F%84-%EC%93%B0%EB%8A%94-%EA%B8%B0%EA%B3%84-4pgyrhbkij3r/
2024-11-04,메디큐브에이지알부스터프로,"풀박 구성이고 하자 없습니다
귀찮아서 몇번 사용 못했어요ㅠㅠ
구매 고민이신 분들 새기기 사기전에 저렴하게 시도해보세요
네고 문의 답장 안합니다
+ 박스 없이 구매 하시면 만원 빼드려요",1,1,146,200000,38.8,올리브,판매완료,4,서울시 성동구 금호동2가,https://www.daangn.com/kr/buy-sell/%EB%A9%94%EB%94%94%ED%81%90%EB%B8%8C-%EC%97%90%EC%9D%B4%EC%A7%80%EC%95%8C-%EB%B6%80%EC%8A%A4%ED%84%B0%ED%94%84%EB%A1%9C-crm3qeueuzeu/
2026-05-11,메디큐브부스터프로,"구매한지는 좀되었지만 사용은 잘안했어요 ㅜ 귀찮네요…
박스있고 작동도 문제없습니다
사용전후 항상 소독하여 사용했습니다!
충전기는 같이 들어있던건 아닐텐데 새거 챙겨드려요",2,13,96,90000,38.8,달구우,판매중,3,대전 동구 가양2동,https://www.daangn.com/kr/buy-sell/%EB%A9%94%EB%94%94%ED%81%90%EB%B8%8C-%EB%B6%80%EC%8A%A4%ED%84%B0%ED%94%84%EB%A1%9C-v9zmqirknruo/
2026-04-16,메디큐브에이지알부스터프로미니핑크,"메디큐브 에이지알 부스터 프로 미니 핑크 제품입니다! 사용은 5번 이내로 했고 사진에서 보이는 것처럼 전체적으로 깔끔합니다!! 사놓고 잘 안쓰게 되서 팝니다.

⭐️ 박스는 모르고 버려버려서 제품만 있는점 참고해주세요.",2,22,216,43000,42.7,깜지짱,판매완료,2,대전 동구 가양2동,https://www.daangn.com/kr/buy-sell/%EB%A9%94%EB%94%94%ED%81%90%EB%B8%8C-%EC%97%90%EC%9D%B4%EC%A7%80%EC%95%8C-%EB%B6%80%EC%8A%A4%ED%84%B0-%ED%94%84%EB%A1%9C-%EB%AF%B8%EB%8B%88-%ED%95%91%ED%81%AC-c7v9d6jtkf37/
2025-12-16,메디큐브에이지알age-r에어샷,"메디큐브 에이지알 에어샷 판매합니다

- 풀박스 구성입니다

사용감 5회미만이구요 써보고 부스터프로를 사서 에어샷은 안쓰게되어올려요
사용하고 소독티슈로 닦아서 보관했습니다",2,10,287,50000,44.5,지오리,판매완료,4,대전 동구 가양2동,https://www.daangn.com/kr/buy-sell/%EB%A9%94%EB%94%94%ED%81%90%EB%B8%8C-%EC%97%90%EC%9D%B4%EC%A7%80%EC%95%8C-age-r-%EC%97%90%EC%96%B4%EC%83%B7-zrgad3muq6cw/
2025-10-18,메디큐브부스터프로새상품(뜯지도않음),"⛔️네고 안 받습니다⛔️
환불xxxx⛔️
선입금 후 문고리거래만 합니다⛔️

선물받았는데 최근에 피부기기를 사서 팝니다
뜯지도 않았습니다

거래완료되면 예약중 혹은 거래완료로 바꿔둡니다
아직 미거래 상황입니다",2,17,153,200000,51.5,해피,판매완료,3,대전 동구 가양2동,https://www.daangn.com/kr/buy-sell/%EB%A9%94%EB%94%94%ED%81%90%EB%B8%8C-%EB%B6%80%EC%8A%A4%ED%84%B0%ED%94%84%EB%A1%9C-%EC%83%88%EC%83%81%ED%92%88-%EB%9C%AF%EC%A7%80%EB%8F%84-%EC%95%8A%EC%9D%8C-yhow9bfp2jpm/
2025-08-01,메디큐브에이지알부스터프로,"메디큐브 에이지알 부스터 프로 내놓습니다
집에서 간편하게 피부관리하세요
사용을 많이 안해서 상태 정말좋구요 
앰플도 새거 하나 같이 드립니다 
쿨거시 에눌 조금 해드립니다

박스도 같이 드려요",1,3,87,175000,39.8,사용자,판매완료,1,강원 춘천시 교동,https://www.daangn.com/kr/buy-sell/%EB%A9%94%EB%94%94%ED%81%90%EB%B8%8C-%EC%97%90%EC%9D%B4%EC%A7%80%EC%95%8C-%EB%B6%80%EC%8A%A4%ED%84%B0-%ED%94%84%EB%A1%9C-hf8vdrz9dch8/
2026-03-18,메디큐브부스터프로판매합니다💝,"메디큐브 부스터 프로 판매합니다
다른 기계를 더 잘써서 저렴하게 🥕합니다

제품 사용에 전혀 이상없고 외관도 깔끔합니다
받았던 상태 그대로 전달 가능합니다.
크랙은 있으나 사용에 문제 없다는
브랜드 회신 받아 첨부합니다.

🎁제품+충전선+각종설명서+박스
📦반택 가능 / 배송비 별도",4,15,279,100000,40.6,61년할매손크림브륄레,판매완료,3,서울시 송파구 풍납2동,https://www.daangn.com/kr/buy-sell/%EB%A9%94%EB%94%94%ED%81%90%EB%B8%8C-%EB%B6%80%EC%8A%A4%ED%84%B0-%ED%94%84%EB%A1%9C-%ED%8C%90%EB%A7%A4%ED%95%A9%EB%8B%88%EB%8B%A4-esp36b71va34/
2026-02-25,메디큐브에이지알부스터프로블랙,"메디큐브 에이지알 부스터 프로 블랙입니다
피부 속 광채, 모공, 탄력 개선에 도움을 줍니다
패키지는 없고 사용설명서만 있습니다~
, 2023년 10월 제조입니다
크랙 두군데정도 있고 유상교환만 가능할 것 같습니다(6만원) 실제 사용하는데에는 문제 없다고 하네요(고객센터에서)",4,5,226,80000,37.8,yeain2,판매완료,4,서울시 송파구 풍납2동,https://www.daangn.com/kr/buy-sell/%EB%A9%94%EB%94%94%ED%81%90%EB%B8%8C-%EC%97%90%EC%9D%B4%EC%A7%80%EC%95%8C-%EB%B6%80%EC%8A%A4%ED%84%B0-%ED%94%84%EB%A1%9C-%EB%B8%94%EB%9E%99-hmqw74tbxxsi/
2025-12-11,메디큐브부스터프로핑크+실리콘헤드캡,"메디큐브 에이지알 부스터 프로 핑크색 (5회 미만 사용 + 알콜 스압으로 정리) 실리콘 헤드캡

4가지 모드 있고 충전기, 정품 인증서 등 풀박스 다 있습니다. (공홈 구매) - 329,000 구매

*피부 속 광채, 탄력, 모공, 피부결, 진피 치밀도 개선에 도움을 줍니다

귀차니즘인 저는 잘 안쓰게 돼서 판매합니다ㅠㅠ 사용감은 거의 없어요 편하게 챗 주세용",2,9,184,160000,42.5,왕왕,판매완료,1,서울시 송파구 풍납2동,https://www.daangn.com/kr/buy-sell/%EB%A9%94%EB%94%94%ED%81%90%EB%B8%8C-%EB%B6%80%EC%8A%A4%ED%84%B0-%ED%94%84%EB%A1%9C-%ED%95%91%ED%81%AC-%EC%8B%A4%EB%A6%AC%EC%BD%98-%ED%97%A4%EB%93%9C%EC%BA%A1-9zacjfqsiwdu/
2025-09-05,메디큐브에이지알부스터프로,"메디큐브 에이지알 부스터 프로 팝니다.

24년 2월에 구매했고 10번정도 쓰고 그대로

보관중입니다~

외관은 깨끗합니다.",2,8,129,150000,44.2,핳하핳,판매완료,1,서울시 송파구 풍납2동,https://www.daangn.com/kr/buy-sell/%EB%A9%94%EB%94%94%ED%81%90%EB%B8%8C-%EC%97%90%EC%9D%B4%EC%A7%80%EC%95%8C-%EB%B6%80%EC%8A%A4%ED%84%B0-%ED%94%84%EB%A1%9C-8xws98a7ik7c/
2024-10-31,메디큐브부스터프로,"gs홈쇼핑구매(정품)
24년 7월1일 구매후 정품등록한상태입니다.
실사용 1주일 했어요.
게을러서 사용을 못했습니당.
직거래희망합니다.
연락주세요",2,2,165,200000,37.0,seo,판매완료,3,서울시 송파구 풍납2동,https://www.daangn.com/kr/buy-sell/%EB%A9%94%EB%94%94%ED%81%90%EB%B8%8C-%EB%B6%80%EC%8A%A4%ED%84%B0%ED%94%84%EB%A1%9C-mo34b7mac8cm/
2026-03-04,메디큐브마이멜로디부스터프로마이멜로디에디션,"사놓고 몇번 안썼고, 항상 소독했어요
근데 잘 안써서 그냥 팔아요!

충전 케이블 뺀 풀박스고, 제가 살때는 앰플 없는 본품 구성이었어요!
*부스터프로 + 헤드 케이스 + 마이멜로디 참 + 세안밴드 + 디바이스 클리너 + 스티커 2매* 이렇게 들어있습니당

직거래 하러 오셔야 해요ㅜㅜ
현금 말고 계좌이체만 받습니당!

3월 16일 오늘안에 거래하시면 10만원에 드릴게용!! 급처합니다!",3,13,209,100000,38.3,흰둥이,판매완료,6,충북 충주시 단월동,https://www.daangn.com/kr/buy-sell/%EB%A9%94%EB%94%94%ED%81%90%EB%B8%8C-%EB%A7%88%EC%9D%B4%EB%A9%9C%EB%A1%9C%EB%94%94-%EB%B6%80%EC%8A%A4%ED%84%B0%ED%94%84%EB%A1%9C-%EB%A7%88%EC%9D%B4%EB%A9%9C%EB%A1%9C%EB%94%94-%EC%97%90%EB%94%94%EC%85%98-k6htjfazig8k/
2025-01-10,메디큐브age-r부스터프로핑크에디션입니다,"구매시기는 한달 됐구요
신경 좀 써보려고 구매했는데
몇번 사용하다 제가 귀차니즘이라
사용을 안하게 돼서 내놓아요
구매가격은 할인받아서
337000원에 구매했습니다 
세럼도 두개 드립니다",4,8,274,230000,36.8,나나,판매완료,1,전남 나주시 금천면,https://www.daangn.com/kr/buy-sell/%EB%A9%94%EB%94%94%ED%81%90%EB%B8%8C-age-r-%EB%B6%80%EC%8A%A4%ED%84%B0%ED%94%84%EB%A1%9C-%ED%95%91%ED%81%AC%EC%97%90%EB%94%94%EC%85%98%EC%9E%85%EB%8B%88%EB%8B%A4-6hu1hkjqgmjs/
2024-10-19,메디큐브부스터프로팝니다.,"메디큐브 부스터프로 팝니다.
현재 홈쇼핑에서도 판매중인거 보셨을거에요. 데일리로 홈케어하기 좋습니다.
상자랑 충전케이블도 있어서 같이 넣어서 드려요.
깨끗하게 사용했어요.
궁금한 사항 문의해주세요^^
",1,0,98,170000,40.4,유니맘,판매완료,3,전남 나주시 금천면,https://www.daangn.com/kr/buy-sell/%EB%A9%94%EB%94%94%ED%81%90%EB%B8%8C-%EB%B6%80%EC%8A%A4%ED%84%B0%ED%94%84%EB%A1%9C-%ED%8C%9D%EB%8B%88%EB%8B%A4-b6ozqq6a5chb/
2025-11-06,단순개봉새제품메디큐브age-r부스터프로,"메디큐브 AGE-R 부스터 프로 단순개봉 새제품입니다
저도 선물 받은거라 아시는 분들이 구매하실 듯 싶어 자세한 설명은 생략하겠습니다...
직거래는 배재대학교 앞 사거리에서 합니다. 대중교통 이동 필요한 위치는 죄송하지만 힘들 것 같습니다.
택배비는 3,000원 추가로 보내드립니다",7,17,248,180000,39.5,리코,판매완료,5,대전 서구 도마2동,https://www.daangn.com/kr/buy-sell/%EB%8B%A8%EC%88%9C%EA%B0%9C%EB%B4%89-%EC%83%88%EC%A0%9C%ED%92%88-%EB%A9%94%EB%94%94%ED%81%90%EB%B8%8C-age-r-%EB%B6%80%EC%8A%A4%ED%84%B0-%ED%94%84%EB%A1%9C-ud9tmgnysib7/
2024-12-07,메디큐브부스터프로정품,"메디큐브 부스터프로 정품입니다
사용할때 피부좋단 얘기 많이 들었어요",3,5,173,200000,36.8,춘둡쨔,판매완료,5,대전 서구 도마2동,https://www.daangn.com/kr/buy-sell/%EB%A9%94%EB%94%94%ED%81%90%EB%B8%8C-%EB%B6%80%EC%8A%A4%ED%84%B0%ED%94%84%EB%A1%9C-%EC%A0%95%ED%92%88-iihu7imbmhrg/
2025-07-27,(새상품)메디큐브에이지알부스터프로,"메디큐브 에이지알 부스터 프로 블랙 새상품입니다.

- 피부 속 2.5mm까지 유효 성분 흡수
- 피부 투과도 785% 증가
- 6가지 토탈 케어 모드

정가는 39만원이에요
빠른거래위해 금액 낮게 올려요

한 기기로 여러가지모드가가능해
편리합니다~본인이 쓰는 화장품 그대로써도되서 편하고요. .
7월19일출국하면서 면세점에서
구매한 비닐도뜯지않은
새상품,정품 입니다
박스열면 설명서,케이블,본체있구요
정품인증할수있는 큐알있습니다!
헤드케이스 받은것도 드릴게요.(새상품)
구매후1년이내 무상AS됩니다~
(25.7.13구매,7월19일출국입니다)

직거래는 평일점심시간 보문역
저녁시간에는 정릉역,아리랑시네센터,성신여대입구역주변에서가능합니다~",3,11,148,205000,76.0,수리수리마수리,판매완료,7,서울시 성북구 돈암제1동,https://www.daangn.com/kr/buy-sell/%EC%83%88%EC%83%81%ED%92%88-%EB%A9%94%EB%94%94%ED%81%90%EB%B8%8C-%EC%97%90%EC%9D%B4%EC%A7%80%EC%95%8C-%EB%B6%80%EC%8A%A4%ED%84%B0-%ED%94%84%EB%A1%9C-y98nfprfoikh/
2025-11-24,메디큐브부스터전동클렌져,메디큐브 부스터전동클렌져 부스터프로 미니플러스 클렌징헤드 set 몇번 사용하고 게을러서 안쓰게돼 판매합니다 박스는 잘 쓸줄알고 버려서 없고 구성은 기기랑 꾸미기 세트 그대로 있어서 그렇게 드려요 :),0,5,147,110000,96.3,humming,판매중,2,서울시 마포구 망원제2동,https://www.daangn.com/kr/buy-sell/%EB%A9%94%EB%94%94%ED%81%90%EB%B8%8C-%EB%B6%80%EC%8A%A4%ED%84%B0%EC%A0%84%EB%8F%99%ED%81%B4%EB%A0%8C%EC%A0%B8-w2m135xbooge/
2025-07-23,[홈케어피부관리끝판왕]메디큐브에이지알부스터프로&울트라튠&콜라겐세럼,"메디큐브 유명한 두 제품 + 세럼 거래합니다.

홈쇼핑으로 구매한지 얼마 안돼서 
사용을 거의 못 했는데
임신으로 뷰티 디바이스 모두 올리는 중이에요…ㅠㅠ

풀충전 해둬서 바로 사용하시면 돼요!

-AGE-R Booster Pro 부스터프로
-Ultra Tune 울트라튠 40.68
-콜라겐 글로우 버블 세럼 (유통기한 2027.2.18)

사진과 같이 거의 새거고
박스랑 사용 설명서, C타입 충전라인 (미사용)
모두 포함되어 있습니다

홈케어 피부 관리에 관심 있으신 분들께 추천드려요🙂



-
처음 사용하시는 분들 보시면 좋을
메디큐브 공식 유튜브도 첨부해드립니다.


부스터프로 사용법 유튜브 링크

https://youtu.be/gGyTsrjwyTg?si=NdTzXSzpYlOp91aZ


울트라튠 사용법 유튜브 링크

https://youtu.be/r2SkTn-R9H8?si=49frTx75OZ1oAFNO

-


직거래는 
망원2동 주민센터 근처인
설병상점 (서울 마포구 방울내로7길 25) 앞에서 가능합니다.

+

문고리 거래 가능

+

일반 택배만 가능 (반값은 박스 크기 때문에 안됨)",3,20,332,450000,55.7,ABC123,판매중,5,서울시 마포구 망원제2동,https://www.daangn.com/kr/buy-sell/%ED%99%88%EC%BC%80%EC%96%B4-%ED%94%BC%EB%B6%80%EA%B4%80%EB%A6%AC-%EB%81%9D%ED%8C%90%EC%99%95-%EB%A9%94%EB%94%94%ED%81%90%EB%B8%8C-%EC%97%90%EC%9D%B4%EC%A7%80%EC%95%8C-%EB%B6%80%EC%8A%A4%ED%84%B0%ED%94%84%EB%A1%9C-%EC%9A%B8%ED%8A%B8%EB%9D%BC%ED%8A%A0-%EC%BD%9C%EB%9D%BC%EA%B2%90-%EC%84%B8%EB%9F%BC-oufbttqbv8ps/
2025-03-01,메디큐브에이지알부스터프로(단순개봉),"메디큐브 에이지알 부스터 프로 모델이고 25년 3월 1일 오늘 받은 제품입니다!

단순 개봉 상품이에요 (사용x)",1,12,115,230000,52.0,돌돌이,판매완료,3,서울시 마포구 망원제2동,https://www.daangn.com/kr/buy-sell/%EB%A9%94%EB%94%94%ED%81%90%EB%B8%8C-%EC%97%90%EC%9D%B4%EC%A7%80%EC%95%8C-%EB%B6%80%EC%8A%A4%ED%84%B0-%ED%94%84%EB%A1%9C-%EB%8B%A8%EC%88%9C%EA%B0%9C%EB%B4%89-hmcnevripice/
2024-12-25,메디큐브에이지알부스터프로팝니다,"결혼 준비한다고 샀으니까 1년은 된 거 같아요
그런데 사용은 얼마 안 했구요
이번에 안 쓰는 미용기기 다 당근해버리려고 정리합니다
박스 구성품 다 있어요

거래는 망원시장 입구 고로케 가게 앞 원합니다",1,1,181,150000,48.5,댄바이,판매완료,5,서울시 마포구 망원제2동,https://www.daangn.com/kr/buy-sell/%EB%A9%94%EB%94%94%ED%81%90%EB%B8%8C-%EC%97%90%EC%9D%B4%EC%A7%80%EC%95%8C-%EB%B6%80%EC%8A%A4%ED%84%B0%ED%94%84%EB%A1%9C-%ED%8C%9D%EB%8B%88%EB%8B%A4-46tjesyjeu7s/
2026-02-14,메디큐브에이지알부스터프로블랙풀박스,"메디큐브 에이지알 부스터 프로 블랙 색상입니다
풀박스 구성으로 충전 케이블 포함되어 있습니다

개봉만 하고 사용 한적은 없습니다! 
구매 원하시는 분만 톡 주세요!

구매 후 교환 및 반품은 어렵습니다.

택배 원할 시 무료배송으로 가능하고,
직거래 장소는 파주아울렛에서 가능합니다!",5,15,238,180000,39.0,헬레나,판매중,6,경기 파주시 탄현면,https://www.daangn.com/kr/buy-sell/%EB%A9%94%EB%94%94%ED%81%90%EB%B8%8C-%EC%97%90%EC%9D%B4%EC%A7%80%EC%95%8C-%EB%B6%80%EC%8A%A4%ED%84%B0-%ED%94%84%EB%A1%9C-%EB%B8%94%EB%9E%99-%ED%92%80%EB%B0%95%EC%8A%A4-xja2as3cagka/
2026-01-26,메디큐브age-r부스터프로&세럼,"메디큐브 AGE-R 부스터 프로와 
글루타치온 글로우 세럼 세트입니다-! 
피부 탄력과 광채 개선에 도움을 주는 부스터 프로는 
4가지 모드와 5단계 강도 조절이 가능하여 
맞춤 케어를 할 수 있습니다👍

글루타치온 글로우 세럼은 2027년 1월 21일까지 사용 가능한 새 제품입니다.
부스터프로는 약 10회 미만으로 사용한 것 같아요😊
-사용 설명서와 충전 케이블 포함, 박스 있습니다

피부 속부터 차오르는 광채를 경험할 수 있고, 피부결 개선에 도움을 줍니다. 피부 속 보습력을 높여주고, 콜라겐 생성 촉진에도 효과적입니다",1,4,54,170000,38.7,잉챙,판매완료,5,경기 파주시 탄현면,https://www.daangn.com/kr/buy-sell/%EB%A9%94%EB%94%94%ED%81%90%EB%B8%8C-age-r-%EB%B6%80%EC%8A%A4%ED%84%B0-%ED%94%84%EB%A1%9C-%EC%84%B8%EB%9F%BC-hohtk6g48h79/
2025-07-21,메디큐브부스터프로미니핑크,"메디큐브 부스터 프로 미니 핑크색상 판매합니다
실사용 5회 정도 됩니다! 

겉상자 같이 보관하고 있어서 넣어 드려요! 
부스터프로를 선물 받아서 미니가 필요없어서 판매합니다! 

야근이 잦은 직장인이라 직거래는 근처로 오신다고 하면 ㅠㅠ 점심시간 혹은 7시 이후에 가능합니다!

문고리 거래도 가능하고 
택배도 가능해요~!",2,13,261,65000,39.0,헬레나,판매완료,8,경기 파주시 탄현면,https://www.daangn.com/kr/buy-sell/%EB%A9%94%EB%94%94%ED%81%90%EB%B8%8C-%EB%B6%80%EC%8A%A4%ED%84%B0-%ED%94%84%EB%A1%9C-%EB%AF%B8%EB%8B%88-%ED%95%91%ED%81%AC-s531u1p26bcq/
2025-06-16,메디큐브에이지알부스터프로,"메디큐브 에이지알 부스터 프로 내놓습니다!
피부 광채, 탄력, 모공 케어에 좋다고 해요

- 3가지 부스팅 모드
- 5가지 핵심 기술
- 풀페이스 관리, 1회 3분 사용
- 무선 충전, LED 디스플레이

정가는 39만원대입니다
박스도 있어요~
실사용 5회 미만",2,1,58,100000,37.6,가시네,판매완료,2,경기 파주시 탄현면,https://www.daangn.com/kr/buy-sell/%EB%A9%94%EB%94%94%ED%81%90%EB%B8%8C-%EC%97%90%EC%9D%B4%EC%A7%80%EC%95%8C-%EB%B6%80%EC%8A%A4%ED%84%B0-%ED%94%84%EB%A1%9C-zysvumbgur5c/
2026-05-21,메디큐브에이지알부스터프로핑크,"메디큐브 에이지알 부스터 프로 핑크 색상입니다
기기 본체와 충전 케이블, 설명서까지 모두 포함되어 있어요
사진에서 보이는 것처럼 깔끔한 상태를 유지하고 있습니다
피부 탄력과 리프팅에 관심 있는 분들께 추천드려요",0,2,84,200000,50.3,올려둔가격으로만판매해요,판매중,1,인천 남동구 남촌도림동,https://www.daangn.com/kr/buy-sell/%EB%A9%94%EB%94%94%ED%81%90%EB%B8%8C-%EC%97%90%EC%9D%B4%EC%A7%80%EC%95%8C-%EB%B6%80%EC%8A%A4%ED%84%B0-%ED%94%84%EB%A1%9C-%ED%95%91%ED%81%AC-33whoihjvn97/
2025-09-23,(미개봉)메디큐브에이지알부스터프로쿠로미,"메디큐브 에이지알 부스터 프로 쿠로미 에디션입니다

쿠로미 에디션이라 너무 귀여워요",1,0,61,350000,50.3,올려둔가격으로만판매해요,판매완료,1,인천 남동구 남촌도림동,https://www.daangn.com/kr/buy-sell/%EB%AF%B8%EA%B0%9C%EB%B4%89-%EB%A9%94%EB%94%94%ED%81%90%EB%B8%8C-%EC%97%90%EC%9D%B4%EC%A7%80%EC%95%8C-%EB%B6%80%EC%8A%A4%ED%84%B0-%ED%94%84%EB%A1%9C-%EC%BF%A0%EB%A1%9C%EB%AF%B8-mtz9amtuzqpd/
2025-04-15,메디큐브부스터프로미니분홍,"반값택배+1800
일반택배+3000
직거래는 남촌동
택배 가능
1회사용",2,2,233,80000,50.3,올려둔가격으로만판매해요,판매완료,2,인천 남동구 남촌도림동,https://www.daangn.com/kr/buy-sell/%EB%A9%94%EB%94%94%ED%81%90%EB%B8%8C-%EB%B6%80%EC%8A%A4%ED%84%B0-%ED%94%84%EB%A1%9C-%EB%AF%B8%EB%8B%88-%EB%B6%84%ED%99%8D-88tp8z7fja1t/
2026-02-13,메디큐브부스터프로팝니다,"지인에게 선물받았다 잘 안써서 판매합니다
실사용 10회 정도
본체만 있습니다",1,4,89,120000,37.4,이름뭐하지,판매완료,3,경기 안산시 상록구 성포동,https://www.daangn.com/kr/buy-sell/%EB%A9%94%EB%94%94%ED%81%90%EB%B8%8C-%EB%B6%80%EC%8A%A4%ED%84%B0%ED%94%84%EB%A1%9C-%ED%8C%9D%EB%8B%88%EB%8B%A4-96n153fv7eko/
2025-12-24,메디큐브부스터프로미니&피디알엔앰플,"뷰티디바이스 개봉 후 한번 사용했습니다
소독 티슈, 디바이스 보관함, 피디알엔 앰플 같이 드립니다

앰플 유통기한 - 26,12,01

“교환, 환불 불가합니다”

Gs반값택배 - 3000
일반 택배 - 4500",1,16,225,88000,39.8,파도,판매완료,1,경기 안산시 상록구 성포동,https://www.daangn.com/kr/buy-sell/%EB%A9%94%EB%94%94%ED%81%90%EB%B8%8C-%EB%B6%80%EC%8A%A4%ED%84%B0-%ED%94%84%EB%A1%9C-%EB%AF%B8%EB%8B%88-%ED%94%BC%EB%94%94%EC%95%8C%EC%97%94-%EC%95%B0%ED%94%8C-rf5uuip79bs8/
2026-01-09,메디큐브에이지알부스터프로핑크+앰플,"메디큐브 에이지알 부스터 프로 핑크색입니다!
앰플과 충전 케이블, 곰돌이 커버 포함이고 박스만 없어요.
사용은 앰플까지 한 4-5번은 쓴 것 같아요..
관리하는 성격이 아니라 손이 안 가네요 ㅎㅎ",1,7,64,150000,44.0,강니,판매완료,4,경기 안산시 상록구 성포동,https://www.daangn.com/kr/buy-sell/%EB%A9%94%EB%94%94%ED%81%90%EB%B8%8C-%EC%97%90%EC%9D%B4%EC%A7%80%EC%95%8C-%EB%B6%80%EC%8A%A4%ED%84%B0-%ED%94%84%EB%A1%9C-%ED%95%91%ED%81%AC-%EC%95%B0%ED%94%8C-wtz83rt8fn45/
2025-07-21,메디큐브에이지알헬로키티부스터,"메디큐브 AGE-R 부스터 프로 헬로키티 에디션  상품입니다!
두번사용햇습니다
앰플두 같이드려요

- AGE-R BOOSTER PRO 본체
- 충전 케이블
- 설명서
- 박스 포함",3,14,268,230000,37.0,승채,판매완료,1,경기 안산시 상록구 성포동,https://www.daangn.com/kr/buy-sell/%EB%A9%94%EB%94%94%ED%81%90%EB%B8%8C-%EC%97%90%EC%9D%B4%EC%A7%80%EC%95%8C-%ED%97%AC%EB%A1%9C%ED%82%A4%ED%8B%B0-%EB%B6%80%EC%8A%A4%ED%84%B0-sufcsbge4f7b/
2025-05-21,메디큐브부스터프로핑크,"구매한지 한달정도 됐는데 잘 사용하지 않게 되더라구요 3번정도 사용했습니다

박스는 없고 네고 안돼요

직거래 성포초등학교 정문 후문 상관없음 / 선경아파트 후문",1,4,76,180000,37.2,떡뽀기,판매완료,1,경기 안산시 상록구 성포동,https://www.daangn.com/kr/buy-sell/%EB%A9%94%EB%94%94%ED%81%90%EB%B8%8C-%EB%B6%80%EC%8A%A4%ED%84%B0%ED%94%84%EB%A1%9C-%ED%95%91%ED%81%AC-ejwapy8zi6wr/
2026-05-06,메디큐브에이지알부스터프로블랙풀박스,"메디큐브 에이지알 부스터프로 블랙 색상 풀박스고 충전 케이블은 새거입니다
잘 안쓰게 되어 판매합니다
사용감은 있으나 거슬리는 부분은 없습니다
작동 잘되고 소독 해 둔 상태입니다
찔러보지 마시고 사실분만 연락주세요",8,22,215,100000,40.4,효이,판매완료,2,서울시 관악구 행운동,https://www.daangn.com/kr/buy-sell/%EB%A9%94%EB%94%94%ED%81%90%EB%B8%8C-%EC%97%90%EC%9D%B4%EC%A7%80%EC%95%8C-%EB%B6%80%EC%8A%A4%ED%84%B0%ED%94%84%EB%A1%9C-%EB%B8%94%EB%9E%99-%ED%92%80%EB%B0%95%EC%8A%A4-1j5k1nakbnun/
2026-04-02,메디큐브부스터프로블랙,"메디큐브 AGE-R 부스터 프로 블랙입니다
구성품은 본체와 설명서가 있어요

매디큐브 Pdrn 핑크 새럼인가 그거 한 3번썼는데 그것도 필요하시면 같이 드리겠습니당

사진에서 보이는 것처럼 깔끔한 상태입니다
크랙이 있어서 저렴하게 당근합니다
쓰는데 이상없습니다

피부가 예민해져서 판매해요.

반값택배는 제가 부담합니다",3,14,344,100000,47.0,냐미,판매완료,3,서울시 관악구 행운동,https://www.daangn.com/kr/buy-sell/%EB%A9%94%EB%94%94%ED%81%90%EB%B8%8C-%EB%B6%80%EC%8A%A4%ED%84%B0-%ED%94%84%EB%A1%9C-%EB%B8%94%EB%9E%99-pyaj7og4adq4/
2026-03-20,메디큐브에이지알부스터프로블랙,"메디큐브 에이지알 부스터 프로 블랙 풀박스입니다.

-피부 속 광채, 쫀쫀한 탄력, 최적의 피부 상태를 경험할 수 있습니다
-피부결 개선, 멜라닌 감소, 모공 면적 감소, 피부 진정 효과를 제공합니다

5회 미만으로 사용했습니다. 거의 새거 입니다.
어쨋든 사용은 했기에 사용감이 있을 수 있기에 예민한분은 죄송합니다. 
아이가 있어서 갖으러 오시거나, 평일 낙성대역, 반값택배 조율 가능 합니다.
필요하신분 연락 주세요~^^",5,10,126,140000,39.3,사막아기여우,판매완료,2,서울시 관악구 행운동,https://www.daangn.com/kr/buy-sell/%EB%A9%94%EB%94%94%ED%81%90%EB%B8%8C-%EC%97%90%EC%9D%B4%EC%A7%80%EC%95%8C-%EB%B6%80%EC%8A%A4%ED%84%B0-%ED%94%84%EB%A1%9C-%EB%B8%94%EB%9E%99-obptbdyxgtc9/
2025-12-01,메디큐브에이지알부스터프로블랙,"메디큐브 에이지알 부스터 프로 블랙 색상 풀박스입니다

-풀박스 구성으로 사용 설명서도 포함되어 있습니다
-2-3회 사용후 모셔두었습니다. 
직거래 서울대입구역에서 가능합니다.",13,27,421,170000,37.1,중고신입,판매완료,4,서울시 관악구 행운동,https://www.daangn.com/kr/buy-sell/%EB%A9%94%EB%94%94%ED%81%90%EB%B8%8C-%EC%97%90%EC%9D%B4%EC%A7%80%EC%95%8C-%EB%B6%80%EC%8A%A4%ED%84%B0-%ED%94%84%EB%A1%9C-%EB%B8%94%EB%9E%99-adiktqh53d67/
2025-11-25,메디큐브부스터프로미니핑크,"메디큐브 에이지알 부스터 프로 미니 핑크
젤리케이스 포함입니다!

피부 흔적, 미백케어 / 피지조절, 트러블케어까지 가능합니다

다른 뷰티디바이스가 있어 판매해요!

구매하시면 알콜 스왑도 같이 넣어드려요!
메디큐브 핑크펩타이드 앰플 20ml 정도 소분해둔것도 같이 드릴게요!",4,21,430,57000,48.4,너만의밤비,판매완료,1,서울시 관악구 행운동,https://www.daangn.com/kr/buy-sell/%EB%A9%94%EB%94%94%ED%81%90%EB%B8%8C-%EB%B6%80%EC%8A%A4%ED%84%B0-%ED%94%84%EB%A1%9C-%EB%AF%B8%EB%8B%88-%ED%95%91%ED%81%AC-up54cvemxsyh/
2025-09-16,(정품)메디큐브에이지알풀세트(부스터프로랑울트라튠)일괄판매,"메디큐브 에이지알(AGE-R) 풀세트입니다
일괄판매(부스터프로랑 울트라튠)

케이스와 충전 케이블 모두 포함되어 있습니다
상태는 사진과 같습니다

두번정도 사용했고 하고나서 알콜솜으로
다 닦아서 잘 보관했습니다.
*
중고라서 물건에 큰 하자 없으면 교환, 환불은 어려운 점 이해 부탁드려요~",4,9,156,300000,44.8,환이맘,판매완료,3,서울시 관악구 행운동,https://www.daangn.com/kr/buy-sell/%EC%A0%95%ED%92%88-%EB%A9%94%EB%94%94%ED%81%90%EB%B8%8C-%EC%97%90%EC%9D%B4%EC%A7%80%EC%95%8C-%ED%92%80%EC%84%B8%ED%8A%B8-%EB%B6%80%EC%8A%A4%ED%84%B0%ED%94%84%EB%A1%9C%EB%9E%91-%EC%9A%B8%ED%8A%B8%EB%9D%BC%ED%8A%A0-%EC%9D%BC%EA%B4%84%ED%8C%90%EB%A7%A4-6g9gy4d1ee8x/
2025-08-08,메디큐브하이포커스샷부스터프로,"메디큐브 하이포커스샷  개봉 상품입니다!
10회 미만 사용했어요. 
꾸준히 사용하기엔 손이 잘 안가서 양도해요ㅠ

풀세트 그대로 드려요~ 
박스, 충전기, 설명서 모두 포함!
피부 컨디션 개선에 도움을 주는 PDRN 부스터 젤 
새거 1개랑 쓰던거 1개 있는데 
개봉한거 민감하지 않다면 같이 드릴게요

✅CU반값 택배 가능
✅당근페이만 거래가능
✅직거래: 봉천동 관악프라자 1층 롯데리아앞",2,15,299,200000,59.0,오늘도한줌,판매완료,2,서울시 관악구 행운동,https://www.daangn.com/kr/buy-sell/%EB%A9%94%EB%94%94%ED%81%90%EB%B8%8C-%ED%95%98%EC%9D%B4%ED%8F%AC%EC%BB%A4%EC%8A%A4%EC%83%B7-%EB%B6%80%EC%8A%A4%ED%84%B0-%ED%94%84%EB%A1%9C-mcr7grxgp89j/
2025-08-12,메디큐브에이지알부스터프로미개봉새상품팝니다,"메디큐브 에이지알 부스터 프로 새 상품입니다~~

2호선 직거래 가능합니다.",1,0,53,250000,39.0,부팽,판매완료,2,서울시 관악구 행운동,https://www.daangn.com/kr/buy-sell/%EB%A9%94%EB%94%94%ED%81%90%EB%B8%8C-%EC%97%90%EC%9D%B4%EC%A7%80%EC%95%8C-%EB%B6%80%EC%8A%A4%ED%84%B0-%ED%94%84%EB%A1%9C-%EB%AF%B8%EA%B0%9C%EB%B4%89-%EC%83%88%EC%83%81%ED%92%88-%ED%8C%9D%EB%8B%88%EB%8B%A4-utquwgmez8j9/
2025-05-10,에이지알메디큐브부스터프로판매,"여자친구 사줬는데 사용 안해서 판매합니다
3번 썼어요;;
알콜소독솜으로 깨끗이 닦아서 넣어놨습니당…

서울대입구역 7번출구쪽 이나 gs편의점 관악원당점 앞에서 거래 합니다! 연락주세영!",1,1,138,160000,58.6,봉천동유진이,판매완료,2,서울시 관악구 행운동,https://www.daangn.com/kr/buy-sell/%EC%97%90%EC%9D%B4%EC%A7%80%EC%95%8C-%EB%A9%94%EB%94%94%ED%81%90%EB%B8%8C-%EB%B6%80%EC%8A%A4%ED%84%B0-%ED%94%84%EB%A1%9C-%ED%8C%90%EB%A7%A4-szjjg2uvikr1/
2025-05-06,메디큐브에이지알부스터프로핑크,"메디큐브 에이지알 부스터프로 핑크입니다
본품 + 박스 구성으로 전달드립니다!
당근에서 새상품 구매했고 1번 시험 사용해본지 이틀도 안되어 더 비싼 디바이스 선물 받아 ,, 잘 보관한 상태로 바로 판매합니다!

거래 운정역 낙성대역 신용산역 다 가능합니다~!",2,8,182,190000,39.4,우아우,판매완료,1,서울시 관악구 행운동,https://www.daangn.com/kr/buy-sell/%EB%A9%94%EB%94%94%ED%81%90%EB%B8%8C-%EC%97%90%EC%9D%B4%EC%A7%80%EC%95%8C-%EB%B6%80%EC%8A%A4%ED%84%B0%ED%94%84%EB%A1%9C-%ED%95%91%ED%81%AC-eywp15gjmfjp/
2025-03-19,메디큐브부스터프로미니팝니다,"• 택배 가능합니다~ 
• 하자 없이 잘 작동 돼요! (충전기 미포함)",1,1,132,60000,46.0,당근당근이,판매완료,1,서울시 관악구 행운동,https://www.daangn.com/kr/buy-sell/%EB%A9%94%EB%94%94%ED%81%90%EB%B8%8C-%EB%B6%80%EC%8A%A4%ED%84%B0-%ED%94%84%EB%A1%9C-%EB%AF%B8%EB%8B%88-%ED%8C%9D%EB%8B%88%EB%8B%A4-sjqg5ei7tckk/
2024-10-24,메디큐브부스터프로(풀박스),"9/20 구매한 제품 팝니다(풀박스)
아침 저녁 사용하기 귀찮아져서 팔아요
팩도 몇개 드려요

거래희망장소 앞에서 거래 원합니다~~",2,11,548,240000,41.4,자유,판매완료,1,서울시 관악구 행운동,https://www.daangn.com/kr/buy-sell/%EB%A9%94%EB%94%94%ED%81%90%EB%B8%8C-%EB%B6%80%EC%8A%A4%ED%84%B0%ED%94%84%EB%A1%9C-%ED%92%80%EB%B0%95%EC%8A%A4-xj6k6aim1v1y/
2024-10-07,메디큐브에이지알더마샷ems,"메디큐브 에이지알 더마샷 ems 팝니다.

메디큐브 기기 다있는데, 솔직히 얼굴작아지는 데는 얘가 제일 효과 좋은듯요.

효과는 좀 약해도 부스터프로에 같은기능이 있어 이친구는 당근합니다.

중고로 싼값에 데려가서 홈케어 하세요!
전용 젤도 새거 같이 드려요~",1,0,62,150000,37.9,프리넬라,판매완료,3,서울시 관악구 행운동,https://www.daangn.com/kr/buy-sell/%EB%A9%94%EB%94%94%ED%81%90%EB%B8%8C-%EC%97%90%EC%9D%B4%EC%A7%80%EC%95%8C-%EB%8D%94%EB%A7%88%EC%83%B7-ems-k7f4b69xukx9/
2026-04-22,메디큐브에이지알부스터프로미니화이트,"메디큐브 에이지알 부스터 프로 미니 화이트 색상이에요
사진에서 보이는 것처럼 구성품은 본품만 있어요
새 제품 가격은 쿠팡 최저가 기준 109,800원이에요
피부 탄력 관리에 관심 있는 분들께 추천드려요

사용은 10회 미만이고 작동 잘 됩니다",2,11,182,45000,38.8,똠양꿍,판매완료,3,충남 서산시 해미면,https://www.daangn.com/kr/buy-sell/%EB%A9%94%EB%94%94%ED%81%90%EB%B8%8C-%EC%97%90%EC%9D%B4%EC%A7%80%EC%95%8C-%EB%B6%80%EC%8A%A4%ED%84%B0-%ED%94%84%EB%A1%9C-%EB%AF%B8%EB%8B%88-%ED%99%94%EC%9D%B4%ED%8A%B8-oqhmzsudi7i7/
2025-05-13,메디큐브에이지알부스터프로,"두번째 사진처럼 사용하면서 생긴 기스 좀 있어요
사용에는 문제 없습니다!
풀박으로 구성품 전부 있어요
거래는 서산에서 합니다 연락주세요 :)",2,3,282,130000,38.7,이즈,판매완료,2,충남 서산시 해미면,https://www.daangn.com/kr/buy-sell/%EB%A9%94%EB%94%94%ED%81%90%EB%B8%8C-%EC%97%90%EC%9D%B4%EC%A7%80%EC%95%8C-%EB%B6%80%EC%8A%A4%ED%84%B0%ED%94%84%EB%A1%9C-mb6hwvzi6e62/
2026-03-01,메디큐브에이지알부스터프로미니플러스&진동클렌저헤드,"메디큐브 에이지알 부스터 프로 미니 플러스와 진동 클렌저 헤드 함께 드립니다
실사용 10회 미만으로 그냥 새제품처럼 상태 깨끗합니다",1,6,228,80000,39.9,노인정홍삼캔디도둑,판매중,3,전남 여수시 학동,https://www.daangn.com/kr/buy-sell/%EB%A9%94%EB%94%94%ED%81%90%EB%B8%8C-%EC%97%90%EC%9D%B4%EC%A7%80%EC%95%8C-%EB%B6%80%EC%8A%A4%ED%84%B0-%ED%94%84%EB%A1%9C-%EB%AF%B8%EB%8B%88-%ED%94%8C%EB%9F%AC%EC%8A%A4-%EC%A7%84%EB%8F%99%ED%81%B4%EB%A0%8C%EC%A0%80-%ED%97%A4%EB%93%9C-kmq9x4wz1qvq/
2025-10-04,메디큐브에이지알부스터프로미니,"메디큐브 에이지알 부스터 프로 미니 화이트 미개봉 새상품입니다
박스 포장 그대로 보관되어 있어 선물용으로도 좋아요
피부 탄력과 광채 개선에 도움을 주는 제품으로, 5가지 모드와 10단계 강도 조절이 가능해 피부 상태에 맞춰 섬세하게 관리할 수 있어요
하루 1회 5분 사용으로 간편하게 홈케어할 수 있는 점이 큰 장점이에요",5,10,145,50000,37.3,선원동,판매완료,2,전남 여수시 학동,https://www.daangn.com/kr/buy-sell/%EB%A9%94%EB%94%94%ED%81%90%EB%B8%8C-%EC%97%90%EC%9D%B4%EC%A7%80%EC%95%8C-%EB%B6%80%EC%8A%A4%ED%84%B0-%ED%94%84%EB%A1%9C-%EB%AF%B8%EB%8B%88-a3pvajcfadzs/
2025-03-19,메디큐브에이지알부스터프로,"새상품입니다.
",4,5,234,250000,39.5,컁컁보이,판매완료,2,전남 여수시 학동,https://www.daangn.com/kr/buy-sell/%EB%A9%94%EB%94%94%ED%81%90%EB%B8%8C-%EC%97%90%EC%9D%B4%EC%A7%80%EC%95%8C-%EB%B6%80%EC%8A%A4%ED%84%B0-%ED%94%84%EB%A1%9C-aonsx515drd5/
2026-05-11,메디큐브에이지알부스터프로핑크,"메디큐브 에이지알 부스터 프로 핑크 색상이에요
본체와 박스, 구성품 모두 포함되어 있어요
사진에서 보이는 것처럼 깔끔하게 사용했어요
피부 탄력 관리에 도움을 줄 수 있는 제품이에요

사진에 있는 제품 그대로 드리오니 참고 부탁드리겠습니다 

사용시간은 1달 입니다.
아내가 피부에 않맞아 정리 합니다",0,3,49,120000,41.4,빨간남자,판매중,4,대전 서구 복수동,https://www.daangn.com/kr/buy-sell/%EB%A9%94%EB%94%94%ED%81%90%EB%B8%8C-%EC%97%90%EC%9D%B4%EC%A7%80%EC%95%8C-%EB%B6%80%EC%8A%A4%ED%84%B0-%ED%94%84%EB%A1%9C-%ED%95%91%ED%81%AC-7bc12pxeoesf/
2026-01-07,메디큐브에이지알부스터프로3종,"메디큐브 에이지알 부스터 프로 2색상 판매합니다
- 블랙, 핑크
-마미케어 EMS마사지기
피부톤 개선과 탄력 증가에 도움을 줍니다
집에서 간편하게 피부 관리를 할 수 있습니다

블랙은  150,000
핑크는 170,000
마미케어 마사지기도 사용감이없고 충전기 박스 다있습니다 50,000 / 판매완

비대면 원합니다

에누리 안해요",3,23,836,150000,36.7,리류걍,판매중,1,대전 서구 복수동,https://www.daangn.com/kr/buy-sell/%EB%A9%94%EB%94%94%ED%81%90%EB%B8%8C-%EC%97%90%EC%9D%B4%EC%A7%80%EC%95%8C-%EB%B6%80%EC%8A%A4%ED%84%B0-%ED%94%84%EB%A1%9C-3%EC%A2%85-rrgk9isdhpwu/
2026-01-12,메디큐브부스터프로미니,"태평동 복수동 둔산동에서 거래합니다
사용감 조금 있어요.
네고 됩니다
산지 딱 1년된거같아요
제가 10만원대로 샀더용",0,6,292,63000,37.5,하이,판매중,1,대전 서구 복수동,https://www.daangn.com/kr/buy-sell/%EB%A9%94%EB%94%94%ED%81%90%EB%B8%8C-%EB%B6%80%EC%8A%A4%ED%84%B0%ED%94%84%EB%A1%9C-%EB%AF%B8%EB%8B%88-kri7uufydue5/
2026-04-28,메디큐브부스터프로3종세트,"25년 5월에 구매하고 게을러서 사용하지 못하더라구요..ㅜ
어플에 정품등록했던 제품이고 상자는 없어서 저렴하게 올려봅니다.
부지런하게 관리 가능하신 분이 가져가면 좋겠어요!ㅎ
문의 주세요.",2,10,150,300000,47.4,뿡빵삥뽕,판매완료,3,대전 서구 복수동,https://www.daangn.com/kr/buy-sell/%EB%A9%94%EB%94%94%ED%81%90%EB%B8%8C-%EB%B6%80%EC%8A%A4%ED%84%B0-%ED%94%84%EB%A1%9C-3%EC%A2%85-%EC%84%B8%ED%8A%B8-6x6kss7nvr22/
2026-01-22,메디큐브클렌징기기+부스터프로미니플러스,"사서 실사용 별로 안한 거의 새 제품입니다
구매시 박스랑 사용설명서도 같이 드려요.
손으로 클렌징하는것보다 깨끗하게 클렌징돼서 좋아요
흡수잘되게 도와주는 기기도 같이 있어요
기기 2개 모두 드리는겁니다",1,14,187,95000,38.4,안녕하세요,판매완료,3,대전 서구 복수동,https://www.daangn.com/kr/buy-sell/%EB%A9%94%EB%94%94%ED%81%90%EB%B8%8C-%ED%81%B4%EB%A0%8C%EC%A7%95%EA%B8%B0%EA%B8%B0-%EB%B6%80%EC%8A%A4%ED%84%B0%ED%94%84%EB%A1%9C-%EB%AF%B8%EB%8B%88-%ED%94%8C%EB%9F%AC%EC%8A%A4-8qyz3e8m8m3w/
2025-10-20,메디큐브부스터프로핑크,"메디큐브 에이지알 부스터 프로 핑크 색상입니다.
충전케이블, 설명서 등 풀박으로 드립니다
항상 알콜솜으로 닦아 써서 깨끗합니다!

25년 8월 공홈 구매 후 10회 미만 사용(상태최상)
정품인증마크 있음

찔러보기X
반택가능
",1,7,116,190000,37.6,당근농부,판매완료,1,대전 서구 복수동,https://www.daangn.com/kr/buy-sell/%EB%A9%94%EB%94%94%ED%81%90%EB%B8%8C-%EB%B6%80%EC%8A%A4%ED%84%B0%ED%94%84%EB%A1%9C-%ED%95%91%ED%81%AC-armmor7pcjk7/
2025-10-30,메디큐브age-r부스터pro풀박스,"메디큐브 에이지알 부스터 프로 풀박스 정품 입니다.
사용은 했지만 상태 최상입니다.
-피부 속 광채, 모공, 탄력, 피부결 개선에 도움을 줍니다
-정격: 3.7V, 2,600mAh
-풀박스로 드립니다
",2,0,68,120000,36.5,피오나,판매완료,3,대전 서구 복수동,https://www.daangn.com/kr/buy-sell/%EB%A9%94%EB%94%94%ED%81%90%EB%B8%8C-age-r-%EB%B6%80%EC%8A%A4%ED%84%B0-pro-%ED%92%80%EB%B0%95%EC%8A%A4-zt9o83nkt823/
2025-10-25,메디큐브에이지알부스터프로핑크,"메디큐브 에이지알 부스터프로 핑크 에디션 
-집에서 간편하게 피부 관리를 할 수 있습니다.병원에 있으면서 한달 사용하고 집에 모셔두고 있어 판매합니다ㅡㅡ케이스에 넣어드리고 구매하시는분 미사용 글루타치온 앰플이랑 모공패드 드릴께요.",5,17,186,180000,36.5,여기여기,판매완료,4,대전 서구 복수동,https://www.daangn.com/kr/buy-sell/%EB%A9%94%EB%94%94%ED%81%90%EB%B8%8C-%EC%97%90%EC%9D%B4%EC%A7%80%EC%95%8C-%EB%B6%80%EC%8A%A4%ED%84%B0%ED%94%84%EB%A1%9C-%ED%95%91%ED%81%AC-eqot68rmquhj/
2025-08-20,메디큐브에이지알부스터프로,"상자는 없어요 사용 10회미만입니다

비대면거래 희망합니다 복수동 초록마을",3,10,169,150000,59.8,toe,판매완료,1,대전 서구 복수동,https://www.daangn.com/kr/buy-sell/%EB%A9%94%EB%94%94%ED%81%90%EB%B8%8C-%EC%97%90%EC%9D%B4%EC%A7%80%EC%95%8C-%EB%B6%80%EC%8A%A4%ED%84%B0%ED%94%84%EB%A1%9C-oj8vqfk5bso2/
2025-08-17,메디큐브부스터프로미니춘식이에디션,"메디큐브 부스터프로 미니 춘식이 에디션 판매합니다.
사놓고 3-4번 사용한 것 같아요~
충전식이고 작동 잘 됩니다!
춘식이 파우치도 함께 드립니다.

원가 98,000원인데 50.000원에 판매합니다!
직거래, 택배 모두 가능합니다~",2,4,61,50000,41.1,해뉴,판매완료,3,대전 서구 복수동,https://www.daangn.com/kr/buy-sell/%EB%A9%94%EB%94%94%ED%81%90%EB%B8%8C-%EB%B6%80%EC%8A%A4%ED%84%B0-%ED%94%84%EB%A1%9C-%EB%AF%B8%EB%8B%88-%EC%B6%98%EC%8B%9D%EC%9D%B4-%EC%97%90%EB%94%94%EC%85%98-9i9vtiwo72yn/
2025-05-12,메디큐브부스터프로age-rbooterpro,"구매하고 몇 번 사용하지 않아서
판매합니다.
",1,3,100,200000,45.9,jhmom,판매완료,7,대전 서구 복수동,https://www.daangn.com/kr/buy-sell/%EB%A9%94%EB%94%94%ED%81%90%EB%B8%8C-%EB%B6%80%EC%8A%A4%ED%84%B0-%ED%94%84%EB%A1%9C-age-r-booter-pro-zd46hjkhrjz1/
2024-05-18,메디큐브부스터프로,"구매한 후 실사용 몇 번 되지 않고 그대로 보관중인 제품입니다! 깨끗이 사용했어요. 기스는 1개로 사진 첨부했습니다!
위례광장에서 거래 가능해요!",2,10,302,280000,38.7,로포표로,판매중,7,경기 성남시 수정구 위례동,https://www.daangn.com/kr/buy-sell/%EB%A9%94%EB%94%94%ED%81%90%EB%B8%8C-%EB%B6%80%EC%8A%A4%ED%84%B0%ED%94%84%EB%A1%9C-s328ecn3tdmh/
2026-03-31,메디큐브부스터프로핑크,"메디큐브 에이지알 부스터 프로 핑크색입니다.

❌❌부스터프로X2 아닙니다❌❌

평일 남위례역 혹은 봉은사역 직거래나 그 외 장소는 협의 가능합니다.
사용때마다 알콜스왑으로 닦고 사용했습니다. 5개월정도 썼구요. 상자는 없습니다.

회사에서 글 올려서 실물 사진이 없는데 필요하시면 채팅주세요!

환불 불가합니다!",0,9,772,170000,38.0,쏠쏠,판매중,1,경기 성남시 수정구 위례동,https://www.daangn.com/kr/buy-sell/%EB%A9%94%EB%94%94%ED%81%90%EB%B8%8C-%EB%B6%80%EC%8A%A4%ED%84%B0-%ED%94%84%EB%A1%9C-%ED%95%91%ED%81%AC-n5wb22rd6bve/
2026-05-25,메디큐브에이지알부스터프로(상태좋음),"메디큐브 에이지알 부스터 프로 입니다. 상태좋아요.

구성품은 본체랑 박스입니다. 충전기는 C타입 쓰시면 됩니다. C타입 없으시면 하나 드릴게요.

새 제품 가격보다 훨씬 저렴하게 가져가세요!

다른 기기를 들이게되어 팝니다. 피부 관리에 관심 있는 분들에게 추천드리는 제품이에요! 

*직거래 하시는분은 만원 빼드립니다*",1,6,97,115000,42.1,서른홧티잉,판매완료,3,경기 성남시 수정구 위례동,https://www.daangn.com/kr/buy-sell/%EB%A9%94%EB%94%94%ED%81%90%EB%B8%8C-%EC%97%90%EC%9D%B4%EC%A7%80%EC%95%8C-%EB%B6%80%EC%8A%A4%ED%84%B0-%ED%94%84%EB%A1%9C-%EC%83%81%ED%83%9C%EC%A2%8B%EC%9D%8C-a2om348cg2bx/
2026-03-29,더안낮춥니다/메디큐브에이지알부스터프로미니핑크,"메디큐브 에이지알 부스터 프로 미니 핑크색입니다.
언제 어디서나 간편하게 사용할 수 있습니다! 
피부 속 콜라겐, 엘라스틴, 보습 성분 흡수를 촉진하여 피부 속부터 차오르는 탄력과 광채를 경험할 수 있습니다.

새로 사용할 기기를 장만해서 팔아요! 
10번 안 썼습니당.

반택 + 2.0
일택 + 4.0",0,13,227,51000,45.3,닉농,판매완료,2,경기 성남시 수정구 위례동,https://www.daangn.com/kr/buy-sell/%EB%8D%94-%EC%95%88%EB%82%AE%EC%B6%A5%EB%8B%88%EB%8B%A4-%EB%A9%94%EB%94%94%ED%81%90%EB%B8%8C-%EC%97%90%EC%9D%B4%EC%A7%80%EC%95%8C-%EB%B6%80%EC%8A%A4%ED%84%B0-%ED%94%84%EB%A1%9C-%EB%AF%B8%EB%8B%88-%ED%95%91%ED%81%AC-e2ngcj75t76r/
2026-01-11,메디큐브에이지알부스터프로미니,"메디큐브 에이지알 부스터 프로 미니입니다
피부 속 콜라겐, 엘라스틴, 보습 성분 흡수율을 높여 피부 속부터 차오르는 탄력 광채 피부를 선사합니다


케이스없어요 , 본체만있고 생활기스는있습니다
쓰는데무리없고 어제 충전까지완료 고장난거없어요
c타입 충전기로 충전가능합니다


반값택배,비대면거래가능

반품,환불x",5,30,560,40000,41.1,럽체리맘,판매완료,4,경기 성남시 수정구 위례동,https://www.daangn.com/kr/buy-sell/%EB%A9%94%EB%94%94%ED%81%90%EB%B8%8C-%EC%97%90%EC%9D%B4%EC%A7%80%EC%95%8C-%EB%B6%80%EC%8A%A4%ED%84%B0-%ED%94%84%EB%A1%9C-%EB%AF%B8%EB%8B%88-c3ff2mhuzuh6/
2026-04-02,메디큐브에이지알부스터프로핑크,"메디큐브 에이지알 부스터 프로 핑크색입니다!
피부 속 콜라겐, 탄력, 보습 개선에 도움을 줍니다.

이번년도 1월에 사놓고 3번 정도 쓰고 보관만 했어요!
효과는 좋은데 매일 하기 귀찮아서 손이 잘안가서 팔아요ㅠㅠ
함께 보이는 손세정티슈와 딘시 선크림도 같이 드립니다!
선물 받은 톤 업 선크림인데 저는 톤 업 크림류를 안써서 원하시면 같이 드려요!!

박스는 없구 본체랑 충전선만 있어요!",1,4,31,120000,43.0,미루,판매완료,3,경기 성남시 수정구 위례동,https://www.daangn.com/kr/buy-sell/%EB%A9%94%EB%94%94%ED%81%90%EB%B8%8C-%EC%97%90%EC%9D%B4%EC%A7%80%EC%95%8C-%EB%B6%80%EC%8A%A4%ED%84%B0-%ED%94%84%EB%A1%9C-%ED%95%91%ED%81%AC-escekdn62iqj/
2026-01-07,메디큐브에이지알부스터프로미니핑크-플러스아님,"메디큐브 에이지알 부스터 프로 미니 핑크색입니다.

❌❌플러스 아니에요❌❌

평일 오후7시 남위례역 직거래나 그 외 장소는 협의 가능합니다.
사고 10번정도 쓴 뒤 바로 부스터프로로 갈아타서 흠집은 없습니다. 상자는 없습니다.

회사에서 글 올려서 실물 사진이 없는데 필요하시면 채팅주세요!

환불 불가합니다!",6,24,473,38000,38.0,쏠쏠,판매완료,1,경기 성남시 수정구 위례동,https://www.daangn.com/kr/buy-sell/%EB%A9%94%EB%94%94%ED%81%90%EB%B8%8C-%EC%97%90%EC%9D%B4%EC%A7%80%EC%95%8C-%EB%B6%80%EC%8A%A4%ED%84%B0-%ED%94%84%EB%A1%9C-%EB%AF%B8%EB%8B%88-%ED%95%91%ED%81%AC-%ED%94%8C%EB%9F%AC%EC%8A%A4%EC%95%84%EB%8B%98-2iuexastus53/
2026-02-24,메디큐브부스터프로미니마이멜로디에디션,"메디큐브 부스터 프로 미니 마이멜로디 에디션입니다
피부 속 콜라겐, 엘라스틴, 보습 성분 흡수를 촉진시켜 피부 속부터 차오르는 탄력과 광채를 경험할 수 있어요
피부결 개선, 광채 개선, 탄력 개선에 도움을 줍니다
핑크색의 귀여운 마이멜로디 디자인으로 소장 가치를 높였어요

✅ 중고라서 반품/환불은 어려워요 🥹❌
✅ 예민하신 분은 정중히 거래 피해주세요 🙏🏼
✅ 찔러보기는 마음만 받을게요☺️
✅ 아기와 함께라 문고리 거래 가능해요 👶🏻
✅ 당근 바로구매 가능해요 🥕
✅ 입금 확인되면 동·호수 안내드릴게요 🏡✨
✅ 약속 잡고 잠수는… 조용히 사양할게요 🥹
✅ 매너거래 부탁드려요 🥺
✅ 거래 후 매너평가 살짝 부탁드려요 ❤️✨",2,30,493,65000,44.4,뇸뇸이,판매완료,1,경기 성남시 수정구 위례동,https://www.daangn.com/kr/buy-sell/%EB%A9%94%EB%94%94%ED%81%90%EB%B8%8C-%EB%B6%80%EC%8A%A4%ED%84%B0-%ED%94%84%EB%A1%9C-%EB%AF%B8%EB%8B%88-%EB%A7%88%EC%9D%B4%EB%A9%9C%EB%A1%9C%EB%94%94-%EC%97%90%EB%94%94%EC%85%98-ho6sn4cumb8m/
2026-01-29,메디큐브age-r부스터프로미니화이트,박스가 있긴한데 더러워서 다른박스에 드릴게요 저한테는 딱히 효과가 없어서 10번도 안쓴거같아요 작년에사서 사용감은 어느정도 있어요,4,17,227,30000,35.9,똥띠,판매완료,1,경기 성남시 수정구 위례동,https://www.daangn.com/kr/buy-sell/%EB%A9%94%EB%94%94%ED%81%90%EB%B8%8C-age-r-%EB%B6%80%EC%8A%A4%ED%84%B0-%ED%94%84%EB%A1%9C-%EB%AF%B8%EB%8B%88-%ED%99%94%EC%9D%B4%ED%8A%B8-adrcwfmkmhja/
2025-11-25,메디큐브에이지알부스터프로미니,"메디큐브 에이지알 부스터 프로 미니 내놓습니다!
해외갈때 유용하게 쓰고 비행기에서도 잘 썼네요~ 
다른거 구입해서 내 놓습니다! 

5단계 

파우치와 본품만 있습니다.",3,16,144,40000,41.5,2341,판매완료,1,경기 성남시 수정구 위례동,https://www.daangn.com/kr/buy-sell/%EB%A9%94%EB%94%94%ED%81%90%EB%B8%8C-%EC%97%90%EC%9D%B4%EC%A7%80%EC%95%8C-%EB%B6%80%EC%8A%A4%ED%84%B0-%ED%94%84%EB%A1%9C-%EB%AF%B8%EB%8B%88-5rpmwbbrysgh/
2025-11-15,[미개봉새상품]메디큐브에이지알부스터프로미니핑크,"메디큐브 에이지알 부스터 프로 미니 핑크색 새상품입니다. 핑크 히알루로닉 수분크림 포함해서 드려요

위례광장 근처 비대면 문고리 거래입니다.",2,5,62,80000,58.4,리나,판매완료,1,경기 성남시 수정구 위례동,https://www.daangn.com/kr/buy-sell/%EB%AF%B8%EA%B0%9C%EB%B4%89-%EC%83%88%EC%83%81%ED%92%88-%EB%A9%94%EB%94%94%ED%81%90%EB%B8%8C-%EC%97%90%EC%9D%B4%EC%A7%80%EC%95%8C-%EB%B6%80%EC%8A%A4%ED%84%B0-%ED%94%84%EB%A1%9C-%EB%AF%B8%EB%8B%88-%ED%95%91%ED%81%AC-7swycvfou194/
2025-10-07,메디큐브부스터프로새상품(미개봉),"메디큐브 부스터프로 미개봉 새상품입니다. 
무상보증기간 1년 
버블세럼,마스크팩 10매 같이 드려용",5,9,112,210000,53.0,나나,판매완료,2,경기 성남시 수정구 위례동,https://www.daangn.com/kr/buy-sell/%EB%A9%94%EB%94%94%ED%81%90%EB%B8%8C-%EB%B6%80%EC%8A%A4%ED%84%B0%ED%94%84%EB%A1%9C-%EC%83%88%EC%83%81%ED%92%88-%EB%AF%B8%EA%B0%9C%EB%B4%89-s1ppwc3bm8rk/
2025-07-14,메디큐브에이지알부스터프로미니새상품,"메디큐브 AGE-R 부스터 프로 미니 새상품입니다
피부 속 광채 부스팅에 좋대요!

- 5가지 광채 모드
- 미세 전류, 쿨링 기능
-

박스도 같이 드려요~
기존에 사용하고 있던 제품이고 선물받아서 판매합니다.",5,14,228,80000,37.4,해피,판매완료,3,경기 성남시 수정구 위례동,https://www.daangn.com/kr/buy-sell/%EB%A9%94%EB%94%94%ED%81%90%EB%B8%8C-%EC%97%90%EC%9D%B4%EC%A7%80%EC%95%8C-%EB%B6%80%EC%8A%A4%ED%84%B0-%ED%94%84%EB%A1%9C-%EB%AF%B8%EB%8B%88-%EC%83%88%EC%83%81%ED%92%88-4s65uvcsuckz/
2025-03-19,메디큐브에이지알부스터프로풀박팝니다,판완,2,0,110,12345,42.2,뮤우노노,판매완료,1,경기 성남시 수정구 위례동,https://www.daangn.com/kr/buy-sell/%EB%A9%94%EB%94%94%ED%81%90%EB%B8%8C-%EC%97%90%EC%9D%B4%EC%A7%80%EC%95%8C-%EB%B6%80%EC%8A%A4%ED%84%B0%ED%94%84%EB%A1%9C-%ED%92%80%EB%B0%95%ED%8C%9D%EB%8B%88%EB%8B%A4-13h28s94bspe/
2025-03-12,새상품)메디큐브부스터프로쿠로미에디션세트,"부스터프로 쿠로미 에디션 예약판매중인 제품입니다. 
상자만 열어본 새상품 입니다
쇼핑백도 있어서 선물하시기 좋을꺼에요",1,8,176,300000,36.9,골든크로스,판매완료,3,경기 성남시 수정구 위례동,https://www.daangn.com/kr/buy-sell/%EC%83%88%EC%83%81%ED%92%88-%EB%A9%94%EB%94%94%ED%81%90%EB%B8%8C-%EB%B6%80%EC%8A%A4%ED%84%B0%ED%94%84%EB%A1%9C-%EC%BF%A0%EB%A1%9C%EB%AF%B8-%EC%97%90%EB%94%94%EC%85%98-%EC%84%B8%ED%8A%B8-h7bczuvefw9g/
2025-02-03,메디큐브부스터프로,"6~7번 사용
본품과 사용설명서, 충전잭 함께 드려요",3,0,81,170000,38.7,acdc,판매완료,1,경기 성남시 수정구 위례동,https://www.daangn.com/kr/buy-sell/%EB%A9%94%EB%94%94%ED%81%90%EB%B8%8C-%EB%B6%80%EC%8A%A4%ED%84%B0%ED%94%84%EB%A1%9C-jthm3ahecgf9/
2024-11-30,메디큐브에이지알부스터프로(상자없음),"올해 구입 후 5회 미만 사용입니다.
상자 없고 기계만 있어 
싸게 팝니다.

    ",3,0,110,150000,40.0,자몽허니,판매완료,2,경기 성남시 수정구 위례동,https://www.daangn.com/kr/buy-sell/%EB%A9%94%EB%94%94%ED%81%90%EB%B8%8C-%EC%97%90%EC%9D%B4%EC%A7%80%EC%95%8C-%EB%B6%80%EC%8A%A4%ED%84%B0-%ED%94%84%EB%A1%9C-%EC%83%81%EC%9E%90%EC%97%86%EC%9D%8C-v1757kfi7ycf/
2026-04-16,메디큐브부스터프로미니+클린징헤드(새상품),"현재 부스터프로 사용중인데
또 선무로 받아서 판매합니다.

서초4동
비대면 문고리거래
CU반값택배가능

선입금 후 예약중으로 변경해드리고 
입금확인 후 상세주소 안내드립니다.

판매후 교환환불은 불가하오니
신중히 구매해주시길 바랍니다.",0,5,74,160000,54.7,damanegisang,판매중,3,서울시 서초구 서초4동,https://www.daangn.com/kr/buy-sell/%EB%A9%94%EB%94%94%ED%81%90%EB%B8%8C-%EB%B6%80%EC%8A%A4%ED%84%B0%ED%94%84%EB%A1%9C-%EB%AF%B8%EB%8B%88-%ED%81%B4%EB%A6%B0%EC%A7%95%ED%97%A4%EB%93%9C-%EC%83%88%EC%83%81%ED%92%88-1x857ojv8tn3/
2026-05-27,[pdrn세럼증정]메디큐브에이지알부스터프로블랙,"집에 미용기기가 넘 많아서 내놓아요
구매 하시는 분은 기계랑 쓸 수 있게 핑크세럼 같이 드립니다

메디큐브 에이지알 부스터프로 블랙 색상입니다

알코올 스왑으로 깔끔하게 관리했고

구성품은 본체와 설명서, 박스 모두 포함되어 있어요
충전은 c type 케이블로 하심됩니다

사진에서 보이는 것처럼 깔끔한 상태를 유지하고 있습니다
피부 탄력 관리에 관심 있는 분들께 추천드려요",1,5,50,100000,44.0,hi,판매완료,4,서울시 서초구 서초4동,https://www.daangn.com/kr/buy-sell/pdrn%EC%84%B8%EB%9F%BC%EC%A6%9D%EC%A0%95-%EB%A9%94%EB%94%94%ED%81%90%EB%B8%8C-%EC%97%90%EC%9D%B4%EC%A7%80%EC%95%8C-%EB%B6%80%EC%8A%A4%ED%84%B0%ED%94%84%EB%A1%9C-%EB%B8%94%EB%9E%99-msqnp6kt1szb/
2026-05-05,메디큐브에이지알부스터프로블랙팝니다.,"메디큐브 에이지알 부스터프로 블랙 팝니다.
올해 구매했고 본체, 충전선, 설명서 있습니다.
신논현역, 강남역, 남영역, 숙대입구역 직거래나 택배거래 합니다.
",1,3,97,110000,45.4,샤샤집사,판매완료,1,서울시 서초구 서초4동,https://www.daangn.com/kr/buy-sell/%EB%A9%94%EB%94%94%ED%81%90%EB%B8%8C-%EC%97%90%EC%9D%B4%EC%A7%80%EC%95%8C-%EB%B6%80%EC%8A%A4%ED%84%B0%ED%94%84%EB%A1%9C-%EB%B8%94%EB%9E%99-%ED%8C%9D%EB%8B%88%EB%8B%A4-nq9bwmydp9xu/
2026-04-25,메디큐브헬로키티에디션부스터프로,"사용 5회미만
윤곽수술하게되어 당분간사용못해서 처분합니당..",3,26,224,150000,39.5,마리슈,판매완료,2,서울시 서초구 서초4동,https://www.daangn.com/kr/buy-sell/%EB%A9%94%EB%94%94%ED%81%90%EB%B8%8C-%ED%97%AC%EB%A1%9C%ED%82%A4%ED%8B%B0-%EC%97%90%EB%94%94%EC%85%98-%EB%B6%80%EC%8A%A4%ED%84%B0-%ED%94%84%EB%A1%9C-wpj3a1t4c9h3/
2026-03-25,메디큐브에이지알부스터프로헬로키티에디션,"메디큐브 에이지알 부스터 프로 헬로키티 에디션 판매해요

박스 개봉하고 한번사용이요
상태완전좋아요

헬로키티 디자인이 특별한 에디션이에요
귀찮아서 사용을 잘안해서
내놓습니다

",2,4,60,195000,45.6,겸둥이엄마,판매완료,4,서울시 서초구 서초4동,https://www.daangn.com/kr/buy-sell/%EB%A9%94%EB%94%94%ED%81%90%EB%B8%8C-%EC%97%90%EC%9D%B4%EC%A7%80%EC%95%8C-%EB%B6%80%EC%8A%A4%ED%84%B0-%ED%94%84%EB%A1%9C-%ED%97%AC%EB%A1%9C%ED%82%A4%ED%8B%B0-%EC%97%90%EB%94%94%EC%85%98-1vtjnu2sdeaz/
2026-03-10,[판매]메디큐브ems부스터브이롤러(부스터프로미니+브이롤러헤드),"메디큐브 EMS 부스터 브이롤러 판매합니다😊
부스터프로 미니와 브이롤러 헤드 세트로 PDRN 원데이 세럼도 같이 드릴게요!

2026년 2월에 구매했고 10회 정도 사용한 제품입니다.
공식몰에서는 167,000원으로 판매중이에요.

직거래는 강남/신논현 가능하며, 반값택배도 가능합니다!",2,10,82,100000,36.7,뷰뷰르,판매완료,4,서울시 서초구 서초4동,https://www.daangn.com/kr/buy-sell/%ED%8C%90%EB%A7%A4-%EB%A9%94%EB%94%94%ED%81%90%EB%B8%8C-ems-%EB%B6%80%EC%8A%A4%ED%84%B0-%EB%B8%8C%EC%9D%B4%EB%A1%A4%EB%9F%AC-%EB%B6%80%EC%8A%A4%ED%84%B0%ED%94%84%EB%A1%9C-%EB%AF%B8%EB%8B%88-%EB%B8%8C%EC%9D%B4%EB%A1%A4%EB%9F%AC-%ED%97%A4%EB%93%9C-1jh48jvoa27p/
2026-02-04,메디큐브부스터프로화이트새상품,"판매합니다 아예 새상품이에요
오늘 받았는데 쓰던거 있어서 판매해요~",4,5,72,180000,43.3,프리쟈,판매완료,1,서울시 서초구 서초4동,https://www.daangn.com/kr/buy-sell/%EB%A9%94%EB%94%94%ED%81%90%EB%B8%8C-%EB%B6%80%EC%8A%A4%ED%84%B0%ED%94%84%EB%A1%9C-%ED%99%94%EC%9D%B4%ED%8A%B8-%EC%83%88%EC%83%81%ED%92%88-92f3q1p4fofi/
2025-10-11,메디큐브에이지알부스터프로핑크버니새상품,"이미 가지고 있는데 선물이 들어와서 판매합니다.
메디큐브 에이지알 부스터 프로 핑크 버니 에디션 새상품입니다!

- 5가지 모드 (부스팅, 콜라겐, 탄력, 광채, 모공)
- 핑크 버니 헤드 포함
- PDRN 글로우 키트 포함

피부 속 광채 부스팅, 콜라겐 흡수 촉진, 피부 탄력 개선, 모공 케어에 좋아요
박스도 같이 드려요~",3,8,195,220000,37.0,시엔난,판매완료,2,서울시 서초구 서초4동,https://www.daangn.com/kr/buy-sell/%EB%A9%94%EB%94%94%ED%81%90%EB%B8%8C-%EC%97%90%EC%9D%B4%EC%A7%80%EC%95%8C-%EB%B6%80%EC%8A%A4%ED%84%B0-%ED%94%84%EB%A1%9C-%ED%95%91%ED%81%AC%EB%B2%84%EB%8B%88-%EC%83%88%EC%83%81%ED%92%88-xz1rm61xah31/
2025-12-05,메디큐브에이지알부스터프로팝니다,"메디큐브 부스터프로 팝니다.
구매할때 35만원정도 주고 구매했고
게을러서 잘쓰지 못하고 있다가 다른 좋은분께 넘겨드리려 합니다

실사용은 몇번없고 보관만 오래했는데 덕분에 상자외관리 점 지저분하네요
기기안 줄은 원래있었고 작동 잘 됩니다.
박스랑 사용설명서 충전기 모두 포함이고
볼륨 올려주는 칼슘앰플 서비스로 드려요

쿨거래 희망합니다 꿀피부 되실분",3,2,69,138000,44.6,꿍슝,판매완료,6,서울시 서초구 서초4동,https://www.daangn.com/kr/buy-sell/%EB%A9%94%EB%94%94%ED%81%90%EB%B8%8C-%EC%97%90%EC%9D%B4%EC%A7%80%EC%95%8C-%EB%B6%80%EC%8A%A4%ED%84%B0%ED%94%84%EB%A1%9C-%ED%8C%9D%EB%8B%88%EB%8B%A4-pbvzby1bgoxx/
2025-12-03,메디큐브부스터프로팝니다.서비스앰플,".메디큐브 부스터프로 팝니다. 
구매할 때 35만원정도 주고 구매했고, 게을러서 잘 쓰지 못하고 있다가 
다른 좋은분께 넘겨드리려고 합니다. 

실사용은 몇번없고, 보관만 오래했는데 덕분에 상자외관이 좀 지저분하네요 
박스랑 사용설명서 충전기 등 모두 포함이고, 닥터멜락신 2만원 넘는 
볼륨 올려주는 칼슘앰플도 서비스로 드립니다. 

저대신 열심히 해서 꿀피부 되실분 저렴하게 가져가세요.",6,19,112,128000,44.6,꿍슝,판매완료,4,서울시 서초구 서초4동,https://www.daangn.com/kr/buy-sell/%EB%A9%94%EB%94%94%ED%81%90%EB%B8%8C-%EB%B6%80%EC%8A%A4%ED%84%B0%ED%94%84%EB%A1%9C-%ED%8C%9D%EB%8B%88%EB%8B%A4-%EC%84%9C%EB%B9%84%EC%8A%A4%EC%95%B0%ED%94%8C-agjcbpejpj9s/
2025-11-16,메디큐브에이지알부스터프로블랙,"메디큐브 에이지알 부스터 프로 블랙 
선물받은후 몇번 켜보다가 오늘 처음 충전기 꼽아봤어요.

잘 쓰시는분이 가져가셔서 효과보시면 좋겠어요.
신논현역, 강남역부근 문고리직거래원해요",3,4,125,100000,48.4,agnes,판매완료,2,서울시 서초구 서초4동,https://www.daangn.com/kr/buy-sell/%EB%A9%94%EB%94%94%ED%81%90%EB%B8%8C-%EC%97%90%EC%9D%B4%EC%A7%80%EC%95%8C-%EB%B6%80%EC%8A%A4%ED%84%B0-%ED%94%84%EB%A1%9C-%EB%B8%94%EB%9E%99-k2nh1fwzrhy2/
2025-10-12,메디큐브age-r부스터프로(미개봉새상품),"메디큐브 AGE-R 부스터 프로 풀박스 새제품
직거래 신논현역 부근에서가능
비슷한 뷰티디바이스가 이미있어 
판매합니다.



",4,6,115,200000,48.4,꼼딱마,판매완료,3,서울시 서초구 서초4동,https://www.daangn.com/kr/buy-sell/%EB%A9%94%EB%94%94%ED%81%90%EB%B8%8C-age-r-%EB%B6%80%EC%8A%A4%ED%84%B0-%ED%94%84%EB%A1%9C-%EB%AF%B8%EA%B0%9C%EB%B4%89%EC%83%88%EC%83%81%ED%92%88-gqo2t6iqcopa/
2025-08-30,메디큐브부스터프로미니핑크(미개봉새상품),"메디큐브 부스터 프로 미니 내놓습니다!

선물받았는데 다른기기가 있어서 내놓아요.

미백, 트러블 집중 타겟

교대역 근처 직거래 가능합니다.",2,3,90,95000,40.3,행성,판매완료,2,서울시 서초구 서초4동,https://www.daangn.com/kr/buy-sell/%EB%A9%94%EB%94%94%ED%81%90%EB%B8%8C-%EB%B6%80%EC%8A%A4%ED%84%B0-%ED%94%84%EB%A1%9C-%EB%AF%B8%EB%8B%88-%ED%95%91%ED%81%AC-%EB%AF%B8%EA%B0%9C%EB%B4%89-%EC%83%88%EC%83%81%ED%92%88-opvtk52nmmd4/
2025-08-07,메디큐브에이지알부스터프로s급,"메디큐브 에이지알 부스터프로 풀박스 
상태완전s급이에요!!

사용횟수 10번안될거같아요 드문드문 귀찮아서...
직거래만가능합니다!
사진은상태보시는거랑같아요 당연히 정상작동합니다!
전용파우치도 구성이에요
중고거래특성상 
정품입니다 정품 인증 큐알잇어요 이게 가짜가잇나요? 정품인증,제조년일 뭐물어보는사람이많아서요 
구매하실분만연락주세요
환불 교환 x
 네고×",1,0,38,180000,40.8,쿠키크림,판매완료,5,서울시 서초구 서초4동,https://www.daangn.com/kr/buy-sell/%EB%A9%94%EB%94%94%ED%81%90%EB%B8%8C-%EC%97%90%EC%9D%B4%EC%A7%80%EC%95%8C-%EB%B6%80%EC%8A%A4%ED%84%B0-%ED%94%84%EB%A1%9C-s%EA%B8%89-t1fmvjc92zut/
2025-04-27,메디큐브에이지알부스터프로미니,"메디큐브 에이지알 부스터 프로 미니 내놓습니다
피부톤 개선과 탄력 증가에 도움을 줘요

- LED 파장
- 미세전류
- 2가지모드

본품만있고 박스는 없어용 2회사용 2주전구매
미니 말구 프로로 업그레이드하고싶어서 판매합니다",1,9,231,70000,43.4,또당근,판매완료,1,서울시 서초구 서초4동,https://www.daangn.com/kr/buy-sell/%EB%A9%94%EB%94%94%ED%81%90%EB%B8%8C-%EC%97%90%EC%9D%B4%EC%A7%80%EC%95%8C-%EB%B6%80%EC%8A%A4%ED%84%B0-%ED%94%84%EB%A1%9C-%EB%AF%B8%EB%8B%88-yi2it823q1si/
2025-04-13,메디큐브에이지알부스터프로,"새상품입니다
직거래✅
택배👌

네고 일단 연락부터 주세요",1,3,76,250000,45.8,gunn,판매완료,5,서울시 서초구 서초4동,https://www.daangn.com/kr/buy-sell/%EB%A9%94%EB%94%94%ED%81%90%EB%B8%8C-%EC%97%90%EC%9D%B4%EC%A7%80%EC%95%8C-%EB%B6%80%EC%8A%A4%ED%84%B0-%ED%94%84%EB%A1%9C-n4ahty9iu9yg/
2025-04-08,메디큐브브스터프로미개봉새제품,미개봉 메디큐브 부스터 프로 입니다. 정가보다 8만원 저렴하게 택포 25만원에 내놓습니다. 직거래도 가능해요.,1,0,27,250000,37.5,동그리,판매완료,2,서울시 서초구 서초4동,https://www.daangn.com/kr/buy-sell/%EB%A9%94%EB%94%94%ED%81%90%EB%B8%8C-%EB%B8%8C%EC%8A%A4%ED%84%B0-%ED%94%84%EB%A1%9C-%EB%AF%B8%EA%B0%9C%EB%B4%89-%EC%83%88%EC%A0%9C%ED%92%88-fe4xtnoq4sjj/
2025-03-04,메디큐브부스터프로+세럼,"25년 2월 8일에 배송받고 2번 사용했습니다
사진에 있는 구성으로 판매합니다

교환 환불 안받으니 신중한 구매 부탁드려요",2,0,53,230000,41.7,이런,판매완료,4,서울시 서초구 서초4동,https://www.daangn.com/kr/buy-sell/%EB%A9%94%EB%94%94%ED%81%90%EB%B8%8C-%EB%B6%80%EC%8A%A4%ED%84%B0%ED%94%84%EB%A1%9C-%EC%84%B8%EB%9F%BC-9xi4ggj2szhs/
2025-02-15,메디큐브부스터프로,"24년1월 공식몰에서 구입한 부스터프로 입니다.
초반에만 사용했고 모셔두었습니다.
상태좋고 정상작동 합니다.
박스는 바로 처분하였고
본품기기와 충전선 그대로 있습니다.

직거래 가능합니다",11,1,292,150000,43.9,화이팅,판매완료,7,서울시 서초구 서초4동,https://www.daangn.com/kr/buy-sell/%EB%A9%94%EB%94%94%ED%81%90%EB%B8%8C-%EB%B6%80%EC%8A%A4%ED%84%B0%ED%94%84%EB%A1%9C-jm5wiwgs2ksy/
2025-02-02,메디큐브에이지알부스터프로,"사용 세 번 만에 얼굴의 시술을 받는 바람에 한동안 못 쓸 것 같아서 내놓습니다.
ps. 너무 많은 분들이 한꺼번에 문자를 주셔서 글을 남깁니다. 충전기를 찾아보긴 하는데 어디다. 뒀는지 모르겠습니다. 그냥 이 상태만 원하시는 분들이 구매하셨으면 좋겠습니다",14,2,314,150000,38.7,융이누나,판매완료,3,서울시 서초구 서초4동,https://www.daangn.com/kr/buy-sell/%EB%A9%94%EB%94%94%ED%81%90%EB%B8%8C-%EC%97%90%EC%9D%B4%EC%A7%80%EC%95%8C%EB%B6%80%EC%8A%A4%ED%84%B0-%ED%94%84%EB%A1%9C-1eh2ob6gpk1m/
2024-12-09,메디큐브에이지알부스터프로,"빠른 거래위해 싸게 판매합니다
올해 구매하구 실사용 5회미만입니다
작동 잘돼구 상태 최상입니다
계속 사용하려구 사자마자 박스는 버려서 본품과 충전케이블 드립니다
가격네고×

취소반품 불가 반값택배가능 ",2,6,123,190000,99.0,망고,판매완료,4,서울시 서초구 서초4동,https://www.daangn.com/kr/buy-sell/%EB%A9%94%EB%94%94%ED%81%90%EB%B8%8C-%EC%97%90%EC%9D%B4%EC%A7%80%EC%95%8C-%EB%B6%80%EC%8A%A4%ED%84%B0%ED%94%84%EB%A1%9C-bc62hu5a6dwt/
2024-06-17,미개봉새상품메디큐브부스터프로,"지난달 구매한 부스터프로 메디큐브 싸게 팝니다
미개봉입니다.포장되어잇습니다",1,1,113,260000,52.9,펜디디올좋아요,판매완료,2,서울시 서초구 서초4동,https://www.daangn.com/kr/buy-sell/%EB%AF%B8%EA%B0%9C%EB%B4%89-%EC%83%88%EC%83%81%ED%92%88-%EB%A9%94%EB%94%94%ED%81%90%EB%B8%8C-%EB%B6%80%EC%8A%A4%ED%84%B0%ED%94%84%EB%A1%9C-fbpt6nthwvh2/
2025-12-15,메디큐브에이지알글루타치온글로우세럼(새상품),"메디큐브 AGE-R 글루타치온 글로우 세럼
부스터프로 쓸 때 사용하려고 산 세럼인데 잘 안쓰게 되어 판매합니다.

- 리뉴얼 전 버전
- 소비 기한 : 2027년 2월 13일

직거래 (동남구청 근처)
그 외 거래 방법은 문의주세요.",1,4,32,6000,37.1,리주,판매완료,2,충남 천안시 동남구 문화동,https://www.daangn.com/kr/buy-sell/%EB%A9%94%EB%94%94%ED%81%90%EB%B8%8C-%EC%97%90%EC%9D%B4%EC%A7%80%EC%95%8C-%EA%B8%80%EB%A3%A8%ED%83%80%EC%B9%98%EC%98%A8-%EA%B8%80%EB%A1%9C%EC%9A%B0-%EC%84%B8%EB%9F%BC-%EC%83%88%EC%83%81%ED%92%88-jyini9qn43sh/
2026-06-04,메디큐브에이지알부스터프로블랙새상품,"메디큐브 에이지알 부스터 프로 블랙
포장도 뜯지 않은 새상품 입니다",0,1,15,165000,39.3,닝다희,판매중,1,인천 부평구 부평동,https://www.daangn.com/kr/buy-sell/%EB%A9%94%EB%94%94%ED%81%90%EB%B8%8C-%EC%97%90%EC%9D%B4%EC%A7%80%EC%95%8C-%EB%B6%80%EC%8A%A4%ED%84%B0-%ED%94%84%EB%A1%9C-%EB%B8%94%EB%9E%99-%EC%83%88%EC%83%81%ED%92%88-xuw8jwj9ys48/
2026-05-08,메디큐브에이지알부스터프로옐로우,"메디큐브 공홈에서 구매한 정품입니다
사놓고 귀찮아서 잘 안쓰게 되어 내놓습니다
올해 4월에 구매했고 제조일은 25년 3월입니다

공홈에서 받은 구성품 그대로 다 있습니다",0,1,54,230000,39.5,쩐쩐쩐,판매중,4,인천 부평구 부평동,https://www.daangn.com/kr/buy-sell/%EB%A9%94%EB%94%94%ED%81%90%EB%B8%8C-%EC%97%90%EC%9D%B4%EC%A7%80%EC%95%8C-%EB%B6%80%EC%8A%A4%ED%84%B0-%ED%94%84%EB%A1%9C-%EC%98%90%EB%A1%9C%EC%9A%B0-719gtq4tkinj/
2025-10-14,메디큐브부스터프로미니팝니다,"오늘받아서 한번 써봤는데
저랑 안맞아서 팝니다ㅠㅠ
본사정품입니다
택배가능합니다.",0,1,126,108000,44.8,홍홍,판매중,4,인천 부평구 부평동,https://www.daangn.com/kr/buy-sell/%EB%A9%94%EB%94%94%ED%81%90%EB%B8%8C-%EB%B6%80%EC%8A%A4%ED%84%B0%ED%94%84%EB%A1%9C%EB%AF%B8%EB%8B%88-%ED%8C%9D%EB%8B%88%EB%8B%A4-mksmxswwmwar/
2026-05-19,메디큐브에이지알부스터프로헬로키티에디션,"메디큐브 에이지알 부스터 프로 헬로키티 에디션입니다.

사진과 같이 본체와 충전 케이블이 구성품으로 포함되어 있어요.

3번 사용했습니다. 

안써서 판매합니다. 
부평 감리교회앞 직거래 합니다
",0,1,27,200000,36.7,퍼리,판매중,6,인천 부평구 부평동,https://www.daangn.com/kr/buy-sell/%EB%A9%94%EB%94%94%ED%81%90%EB%B8%8C-%EC%97%90%EC%9D%B4%EC%A7%80%EC%95%8C-%EB%B6%80%EC%8A%A4%ED%84%B0-%ED%94%84%EB%A1%9C-%ED%97%AC%EB%A1%9C%ED%82%A4%ED%8B%B0-%EC%97%90%EB%94%94%EC%85%98-712td24mkk7c/
2026-03-11,메디큐브에이지알부스터프로블랙미개봉,"풀박스 미개봉입니다!
 
네고없이 쿨거래 하려고 싸게올렸어요!",2,4,73,200000,38.6,저녁마다보드게임하는주민,판매완료,1,인천 부평구 부평동,https://www.daangn.com/kr/buy-sell/%EB%A9%94%EB%94%94%ED%81%90%EB%B8%8C-%EC%97%90%EC%9D%B4%EC%A7%80%EC%95%8C-%EB%B6%80%EC%8A%A4%ED%84%B0-%ED%94%84%EB%A1%9C-%EB%B8%94%EB%9E%99-%EB%AF%B8%EA%B0%9C%EB%B4%89-v2apa3bjshru/
2026-05-01,메디큐브에이지알부스터프로미니화이트,기기만 판매해여,1,3,86,30000,36.2,밍밍22,판매완료,1,인천 부평구 부평동,https://www.daangn.com/kr/buy-sell/%EB%A9%94%EB%94%94%ED%81%90%EB%B8%8C-%EC%97%90%EC%9D%B4%EC%A7%80%EC%95%8C-%EB%B6%80%EC%8A%A4%ED%84%B0-%ED%94%84%EB%A1%9C-%EB%AF%B8%EB%8B%88-%ED%99%94%EC%9D%B4%ED%8A%B8-6o73vij753zh/
2026-05-04,메디큐브부스터프로새상품,비닐도 안뜯은 새상품 입니다,1,5,41,160000,41.8,베이글,판매완료,1,인천 부평구 부평동,https://www.daangn.com/kr/buy-sell/%EB%A9%94%EB%94%94%ED%81%90%EB%B8%8C-%EB%B6%80%EC%8A%A4%ED%84%B0-%ED%94%84%EB%A1%9C-%EC%83%88%EC%83%81%ED%92%88-x4wuzo5ytto7/
2026-03-09,메디큐브에이지알부스터프로레몬베어세트,"메디큐브 에이지알 부스터 프로 레몬베어 풀박스 구성으로 드립니다

-피부 속 광채 효과
-피부톤 개선에 도움

피부 컨디션을 끌어올려 보세요

2025년 08월 메디큐브 네이버스토어에서 정품으로 구매했습니다.
몇번 사용했지만  매번 알콜스왑으로 소독했고 기스 없고 정상작동하고 깨끗합니다.

※부평역 근처 직거래/문고리 거래 가능
(당근페이 가능 / 예약 후 선입금 시 주소 알려드립니다)",1,9,157,200000,40.3,초코퐁듀퐁당사과,판매완료,5,인천 부평구 부평동,https://www.daangn.com/kr/buy-sell/%EB%A9%94%EB%94%94%ED%81%90%EB%B8%8C-%EC%97%90%EC%9D%B4%EC%A7%80%EC%95%8C-%EB%B6%80%EC%8A%A4%ED%84%B0-%ED%94%84%EB%A1%9C-%EB%A0%88%EB%AA%AC%EB%B2%A0%EC%96%B4-%EC%84%B8%ED%8A%B8-cwmuhdd6dfxq/
2026-01-10,메디큐브에이지알부스터프로블랙,"메디큐브 에이지알 부스터 프로 블랙입니다

- 5가지 모드(부스터, 콜라겐, 타이트닝, 에어, EMS)로 피부 관리를 할 수 있습니다
- 속 광채, 탄력, 모공, 진피 치밀도 개선 효과가 있습니다
- 사용 설명서 함께 드립니다

충전 케이블은 있는데 어떤건지헷갈려서 찾아보고 같이드릴게요

지금까지 충전 딱 두번 했습니다",2,11,79,150000,44.0,묘동이,판매완료,3,인천 부평구 부평동,https://www.daangn.com/kr/buy-sell/%EB%A9%94%EB%94%94%ED%81%90%EB%B8%8C-%EC%97%90%EC%9D%B4%EC%A7%80%EC%95%8C-%EB%B6%80%EC%8A%A4%ED%84%B0-%ED%94%84%EB%A1%9C-%EB%B8%94%EB%9E%99-2tyi3h3jr7vd/
2025-12-27,메디큐브age-r부스터프로풀박스,"메디큐브 에이지알 부스터 프로 풀박스입니다

- 풀박스 구성 (본체, 충전 케이블, 박스)
- 피부 속 광채와 탄력 개선에 도움을 줍니다
- 피부결 개선, 모공 면적 감소, 피부톤 개선 효과가 있습니다

두번 정도만 써 본 거의 새 제품입니다 살때 받은 세럼 2개도 같이 드립니다

필요하신 분 연락주세요(환불 불가)~",1,2,59,150000,43.5,슬기롭자,판매완료,5,인천 부평구 부평동,https://www.daangn.com/kr/buy-sell/%EB%A9%94%EB%94%94%ED%81%90%EB%B8%8C-age-r-%EB%B6%80%EC%8A%A4%ED%84%B0-%ED%94%84%EB%A1%9C-%ED%92%80%EB%B0%95%EC%8A%A4-rkdohvsr65cq/
2025-12-23,메디큐브부스터프로미니,"사용감 많이 없습니다!! 
기기만 있어요",2,2,88,50000,68.6,중고냥이,판매완료,1,인천 부평구 부평동,https://www.daangn.com/kr/buy-sell/%EB%A9%94%EB%94%94%ED%81%90%EB%B8%8C-%EB%B6%80%EC%8A%A4%ED%84%B0-%ED%94%84%EB%A1%9C-%EB%AF%B8%EB%8B%88-b9edwfsb7sqv/
2025-11-08,메디큐브에이지알ems마사지기,"메디큐브 에이지알 EMS 마사지기입니다
- V라인 탄력에 도움을 줍니다
- 슬림 모드와 바디 모드를 지원합니다
- 충전 거치대가 포함되어 있습니다
피부 속 탄력 케어에 효과적입니다

손이 안가서 잘 사용안하다가 이번에 부스터프로로 바꾸게 되어서 팝니다! 
붓기 뺄때 도움 많이 받았었어요 :)!! 
경락 효과 원하시는 분들 추천입니다 ㅎㅎ
젤이 따로 없어서 싸게 드려요 🥹",2,7,92,60000,39.4,넹에,판매완료,2,인천 부평구 부평동,https://www.daangn.com/kr/buy-sell/%EB%A9%94%EB%94%94%ED%81%90%EB%B8%8C-%EC%97%90%EC%9D%B4%EC%A7%80%EC%95%8C-ems-%EB%A7%88%EC%82%AC%EC%A7%80%EA%B8%B0-m947ny2843ic/
2025-10-25,메디큐브에이지알부스터프로핑크,"4월달에 구매해 10번 이내 사용하였습니다. 

375,000원에 구매한 제품입니다. 

소독 다 해서 드립니다~.ᐟ

쿨 거래 시 에누리 해드립니다.",3,8,207,162000,36.9,자룽,판매완료,1,인천 부평구 부평동,https://www.daangn.com/kr/buy-sell/%EB%A9%94%EB%94%94%ED%81%90%EB%B8%8C-%EC%97%90%EC%9D%B4%EC%A7%80%EC%95%8C-%EB%B6%80%EC%8A%A4%ED%84%B0-%ED%94%84%EB%A1%9C-%ED%95%91%ED%81%AC-yektt98a585z/
2025-08-29,메디큐브부스터프로미니,"메디큐브 부스터 프로 미니 내놓습니다~
휴대하기 좋은 미니 사이즈!

- 핑크 케이스 포함이에요
- EMS 미세 전류로 모공 케어, 피부 탄력 개선에 도움을 줍니다",3,10,166,60000,43.1,링링이,판매완료,1,인천 부평구 부평동,https://www.daangn.com/kr/buy-sell/%EB%A9%94%EB%94%94%ED%81%90%EB%B8%8C-%EB%B6%80%EC%8A%A4%ED%84%B0-%ED%94%84%EB%A1%9C-%EB%AF%B8%EB%8B%88-tr67kq27faw5/
2025-08-17,메디큐브부스터프로미니플러스베이지,"메디큐브 부스터프로 미니플러스(베이지)입니다. 1회 사용했습니다(5분).

구성: 본품 + 증정 크림

파우치나 상자는 따로 없습니다.",2,4,91,60000,52.5,하임,판매완료,5,인천 부평구 부평동,https://www.daangn.com/kr/buy-sell/%EB%A9%94%EB%94%94%ED%81%90%EB%B8%8C-%EB%B6%80%EC%8A%A4%ED%84%B0%ED%94%84%EB%A1%9C-%EB%AF%B8%EB%8B%88%ED%94%8C%EB%9F%AC%EC%8A%A4-%EB%B2%A0%EC%9D%B4%EC%A7%80-7s6sanap1z29/
2025-06-15,메디큐브에이지알부스터프로핑크,"메디큐브 에이지알 부스터 프로 핑크 에디션입니다
피부 관리에 좋아요

- 더마 EMS, 에어샷, MTS 기능
- 콜라겐 부스팅, 광채 피부, 톤업 효과
- 피부결 개선에 도움

정가는 329,000원입니다

상태 엄청 좋고 사용 별로 안했어여 싸게 팝니당",3,2,149,150000,43.3,뽀르륵,판매완료,1,인천 부평구 부평동,https://www.daangn.com/kr/buy-sell/%EB%A9%94%EB%94%94%ED%81%90%EB%B8%8C-%EC%97%90%EC%9D%B4%EC%A7%80%EC%95%8C-%EB%B6%80%EC%8A%A4%ED%84%B0-%ED%94%84%EB%A1%9C-%ED%95%91%ED%81%AC-addyzz8wr2f9/
2025-06-10,메디큐브에이지알부스터프로,"메디큐브 에이지알 부스터 프로 내놓습니다!
(2회 사용)

쇼핑백,상자,설명서 같이 드려요~

-택배가능
-교환,환불 불가합니다!",2,0,110,12345,41.3,깨깸,판매완료,2,인천 부평구 부평동,https://www.daangn.com/kr/buy-sell/%EB%A9%94%EB%94%94%ED%81%90%EB%B8%8C-%EC%97%90%EC%9D%B4%EC%A7%80%EC%95%8C-%EB%B6%80%EC%8A%A4%ED%84%B0-%ED%94%84%EB%A1%9C-jdpzj63pa2f8/
2025-04-09,메디큐브부스터프로미개봉새제품,똑같은 제품 선물 들어와서 판매해요 비닐도 안 뜯은 새제품 입니다~ 아기 때문에 문고리 거래 원합니다~~^^**,2,14,271,230000,47.2,RIM,판매완료,3,인천 부평구 부평동,https://www.daangn.com/kr/buy-sell/%EB%A9%94%EB%94%94%ED%81%90%EB%B8%8C-%EB%B6%80%EC%8A%A4%ED%84%B0%ED%94%84%EB%A1%9C-%EB%AF%B8%EA%B0%9C%EB%B4%89-%EC%83%88%EC%A0%9C%ED%92%88-8ikyou9gptos/
2025-04-07,메디큐브에이지알부스터프로미개봉,"미개봉입니다
선물 받았는대 있어서 팝니다",4,19,255,220000,42.1,도토리띠,판매완료,3,인천 부평구 부평동,https://www.daangn.com/kr/buy-sell/%EB%A9%94%EB%94%94%ED%81%90%EB%B8%8C-%EC%97%90%EC%9D%B4%EC%A7%80%EC%95%8C-%EB%B6%80%EC%8A%A4%ED%84%B0-%ED%94%84%EB%A1%9C-%EB%AF%B8%EA%B0%9C%EB%B4%89-461oct9hc2rn/
2025-02-11,메디큐브부스터힐러,"- 기기정상 작동, 충전도 잘되고 이상 없습니다!
- 박스,충전선,설명서 있습니당

구매한지 일년 넘었고 만족하면서 사용하다가 부스터프로 구매하게 되어서 판매합니다^^
매번 사용 후 알콜스왑으로 닦아서 보관했습니다!

기초케어하고 오분정도만 사용해주면 되고 사용즉시 피부가 매끄러워지는게 느껴져서 좋아용~!

사용하시다가 만족스러우시면 메디큐브 홈페이지에서 보상판매로 할인받아서 부스터프로 구매도 가능합니다!

직거래, 택배거래 둘다 가능합니다",3,4,133,70000,37.8,여니,판매완료,2,인천 부평구 부평동,https://www.daangn.com/kr/buy-sell/%EB%A9%94%EB%94%94%ED%81%90%EB%B8%8C-%EB%B6%80%EC%8A%A4%ED%84%B0%ED%9E%90%EB%9F%AC-1gyi9rz6wv9t/
2025-01-19,메디큐브에이지알부스터프로풀박스,"3회미만사용했어요
귀찮아서 잘 안쓰게 되네요ㅠㅠ
동수역근처 직거래가능
반값택배+2000",1,3,189,250000,40.5,shooodb,판매완료,1,인천 부평구 부평동,https://www.daangn.com/kr/buy-sell/%EB%A9%94%EB%94%94%ED%81%90%EB%B8%8C-%EC%97%90%EC%9D%B4%EC%A7%80%EC%95%8C-%EB%B6%80%EC%8A%A4%ED%84%B0%ED%94%84%EB%A1%9C-%ED%92%80%EB%B0%95%EC%8A%A4-v9ng9iyhebn1/
2024-12-20,메디큐브부스터프로,"잘 안 써서 판매합니다 

충전기 박스 xx 

기기단품입니다

네고x",2,1,198,170000,42.0,y2y2y2,판매완료,1,인천 부평구 부평동,https://www.daangn.com/kr/buy-sell/%EB%A9%94%EB%94%94%ED%81%90%EB%B8%8C-%EB%B6%80%EC%8A%A4%ED%84%B0%ED%94%84%EB%A1%9C-m1c3yczvek3f/
2024-12-17,"메디큐브하이포커스샷,부스터프로","일괄 35만으로 팔아요
사용했던 거고 하이포커스는 1번사용
부스터도 몇번사용 안했어요

부스터젤2개도 같이 드릴게요",2,5,195,350000,38.2,페퍼로니,판매완료,1,인천 부평구 부평동,https://www.daangn.com/kr/buy-sell/%EB%A9%94%EB%94%94%ED%81%90%EB%B8%8C-%ED%95%98%EC%9D%B4%ED%8F%AC%EC%BB%A4%EC%8A%A4%EC%83%B7-%EB%B6%80%EC%8A%A4%ED%84%B0%ED%94%84%EB%A1%9C-is89z35mb12i/
2024-11-15,메디큐브부스터프로풀박스판매,"24.05 구매
풀박스 다 있고 실사용 10회정도 제가 볼땐 생활기스 없어요
사용을 잘 안해서 판매하려고 올려용
직거래 가능 (부평구청역 근처에서)
택배, 반값택배 가능",0,6,101,200000,46.4,땅근,판매완료,3,인천 부평구 부평동,https://www.daangn.com/kr/buy-sell/%EB%A9%94%EB%94%94%ED%81%90%EB%B8%8C-%EB%B6%80%EC%8A%A4%ED%84%B0%ED%94%84%EB%A1%9C-%ED%92%80%EB%B0%95%EC%8A%A4-%ED%8C%90%EB%A7%A4-u93zguw67ar4/
2024-09-18,메디큐브부스터프로미개봉새상품,"미개봉 새상품입니다! 
콜라겐 글로우 버블 세럼도 같이 드릴게요",0,1,107,280000,55.2,쿨거는사랑입니다,판매완료,2,인천 부평구 부평동,https://www.daangn.com/kr/buy-sell/%EB%A9%94%EB%94%94%ED%81%90%EB%B8%8C-%EB%B6%80%EC%8A%A4%ED%84%B0%ED%94%84%EB%A1%9C-%EB%AF%B8%EA%B0%9C%EB%B4%89-%EC%83%88%EC%83%81%ED%92%88-y5tmap1ddoms/
2024-09-08,메디큐브에이지알부스터프로미개봉새상품,9월에 구매한 미개봉 새상품이에요!,1,8,143,270000,55.2,쿨거는사랑입니다,판매완료,2,인천 부평구 부평동,https://www.daangn.com/kr/buy-sell/%EB%A9%94%EB%94%94%ED%81%90%EB%B8%8C-%EC%97%90%EC%9D%B4%EC%A7%80%EC%95%8C-%EB%B6%80%EC%8A%A4%ED%84%B0-%ED%94%84%EB%A1%9C-%EB%AF%B8%EA%B0%9C%EB%B4%89-%EC%83%88%EC%83%81%ED%92%88-tswxptm7rvjn/
2025-06-24,메디큐브에이지알유세라딥샷(울트라튠보상판매가능),"메디큐브 에이지알 유세라딥샷 판매합니다.

워킹맘이라 시간이 없어 실제 사용은 많이 못했으나,
할때마다 이 기기가 효과가 제일 좋아서 남겨놓고 있었어요.
(부스터 프로 같은 기능보다 훨씬 효과 좋음)

출력수는 높지 않다고 해도 실제적으로 느껴지는 효과는 자극감 없고 리프팅/탄력에 매우 좋았습니다(개인 사용감).

메디큐브에서 보상 판매기기로 지정되어 10만원 보상 받고 교환도 가능합니다.
(유세라 딥샷만 울트라튠과 교환 가능)",1,14,346,76000,75.8,니냐니옹,판매중,7,서울시 송파구 거여2동,https://www.daangn.com/kr/buy-sell/%EB%A9%94%EB%94%94%ED%81%90%EB%B8%8C-%EC%97%90%EC%9D%B4%EC%A7%80%EC%95%8C-%EC%9C%A0%EC%84%B8%EB%9D%BC%EB%94%A5%EC%83%B7-%EC%9A%B8%ED%8A%B8%EB%9D%BC%ED%8A%A0-%EB%B3%B4%EC%83%81%ED%8C%90%EB%A7%A4-%EA%B0%80%EB%8A%A5-kt429p7nzha9/
2026-04-14,메디큐브에이지알부스터프로,"메디큐브 에이지알 부스터 프로 블랙이에요
피부미용기기로 집에서 간편하게 홈케어 하실 수 있어요
다양한 모드로 피부 고민에 맞춰 사용 가능해요
매끈하고 탄력있는 피부를 원하시는 분들께 추천드려요
24년3월 생산일",2,7,70,100000,98.5,창가에서,판매완료,4,서울시 송파구 거여2동,https://www.daangn.com/kr/buy-sell/%EB%A9%94%EB%94%94%ED%81%90%EB%B8%8C-%EC%97%90%EC%9D%B4%EC%A7%80%EC%95%8C-%EB%B6%80%EC%8A%A4%ED%84%B0-%ED%94%84%EB%A1%9C-t8t9cuy4n2hk/
2026-04-09,메디큐브부스터프로미니화이트,"메디큐브 부스터 프로 미니 화이트 색상이에요
올리브영에서 구매했습니다!",1,9,80,40000,38.4,영이,판매완료,2,서울시 송파구 거여2동,https://www.daangn.com/kr/buy-sell/%EB%A9%94%EB%94%94%ED%81%90%EB%B8%8C-%EB%B6%80%EC%8A%A4%ED%84%B0-%ED%94%84%EB%A1%9C-%EB%AF%B8%EB%8B%88-%ED%99%94%EC%9D%B4%ED%8A%B8-7tyvrbixvg2v/
2026-02-08,메디큐브에이지알부스터프로,"메디큐브 부스터프로 판매합니다
1년 전 구매해서 세번 정도 사용했고 기기 박스는 없습니다
사용 후 알코올 소독 깨끗이 했습니다
충전기, 사용법있는 케이스만 드려요
구매하시는 분 믹순 에센스 새상품 증정드려요☺️

거여역 또는 잠실역 거래합니다
네고❌ 환불❌",2,2,48,130000,43.9,에몽,판매완료,3,서울시 송파구 거여2동,https://www.daangn.com/kr/buy-sell/%EB%A9%94%EB%94%94%ED%81%90%EB%B8%8C-%EC%97%90%EC%9D%B4%EC%A7%80%EC%95%8C-%EB%B6%80%EC%8A%A4%ED%84%B0%ED%94%84%EB%A1%9C-7c3aohwazc5j/
2025-06-24,메디큐브에이지알부스터프로,"메디큐브 에이지알 부스터 프로 판매해요.

24.2월 제조이고 구매한지는 1년 정도 되었어요.

워킹맘이라 사용할 시간이 없어 판매합니다.
실사용도 몇번 안되요. 


박스도 있는데 요청하시면 같이 드려요.",5,1,130,160000,75.8,니냐니옹,판매완료,6,서울시 송파구 거여2동,https://www.daangn.com/kr/buy-sell/%EB%A9%94%EB%94%94%ED%81%90%EB%B8%8C-%EC%97%90%EC%9D%B4%EC%A7%80%EC%95%8C-%EB%B6%80%EC%8A%A4%ED%84%B0-%ED%94%84%EB%A1%9C-tfa4hwfiwo95/
2025-01-01,메디큐브부스터프로(박스o),"매일 사용할거라는 기대를 안고 구매하였으나
저의 귀차니즘을 이기지 못하고 몇번 사용하지않았습니다😔
화장대 구석에서 먼지만 쌓이다가 화장대 청소중 발견하여 당근에 올려봅니다
박스 + 케이블 포함 되어있습니다

",1,2,101,200000,40.2,코코힁,판매완료,3,서울시 송파구 거여2동,https://www.daangn.com/kr/buy-sell/%EB%A9%94%EB%94%94%ED%81%90%EB%B8%8C-%EB%B6%80%EC%8A%A4%ED%84%B0%ED%94%84%EB%A1%9C-%EB%B0%95%EC%8A%A4o-9pstmzxqcrje/
2026-03-13,메디큐브에이지알부스터프로미니플러스세트,"허허 귀차니즘으로 인해 10회미만으로 썼어요..
흡수는 잘해줍니다 꾸준히가 어려워서 팔아요",1,5,99,50000,57.5,집밖은아니야,판매완료,2,울산 남 구 옥동,https://www.daangn.com/kr/buy-sell/%EB%A9%94%EB%94%94%ED%81%90%EB%B8%8C%EC%97%90%EC%9D%B4%EC%A7%80%EC%95%8C-%EB%B6%80%EC%8A%A4%ED%84%B0-%ED%94%84%EB%A1%9C-%EB%AF%B8%EB%8B%88-%ED%94%8C%EB%9F%AC%EC%8A%A4-%EC%84%B8%ED%8A%B8-j2kevs1puhx4/
2025-07-21,메디큐브에이지알부스터프로,"메디큐브 에이지알 부스터 프로 내놓습니다!
분홍색 케이스포함(따로 구매함)
5가지 핵심 기술로 피부 속부터 탄력, 광채, 피부결 개선에 도움을 줘요
임상으로 입증된 효과가 있다고 하니 믿음이 가네요!

- 전기 포레이션, 미세 전류, 초음파, 고주파, LED
- 1회 사용만으로 16가지 피부 변화
- 정가는 390,000원/ ",4,8,338,190000,48.6,리페,판매완료,2,울산 남구 옥동,https://www.daangn.com/kr/buy-sell/%EB%A9%94%EB%94%94%ED%81%90%EB%B8%8C-%EC%97%90%EC%9D%B4%EC%A7%80%EC%95%8C-%EB%B6%80%EC%8A%A4%ED%84%B0-%ED%94%84%EB%A1%9C-f8jce4soehur/
2025-05-23,메디큐브에이지알부스터프로피부관리뷰티디바이스,"작년에 gs홈쇼핑에서 33만원정도 주고 구입했는데 한달가량 주 2회정도씩 사용하다가 밤에 씻고 잠자기 바빠서 아예 안 쓰게돼서 당근에 올려봅니다~

여러모드로 사용가능하고 모공, 피부결, 미백등에 효과가 있어요 
사용해보니 즉각적인 효과는 있더라구요 특히, 저는 각질에~ 
모드별 관리시간은 5분정도에요.

메디큐브 글루타치온 앰플 50ml 한통 같이 드려요~

옥동, 언양에서 직거래 또는 비대면 거래가능하고 택배는 2천원에 가능합니다~",1,2,100,200000,41.1,당근조하,판매완료,2,울산 남구 옥동,https://www.daangn.com/kr/buy-sell/%EB%A9%94%EB%94%94%ED%81%90%EB%B8%8C-%EC%97%90%EC%9D%B4%EC%A7%80%EC%95%8C-%EB%B6%80%EC%8A%A4%ED%84%B0-%ED%94%84%EB%A1%9C-%ED%94%BC%EB%B6%80%EA%B4%80%EB%A6%AC-%EB%B7%B0%ED%8B%B0%EB%94%94%EB%B0%94%EC%9D%B4%EC%8A%A4-csczxemrd94a/
2025-02-16,메디큐브부스터프로미니핑크,"미사용 미개봉입니다 연락 주세요!
빠른거래시 네고
비대면거래 가능 직거래 옥동",4,14,515,80000,42.5,올망,판매완료,2,울산 남구 옥동,https://www.daangn.com/kr/buy-sell/%EB%A9%94%EB%94%94%ED%81%90%EB%B8%8C-%EB%B6%80%EC%8A%A4%ED%84%B0%ED%94%84%EB%A1%9C-%EB%AF%B8%EB%8B%88-%ED%95%91%ED%81%AC-fbiare4cz36g/
2024-11-28,메디큐브부스터프로새상품-미개봉-가격인하,"부스터프로 새상품 미개봉입니다.
25만원에서 2만원 인하해서 23만원입니다.

사용해보시면 아시겠지만 전 굉장히 효과를 많이본 기기입니다. 제품이 한개 더 생겨 당근 내놓아요.
집에있는 에센스, 앰플, 크림 다 사용 가능하고 생각보다 꾸준히 써집니다. 저도 부스터프로만 꾸준히 썼어요.
새제품으로 관리 시작해보세요

네고불가
환불불가

옥동으로 오셔야해요<오전 오후시간대 평일 무거동 거래가능>",3,5,377,230000,40.7,콩이,판매완료,2,울산 남구 옥동,https://www.daangn.com/kr/buy-sell/%EB%A9%94%EB%94%94%ED%81%90%EB%B8%8C-%EB%B6%80%EC%8A%A4%ED%84%B0%ED%94%84%EB%A1%9C-%EC%83%88%EC%83%81%ED%92%88-%EB%AF%B8%EA%B0%9C%EB%B4%89-%EA%B0%80%EA%B2%A9%EC%9D%B8%ED%95%98-m96avu3pq7hc/
2024-10-06,메디큐브부스터프로,4월구매후 4번정도 사용했네요.,1,2,182,190000,39.1,쭈맘,판매완료,3,울산 남구 옥동,https://www.daangn.com/kr/buy-sell/%EB%A9%94%EB%94%94%ED%81%90%EB%B8%8C-%EB%B6%80%EC%8A%A4%ED%84%B0%ED%94%84%EB%A1%9C-2cvj2ah2ren5/
2026-03-30,메디큐브에이지알부스터프로블랙정품,"메디큐브 에이지알 부스터 프로 블랙입니다
피부 속 콜라겐, 탄력, 볼륨 개선에 도움을 줍니다
피부 장벽 강화에도 효과적입니다
사용 전후 사진 참고해주세요

- 5가지 맞춤 모드
- 사용 편의성
- 안전성 테스트 완료

메디큐브 정품

개봉했구요 
사용은 안했습니다",2,4,101,160000,47.7,뀨뀨,판매중,2,서울시 용산구 한강로3가,https://www.daangn.com/kr/buy-sell/%EB%A9%94%EB%94%94%ED%81%90%EB%B8%8C-%EC%97%90%EC%9D%B4%EC%A7%80%EC%95%8C-%EB%B6%80%EC%8A%A4%ED%84%B0-%ED%94%84%EB%A1%9C-%EB%B8%94%EB%9E%99-%EC%A0%95%ED%92%88-fmr1vnxjtuc7/
2026-03-23,(풀박스/s급)메디큐브에이지알부스터프로핑크-새제품급,"메디큐브 에이지알 부스터 프로 핑크 색상 판매합니다.
거의 사용하지 않고 보관만 했던 제품이라 상태가 정말 좋습니다.

에이지알 부스터 프로는 다음과 같은 효과가 있습니다
-피부 속 광채 개선
-탄력 개선
-모공 케어
-피부결 개선
3가지 임상 완료된 제품인데 사용하지 않아(게으름)판매합니다. 

오픈만 하고 실사용은 거의 하지 않아서 기스나 사용감 없이 아주 깨끗합니다.

감사합니다!!",1,4,68,175000,37.8,켈리,판매완료,2,서울시 용산구 한강로3가,https://www.daangn.com/kr/buy-sell/%ED%92%80%EB%B0%95%EC%8A%A4-s%EA%B8%89-%EB%A9%94%EB%94%94%ED%81%90%EB%B8%8C-%EC%97%90%EC%9D%B4%EC%A7%80%EC%95%8C-%EB%B6%80%EC%8A%A4%ED%84%B0-%ED%94%84%EB%A1%9C-%ED%95%91%ED%81%AC-%EC%83%88%EC%A0%9C%ED%92%88%EA%B8%89-k1edoehgkht3/
2026-05-11,[미개봉]메디큐브에이지알부스터프로블랙,"메디큐브 에이지알 부스터 프로 블랙입니다
미개봉 새제품, 면세구매입니다
피부 관리 효과를 높여주는 제품으로 집에서 간편하게 사용 가능해요
구성품 모두 포함되어 있으며, 선물용으로도 좋습니다
매끈하고 건강한 피부를 원하시는 분들께 추천드려요",0,8,88,170000,37.6,환타드림,판매중,2,서울시 용산구 한강로3가,https://www.daangn.com/kr/buy-sell/%EB%AF%B8%EA%B0%9C%EB%B4%89-%EB%A9%94%EB%94%94%ED%81%90%EB%B8%8C-%EC%97%90%EC%9D%B4%EC%A7%80%EC%95%8C-%EB%B6%80%EC%8A%A4%ED%84%B0-%ED%94%84%EB%A1%9C-%EB%B8%94%EB%9E%99-wsxeyh6j8i6f/
2026-01-11,메디큐브에이지알부스터프로블랙풀박스,"메디큐브 에이지알 부스터 프로 블랙입니다
- 풀박스 구성입니다
- 2023년 10월 제조

사용감 적으며 작동 잘 됩니다^^
피부 속 광채, 탄력, 모공, 피부결, 진정 효과를 기대할 수 있습니다
직거래 /택배거래 가능합니다(택비 불포함)
중고거래상 환불 안됩니다(네고 없음)",1,6,46,130000,45.4,저요,판매완료,3,서울시 용산구 한강로3가,https://www.daangn.com/kr/buy-sell/%EB%A9%94%EB%94%94%ED%81%90%EB%B8%8C-%EC%97%90%EC%9D%B4%EC%A7%80%EC%95%8C-%EB%B6%80%EC%8A%A4%ED%84%B0-%ED%94%84%EB%A1%9C-%EB%B8%94%EB%9E%99-%ED%92%80%EB%B0%95%EC%8A%A4-rd2v23pxnhcj/
2025-11-28,메디큐브에이지알부스터프로풀세트새상품,"메디큐브 에이지알 부스터 프로 풀세트 새상품입니다
미개봉 새상품 그대로 드립니다
앰플3개도 그대로 다 드려요

네고문의 사양하겠습니다
반값택배 가능합니다
",1,1,12,180000,40.0,찌우맘,판매완료,4,서울시 용산구 한강로3가,https://www.daangn.com/kr/buy-sell/%EB%A9%94%EB%94%94%ED%81%90%EB%B8%8C-%EC%97%90%EC%9D%B4%EC%A7%80%EC%95%8C-%EB%B6%80%EC%8A%A4%ED%84%B0-%ED%94%84%EB%A1%9C-%ED%92%80%EC%84%B8%ED%8A%B8-%EC%83%88%EC%83%81%ED%92%88-u527riy6h4b5/
2025-11-11,메디큐브에이치알부스터프로,"메디큐브 에이치알 부스터프로입니다
구매 후 몇번 사용해보고 귀찮아서 박스에 보관하다가 판매합니다!
풀박스 구성 (본체, USB 케이블, 설명서)입니다",2,2,32,180000,42.6,wjdals,판매완료,3,서울시 용산구 한강로3가,https://www.daangn.com/kr/buy-sell/%EB%A9%94%EB%94%94%ED%81%90%EB%B8%8C-%EC%97%90%EC%9D%B4%EC%B9%98%EC%95%8C-%EB%B6%80%EC%8A%A4%ED%84%B0%ED%94%84%EB%A1%9C-fkkm65x6wotj/
2025-11-03,메디큐브age-r부스터프로,"부스터 프로 풀박스

기기 문제로 인하여 새상품으로 교환 받은 후, 세번 정도 사용했습니다. 귀찮아서 더이상 사용 안하고 그냥 보관만…하고 있어서 판매 합니다. 
몇번 사용하지 않았지만, 사용감은 분명 느껴지기에 싸게 판매 합니다:) 

편하게 연락 주세요!",2,1,28,150000,40.1,puruntree,판매완료,3,서울시 용산구 한강로3가,https://www.daangn.com/kr/buy-sell/%EB%A9%94%EB%94%94%ED%81%90%EB%B8%8C-age-r-%EB%B6%80%EC%8A%A4%ED%84%B0-%ED%94%84%EB%A1%9C-1t44gxa5sd3p/
2025-02-05,메디큐브부스터프로미니파는분ㅠㅠㅠ,색은 상관없습니다 파시는 분 연락주세요ㅠㅠ,3,0,123,80000,38.8,하잉,판매완료,1,대구 남구 대명11동,https://www.daangn.com/kr/buy-sell/%EB%A9%94%EB%94%94%ED%81%90%EB%B8%8C-%EB%B6%80%EC%8A%A4%ED%84%B0%ED%94%84%EB%A1%9C-%EB%AF%B8%EB%8B%88-%ED%8C%8C%EB%8A%94-%EB%B6%84-qfbsmr7joxjf/
2026-02-27,메디큐브에이지알부스터프로블랙풀박스,"메디큐브 에이지알 부스터 프로 블랙 색상 풀박스 제품입니다
-피부 속 광채, 탄력 개선, 모공 케어에 효과적입니다
-피부 속 250% 더 깊숙이 흡수시켜 줍니다
-피부 각질층을 57% 개선해 줍니다
풀박스 제품으로 모든 구성품이 포함되어 있습니다 이영애의 카사업도 드려요 실사용 10회미만이에요",5,7,128,130000,38.0,김밥매니아,판매중,1,전남 영암군 삼호읍,https://www.daangn.com/kr/buy-sell/%EB%A9%94%EB%94%94%ED%81%90%EB%B8%8C-%EC%97%90%EC%9D%B4%EC%A7%80%EC%95%8C-%EB%B6%80%EC%8A%A4%ED%84%B0-%ED%94%84%EB%A1%9C-%EB%B8%94%EB%9E%99-%ED%92%80%EB%B0%95%EC%8A%A4-icqzdc342goy/
2025-03-06,메디큐브~부스터프로핑크,"2024~12월구매하여
10회미만사용
핑크^출시한지얼마안됩니다
다른제품선물받아서
당근에올려봅니다
아이샷도있어요
같이하시면좋아요",3,1,148,170000,62.7,행운,판매완료,2,부산 금정구 부곡제4동,https://www.daangn.com/kr/buy-sell/%EB%A9%94%EB%94%94%ED%81%90%EB%B8%8C-%EB%B6%80%EC%8A%A4%ED%84%B0%ED%94%84%EB%A1%9C%ED%95%91%ED%81%AC-c6oix28ygo3j/
2025-07-23,[새제품]메디큐브에이지알부스터프로미니,"새상품 입니다.
교환, 환불 ❌️

택배비는 별도입니다.
(일반택배 3,200원, GS반값택배 1,800원)
유통기한은 두번째 사진 참고해 주세요.

직거래는 평일 저녁, 주말에 가능하며 금천구 시흥5동 롯데리아 시흥중앙점에서 합니다.

낮에는 답변이 늦을수 있습니다.",3,11,297,80000,52.4,스카이,판매완료,3,서울시 금천구 시흥제5동,https://www.daangn.com/kr/buy-sell/%EC%83%88%EC%A0%9C%ED%92%88-%EB%A9%94%EB%94%94%ED%81%90%EB%B8%8C-%EC%97%90%EC%9D%B4%EC%A7%80%EC%95%8C-%EB%B6%80%EC%8A%A4%ED%84%B0-%ED%94%84%EB%A1%9C-%EB%AF%B8%EB%8B%88-e71xmyxca3hz/
2025-07-29,메디큐브부스터프로,"피부 마사지기입니다! 
사용 별로 안하고 안하게 되서 팝니다
반택좋아요",3,9,104,150000,39.9,우이,판매완료,2,서울시 금천구 시흥제5동,https://www.daangn.com/kr/buy-sell/%EB%A9%94%EB%94%94%ED%81%90%EB%B8%8C-%EB%B6%80%EC%8A%A4%ED%84%B0%ED%94%84%EB%A1%9C-wpf86dykdpnm/
2025-05-21,아이로그갈바닉괄사미용기기팝니다-듀얼소닉/메디큐브/부스터프로,"와이프 선물로 사줬는데 맘에 안드는지 한번도 안쓰고  서랍에 모셔놔서 싸게 팝니다

제품, 상자, 파우치, 설명서 모두 포함 입니다

비닐만 뜯고 미사용품 입니다",2,4,87,55000,39.0,ch4n2,판매완료,5,서울시 금천구 시흥제5동,https://www.daangn.com/kr/buy-sell/%EC%95%84%EC%9D%B4%EB%A1%9C%EA%B7%B8-%EA%B0%88%EB%B0%94%EB%8B%89-%EA%B4%84%EC%82%AC-%EB%AF%B8%EC%9A%A9%EA%B8%B0%EA%B8%B0-%ED%8C%9D%EB%8B%88%EB%8B%A4-%EB%93%80%EC%96%BC%EC%86%8C%EB%8B%89-%EB%A9%94%EB%94%94%ED%81%90%EB%B8%8C-%EB%B6%80%EC%8A%A4%ED%84%B0%ED%94%84%EB%A1%9C-k242m42f8j3n/
2025-06-24,메디큐브부스터프로미니춘식이에디션팝니다,"메디큐브 부스터 프로 미니 춘식이에디션
2025년 3월에 구매했고 2번 썼습니다
박스랑 구성품 다 그대로 드립니다!

직거래/우체국택배 가능합니다
현금거래 ❌️, 계좌이체, 당근페이 ⭕️
직거래 장소는 시흥5동 주민센터 앞입니다
궁금하신 사항 있으시면 편하게 연락주세요~

단순변심으로 인한 거래 취소나 환불요청 안됩니다
신중하게 결정해주세요!!",2,9,251,1,39.7,런전,판매완료,3,서울시 금천구 시흥제5동,https://www.daangn.com/kr/buy-sell/%EB%A9%94%EB%94%94%ED%81%90%EB%B8%8C-%EB%B6%80%EC%8A%A4%ED%84%B0-%ED%94%84%EB%A1%9C-%EB%AF%B8%EB%8B%88-%EC%B6%98%EC%8B%9D%EC%9D%B4%EC%97%90%EB%94%94%EC%85%98-%ED%8C%9D%EB%8B%88%EB%8B%A4-zy1cjbd546mf/
2025-07-05,[새상품]메디큐브에이지알부스터프로,"새상품 입니다.
뜯기만하고 사용한적 없습니다.
교환, 환불 ❌️

택배비는 별도입니다.
(일반택배 3,200원, GS반값택배 1,800원)
제조일자 2025.02로 쓰여 있습니다.

직거래는 평일 저녁, 주말에 가능하며 금천구 시흥5동 롯데리아 시흥중앙점에서 합니다.

낮에는 답변이 늦을수 있습니다.",2,5,69,180000,52.4,스카이,판매완료,1,서울시 금천구 시흥제5동,https://www.daangn.com/kr/buy-sell/%EC%83%88%EC%83%81%ED%92%88-%EB%A9%94%EB%94%94%ED%81%90%EB%B8%8C-%EC%97%90%EC%9D%B4%EC%A7%80%EC%95%8C-%EB%B6%80%EC%8A%A4%ED%84%B0-%ED%94%84%EB%A1%9C-2wczc3i677ca/
2025-06-06,메디큐브에이지알부스터프로,"한번 사용했는데 사용 안해서 판매합니다
박스는 있는데 지저분 하네요..
충전선과 사용설명서는 있습니다.
(홈쇼핑 앰플은 없어요~)
교환, 환불 ❌️

택배비는 별도입니다.
(일반택배 3,200원, GS반값택배 1,800원)
유통기한은 두번째 사진 참고해 주세요.

직거래는 평일 저녁, 주말에 가능하며 금천구 시흥5동 롯데리아 시흥중앙점에서 합니다.

낮에는 답변이 늦을수 있습니다.",3,15,294,180000,52.4,스카이,판매완료,2,서울시 금천구 시흥제5동,https://www.daangn.com/kr/buy-sell/%EB%A9%94%EB%94%94%ED%81%90%EB%B8%8C-%EC%97%90%EC%9D%B4%EC%A7%80%EC%95%8C-%EB%B6%80%EC%8A%A4%ED%84%B0-%ED%94%84%EB%A1%9C-ccc83oeatc56/
2025-03-19,메디큐브부스터프로,"메디큐브 공홈 구매
(두번째 사진 보시면 구매이력 인증샷 있습니다)

배송받은지 한달
실사용 3번인 새상품 입니다

박스는 없고
정품파우치 포함해서 판매합니다

고가인만큼 서로를 위해 직거래 선호합니다",2,2,109,190000,39.7,송가지,판매완료,10,서울시 금천구 시흥제5동,https://www.daangn.com/kr/buy-sell/%EB%A9%94%EB%94%94%ED%81%90%EB%B8%8C-%EB%B6%80%EC%8A%A4%ED%84%B0%ED%94%84%EB%A1%9C-fbwkn3ut5tnc/
2026-03-24,메디큐브부스터프로핑크,"사진 확인해주세요! 이로 인한 교환.환불 어렵습니다.
잘못된 레티놀 사용으로 피부가 초초초민감성이 되어 아무런 디바이스도 사용할 수 없어 판매합니다..

메디큐브 공홈에서 구매했습니다.
알콜소독했고, 사용감은 있지만 고장 없습니다",4,49,989,130000,41.0,33한빵,판매중,2,서울시 동작구 본동,https://www.daangn.com/kr/buy-sell/%EB%A9%94%EB%94%94%ED%81%90%EB%B8%8C-%EB%B6%80%EC%8A%A4%ED%84%B0%ED%94%84%EB%A1%9C-%ED%95%91%ED%81%AC-rndnvyn2a7zd/
2025-12-21,메디큐브부스터프로쿠로미에디션풀박스,"너무 유명한 💜 메디큐브 AGE-R 부스터 프로 쿠로미 에디션 풀박스입니다!!

개봉은 했으나 실사용 없습니다‼️

직거래는 노량진역, 노들역, 상도역에서 합니다. (주로 오후 9시 이후 / 시간 요일 협의 가능합니다!)",2,7,126,250000,54.4,히릿,판매완료,1,서울시 동작구 본동,https://www.daangn.com/kr/buy-sell/%EB%A9%94%EB%94%94%ED%81%90%EB%B8%8C-%EB%B6%80%EC%8A%A4%ED%84%B0%ED%94%84%EB%A1%9C-%EC%BF%A0%EB%A1%9C%EB%AF%B8-%EC%97%90%EB%94%94%EC%85%98-%ED%92%80%EB%B0%95%EC%8A%A4-caxkbb2w2uqs/
2024-12-08,메디큐브부스터프로판매합니다,"피부관리하라고 선물받은건데 아주가끔씩 사용하고 보관해둬서 판매합니다

기능 모두 정상작동하는데 박스나 선 없는거 감안해 싸게 판매합니다

직거래시 노들역 또는 중앙대 근처에서 가능합니다",5,2,125,150000,39.7,디간,판매완료,2,서울시 동작구 본동,https://www.daangn.com/kr/buy-sell/%EB%A9%94%EB%94%94%ED%81%90%EB%B8%8C-%EB%B6%80%EC%8A%A4%ED%84%B0%ED%94%84%EB%A1%9C-%ED%8C%90%EB%A7%A4%ED%95%A9%EB%8B%88%EB%8B%A4-kfha8gjuazb7/
2026-05-26,메디큐브에이지알부스터프로핑크,"메디큐브 에이지알 부스터 프로 핑크
본체와 설명서가 포함

1회 사용 후 맞지 않아 판매합니다
26.3월 구입",0,6,72,140000,44.8,호랭,판매중,4,서울시 마포구 연남동,https://www.daangn.com/kr/buy-sell/%EB%A9%94%EB%94%94%ED%81%90%EB%B8%8C-%EC%97%90%EC%9D%B4%EC%A7%80%EC%95%8C-%EB%B6%80%EC%8A%A4%ED%84%B0-%ED%94%84%EB%A1%9C-%ED%95%91%ED%81%AC-te52281n9pyk/
2026-04-10,메디큐브부스터프로블랙(25년12월16일구매),메디큐브 부스터프로 블랙,1,2,72,98,59.0,잉크,판매완료,9,서울시 마포구 연남동,https://www.daangn.com/kr/buy-sell/%EB%A9%94%EB%94%94%ED%81%90%EB%B8%8C-%EB%B6%80%EC%8A%A4%ED%84%B0%ED%94%84%EB%A1%9C-%EB%B8%94%EB%9E%99-25%EB%85%84-12%EC%9B%94-16%EC%9D%BC-%EA%B5%AC%EB%A7%A4-te23iuxt4xsp/
2026-04-23,메디큐브에이지알부스터프로쿠로미에디션,"메디큐브 에이지알 부스터 프로 쿠로미 
에디션 판매해요
사진에 보이는 구성품 그대로 드려요!
박스+쿠로미그려져있는닦는손수건+충전기
모두 드립니다! 사용감은 한 10번 내외입니다!

하자 없습니다!",2,11,144,130000,53.4,yamyamee,판매완료,1,서울시 마포구 연남동,https://www.daangn.com/kr/buy-sell/%EB%A9%94%EB%94%94%ED%81%90%EB%B8%8C-%EC%97%90%EC%9D%B4%EC%A7%80%EC%95%8C-%EB%B6%80%EC%8A%A4%ED%84%B0-%ED%94%84%EB%A1%9C-%EC%BF%A0%EB%A1%9C%EB%AF%B8-%EC%97%90%EB%94%94%EC%85%98-ethh7a1a4xjr/
2026-04-25,메디큐브에이지알부스터프로미니플러스&브이롤러세트(베이지),"메디큐브 에이지알 부스터 프로 미니 플러스에 브이롤러 세트 판매합니다.

박스 및 구성품(사용설명서&본체) 다 있고 실사용 5회 정도 했습니다.

라이프 스타일에 잘 안맞는거 같아서(ㅠㅠㅋ) 판매해요",2,11,93,110000,39.3,핫초,판매완료,3,서울시 마포구 연남동,https://www.daangn.com/kr/buy-sell/%EB%A9%94%EB%94%94%ED%81%90%EB%B8%8C-%EC%97%90%EC%9D%B4%EC%A7%80%EC%95%8C-%EB%B6%80%EC%8A%A4%ED%84%B0-%ED%94%84%EB%A1%9C-%EB%AF%B8%EB%8B%88-%ED%94%8C%EB%9F%AC%EC%8A%A4-%EB%B8%8C%EC%9D%B4%EB%A1%A4%EB%9F%AC-%EC%84%B8%ED%8A%B8-%EB%B2%A0%EC%9D%B4%EC%A7%80-2j7njtwjs556/
2026-04-30,"메디큐브하이포커스,울트라튠.유쎄라딥샷,부스터프로","미용기기 정리합니다. 대부분 박스는 버렸습니다 ㅠㅠ 
싸게 판매하니 다른 물건도 구경하세요~

메디큐브 하이포커스 ₩50,000
메디큐브 울트라튠 ₩50,000
메디큐브 유쎄라딥샷 ₩ 30,000 풀박스
위 세개는 1-2번 사용

메디큐브 부스터프로 ₩40,000
LED 부분 안쪽으로 깨진 부분 있음. 사용시 느껴지지 않음



테라웨이브 ₩ 250,000 정품 젤 새것 2개 포함
쿼드쎄라V1  ₩350,000 정품 젤 새것 ,파우치 포함
하이퍼글로우샷 ₩500,000 풀박스, 정품젤 새것 포함 
박스 오픈후 한번 사용 

네오 플러스  고주파기기 ₩300,000 도자2개 마사지 크림 바디용 페이스용 포함
오메가라이트 LED 기기 -2 ₩250,000 

리파케럿 바디& 페이스 롤러 ₩70,000
퀸즈 본가 방짜 유기 괄사 ₩50,000

다이슨 에어랩 스타일러 앤 드라이어 ₩250,000 실리콘 커버 포함 

오아 속눈썹 고데기 ₩7,000
메리쏘드 속눈썹 고데기 ₩7,000
피지 흡입기 ₩7,000
젤 네일 램프 ₩7,000",3,0,94,50000,38.5,십자수도전하는이웃,판매완료,9,서울시 마포구 연남동,https://www.daangn.com/kr/buy-sell/%EB%A9%94%EB%94%94%ED%81%90%EB%B8%8C-%ED%95%98%EC%9D%B4%ED%8F%AC%EC%BB%A4%EC%8A%A4-%EC%9A%B8%ED%8A%B8%EB%9D%BC%ED%8A%A0-%EC%9C%A0%EC%8E%84%EB%9D%BC%EB%94%A5%EC%83%B7-%EB%B6%80%EC%8A%A4%ED%84%B0%ED%94%84%EB%A1%9C-mi82sxd4b8ow/
2026-01-22,메디큐브에이지알부스터프로블랙,"메디큐브 에이지알 부스터프로 블랙
약 한 달 사용 후 보관 (자주 사용 안 해서 판매) 
상태가 좋음 - 사진 참고 
박스 x 충전기, 파우치 포함",1,5,84,130000,38.2,앨리스33,판매완료,6,서울시 마포구 연남동,https://www.daangn.com/kr/buy-sell/%EB%A9%94%EB%94%94%ED%81%90%EB%B8%8C-%EC%97%90%EC%9D%B4%EC%A7%80%EC%95%8C-%EB%B6%80%EC%8A%A4%ED%84%B0-%ED%94%84%EB%A1%9C-%EB%B8%94%EB%9E%99-pk6r3y5xgh1p/
2025-12-24,메디큐브부스터프로미니핑크,"실 사용 일주일정도입니다
상태 좋고 파우치도 같이 드립니다~",2,7,93,60000,43.2,찌개맛있다,판매완료,3,서울시 마포구 연남동,https://www.daangn.com/kr/buy-sell/%EB%A9%94%EB%94%94%ED%81%90%EB%B8%8C-%EB%B6%80%EC%8A%A4%ED%84%B0-%ED%94%84%EB%A1%9C-%EB%AF%B8%EB%8B%88-%ED%95%91%ED%81%AC-dwwcgvb31hfc/
2025-11-22,메디큐브에이지알부스터프로풀박스,"메디큐브 AGE-R 부스터 프로 풀박스입니다.
2024 3월 제조
성격이 게을러서 몇번 못쓰고 싸게 팝니다!",4,14,234,160000,44.5,jam,판매완료,2,서울시 마포구 연남동,https://www.daangn.com/kr/buy-sell/%EB%A9%94%EB%94%94%ED%81%90%EB%B8%8C-%EC%97%90%EC%9D%B4%EC%A7%80%EC%95%8C-%EB%B6%80%EC%8A%A4%ED%84%B0-%ED%94%84%EB%A1%9C-%ED%92%80%EB%B0%95%EC%8A%A4-es6511d3nhhr/
2025-05-09,메디큐브부스터프로미니화이트(가격내림❌),"메디큐브 부스터 프로 미니 화이트입니다
피부 트러블과 미백 관리에 좋아요


사용 5회미만이고 깨끗하게 사용했고 박스도 필요하시면 드릴게요
기기에 이상도 없습니다",1,22,608,78000,48.3,밍뭉,판매완료,1,서울시 마포구 연남동,https://www.daangn.com/kr/buy-sell/%EB%A9%94%EB%94%94%ED%81%90%EB%B8%8C-%EB%B6%80%EC%8A%A4%ED%84%B0-%ED%94%84%EB%A1%9C-%EB%AF%B8%EB%8B%88-%ED%99%94%EC%9D%B4%ED%8A%B8-%EA%B0%80%EA%B2%A9%EB%82%B4%EB%A6%BC-mabvzmy2xfcq/
2025-04-18,메디큐브부스터프로,"안녕하세요! 메디큐브에서 나온 부스터프로 기기 판매합니다

구매시기는 25년도 1월에 주문하였고, 제피부에는 사용후에 트러블이 자꾸 올라와서 비싼 돈 주고 구매했음에도 실사용 1개월만에 팔게되었습니다 ㅠㅠ

구매했을 당시 박스있고, 거의 구매후 사용을 못했어서 신상품이나 다름없습니다!

구매원하시는분들 연락주세요

거래장소는 연남동내, 홍대입구역 근처 가능합니다!

가격내립니다 ㅠㅠ!!23>>20으로..!",1,10,295,200000,38.6,호요,판매완료,3,서울시 마포구 연남동,https://www.daangn.com/kr/buy-sell/%EB%A9%94%EB%94%94%ED%81%90%EB%B8%8C-%EB%B6%80%EC%8A%A4%ED%84%B0%ED%94%84%EB%A1%9C-edeo3pwvf32g/
2025-02-07,메디큐브부스터프로핑크에디션글로우콜라겐포함가,"작년 9월 구매해서 5번미만 썼구요
사진보시면 상태 새상품이나 마찬가지입니다!
매번 귀찮고 손이안가서 당근합니다😅
글로우 콜라겐 앰플한박스까지 포함가격이에요
앰플사진은 초반에 기기랑 한번 써봤던거 
참고용으로 구성보시라고 넣어놨습니다!
뚜껑캡도 원래 구성품아닌데 포함된걸로 
구매해서 같이드립니다
마지막가격입니다 사실분들만 연락주세요.

직거래는 연남 홍대 종각
택배 원하시면 말씀해주세요:-)",3,17,271,252000,38.1,뀽뀽이,판매완료,4,서울시 마포구 연남동,https://www.daangn.com/kr/buy-sell/%EB%A9%94%EB%94%94%ED%81%90%EB%B8%8C-%EB%B6%80%EC%8A%A4%ED%84%B0%ED%94%84%EB%A1%9C-%ED%95%91%ED%81%AC%EC%97%90%EB%94%94%EC%85%98-%EA%B8%80%EB%A1%9C%EC%9A%B0%EC%BD%9C%EB%9D%BC%EA%B2%90-%ED%8F%AC%ED%95%A8%EA%B0%80-3fbqmvf5sf11/
2025-01-21,메디큐브부스터프로미개봉새상품,"메디큐브 부스터프로 미개봉 새상품이에요 

쿨거하시면 팩도 여러개 챙겨드릴게요",1,3,128,250000,41.0,haee,판매완료,1,서울시 마포구 연남동,https://www.daangn.com/kr/buy-sell/%EB%A9%94%EB%94%94%ED%81%90%EB%B8%8C-%EB%B6%80%EC%8A%A4%ED%84%B0%ED%94%84%EB%A1%9C-%EB%AF%B8%EA%B0%9C%EB%B4%89-%EC%83%88%EC%83%81%ED%92%88-9s7ug4vs3mpe/
2024-11-17,메디큐브에이지알부스터프로,"5회 미만 사용 거의 새제품입니다😁
급전때문에 저렴히 올려요",1,1,75,195000,45.0,뿌요,판매완료,1,서울시 마포구 연남동,https://www.daangn.com/kr/buy-sell/%EB%A9%94%EB%94%94%ED%81%90%EB%B8%8C-%EC%97%90%EC%9D%B4%EC%A7%80%EC%95%8C-%EB%B6%80%EC%8A%A4%ED%84%B0%ED%94%84%EB%A1%9C-cfvkigy9vih6/
2024-10-22,메디큐브에이지알부스터프로+글루타치온글로우앰플3개,"메디큐브 에이지알 부스터프로 + 글루타치온 글로우 앰플 3개

구매하고 2주정도 사용하다가 제 피부와 안 맞는듯해서 넣어놨다가 판매합니다ㅠ 같이 구매한 글루타치온 앰플 3개도 일괄 판매해요

얼마 사용 안 해서 깨끗합니다 거래시 직접 확인하세요!!

소이연남 앞에서 직거래 가능합니다 :)",4,9,139,250000,38.8,명란젓코난,판매완료,1,서울시 마포구 연남동,https://www.daangn.com/kr/buy-sell/%EB%A9%94%EB%94%94%ED%81%90%EB%B8%8C-%EC%97%90%EC%9D%B4%EC%A7%80%EC%95%8C-%EB%B6%80%EC%8A%A4%ED%84%B0%ED%94%84%EB%A1%9C-%EA%B8%80%EB%A3%A8%ED%83%80%EC%B9%98%EC%98%A8-%EA%B8%80%EB%A1%9C%EC%9A%B0-%EC%95%B0%ED%94%8C-3%EA%B0%9C-4kzhbqv6dswu/
2026-03-14,메디큐브에이지알부스터프로홀리데이,"메디큐브 에이지알 부스터 프로 홀리데이 에디션
구매한지 3개월좀넘었구용 구매후 잘안쓰게되서 사용빈도낮아서 팝니다 헤드부분 잔기스좀있어용 박스 충전선 헤드캡은 있습니다 
구매일 12월30일",1,6,211,162000,37.5,당근재밌다,판매중,6,충북 충주시 칠금.금릉동,https://www.daangn.com/kr/buy-sell/%EB%A9%94%EB%94%94%ED%81%90%EB%B8%8C-%EC%97%90%EC%9D%B4%EC%A7%80%EC%95%8C-%EB%B6%80%EC%8A%A4%ED%84%B0-%ED%94%84%EB%A1%9C-%ED%99%80%EB%A6%AC%EB%8D%B0%EC%9D%B4-jkx3tdjnzyuy/
2025-05-04,메디큐브부스터프로미니,"메디큐브 부스터 프로 미니입니다

- 피부 탄력, 모공, 피부결 개선에 도움을 줘요
- 미니 사이즈라 휴대하기 편리해요
- 상자 포함입니다

구매후 두어번 사용했는데 상위제품 선물받아서 내놓습니다. 컨디션 완전 좋습니다.
쿨거래 시 네고 가능, 환불불가입니다.",2,2,109,80000,37.1,고봉냥냥,판매완료,2,경북 구미시 양호동,https://www.daangn.com/kr/buy-sell/%EB%A9%94%EB%94%94%ED%81%90%EB%B8%8C-%EB%B6%80%EC%8A%A4%ED%84%B0-%ED%94%84%EB%A1%9C-%EB%AF%B8%EB%8B%88-b1ipdqbtcxic/
2024-12-25,11월구매한메디큐브부스터프로,"11월 중반에 구매해서 한 달 썼어요. 5회 미만으로 사용했으며 박스. 사용설명서. 충전기 . 있습니다.
고강동 직거래 원합니다.
*크리스마스 선물로 다른 기기를 받아서 판매합니다. ",1,1,45,195000,37.4,현수맘,판매완료,5,경기 부천시 오정구 고강본동,https://www.daangn.com/kr/buy-sell/11%EC%9B%94-%EA%B5%AC%EB%A7%A4-%ED%95%9C-%EB%A9%94%EB%94%94%ED%81%90%EB%B8%8C%EB%B6%80%EC%8A%A4%ED%84%B0%ED%94%84%EB%A1%9C-jzpmbdxneukc/
2026-05-13,(미사용)메디큐브에이지알부스터프로미니플러스짱구에디션,"짱구 에디션으로 소장가치 있어요
피부 관리에 관심 있는 분들께 추천드려요
박스만 개봉했고 사용 안했어요.",1,5,91,86000,41.8,말랭이,판매완료,3,경기 이천시 증일동,https://www.daangn.com/kr/buy-sell/%EB%AF%B8%EC%82%AC%EC%9A%A9-%EB%A9%94%EB%94%94%ED%81%90%EB%B8%8C-%EC%97%90%EC%9D%B4%EC%A7%80%EC%95%8C-%EB%B6%80%EC%8A%A4%ED%84%B0-%ED%94%84%EB%A1%9C-%EB%AF%B8%EB%8B%88-%ED%94%8C%EB%9F%AC%EC%8A%A4-%EC%A7%B1%EA%B5%AC-%EC%97%90%EB%94%94%EC%85%98-rqug2m9ris55/
2026-01-12,메디큐브에이지알부스터프로블랙,"메디큐브 에이지알 부스터 프로 블랙입니다
피부 관리에 도움을 주는 기기로, 집에서 간편하게 사용 가능합니다
블랙 색상으로 세련된 디자인을 가지고 있습니다",1,2,57,115000,39.0,뿅뿅뿅뿅뿅,판매완료,1,경기 이천시 증일동,https://www.daangn.com/kr/buy-sell/%EB%A9%94%EB%94%94%ED%81%90%EB%B8%8C-%EC%97%90%EC%9D%B4%EC%A7%80%EC%95%8C-%EB%B6%80%EC%8A%A4%ED%84%B0-%ED%94%84%EB%A1%9C-%EB%B8%94%EB%9E%99-b9px4tj6otiz/
2025-05-18,메디큐브더마샷ems샷팔아요,"메디큐브 더마샷ems 팔아요.
상자 없이 본품/거치대/충전기 구성입니다.
쓰고 난후 바로 소독티슈로 관리해서 
외관 깨끗 합니다.
부스터 프로를 주로 사용 하다보니 
사용하지 않게 되서 팔아요 ",1,1,26,50000,41.7,쏠쏠,판매완료,2,경기 이천시 증일동,https://www.daangn.com/kr/buy-sell/%EB%A9%94%EB%94%94%ED%81%90%EB%B8%8C-%EB%8D%94%EB%A7%88%EC%83%B7-ems-%EC%83%B7-%ED%8C%94%EC%95%84%EC%9A%94-ck31wx9kbsyr/
2025-02-03,메디큐브부스터프로,사서 한 번 밖에 안썼었어요 저는 귀찮아서 안쓰게 되더라구요 상태 아주 좋아요 거래 방법은 제가 문앞에 두면 가져가시면 됩니다,2,6,223,228000,36.9,sjjdk,판매완료,2,경기 이천시 증일동,https://www.daangn.com/kr/buy-sell/%EB%A9%94%EB%94%94%ED%81%90%EB%B8%8C-%EB%B6%80%EC%8A%A4%ED%84%B0%ED%94%84%EB%A1%9C-ftv32kc8vwm7/
2026-01-03,메디큐브에이지알부스터프로미니화이트,"메디큐브 에이지알 부스터 프로 미니 화이트입니다
피부관리 하려고 샀는데 귀차니즘인 저에겐 손이 안가더라구요ㅠㅠ 세번..?도 안 썼어요 하자없고 잘 작동해요 연락주세요☺️케이스는 따로 없습니다ㅜ",7,18,120,30000,39.1,토박이숭,판매완료,2,서울시 성북구 안암동4가,https://www.daangn.com/kr/buy-sell/%EB%A9%94%EB%94%94%ED%81%90%EB%B8%8C-%EC%97%90%EC%9D%B4%EC%A7%80%EC%95%8C-%EB%B6%80%EC%8A%A4%ED%84%B0-%ED%94%84%EB%A1%9C-%EB%AF%B8%EB%8B%88-%ED%99%94%EC%9D%B4%ED%8A%B8-wj7hshok615r/
2026-03-21,메디큐브에이지알부스터프로핑크,"메디큐브 에이지알 부스터 프로 핑크색상입니다

구성 본품+곰돌이커버

실사용 5회 미만으로 거의 새제품과 같은 컨디션입니다….!!!

손도 잘 안가고 저랑은 잘 안맞는거 같아서 판매합니다",1,14,172,170000,38.3,고야니,판매중,1,광주 남구 양림동,https://www.daangn.com/kr/buy-sell/%EB%A9%94%EB%94%94%ED%81%90%EB%B8%8C-%EC%97%90%EC%9D%B4%EC%A7%80%EC%95%8C-%EB%B6%80%EC%8A%A4%ED%84%B0-%ED%94%84%EB%A1%9C-%ED%95%91%ED%81%AC-823txi4xzxcs/
2026-04-28,메디큐브부스터프로판매(헤드도같이드립니당),"3개월 정도 사용했고 생활기스 있습니다.
다른 제품 사용하게 되어 판매합니다.
박스, 설명서 없으나 뒤에 기기작동 설명 스티커 붙어있고 유튜브 영상 참고하시면 작동 어렵지 않으실거에요!
",1,21,332,150000,36.6,sop,판매중,3,대전 유성구 봉명동,https://www.daangn.com/kr/buy-sell/%EB%A9%94%EB%94%94%ED%81%90%EB%B8%8C-%EB%B6%80%EC%8A%A4%ED%84%B0%ED%94%84%EB%A1%9C-%ED%8C%90%EB%A7%A4-%ED%97%A4%EB%93%9C%EB%8F%84-%EA%B0%99%EC%9D%B4-%EB%93%9C%EB%A6%BD%EB%8B%88%EB%8B%B9-zni2xsw31e7o/
2026-05-18,메디큐브에이지알부스터프로풀박스,"메디큐브 에이지알 부스터 프로 풀박스

본체와 충전 케이블, 설명서까지 모두 갖춰져 있어요

게을러서 잘 안하게되서 판매합니다!
작년 12월 구매한 제품이에요

정가 329,000원
싸게 데려가세용",0,17,79,140000,38.6,밍콩,판매중,5,대전 유성구 봉명동,https://www.daangn.com/kr/buy-sell/%EB%A9%94%EB%94%94%ED%81%90%EB%B8%8C-%EC%97%90%EC%9D%B4%EC%A7%80%EC%95%8C-%EB%B6%80%EC%8A%A4%ED%84%B0-%ED%94%84%EB%A1%9C-%ED%92%80%EB%B0%95%EC%8A%A4-otpbbico1fsx/
2026-05-01,"메디큐브하이포커스,부스터프로핑크판매해요","하이포커스 15만원 (리프팅)
부스터프로 핑크 6만원 (미백레이저) 미니
입니다 ! 사용감 한두번이라 적고
아주깨끗하고 작동 잘됩니다 !
2개 구매시 만원 할인해드려요

교환, 환불 x
정상작동 완료, 이상없는거 확인완료",5,26,394,60000,45.1,듀비,판매완료,1,대전 유성구 봉명동,https://www.daangn.com/kr/buy-sell/%EB%A9%94%EB%94%94%ED%81%90%EB%B8%8C-%ED%95%98%EC%9D%B4%ED%8F%AC%EC%BB%A4%EC%8A%A4-%EB%B6%80%EC%8A%A4%ED%84%B0%ED%94%84%EB%A1%9C%ED%95%91%ED%81%AC-%ED%8C%90%EB%A7%A4%ED%95%B4%EC%9A%94-xz4y6uwhhij5/
2026-03-17,메디큐브부스터프로라벤더새제품풀박스+파우치포함,"메디큐브 에이지알 부스터 프로 라벤더 색상 

･피부 속 콜라겐, 탄력, 보습, 윤기, 피부결, 모공까지 토탈 케어가 가능합니다

･피부 컨디션에 따라 5가지 모드를 선택하여 사용할 수 있습니다

･피부 속도, 볼륨, 밀도를 채워주는 핵심 부스터입니다",2,13,106,170000,40.8,티나,판매완료,1,대전 유성구 봉명동,https://www.daangn.com/kr/buy-sell/%EB%A9%94%EB%94%94%ED%81%90%EB%B8%8C-%EB%B6%80%EC%8A%A4%ED%84%B0-%ED%94%84%EB%A1%9C-%EB%9D%BC%EB%B2%A4%EB%8D%94-%EC%83%88%EC%A0%9C%ED%92%88-%ED%92%80%EB%B0%95%EC%8A%A4-%ED%8C%8C%EC%9A%B0%EC%B9%98%ED%8F%AC%ED%95%A8-gqchj6zbsvpv/
2026-02-25,메디큐브에이지알부스터프로풀박스,"메디큐브 에이지알 부스터 프로 풀박스 판매합니다.
구매 후 2번 충전하여 사용했습니다.
상태는 좋습니다.

- 본품, 충전 케이블, 사용설명서, 박스
- 정상 작동 확인 완료

집에서 간편하게 피부관리 하실 분께 추천드려요 🙂
예민하신 분은 패스 부탁드립니다.",2,9,92,160000,49.3,연땡,판매완료,1,대전 유성구 봉명동,https://www.daangn.com/kr/buy-sell/%EB%A9%94%EB%94%94%ED%81%90%EB%B8%8C-%EC%97%90%EC%9D%B4%EC%A7%80%EC%95%8C-%EB%B6%80%EC%8A%A4%ED%84%B0-%ED%94%84%EB%A1%9C-%ED%92%80%EB%B0%95%EC%8A%A4-eoi19ytcynga/
2026-01-26,메디큐브에이지알부스터프로미니판매합니다.,메디큐브 에이지알 부스터 프로 미니 플러스 마이멜로디 에디션 상품이며 몇번 사용 안한 거의 새제품 입니다.,2,22,339,71000,39.3,응쁘니,판매완료,2,대전 유성구 봉명동,https://www.daangn.com/kr/buy-sell/%EB%A9%94%EB%94%94%ED%81%90%EB%B8%8C-%EC%97%90%EC%9D%B4%EC%A7%80%EC%95%8C-%EB%B6%80%EC%8A%A4%ED%84%B0-%ED%94%84%EB%A1%9C-%EB%AF%B8%EB%8B%88-%ED%8C%90%EB%A7%A4%ED%95%A9%EB%8B%88%EB%8B%A4-32egxpztrwco/
2026-01-17,메디큐브에이지알부스터프로미니,"한달도 안썼어용 
본품이랑 설명서 있습니다 -!",7,14,266,45000,39.9,쿠앙쿠앙,판매완료,1,대전 유성구 봉명동,https://www.daangn.com/kr/buy-sell/%EB%A9%94%EB%94%94%ED%81%90%EB%B8%8C-%EC%97%90%EC%9D%B4%EC%A7%80%EC%95%8C-%EB%B6%80%EC%8A%A4%ED%84%B0-%ED%94%84%EB%A1%9C-%EB%AF%B8%EB%8B%88-ay83wjxiq366/
2025-12-28,메디큐브age-r부스터프로풀박스,"메디큐브 에이지알 부스터 프로 블랙 풀박스입니다
공홈에서 구매했어요~

- 피부 속 광채, 모공, 탄력, 피부결 개선에 도움을 줍니다
- 5가지 모드: 부스터 모드, 콜라겐 모드, 물광 모드, 탄력 모드, 에어샷 모드
- 피부 속까지 앰플 흡수를 도와줍니다",3,8,106,150000,44.0,스케,판매완료,4,대전 유성구 봉명동,https://www.daangn.com/kr/buy-sell/%EB%A9%94%EB%94%94%ED%81%90%EB%B8%8C-age-r-%EB%B6%80%EC%8A%A4%ED%84%B0-%ED%94%84%EB%A1%9C-%ED%92%80%EB%B0%95%EC%8A%A4-7zcibcaon8ij/
2025-11-27,메디큐브에이지알부스터프로핑크,"메디큐브 에이지알 부스터 프로 핑크색입니다
두달전에 선물받았는데 기존에 쓰던 기기가 있어서 팔아요! 충전선은 뜯지도않았고 박스, 설명서등 구성품 그대로 있어용
토끼 헤드캡 포함이고 실사용 3회미만입니다. 사용감 매우 깨끗하고 알콜소독 다 해두었습니당",2,16,128,150000,39.4,매똘이,판매완료,2,대전 유성구 봉명동,https://www.daangn.com/kr/buy-sell/%EB%A9%94%EB%94%94%ED%81%90%EB%B8%8C-%EC%97%90%EC%9D%B4%EC%A7%80%EC%95%8C-%EB%B6%80%EC%8A%A4%ED%84%B0-%ED%94%84%EB%A1%9C-%ED%95%91%ED%81%AC-r327ktf2gwg3/
2025-11-23,메디큐브에이지알부스터프로미개봉,"메디큐브 에이지알 부스터 프로 미개봉 새상품입니다
",1,6,78,200000,41.3,피자,판매완료,2,대전 유성구 봉명동,https://www.daangn.com/kr/buy-sell/%EB%A9%94%EB%94%94%ED%81%90%EB%B8%8C-%EC%97%90%EC%9D%B4%EC%A7%80%EC%95%8C-%EB%B6%80%EC%8A%A4%ED%84%B0-%ED%94%84%EB%A1%9C-%EB%AF%B8%EA%B0%9C%EB%B4%89-ntee9uk27j1n/
2025-11-15,메디큐브age-r부스터프로,"구매후 거의 사용하지 않아 
거의 새상품입니다
동봉 케이블도 미사용 같이 드립니다",1,10,90,177000,37.2,딩동,판매완료,1,대전 유성구 봉명동,https://www.daangn.com/kr/buy-sell/%EB%A9%94%EB%94%94%ED%81%90%EB%B8%8C-age-r-%EB%B6%80%EC%8A%A4%ED%84%B0%ED%94%84%EB%A1%9C-tetduz7wh24u/
2025-11-06,메디큐브age-r부스터프로블랙,"메디큐브 AGE-R 에이지알 부스터 프로 블랙 색상입니다
피부 속 광채와 탄력을 채워주는 데 도움을 줍니다
- 주요 기능:
 - 피부결 개선
 - 모공 케어
 - 탄력 증가
블랙 색상으로 세련된 디자인을 자랑합니다

구매당시 40만원 가까이 주고 샀는데 15만원에 팝니다.",2,1,61,150000,39.9,bellacat,판매완료,3,대전 유성구 봉명동,https://www.daangn.com/kr/buy-sell/%EB%A9%94%EB%94%94%ED%81%90%EB%B8%8C-age-r-%EB%B6%80%EC%8A%A4%ED%84%B0-%ED%94%84%EB%A1%9C-%EB%B8%94%EB%9E%99-u9oe6jo1jj8j/
2025-10-10,메디큐브부스터프로,"사진에 보이는 구성 그대로에요.
제품 컨디션 정상이고 
사용 많지 않은 제품이에요.
디바이스 여러개라 정리해요.
알로레젤 듬뿍 바르시고 사용하시면 좋아요
비대면
",2,4,144,150000,49.5,그리너리,판매완료,4,대전 유성구 봉명동,https://www.daangn.com/kr/buy-sell/%EB%A9%94%EB%94%94%ED%81%90%EB%B8%8C-%EB%B6%80%EC%8A%A4%ED%84%B0%ED%94%84%EB%A1%9C-n56q1ys69sps/
2025-09-20,메디큐브부스터프로쿠로미에디션,"구성품 본품,뚜껑,헤어밴드 <박스,스티커없음>
5회 정도 사용했어요
알콜스왑으로 닦아서 쓰세용",1,2,69,220000,38.3,고먐미,판매완료,2,대전 유성구 봉명동,https://www.daangn.com/kr/buy-sell/%EB%A9%94%EB%94%94%ED%81%90%EB%B8%8C-%EB%B6%80%EC%8A%A4%ED%84%B0%ED%94%84%EB%A1%9C-%EC%BF%A0%EB%A1%9C%EB%AF%B8%EC%97%90%EB%94%94%EC%85%98-oqbdzbe4wpon/
2025-09-15,메디큐브에이지알부스터프로,"메디큐브 AGE-R Booster Pro 판매합니다.
거의 새 제품이고, 풀박스 구성입니다.

- AGE-R BOOSTER PRO 본품
- 충전 케이블

사용횟수 10회미만이고 사용감거의없습니다!! 전용헤드캡도 같이 드립니다!!

*택배가능합니다",2,3,82,200000,38.4,체리씨,판매완료,6,대전 유성구 봉명동,https://www.daangn.com/kr/buy-sell/%EB%A9%94%EB%94%94%ED%81%90%EB%B8%8C-%EC%97%90%EC%9D%B4%EC%A7%80%EC%95%8C-%EB%B6%80%EC%8A%A4%ED%84%B0-%ED%94%84%EB%A1%9C-ois71d18o64g/
2025-08-13,메디큐브부스터진동클렌저+부스터프로미니플러스,뜯어보고 사용안한 새상품이예요,0,3,113,140000,41.5,luxury9944,판매완료,3,대전 유성구 봉명동,https://www.daangn.com/kr/buy-sell/%EB%A9%94%EB%94%94%ED%81%90%EB%B8%8C-%EB%B6%80%EC%8A%A4%ED%84%B0-%EC%A7%84%EB%8F%99%ED%81%B4%EB%A0%8C%EC%A0%80-%EB%B6%80%EC%8A%A4%ED%84%B0%ED%94%84%EB%A1%9C-%EB%AF%B8%EB%8B%88-%ED%94%8C%EB%9F%AC%EC%8A%A4-pmfnjrenwgn1/
2025-04-12,메디큐브부스터프로미개봉새상품,"미개봉 새상품 판매합니당
말도 안되는 가격 문의 하지마세요ㅠㅠ",7,27,649,250000,40.1,끼꾸,판매완료,1,대전 유성구 봉명동,https://www.daangn.com/kr/buy-sell/%EB%A9%94%EB%94%94%ED%81%90%EB%B8%8C-%EB%B6%80%EC%8A%A4%ED%84%B0-%ED%94%84%EB%A1%9C-%EB%AF%B8%EA%B0%9C%EB%B4%89-%EC%83%88%EC%83%81%ED%92%88-53y99a26uzwm/
2025-06-29,메디큐브에이지알부스터프로s급,"메디큐브 에이지알 부스터 프로 내놓습니다!

- 피부 속 광채 부스팅에 좋아요
- 콜라겐 흡수 촉진
- 5가지 모드 (부스터, 콜라겐, 탄력, 물광, 진정)로 피부관리에 도움을 줍니다
- 박스도 같이 드려요. 작동 잘됩니다.",2,3,134,200000,37.5,도로로,판매완료,7,대전 유성구 봉명동,https://www.daangn.com/kr/buy-sell/%EB%A9%94%EB%94%94%ED%81%90%EB%B8%8C-%EC%97%90%EC%9D%B4%EC%A7%80%EC%95%8C-%EB%B6%80%EC%8A%A4%ED%84%B0-%ED%94%84%EB%A1%9C-s%EA%B8%89-ac98us299s9x/
2025-05-12,메디큐브부스터프로미니,"메디큐브 부스터 프로 미니 내놓습니다!
첫 뷰티 디바이스로 좋아요👍🏻

저는 게을러서 놔두고 안쓰게 되더라구요..🥲
3월 구매해서 10번 이내로 사용한 제품입니다!
알코올 스왑으로 항상 닦아 썼기 때문에 깨끗해요!

*본품, 안내서, 박스

*비대면 문고리거래합니다",1,0,98,65000,48.1,냥냥이,판매완료,6,대전 유성구 봉명동,https://www.daangn.com/kr/buy-sell/%EB%A9%94%EB%94%94%ED%81%90%EB%B8%8C-%EB%B6%80%EC%8A%A4%ED%84%B0-%ED%94%84%EB%A1%9C-%EB%AF%B8%EB%8B%88-t8etpaig8dab/
2025-04-08,메디큐브부스터프로미니+[미개봉]pdrn핑크앰플,"메디큐브 부스터 프로 미니+ [미개봉] PDRN 핑크 앰플
2개 가격에 60,000원 입니다

(이번년도 2월에 구매/ 메디큐브 부스터 프로 미니 실사용 2회 )
유통기한: 2026년 10월 23일 까지 입니다
 * 4월 29일까지만 판매합니다!",2,2,157,60000,48.8,초록파랑,판매완료,3,대전 유성구 봉명동,https://www.daangn.com/kr/buy-sell/%EB%A9%94%EB%94%94%ED%81%90%EB%B8%8C-%EB%B6%80%EC%8A%A4%ED%84%B0-%ED%94%84%EB%A1%9C-%EB%AF%B8%EB%8B%88-%EB%AF%B8%EA%B0%9C%EB%B4%89-pdrn-%ED%95%91%ED%81%AC-%EC%95%B0%ED%94%8C-hgsoyino73q4/
2025-04-08,"메디큐브부스터프로,에이지알더마샷","부스터 프로는 사용을 20번 정도 했고요 에이지알 더마샷은 2번만 사용했어요
본품 그대로 케이블도 있어요 
부스터 젤도 드립니다

테니스 엘보로 에이지알은 살짝 무게감이 있어서 사용할 수 없어서 판매합니다 ㅠㅠ

부스터 프로만 원하시면 18만원 
에이지알 더마샷만 원하시면 12만원
두가지 함께 하신다면 28만원에 거래합니다",1,2,123,280000,40.4,로즈베리,판매완료,2,대전 유성구 봉명동,https://www.daangn.com/kr/buy-sell/%EB%A9%94%EB%94%94%ED%81%90%EB%B8%8C-%EB%B6%80%EC%8A%A4%ED%84%B0-%ED%94%84%EB%A1%9C-%EC%97%90%EC%9D%B4%EC%A7%80%EC%95%8C-%EB%8D%94%EB%A7%88-%EC%83%B7-ripzfznhektd/
2025-03-26,메디큐브부스터프로(25.2구매),사진과 같습니다. 기타 궁금하신 사항은 메시지 주세요.,4,5,229,190000,44.9,노랑,판매완료,1,대전 유성구 봉명동,https://www.daangn.com/kr/buy-sell/%EB%A9%94%EB%94%94%ED%81%90%EB%B8%8C-%EB%B6%80%EC%8A%A4%ED%84%B0%ED%94%84%EB%A1%9C-25-2-%EA%B5%AC%EB%A7%A4-816tupv6sj89/
2025-01-02,메디큐브부스터프로미니핑크판매,"박스, 설명서 그대로 있고, 실 사용 횟수 3회 미만이에요!
다른 제품 갖게되어 판매해요!!",1,2,160,85000,41.9,하니니,판매완료,2,대전 유성구 봉명동,https://www.daangn.com/kr/buy-sell/%EB%A9%94%EB%94%94%ED%81%90%EB%B8%8C-%EB%B6%80%EC%8A%A4%ED%84%B0%ED%94%84%EB%A1%9C-%EB%AF%B8%EB%8B%88-%ED%95%91%ED%81%AC-%ED%8C%90%EB%A7%A4-gq3ahnby2m9b/
2024-09-30,메디큐브에이지알부스터프로,"바빠서 쓸 시간이 없어서 내놓습니다
본품만 있습니다
유성지구대 앞에서 직거래합니다.",5,10,663,200000,46.7,결재서류,판매완료,1,대전 유성구 봉명동,https://www.daangn.com/kr/buy-sell/%EB%A9%94%EB%94%94%ED%81%90%EB%B8%8C-%EC%97%90%EC%9D%B4%EC%A7%80%EC%95%8C-%EB%B6%80%EC%8A%A4%ED%84%B0%ED%94%84%EB%A1%9C-rrkiao85d3r1/
2024-10-20,메디큐브에이지알부스터프로,올해 공홈에서 4월에 구매한 기기입니다 사고 매일매일 써보자 하는 마음으로 구매했는데 귀찮아서 잘 사용 안했네요 20까지가능해요 연락주세용,2,3,111,210000,39.4,완두콤,판매완료,5,대전 유성구 봉명동,https://www.daangn.com/kr/buy-sell/%EB%A9%94%EB%94%94%ED%81%90%EB%B8%8C%EC%97%90%EC%9D%B4%EC%A7%80%EC%95%8C%EB%B6%80%EC%8A%A4%ED%84%B0%ED%94%84%EB%A1%9C-9ci4vmvgha5h/
2024-06-24,메디큐브부스터프로,"구매한지 3개월 정도 됬구 실사용 15회 미만이예요
기계이상 없어요!",4,12,1241,250000,36.3,슈수,판매중,1,대전 유성구 봉명동,https://www.daangn.com/kr/buy-sell/%EB%A9%94%EB%94%94%ED%81%90%EB%B8%8C-%EB%B6%80%EC%8A%A4%ED%84%B0%ED%94%84%EB%A1%9C-i7w73ah8g9cs/
2025-05-10,메디큐브에이지알부스터프로쿠로미,"에이지알 부스터 프로 쿠로미 에디션입니다

정가는 34만원이고 1회 사용했습니다.

구성품 중에 헤어밴드는 제가 이미 사용해서 헤어밴드 빼고 박스랑 스티커 등등 구성품 그대로 드려요

네고 가능하니까 채팅 주세요",1,2,77,285000,52.3,핫초코,판매완료,2,서울시 중구 소공동,https://www.daangn.com/kr/buy-sell/%EB%A9%94%EB%94%94%ED%81%90%EB%B8%8C-%EC%97%90%EC%9D%B4%EC%A7%80%EC%95%8C-%EB%B6%80%EC%8A%A4%ED%84%B0-%ED%94%84%EB%A1%9C-%EC%BF%A0%EB%A1%9C%EB%AF%B8-cnt7vxy7a5ox/
2025-02-28,메디큐브부스터프로핑크미개봉완전새것,"2025년 2월 25일에 수령한 메디큐브 부스터프로 박스 미개봉 상품입니다. 

새로 나온 핑크색 버전이에요. 

비닐팩 그대로 완전 미개봉 새상품입니다. 

상자 아래 정품 확인 씰 있습니다. 

저는 이미 6개월전부터 부스터프로 사용하고 있는데 2-3일에 한번씩 기초만 바르고 사용해도 피부가 반들반들해져요! 효과 너무 좋아서 엄마 선물해드리려고 다른 기기랑 세트로 구매했는데 엄마는 그냥 관리실 가시겠다고 해서 판매합니다-

편의점 택배 포함입니다.
개인적으로 구매한 상품 판매하는거라 반품환불은 어렵습니다.",0,3,95,230000,37.9,싱가칠리,판매완료,3,서울시 중구 소공동,https://www.daangn.com/kr/buy-sell/%EB%A9%94%EB%94%94%ED%81%90%EB%B8%8C-%EB%B6%80%EC%8A%A4%ED%84%B0%ED%94%84%EB%A1%9C-%ED%95%91%ED%81%AC-%EB%AF%B8%EA%B0%9C%EB%B4%89-%EC%99%84%EC%A0%84%EC%83%88%EA%B2%83-2jgfpppokcnk/
2025-12-09,메디큐브에이지알부스터프로쿠로미에디션,"메디큐브 에이지알 부스터프로 제품입니다
특별 쿠로미 에디션이라 사랑스러워요💜
피부 속 콜라겐, 탄력, 모공, 윤기, 피부결 개선에 
효과 직빵입니다!!
무엇보다 앰플 흡수와 이중턱 탄력잡기에 탁월해요~
박스에 담겨 있고, 상태 좋습니다! 
헤어밴드도 새상품이에요
사용 몇번하지못하고 (소독 완료)
미용기기가 많은데 부지런하지못해 정리합니다 
득템하세요😊
가격 인하하였으니 편하게 연락주세요🤗",4,18,743,160000,39.5,호호홋언니,판매완료,7,대전 유성구 전민동,https://www.daangn.com/kr/buy-sell/%EB%A9%94%EB%94%94%ED%81%90%EB%B8%8C-%EC%97%90%EC%9D%B4%EC%A7%80%EC%95%8C-%EB%B6%80%EC%8A%A4%ED%84%B0%ED%94%84%EB%A1%9C-%EC%BF%A0%EB%A1%9C%EB%AF%B8%EC%97%90%EB%94%94%EC%85%98-p85ei3so7vmp/
2025-05-10,메디큐브에이지알부스터프로,"메디큐브 에이지알 부스터 프로입니다
상태는 사진과 같아요

- 탄력, 광채, 모공, 피부결 개선에 도움
- 5가지 모드
- 미세전류 기술
- Made in Korea

박스, 설명서, 충전 케이블(새거) 모두 있어요

10회 미만 사용하고 보관만 했습니다
문의사항은 연락주세요~!^^",1,9,165,175000,50.2,아메리카노,판매완료,4,대전 유성구 전민동,https://www.daangn.com/kr/buy-sell/%EB%A9%94%EB%94%94%ED%81%90%EB%B8%8C-%EC%97%90%EC%9D%B4%EC%A7%80%EC%95%8C-%EB%B6%80%EC%8A%A4%ED%84%B0-%ED%94%84%EB%A1%9C-83q7dzog4ozf/
2025-03-25,메디큐브age-r부스터프로미개봉제품,"헤드 크랙 있었어서 샤 제품으로 교환받은뒤 개봉 안했습니다~
구매 시기와 관련없이 기기에 붙어있는 제조년월 기준으로 1년 6개월 이내에 헤드 크랙 문제는 바로 무상으로 맞교환 가능하다고 합니다~
구매 당시에 받았던 세럼도 두개 같이 드립니다~
하나는 사용했는데 사진과 같이 절반정도 남았고 그 옆에 새제품 하나 더 있습니다~",2,0,62,210000,81.4,누룽지,판매완료,4,대전 유성구 전민동,https://www.daangn.com/kr/buy-sell/%EB%A9%94%EB%94%94%ED%81%90%EB%B8%8C-age-r-%EB%B6%80%EC%8A%A4%ED%84%B0-%ED%94%84%EB%A1%9C-%EB%AF%B8%EA%B0%9C%EB%B4%89-%EC%A0%9C%ED%92%88-1vm84kqr8dms/
2025-03-01,메디큐브부스터프로핑크(딱3번사용),"2024년 9월 공식홈페이지 구매, 실사용 단 3회
본체 뒷면 씰도 안 뜯었고, 피부 직접 닿는 거라 사용 후 소독하여 헤드캡 씌워 더스트백 보관했습니다.

-판매사유: 귀찮음
-구성품: 본체(헤드캡포함), 충전선, 제품설명서, 콜라겐세럼
             박스는 버려서 없어요
-콜라겐세럼은 구매 당시 증정품이었고, 궁금해서 손등에 딱 1번 개미발톱만큼 짜보고 그대로 보관했습니다.

전민동 엑스포코아 앞 거래합니다 감사합니다.",1,12,170,240000,37.2,빵순,판매완료,2,대전 유성구 전민동,https://www.daangn.com/kr/buy-sell/%EB%A9%94%EB%94%94%ED%81%90%EB%B8%8C-%EB%B6%80%EC%8A%A4%ED%84%B0%ED%94%84%EB%A1%9C-%ED%95%91%ED%81%AC-%EB%94%B1-3%EB%B2%88-%EC%82%AC%EC%9A%A9-gg363v1k1ykz/
2025-02-07,메디큐브에이지알부스터프로,"구매한지 2주 되었고

실사용 5회 미만이에요~

박스랑 충전기 다 있어요~

환불 반품은 안되요^^",2,7,201,200000,56.2,mlace,판매완료,4,대전 유성구 전민동,https://www.daangn.com/kr/buy-sell/%EB%A9%94%EB%94%94%ED%81%90%EB%B8%8C-%EC%97%90%EC%9D%B4%EC%A7%80%EC%95%8C-%EB%B6%80%EC%8A%A4%ED%84%B0%ED%94%84%EB%A1%9C-pugnhfbt17qu/
2024-10-06,마지막가격내림(미사용)메디큐브에이지알부스터프로,"메디큐브 에이지알 부스터 프로 제품확인만 했습니다.
미사용입니다.
사용하지 않을꺼같아 판매합니다.
 내립니다.
안팔리면 선물하렵니다.",1,2,127,123456,39.0,피클,판매완료,5,대전 유성구 전민동,https://www.daangn.com/kr/buy-sell/%EB%A7%88%EC%A7%80%EB%A7%89%EA%B0%80%EA%B2%A9%EB%82%B4%EB%A6%BC-%EB%AF%B8%EC%82%AC%EC%9A%A9-%EB%A9%94%EB%94%94%ED%81%90%EB%B8%8C-%EC%97%90%EC%9D%B4%EC%A7%80%EC%95%8C-%EB%B6%80%EC%8A%A4%ED%84%B0-%ED%94%84%EB%A1%9C-q48k34f2573v/
2026-03-22,메디큐브부스터프로미니춘식이에디션,"메디큐브 부스터 프로 미니 춘식이 에디션입니다

한 열댓번 쓴거같아요.. 전 게을러서 잘 안하게돼서 판매합니다
충전기는 따로 없습니다~ 댁에 5핀 충전기 있으시면 그걸로 하시면 됩니다!

중2동 성당 앞 직거래합니다!",2,5,124,60000,44.3,Su,판매완료,1,경기 부천시 원미구 중2동,https://www.daangn.com/kr/buy-sell/%EB%A9%94%EB%94%94%ED%81%90%EB%B8%8C-%EB%B6%80%EC%8A%A4%ED%84%B0-%ED%94%84%EB%A1%9C-%EB%AF%B8%EB%8B%88-%EC%B6%98%EC%8B%9D%EC%9D%B4-%EC%97%90%EB%94%94%EC%85%98-gj2m8off5pmc/
2026-04-26,메디큐브헬로키티에디션부스터프로,"헬로키티 에디션 부스터 프로에요
피부 관리에 관심 있는 분들께 추천드려요


다른부속품  없습니다

작년구매 33만원돈 줬습니다
일주일사용후 모셔둬서 
판매합니다 ",1,2,36,150000,38.3,구름그리는화가,판매완료,3,경기 부천시 원미구 중2동,https://www.daangn.com/kr/buy-sell/%EB%A9%94%EB%94%94%ED%81%90%EB%B8%8C-%ED%97%AC%EB%A1%9C%ED%82%A4%ED%8B%B0-%EC%97%90%EB%94%94%EC%85%98-%EB%B6%80%EC%8A%A4%ED%84%B0-%ED%94%84%EB%A1%9C-fjtpxxs4shcp/
2025-11-23,메디큐브에이지알울트라튠&부스터프로새상품,"메디큐브 에이지알 울트라튠과 부스터 프로 세트입니다 25년6월 구매해서 개봉후 부스터프로만 두번사용, 울트라튠은 새것입니다
집에서 간편하게 피부 관리를 할 수 있습니다
-피부 속 탄력 개선에 도움
-피부결 개선 효과
-피부톤 개선 효과",1,8,63,300000,36.8,fiat,판매완료,10,경기 부천시 원미구 중2동,https://www.daangn.com/kr/buy-sell/%EB%A9%94%EB%94%94%ED%81%90%EB%B8%8C-%EC%97%90%EC%9D%B4%EC%A7%80%EC%95%8C-%EC%9A%B8%ED%8A%B8%EB%9D%BC%ED%8A%A0-%EB%B6%80%EC%8A%A4%ED%84%B0-%ED%94%84%EB%A1%9C-%EC%83%88%EC%83%81%ED%92%88-ehga4bo6rdie/
2025-07-21,메디큐브에이지알부스터프로,"메디큐브 에이지알 부스터 프로 내놓습니다
피부 관리에 좋다고 해서 샀는데 잘 안 쓰게 되네요

- 4가지 모드로 사용 가능해요
- 콜라겐 부스팅, 피부 장벽 강화, 모공 케어에 도움을 줍니다
- 정가는 299,000원이에요
- 상자도 같이 드려요
ㅡ충전선도 있어요",2,1,166,100000,37.1,스티치,판매완료,4,경기 부천시 원미구 중2동,https://www.daangn.com/kr/buy-sell/%EB%A9%94%EB%94%94%ED%81%90%EB%B8%8C-%EC%97%90%EC%9D%B4%EC%A7%80%EC%95%8C-%EB%B6%80%EC%8A%A4%ED%84%B0-%ED%94%84%EB%A1%9C-dsvrs3uydfdi/
2025-07-08,메디큐브에이지알부스터프로,"작동잘되고 귀차니즘이라 구입하고 몇번 사용안햇어요
구입할때같이왔던 소독용티슈 두장정도쓴거같은데 같이드릴게요",2,1,85,160000,46.6,냐옹이,판매완료,4,경기 부천시 원미구 중2동,https://www.daangn.com/kr/buy-sell/%EB%A9%94%EB%94%94%ED%81%90%EB%B8%8C-%EC%97%90%EC%9D%B4%EC%A7%80%EC%95%8C-%EB%B6%80%EC%8A%A4%ED%84%B0%ED%94%84%EB%A1%9C-mq4wao54ci7b/
2025-03-19,메디큐브부스터프로,"메디큐브 부스터프로 보상판매로 구입했지만
사용빈도가 낮아 판매합니다.
구매 후 10회 미만 사용했고 알콜스왑으로 꼼꼼히
닦아놓았습니다.",3,12,241,180000,40.6,낯선,판매완료,7,경기 부천시 원미구 중2동,https://www.daangn.com/kr/buy-sell/%EB%A9%94%EB%94%94%ED%81%90%EB%B8%8C-%EB%B6%80%EC%8A%A4%ED%84%B0%ED%94%84%EB%A1%9C-b186yaf54i84/
2024-10-16,메디큐브부스터프로,"올해4월 메디큐브 공홈에서 구매했어요
풀박스 입니다. 단순개봉했고 미사용입니다

사진은 당근에 올리기진적에 찍었어요~ 디바이스에 보호비닐 붙어있습니다😄",4,9,218,220000,37.6,무야호,판매완료,2,경기 부천시 원미구 중2동,https://www.daangn.com/kr/buy-sell/%EB%A9%94%EB%94%94%ED%81%90%EB%B8%8C-%EB%B6%80%EC%8A%A4%ED%84%B0%ED%94%84%EB%A1%9C-e3qut9r4o99g/
2026-04-09,메디큐브에이지알부스터프로쿠로미에디션,"귀여운 쿠로미 에디션 메디큐브 에이지알 부스터 프로 풀박입니다

헤드부분에 금형자국 존재",0,7,133,350000,41.2,케로,판매중,3,부산 부산진구 부전제1동,https://www.daangn.com/kr/buy-sell/%EB%A9%94%EB%94%94%ED%81%90%EB%B8%8C-%EC%97%90%EC%9D%B4%EC%A7%80%EC%95%8C-%EB%B6%80%EC%8A%A4%ED%84%B0-%ED%94%84%EB%A1%9C-%EC%BF%A0%EB%A1%9C%EB%AF%B8-%EC%97%90%EB%94%94%EC%85%98-to8mrxbqpddk/
2026-02-27,"메디큐브에이지알부스터프로,울트라튠","메디큐브 에이지알 부스터 프로, 울트라튠입니다

피부결 개선에 도움을 주는 제품입니다

두개 한꺼번에 판매원합니다

박스가없어서 20만원에 판매합니다

서면이나 용호동 힐탑근처 거래가능
택배가능 ",2,9,154,191000,36.5,min1234l,판매완료,6,부산 부산진구 부전제1동,https://www.daangn.com/kr/buy-sell/%EB%A9%94%EB%94%94%ED%81%90%EB%B8%8C-%EC%97%90%EC%9D%B4%EC%A7%80%EC%95%8C-%EB%B6%80%EC%8A%A4%ED%84%B0-%ED%94%84%EB%A1%9C-%EC%9A%B8%ED%8A%B8%EB%9D%BC%ED%8A%A0-ay12bzmkm96r/
2026-02-20,메디큐브에이지알부스터프로+헤드케이스+거치대,"1회 잠깐 사용 후 필름까지 다시 붙여놨습니다!
충전기는 미개봉 새제품입니다",5,9,89,170000,46.0,채링,판매완료,2,부산 부산진구 부전제1동,https://www.daangn.com/kr/buy-sell/%EB%A9%94%EB%94%94%ED%81%90%EB%B8%8C-%EC%97%90%EC%9D%B4%EC%A7%80%EC%95%8C-%EB%B6%80%EC%8A%A4%ED%84%B0-%ED%94%84%EB%A1%9C-%ED%97%A4%EB%93%9C%EC%BC%80%EC%9D%B4%EC%8A%A4-%EA%B1%B0%EC%B9%98%EB%8C%80-ar222epnuw7b/
2026-02-07,[풀박스s급/5분사용]메디큐브부스터프로(짱구에디션),"테스트용으로 5분 사용하고 깨끗하게 닦아두었습니다
잘 사용하지 않게 될것같아, 판매하게 되었습니다!!

✔️ 구매 후 거의 사용하지 않아 헤드 사용감 없음
✔️ 피부 접촉면 스크래치/변색 전혀 없음
✔️ 전원 정상 작동
✔️ 정품 구매(올리브영) / 구성품 누락 없음",3,1,73,250000,38.9,루이,판매완료,3,부산 부산진구 부전제1동,https://www.daangn.com/kr/buy-sell/%ED%92%80%EB%B0%95%EC%8A%A4s%EA%B8%89-5%EB%B6%84%EC%82%AC%EC%9A%A9-%EB%A9%94%EB%94%94%ED%81%90%EB%B8%8C-%EB%B6%80%EC%8A%A4%ED%84%B0-%ED%94%84%EB%A1%9C-%EC%A7%B1%EA%B5%AC%EC%97%90%EB%94%94%EC%85%98-cvmrnbvryufo/
2026-01-27,메디큐브에이지알부스터프로6in1,"메디큐브 에이지알 부스터프로 광채 탄력 볼륨 모공 올인원 뷰티 디바이스 6in1 판매합니다
정가는 658,000원이며, 현재 할인가 309,000원에 판매되고 있는 제품입니다
피부 탄력, 광채, 볼륨 개선에 도움을 주는 올인원 뷰티 디바이스로, 6가지 기능을 한 번에 경험할 수 있습니다

작년 8월에 삿고 한달도 안쓰고 모시는즁 
기스없고 거의 새거 입니다
쿨 거래시 15만에 가져가세요",2,21,222,170000,39.2,수달임돠,판매완료,3,부산 부산진구 부전제1동,https://www.daangn.com/kr/buy-sell/%EB%A9%94%EB%94%94%ED%81%90%EB%B8%8C-%EC%97%90%EC%9D%B4%EC%A7%80%EC%95%8C-%EB%B6%80%EC%8A%A4%ED%84%B0%ED%94%84%EB%A1%9C-6in1-c1m1ghd8fip3/
2025-09-21,메디큐브에이지알부스터프로미니화이트풀박스,"몇번 사용 안했어요! 기스같은것도 별로 없고 깨끗합니다 피부에 닿는 부분만 닦아서 사용하시면 될것같아요
택배만 가능합니다 인증가능
큐알찍으면 나오는 정품입니다 풀박스에요",0,4,56,75000,56.8,228jj,판매완료,2,부산 부산진구 부전제1동,https://www.daangn.com/kr/buy-sell/%EB%A9%94%EB%94%94%ED%81%90%EB%B8%8C-%EC%97%90%EC%9D%B4%EC%A7%80%EC%95%8C-%EB%B6%80%EC%8A%A4%ED%84%B0%ED%94%84%EB%A1%9C-%EB%AF%B8%EB%8B%88-%ED%99%94%EC%9D%B4%ED%8A%B8-%ED%92%80%EB%B0%95%EC%8A%A4-rsbrsnh734fs/
2025-09-08,메디큐브에이지알마이멜로디,"메디큐브 AGE-R 부스터 프로 마이멜로디 에디션 입니다!

너무 귀여운 마이멜로디 디자인이에요.

- AGE-R Booster Pro 본체
- 마이멜로디 헤드 케이스 포함
- 상자도 같이 드려요",2,18,396,300000,42.6,뭉뭉,판매완료,1,부산 부산진구 부전제1동,https://www.daangn.com/kr/buy-sell/%EB%A9%94%EB%94%94%ED%81%90%EB%B8%8C-%EC%97%90%EC%9D%B4%EC%A7%80%EC%95%8C-%EB%A7%88%EC%9D%B4%EB%A9%9C%EB%A1%9C%EB%94%94-tybimdo4po2b/
2025-05-26,메디큐브부스터프로팝니다,"10번 내외로 사용한 제품입니다! 구입한지는 2개월 됐고, 박스랑 제품은 있는데 케이블선은 없습니다! C타입 충전이고, 동봉되는 선은 워낙 짧아서 집에 있는 충전기로 하시면 더 편리합니당 
뷰티기기가 너무 많아서 판매합니다 ㅠㅠ",1,2,76,180000,41.9,나는야토끼,판매완료,1,부산 부산진구 부전제1동,https://www.daangn.com/kr/buy-sell/%EB%A9%94%EB%94%94%ED%81%90%EB%B8%8C-%EB%B6%80%EC%8A%A4%ED%84%B0%ED%94%84%EB%A1%9C-%ED%8C%9D%EB%8B%88%EB%8B%A4-jmwcfxnv8dt1/
2025-04-12,메디큐브부스터프로,"24년10월말 구매했고
사용감 거의없습니다
직거래만 가능합니다",1,0,172,170000,37.3,깡지,판매완료,2,부산 부산진구 부전제1동,https://www.daangn.com/kr/buy-sell/%EB%A9%94%EB%94%94%ED%81%90%EB%B8%8C-%EB%B6%80%EC%8A%A4%ED%84%B0%ED%94%84%EB%A1%9C-3d76deo159re/
2024-08-16,메디큐브부스터프로새제품판매합니다.,부스터프로 새제품 미개봉입니다.,6,13,255,270000,40.5,해콩,판매완료,3,부산 부산진구 부전제1동,https://www.daangn.com/kr/buy-sell/%EB%A9%94%EB%94%94%ED%81%90%EB%B8%8C-%EB%B6%80%EC%8A%A4%ED%84%B0%ED%94%84%EB%A1%9C-%EC%83%88%EC%A0%9C%ED%92%88-%ED%8C%90%EB%A7%A4%ED%95%A9%EB%8B%88%EB%8B%A4-b82kr95jhex8/
2026-05-27,메디큐브에이지알부스터프로블랙풀박스,"메디큐브 부스터프로 판매합니다
매 회차 알코올 소독 후 정말 깔끔하게 사용 했습니다
한번 충전하면 정 ~ 말 오래 사용하실 수 있어요
집에서 간편하게 홈케어 하기 좋습니다",4,6,76,140000,40.3,아뇽,판매중,3,제주 제주시 도련일동,https://www.daangn.com/kr/buy-sell/%EB%A9%94%EB%94%94%ED%81%90%EB%B8%8C-%EC%97%90%EC%9D%B4%EC%A7%80%EC%95%8C-%EB%B6%80%EC%8A%A4%ED%84%B0%ED%94%84%EB%A1%9C-%EB%B8%94%EB%9E%99-%ED%92%80%EB%B0%95%EC%8A%A4-92xgjoggi9tr/
2026-05-12,메디큐브카카오프렌즈부스터프로춘식이,"예전에 메디큐브랑 카카오프렌즈가 콜라보 한 부스터 프로 미니 춘식이 에디션입니다.
잘 안 쓰게 돼서 처분해요~",0,4,105,50000,36.9,리프,판매중,3,제주 제주시 도련일동,https://www.daangn.com/kr/buy-sell/%EB%A9%94%EB%94%94%ED%81%90%EB%B8%8C-%EC%B9%B4%EC%B9%B4%EC%98%A4%ED%94%84%EB%A0%8C%EC%A6%88-%EB%B6%80%EC%8A%A4%ED%84%B0-%ED%94%84%EB%A1%9C-%EC%B6%98%EC%8B%9D%EC%9D%B4-wpkgja83js3a/
2025-06-10,메디큐브에이지알부스터프로패키지판매합니다,"메디큐브 에이지알 부스터 프로 패키지 판매합니다.

올해 1월 GS홈쇼핑 통해 구매했는데
사용을 하지않아 판매합니다(실사용횟수 10회미만ㅜㅜ)
구성 앰플은 아예 사용하지 않았고 기기만 몇번 사용하고 소독 후 보관 중입니다.

<상품구성>
메디큐브 글루타치온 앰플 50ml*2개(미개봉새상품)
메디큐브 펩타이드 멜라 앰플 50g*1개(미개봉새상품)
메디큐브 에이지알 부스터프로 1세트(기기, USB, 사용설명서 )

효과는 정말 좋습니다 😀 ",2,1,74,190000,40.2,갭이어,판매완료,1,제주 제주시 도련일동,https://www.daangn.com/kr/buy-sell/%EB%A9%94%EB%94%94%ED%81%90%EB%B8%8C-%EC%97%90%EC%9D%B4%EC%A7%80%EC%95%8C-%EB%B6%80%EC%8A%A4%ED%84%B0-%ED%94%84%EB%A1%9C-%ED%8C%A8%ED%82%A4%EC%A7%80-%ED%8C%90%EB%A7%A4%ED%95%A9%EB%8B%88%EB%8B%A4-5vj8g3b74rkx/
2025-05-29,메디큐브에이지알부스터프로,"메디큐브 에이지알 부스터 프로 내놓습니다!

4가지모드로 피부 관리에 도움을 주는 제품이에요~
실사용 10회 미만입니다

구매 하시는 분
38,000원짜리 부스터젤 같이 드릴게요!",2,2,115,200000,38.4,안녕안녕,판매완료,2,제주 제주시 도련일동,https://www.daangn.com/kr/buy-sell/%EB%A9%94%EB%94%94%ED%81%90%EB%B8%8C-%EC%97%90%EC%9D%B4%EC%A7%80%EC%95%8C-%EB%B6%80%EC%8A%A4%ED%84%B0-%ED%94%84%EB%A1%9C-wdaiahczshij/
2025-04-29,메디큐브에이지알부스터프로,"미개봉입니다
가지러오셔야합니다
동선에 겹치면 가져다 드릴게요",2,13,291,200000,60.7,billl,판매완료,5,제주 제주시 도련일동,https://www.daangn.com/kr/buy-sell/%EB%A9%94%EB%94%94%ED%81%90%EB%B8%8C-%EC%97%90%EC%9D%B4%EC%A7%80%EC%95%8C-%EB%B6%80%EC%8A%A4%ED%84%B0-%ED%94%84%EB%A1%9C-zcyfepbf6tdw/
2024-12-02,메디큐브에이지알부스터프로(풀박스),"3~4번 사용했어요.
사용시 매번 소독해서 사용했고 상태 매우 좋습니다.
메디큐브 글루타치온 앰플, 마스크팩 6장 같이 드려요.
",1,0,109,210000,39.3,닐리리맘보,판매완료,1,제주 제주시 도련일동,https://www.daangn.com/kr/buy-sell/%EB%A9%94%EB%94%94%ED%81%90%EB%B8%8C-%EC%97%90%EC%9D%B4%EC%A7%80%EC%95%8C-%EB%B6%80%EC%8A%A4%ED%84%B0%ED%94%84%EB%A1%9C-%ED%92%80%EB%B0%95%EC%8A%A4-cg6q4guqkoqb/
2024-11-26,메디큐브ems,"작년초? 제작년 말쯤 구매했는데 실사용 5회미만입니다.
박스 충전기 거치대 다 있슴댜~~!
부스터프로 구매해서 판매해요!
젤은 반정도 남았고 메디큐브 세럼도 한통있습니다
검암동이예요

에누리가능함댜 연락주세오",2,12,446,104000,38.1,검암뒷차기,판매중,5,인천 서구 검암동,https://www.daangn.com/kr/buy-sell/%EB%A9%94%EB%94%94%ED%81%90%EB%B8%8C-ems-ecnxjknav91q/
2025-05-19,메디큐브에어샷,"메디큐브 에어샷 입니다 모공에 좋고 유효성분 흡수에 엄청 좋아요
작동도 잘 되고요 몇 번 사용안해서 상태 좋습니다.
메디큐브에서 보상판매로 10만원받고 부스터프로 교환도 해주더라구요..저는 디바이스 줄이는 중이라 판매합니다.
박스는 못 찾겠어서 본품 + 삼성 정품 케이블(새거) 구성입니다 혹시 박스 찾게되면 같이 담아드려요.

택배 가능, 직거래는 검암동 신명스카이뷰에서 합니다",1,10,280,70000,41.7,림크,판매중,4,인천 서구 검암동,https://www.daangn.com/kr/buy-sell/%EB%A9%94%EB%94%94%ED%81%90%EB%B8%8C-%EC%97%90%EC%96%B4%EC%83%B7-rwuyx4sytjdf/
2025-12-07,메디큐브에이지알부스터프로미니핑크새상품,"메디큐브 에이지알 부스터 프로 미니 핑크 새상품입니다
금요일날 카카오톡선물하기에서 배송받았는데
전 안 쓸 거 같아서...
대인고 코히카페근처입니다!",3,21,265,65000,38.5,delightharu,판매완료,2,인천 서구 검암동,https://www.daangn.com/kr/buy-sell/%EB%A9%94%EB%94%94%ED%81%90%EB%B8%8C-%EC%97%90%EC%9D%B4%EC%A7%80%EC%95%8C-%EB%B6%80%EC%8A%A4%ED%84%B0-%ED%94%84%EB%A1%9C-%EB%AF%B8%EB%8B%88-%ED%95%91%ED%81%AC-%EC%83%88%EC%83%81%ED%92%88-ivihke2s2ov6/
2026-02-20,메디큐브age-r부스터프로핑크새상품,"아실분들은 다 아실 뷰티 디바이스 👍👍
메디큐브 AGE-R 부스터 프로 핑크 새상품/미개봉 상품입니다ㅠㅠ!

피부 속 광채와 탄력을 깨워주는 부스터 프로! 메이크업 흡수를 도와주고 피부결 개선에 도움을 줄 수 있습니다!

선물 받았는데 비슷한 디바이스 기기들이 많아 판매합니다😂
",1,3,65,160000,40.6,랄라라랄라,판매완료,4,인천 서구 검암동,https://www.daangn.com/kr/buy-sell/%EB%A9%94%EB%94%94%ED%81%90%EB%B8%8C-age-r-%EB%B6%80%EC%8A%A4%ED%84%B0-%ED%94%84%EB%A1%9C-%ED%95%91%ED%81%AC-%EC%83%88%EC%83%81%ED%92%88-5a2csoj3p84n/
2026-01-14,메디큐브에이지알부스터프로미니핑크(,"메디큐브 에이지알 부스터 프로 미니 핑크 입니다
- 박스와 본체만 있어요 (충전기 C타입 쓰심 됩니다)

플러스 아니고 1세대고, 출시하고 얼마 안 있다 샀어요
10번 이하 사용했는데 손 잘 안가서 팝니다

직거래: 검암동 2지구 GS25검암타운점앞",2,31,437,40000,44.6,부자의포즈,판매완료,2,인천 서구 검암동,https://www.daangn.com/kr/buy-sell/%EB%A9%94%EB%94%94%ED%81%90%EB%B8%8C-%EC%97%90%EC%9D%B4%EC%A7%80%EC%95%8C-%EB%B6%80%EC%8A%A4%ED%84%B0-%ED%94%84%EB%A1%9C-%EB%AF%B8%EB%8B%88-%ED%95%91%ED%81%AC-kifkcwsye4eo/
2025-05-24,메디큐브부스터프로미니,"메디큐브 부스터프로 미니 
-피부 속 광채를 깨우는 데일리 뷰티 디바이스
-Red, Blue, Purple 3가지 파장의 LED 광선
-피부톤 개선, 탄력 증진, 모공 축소, 트러블 완화에 도움
-콤팩트한 사이즈로 휴대 및 사용이 간편

원가 10만원 정도인데 3개월 전에 구매했는데 거의 사용하지 않았습니다. 5만원에 판매합니다",1,0,121,50000,39.9,jun222,판매완료,1,인천 서구 검암동,https://www.daangn.com/kr/buy-sell/%EB%A9%94%EB%94%94%ED%81%90%EB%B8%8C-%EB%B6%80%EC%8A%A4%ED%84%B0%ED%94%84%EB%A1%9C-%EB%AF%B8%EB%8B%88-46asuos4u3kr/
2025-05-06,메디큐브에이지알부스터프로,"유명한 뷰티디바이스 죠.
고사양 초음파기기가 생겨서 판매합니다.
상태 좋고, 상자 다 있습니다.

문의사항 많아서 정리해서 말씀드리면
- 택배거래는 제가 중고사기를 당한 전적이 있어서
하지 않습니다
- 구입날짜 24년 1월 3일 입니다. 보증기간은 지났습니다. 저는 비타민 화장품이 잘 안맞는데 부스터까지 쓰니 여드름이 나서 사용을 거의 안했습니다. 사용감 적다는 거 참고 부탁드립니다.
- 회사가 서울이라 평일은 저녁에 거래 가능합니다
- 설명서 없습니다. 에이지알 어플 다운 받으시면 사용법, 추천코스, 사용 기록 다 되니 어플 받으시면 됩니다.


거래장소 : 검암 마젤란21아파트

* 네고는 어렵습니다.",4,10,297,180000,43.5,용용이10,판매완료,1,인천 서구 검암동,https://www.daangn.com/kr/buy-sell/%EB%A9%94%EB%94%94%ED%81%90%EB%B8%8C-%EC%97%90%EC%9D%B4%EC%A7%80%EC%95%8C-%EB%B6%80%EC%8A%A4%ED%84%B0%ED%94%84%EB%A1%9C-w1remv33ros6/
2025-05-05,메디큐브에이지알부스터프로(실사용1번),"에이지알 부스터 프로 내놓습니다!

피부 속 광채와 탄력 개선에 도움을 주는 뷰티 디바이스에요

- 미세 전류, 초음파, LED 광선 기능
- 집에서 간편하게 사용 가능
- 다양한 모드로 맞춤형 관리

테스트로 한번 쓰고 이후 미사용한 기기입니다

정가는 289,000원입니다
박스도 같이 드려요~",1,4,49,200000,42.4,사나나,판매완료,2,인천 서구 검암동,https://www.daangn.com/kr/buy-sell/%EB%A9%94%EB%94%94%ED%81%90%EB%B8%8C-%EC%97%90%EC%9D%B4%EC%A7%80%EC%95%8C-%EB%B6%80%EC%8A%A4%ED%84%B0-%ED%94%84%EB%A1%9C-%EC%8B%A4%EC%82%AC%EC%9A%A9-1%EB%B2%88-rbc3ycegjbkr/
2025-04-08,메디큐브에이지알부스터프로쿠로미(한정판),"쿠로미 스티커 👾제외하고 구성품 다있어요 :) 
원가는 340,000원 입니다 
사용 햇수는 5회미만이에요. 하자전혀 없습니다 
에이지알 어플 연결해서 사용할 수 있어요 (블루투스) 
직거래 , 택배 가능해요 챗주세요",1,5,117,250000,38.0,0123z,판매완료,5,인천 서구 검암동,https://www.daangn.com/kr/buy-sell/%EB%A9%94%EB%94%94%ED%81%90%EB%B8%8C-%EC%97%90%EC%9D%B4%EC%A7%80%EC%95%8C-%EB%B6%80%EC%8A%A4%ED%84%B0%ED%94%84%EB%A1%9C-%EC%BF%A0%EB%A1%9C%EB%AF%B8-%ED%95%9C%EC%A0%95%ED%8C%90-k6d3ezr9bqcw/
2025-03-13,메디큐브age-r부스터프로,"10회미만 사용했고 상자에 안넣고 보관하다가 
약간 어디에 긁힌거같아요 화면에 기스 작은거 조금 있어요 아무지장없는거고 저는 피부가 너무 약해서 판매합니다 싸게 가져가세요..
몇번쓰던거랑 새거랑 그렇게 별차이 없습니다! 
소독도 해놨습니다
본품그대로 있고 부스터겔 새거 1개 서비스로 드립니다",7,10,412,180000,39.9,바니바니,판매완료,3,인천 서구 검암동,https://www.daangn.com/kr/buy-sell/%EB%A9%94%EB%94%94%ED%81%90%EB%B8%8C-age-r-%EB%B6%80%EC%8A%A4%ED%84%B0-%ED%94%84%EB%A1%9C-bksqxtqxzp43/
2025-01-11,메디큐브에이지알부스터프로,"24년 9월 구매 후 7-8회 정도 사용
박스 있고, 구성 분실 없어요
부스터프로 미니 받고 그것만 써서 팔아요

반값 +0.2
일반 +0.4",0,9,248,180000,44.6,부자의포즈,판매완료,3,인천 서구 검암동,https://www.daangn.com/kr/buy-sell/%EB%A9%94%EB%94%94%ED%81%90%EB%B8%8C-%EC%97%90%EC%9D%B4%EC%A7%80%EC%95%8C-%EB%B6%80%EC%8A%A4%ED%84%B0-%ED%94%84%EB%A1%9C-g6ogx3eexqz6/
2024-10-25,메디큐브부스터프로,풀박스에 6개월 전쯤 구매했고 몇번 사용하지 않았습니다!,1,5,126,180000,47.4,아라이이,판매완료,3,인천 서구 검암동,https://www.daangn.com/kr/buy-sell/%EB%A9%94%EB%94%94%ED%81%90%EB%B8%8C-%EB%B6%80%EC%8A%A4%ED%84%B0%ED%94%84%EB%A1%9C-f8jv3q5mjukg/
2026-04-30,메디큐브에이지알부스터프로블랙풀박스,"메디큐브 에이지알 부스터 프로 블랙 풀박스 구성품 모두 있어요!
본체, 충전 케이블, 사용 설명서 풀박스입니다!!
제품 박스 뒷면에 정품인증 큐알코드로 확인 가능합니다.

꼼꼼한 스타일이라 매번 알콜스왑 닦았는데 약간 미세한 생활기스는 있어서 두번째 사진 확인바랍니다.

저는 특히 에어샷 모드 잘썼는데 한달 정도 지나니 귀찮아서 안하게 되더라구요..
저는 효과 봤는데 꾸준히 사용 하실 분 추천드려요!!",3,9,159,140000,48.5,우왁,판매중,2,경기 수원시 권선구 권선1동,https://www.daangn.com/kr/buy-sell/%EB%A9%94%EB%94%94%ED%81%90%EB%B8%8C-%EC%97%90%EC%9D%B4%EC%A7%80%EC%95%8C-%EB%B6%80%EC%8A%A4%ED%84%B0-%ED%94%84%EB%A1%9C-%EB%B8%94%EB%9E%99-%ED%92%80%EB%B0%95%EC%8A%A4-b8traba8v9nc/
2026-02-27,메디큐브에이지알부스터프로미개봉새상품(새제품),"메디큐브 에이지알 부스터프로 미개봉 새상품입니다~!

메디큐브 본사 구매이구요,  수령한지 얼마 안된 새제품 입니다~!

판매사유는 다른 뷰티디바이스도 구매했는데 기능이 겹쳐서 고민끝에 하나는 당근합니다~!✨",2,18,324,210000,42.2,누누,판매중,2,경기 수원시 권선구 권선1동,https://www.daangn.com/kr/buy-sell/%EB%A9%94%EB%94%94%ED%81%90%EB%B8%8C-%EC%97%90%EC%9D%B4%EC%A7%80%EC%95%8C-%EB%B6%80%EC%8A%A4%ED%84%B0-%ED%94%84%EB%A1%9C-%EB%AF%B8%EA%B0%9C%EB%B4%89-%EC%83%88%EC%83%81%ED%92%88-%EC%83%88%EC%A0%9C%ED%92%88-igwmu5iwg8sk/
2026-03-23,메디큐브에이지알부스터프로블랙풀박스,"메디큐브 에이지알 부스터 프로 블랙 풀박입니다
헤드부분 생활기스 이외에 문제 없습니다
동봉된 케이블선은 못찾아서 C타입으로 넣었습니다
이번에 프로2 새로나온거 선물받아서 판매합니다

가격 저렴하게 올리는 만큼 네고 X",2,3,222,100000,37.2,뿌꾸뿌꾸,판매완료,5,경기 수원시 권선구 권선1동,https://www.daangn.com/kr/buy-sell/%EB%A9%94%EB%94%94%ED%81%90%EB%B8%8C-%EC%97%90%EC%9D%B4%EC%A7%80%EC%95%8C-%EB%B6%80%EC%8A%A4%ED%84%B0-%ED%94%84%EB%A1%9C-%EB%B8%94%EB%9E%99-%ED%92%80%EB%B0%95%EC%8A%A4-13g2gr79nu65/
2026-03-20,메디큐브에이지알부스터프로블랙박스포함,"메디큐브 에이지알 부스터 프로 블랙 색상입니다
박스 설명서 충전기 드립니다. 
-피부 속 탄력 개선에 도움을 줍니다
-피부결 개선, 붓기 완화, 모공 면적 개선, 피부 진정 효과가 있습니다
잘 작동하고 상태 좋으나 중고 특성상 사용감 있을 수 있고 환불은 불가합니다

25년2월제조, 25년4월 구매",2,6,151,140000,41.8,루루리,판매완료,3,경기 수원시 권선구 권선1동,https://www.daangn.com/kr/buy-sell/%EB%A9%94%EB%94%94%ED%81%90%EB%B8%8C-%EC%97%90%EC%9D%B4%EC%A7%80%EC%95%8C-%EB%B6%80%EC%8A%A4%ED%84%B0-%ED%94%84%EB%A1%9C-%EB%B8%94%EB%9E%99-%EB%B0%95%EC%8A%A4%ED%8F%AC%ED%95%A8-ajoh7v7d3mcb/
2026-03-05,메디큐브age-r부스터프로블랙풀박스,"메디큐브 AGE-R 부스터 프로 블랙 풀박스입니다
피부 속 탄력과 광채를 채워주는 뷰티 디바이스입니다
-피부결 개선에 도움을 줍니다
-피부 속 광채 효과를 줍니다
상태는 사진과 같이 좋습니다
 
메디큐브 부스터 프로 블랙 풀박스 팔아용 ~
진짜 한번 썻고 저는 관리랑은 거리가 먼가바요 귀찮아서 안쓰게되는 .. ㅜㅜ  물건 거의새거나 마찬가지랍니다 문의주세요 ㅠㅠ",4,10,127,150000,36.5,도리,판매완료,1,경기 수원시 권선구 권선1동,https://www.daangn.com/kr/buy-sell/%EB%A9%94%EB%94%94%ED%81%90%EB%B8%8C-age-r-%EB%B6%80%EC%8A%A4%ED%84%B0-%ED%94%84%EB%A1%9C-%EB%B8%94%EB%9E%99-%ED%92%80%EB%B0%95%EC%8A%A4-i5nvmtxvct5z/
2026-02-18,메디큐브에이지알부스터프로미니화이트판매합니다,"메디큐브 에이지알 부스터프로 미니 화이트입니다
구입후 2번정도 사용한 상태로
풀박스 깨끗합니다
문고리 거래합니다
",7,14,204,63000,50.0,솥뚜껑머리,판매완료,2,경기 수원시 권선구 권선1동,https://www.daangn.com/kr/buy-sell/%EB%A9%94%EB%94%94%ED%81%90%EB%B8%8C-%EC%97%90%EC%9D%B4%EC%A7%80%EC%95%8C-%EB%B6%80%EC%8A%A4%ED%84%B0%ED%94%84%EB%A1%9C-%EB%AF%B8%EB%8B%88-%ED%99%94%EC%9D%B4%ED%8A%B8-%ED%8C%90%EB%A7%A4%ED%95%A9%EB%8B%88%EB%8B%A4-z1mve4bckidt/
2026-01-01,메디큐브부스터프로미니,"부스터프로 미니 화이트 판매합니다.
상자는 없고 기계만 있어요.
잘 사용하지 않아서 판매합니다. 실사용 10회 정도입니다.",1,14,122,50000,37.4,하울의음쥑이는성,판매완료,1,경기 수원시 권선구 권선1동,https://www.daangn.com/kr/buy-sell/%EB%A9%94%EB%94%94%ED%81%90%EB%B8%8C-%EB%B6%80%EC%8A%A4%ED%84%B0%ED%94%84%EB%A1%9C-%EB%AF%B8%EB%8B%88-kngfxgc96ypv/
2025-12-05,메디큐브부스터프로블랙,"메디큐브 부스터 프로 블랙 색상입니다
곰돌이 캡은 증정품입니다.
박스 없어용!",2,3,96,120000,41.2,짱짱걸,판매완료,3,경기 수원시 권선구 권선1동,https://www.daangn.com/kr/buy-sell/%EB%A9%94%EB%94%94%ED%81%90%EB%B8%8C-%EB%B6%80%EC%8A%A4%ED%84%B0-%ED%94%84%EB%A1%9C-%EB%B8%94%EB%9E%99-1882r123kv9m/
2025-08-06,메디큐브에이지알부스터프로풀박스최저가,"메디큐브 에이지알 부스터 프로
박스랑 충전기(c타입) 사용 설명서 같이 드립니다(풀박스 구성)
정가 329,000원
24년 1월 구매 후 조금씩만 사용했어요
사진 참고!!

광채 탄력 모공 볼륨 등등 여러기능 
한번에 쓸 수 있어서 좋아요!
4중 토탈케어

상태 좋지만 예민한 분 x
다른 기기 구매해서 싸게 올려요! 
중고거래특성상 환불불가!

사실분만 채팅주세요~",1,5,127,170000,53.8,해피,판매완료,5,경기 수원시 권선구 권선1동,https://www.daangn.com/kr/buy-sell/%EB%A9%94%EB%94%94%ED%81%90%EB%B8%8C-%EC%97%90%EC%9D%B4%EC%A7%80%EC%95%8C-%EB%B6%80%EC%8A%A4%ED%84%B0-%ED%94%84%EB%A1%9C-%ED%92%80%EB%B0%95%EC%8A%A4-%EC%B5%9C%EC%A0%80%EA%B0%80-sjaed7pvn35k/
2025-05-25,메디큐브에이지알부스터프로새상품쿠로미에디션.정품,"메디큐브 에이지알 부스터 프로 새상품입니다!

피부 속 광채 부스팅에 좋대요
5가지 핵심 기술이 들어갔다고 합니다
흡수율이 100%라고 하네요
2주 사용 시 효과가 있다고 합니다
저자극 테스트 완료!

박스도 같이 드려요~
정품입니다

",1,11,389,255000,44.7,양송이스프,판매완료,2,경기 수원시 권선구 권선1동,https://www.daangn.com/kr/buy-sell/%EB%A9%94%EB%94%94%ED%81%90%EB%B8%8C-%EC%97%90%EC%9D%B4%EC%A7%80%EC%95%8C-%EB%B6%80%EC%8A%A4%ED%84%B0-%ED%94%84%EB%A1%9C-%EC%83%88%EC%83%81%ED%92%88-%EC%BF%A0%EB%A1%9C%EB%AF%B8%EC%97%90%EB%94%94%EC%85%98-%EC%A0%95%ED%92%88-p86oat6twgit/
2025-05-09,25년새상품)메디큐브에이지알울트라튠(문고리),"메디큐브 에이지알 울트라 튠 40.68입니다.
씰 씌어져있는 미개봉 새상품이에요. 


25년도 패키지에  5월8일 도착상품으로 (사진첨부)
부스터프로는 사용하고 울트라튠만 팔아요.
25년 2~4월 제조일자 일 거에요.
정품 스티커 박스 뒷면에 붙여져 있는 정품입니다. 


최근 구매해도 1~2개월 지난 기계로 주기때문에
메디큐브측에서 A/S 는 선물이나 중고제품도 
제조일자 확인하고 유도리 있게 1년6개월까지 해줍니다. (사진첨부)
사용시 뒷면 스티커 제거하지 말고 사용하시면 돼요.

마지막 가격이에요
——————-

거래는 비대면 문고리 거래 원합니다. 문앞 cctv 있고
수원시청역 근처 이오스 오피스텔입니다.

문고리라 편하실때 와서 가져가시면 돼요~ 


자차끌고 오시면 수원 정담김밥 앞에 잠시 주차하시면 됩니다. (지하주차장은 요금때문에 불가)

택배도 가능합니다 
Gs 편의점 택배 +3000원.",1,12,257,230000,57.9,아만,판매완료,6,경기 수원시 권선구 권선1동,https://www.daangn.com/kr/buy-sell/25%EB%85%84%EC%83%88%EC%83%81%ED%92%88-%EB%A9%94%EB%94%94%ED%81%90%EB%B8%8C-%EC%97%90%EC%9D%B4%EC%A7%80%EC%95%8C-%EC%9A%B8%ED%8A%B8%EB%9D%BC%ED%8A%A0-%EB%AC%B8%EA%B3%A0%EB%A6%AC-jwk1sa3wzxww/
2025-03-26,메디큐브(에이지알)부스터프로핑크,"인스타 광고보고 홀려서
올해 1월에 공홈가서 구매 했어요. 

여태 두번쓰고 앞으로도 잘 사용하지 않을거 같아서 팝니다.. 🥲
박스, 충전기선 다 있고, 작동 잘돼요 !

* 제가 사용하고 남은 알콜스왑도 같이 드립니당
* 직거래 희망해요 🙂",2,12,557,200000,42.7,구르미,판매완료,4,경기 수원시 권선구 권선1동,https://www.daangn.com/kr/buy-sell/%EB%A9%94%EB%94%94%ED%81%90%EB%B8%8C-%EC%97%90%EC%9D%B4%EC%A7%80%EC%95%8C-%EB%B6%80%EC%8A%A4%ED%84%B0-%ED%94%84%EB%A1%9C-%ED%95%91%ED%81%AC-qb63f6wgzj5m/
2024-11-22,메디큐브부스터프로,"올해 샀어요 
제조년일 24년3월입니다 
몇번 사용했다가 방치되어 아까워 판매합니다.
케이블이랑 설명서 이런건 하나도 안건드리고 포장 잘되어있습니다 기계만 꺼내서 사용했어요 
상태좋습니다 켜보니 작동도 아주 잘됩니다
수원시청 근처입니다",5,1,333,200000,43.8,라라,판매완료,4,경기 수원시 권선구 권선1동,https://www.daangn.com/kr/buy-sell/%EB%A9%94%EB%94%94%ED%81%90%EB%B8%8C-%EB%B6%80%EC%8A%A4%ED%84%B0%ED%94%84%EB%A1%9C-qbcm8k825gap/
2025-12-04,메디큐브에이지알부스터프로새상품미개봉,"메디큐브 에이지알 부스터 프로 새상품, 미개봉 제품입니다
피부 속 콜라겐, 탄력, 볼륨, 윤기, 모공, 진피 치밀도, 톤, 피부결, 보습 개선에 도움을 줍니다
네고불가
21만원입니다",2,3,54,210000,37.5,밤비,판매완료,4,충남 천안시 동남구 원성동,https://www.daangn.com/kr/buy-sell/%EB%A9%94%EB%94%94%ED%81%90%EB%B8%8C-%EC%97%90%EC%9D%B4%EC%A7%80%EC%95%8C-%EB%B6%80%EC%8A%A4%ED%84%B0-%ED%94%84%EB%A1%9C-%EC%83%88%EC%83%81%ED%92%88-%EB%AF%B8%EA%B0%9C%EB%B4%89-4g8zv1kutbo4/
2026-04-18,메디큐브에이지알부스터프로미니마이멜로디에디션풀박스,"메디큐브와 마이멜로디가 만나 탄생한 특별한 에디션이에요
에이지알 부스터 프로 미니 플러스 본품과 귀여운 마이멜로디 까지 풀세트예요 

핑크색 본체에 마이멜로디 캐릭터가 그려져 있어 소장 가치가 높아요
피부 관리에 관심 있는 분들께 추천드리는 제품이에요

2025년에 가을에 구매해서 2회 정도 사용해서.. 사용감은 거의 없다고 보시면 됩니다.. 

풀박스로 다 드려요 

택배가능 문고리거래 가능",1,9,82,55000,42.8,팡구마마,판매완료,5,인천 미추홀구 용현5동,https://www.daangn.com/kr/buy-sell/%EB%A9%94%EB%94%94%ED%81%90%EB%B8%8C-%EC%97%90%EC%9D%B4%EC%A7%80%EC%95%8C-%EB%B6%80%EC%8A%A4%ED%84%B0-%ED%94%84%EB%A1%9C-%EB%AF%B8%EB%8B%88-%EB%A7%88%EC%9D%B4%EB%A9%9C%EB%A1%9C%EB%94%94-%EC%97%90%EB%94%94%EC%85%98-%ED%92%80%EB%B0%95%EC%8A%A4-vas7zbg233fs/
2026-02-14,메디큐브부스터프로꿀광피부표현가능,"메디큐브 에이지알 부스터 프로 블랙입니다

✅구성품: 본품+충전기

✅집에서 간편하게 피부 관리를 할 수 있어요
- 5가지 핵심 모드(부스터, 콜라겐, 타이트닝, 에어, EMS)로 피부 속 광채와 탄력을 개선해 줍니다
- 매일 10분 투자로 피부 컨디션을 끌어올릴 수 있어요",4,6,91,100000,39.0,앞마을콩국수,판매완료,3,인천 미추홀구 용현5동,https://www.daangn.com/kr/buy-sell/%EB%A9%94%EB%94%94%ED%81%90%EB%B8%8C-%EB%B6%80%EC%8A%A4%ED%84%B0-%ED%94%84%EB%A1%9C-%EA%BF%80%EA%B4%91-%ED%94%BC%EB%B6%80-%ED%91%9C%ED%98%84-%EA%B0%80%EB%8A%A5-cvk5chxjpug2/
2025-11-27,메디큐브에이지알부스터프로미니,"메디큐브 에이지알 부스터 프로 미니 팝니다!
2~3번? 정도 사용했습니다 흠집 하나 없고 작동도 정말 잘 됩니다 거의 새상품이라고 보셔도 됩니다 ㅠㅠ 구매는 11월 초 쯤 했어요
알콜솜으로 깨끗하게 소독해서 드릴겁니당
박스는 버려서 없어요 🫠…
궁금하신거 있으면 편하게 연락주세욤 🤗",3,12,271,45000,38.3,뿌잉,판매완료,2,인천 미추홀구 용현5동,https://www.daangn.com/kr/buy-sell/%EB%A9%94%EB%94%94%ED%81%90%EB%B8%8C-%EC%97%90%EC%9D%B4%EC%A7%80%EC%95%8C-%EB%B6%80%EC%8A%A4%ED%84%B0-%ED%94%84%EB%A1%9C-%EB%AF%B8%EB%8B%88-doqqm5wiho8g/
2025-09-25,메디큐브에이지알부스터프로전동마사지기,"8,26일날 구매해서  10회미만으로 사용을 거의 안해서 상품은 최상급입니다  
구성품은 본체, 충전 케이블, 설명서 그대로 있습니니다    ",4,10,332,172000,36.5,만두공주,판매완료,3,인천 미추홀구 용현5동,https://www.daangn.com/kr/buy-sell/%EB%A9%94%EB%94%94%ED%81%90%EB%B8%8C-%EC%97%90%EC%9D%B4%EC%A7%80%EC%95%8C-%EB%B6%80%EC%8A%A4%ED%84%B0%ED%94%84%EB%A1%9C-%EC%A0%84%EB%8F%99-%EB%A7%88%EC%82%AC%EC%A7%80%EA%B8%B0-2x84mtnpxko1/
2025-09-24,메디큐브에이지알헬로키티,"메디큐브 AGE-R 부스터 프로 헬로키티 에디션입니다

피부 속 자극의 길이가 다른 소닉 바이브레이션 기능과 5가지 포토 테라피 기능이 있어요~
피부톤과 컨디션에 맞게 변경 가능해요
기기본체(3번사용)+키티캡+전용 소독티슈(3장사용)
에이지알앱설치하시면 사용방법 및 주기관리 쉽습니다


구매가 349,000원입니다",8,22,394,240000,44.8,당꽁,판매완료,7,인천 미추홀구 용현5동,https://www.daangn.com/kr/buy-sell/%EB%A9%94%EB%94%94%ED%81%90%EB%B8%8C-%EC%97%90%EC%9D%B4%EC%A7%80%EC%95%8C-%ED%97%AC%EB%A1%9C%ED%82%A4%ED%8B%B0-z19yw88cr3jm/
2025-08-25,메디큐브부스터프로미니플러스,흰색 미개봉 새상품 판매합니다!,4,9,277,90000,36.5,난니,판매완료,2,인천 미추홀구 용현5동,https://www.daangn.com/kr/buy-sell/%EB%A9%94%EB%94%94%ED%81%90%EB%B8%8C-%EB%B6%80%EC%8A%A4%ED%84%B0-%ED%94%84%EB%A1%9C-%EB%AF%B8%EB%8B%88-%ED%94%8C%EB%9F%AC%EC%8A%A4-dfzcqt33aaon/
2025-05-23,메디큐브부스터프로,"메디큐브 AGE-R 부스터프로입니다
실사용 얼마안되요
앰플2개드립니다
",1,11,186,200000,46.3,도도지니,판매완료,1,인천 미추홀구 용현5동,https://www.daangn.com/kr/buy-sell/%EB%A9%94%EB%94%94%ED%81%90%EB%B8%8C-%EB%B6%80%EC%8A%A4%ED%84%B0%ED%94%84%EB%A1%9C-yk9ja5eaowdp/
2024-10-15,메디큐브에이지알부스터프로,"최근 구매했음
39만원 넘은것 같아요
구석에. 처박아 놓기보단
필요하신분. 쓰시면 좋을것 같아요

구매하고 열씨미 해보려 햇는데
역시나 귀차니즘 발동
거의 새거라 보심 돼요
관심있는분 연락주세요",1,2,160,200000,37.5,까미유,판매완료,5,인천 미추홀구 용현5동,https://www.daangn.com/kr/buy-sell/%EB%A9%94%EB%94%94%ED%81%90%EB%B8%8C-%EC%97%90%EC%9D%B4%EC%A7%80%EC%95%8C-%EB%B6%80%EC%8A%A4%ED%84%B0%ED%94%84%EB%A1%9C-byuofd4om4o2/
2024-07-27,메디큐브부스터프로,"24/2/17 구매했으며 사용해보다가 손이 잘 가지 않아 빠르게 판매하려합니다! 

충전케이블 그대로 보관 중이며 함께 드리겠습니다! 
알콜스왑으로 세척완료, 풀충전 해놨습니다~
(알콜스왑 몇개 더 챙겨드릴게요!)

공홈에서 39만원대에 판매되고 있던데
반값에 가져가세요:)

🤍네고 정중히 거절합니다🤍",1,0,122,200000,50.6,seo,판매완료,2,인천 미추홀구 용현5동,https://www.daangn.com/kr/buy-sell/%EB%A9%94%EB%94%94%ED%81%90%EB%B8%8C-%EB%B6%80%EC%8A%A4%ED%84%B0%ED%94%84%EB%A1%9C-6q9cm9349h6s/
2026-03-19,메디큐브에이지알부스터프로블랙,"메디큐브 AGE-R 부스터 프로 블랙 색상입니다.
사용 횟수 10회 미만이며, 알콜스왑으로 잘 소독하고 사용해서 상태 깔끔합니다. 귀찮아서 잘 안쓰게 되어 판매합니다.",0,7,176,140000,37.7,YW,판매중,1,경기 성남시 중원구 은행동,https://www.daangn.com/kr/buy-sell/%EB%A9%94%EB%94%94%ED%81%90%EB%B8%8C-%EC%97%90%EC%9D%B4%EC%A7%80%EC%95%8C-%EB%B6%80%EC%8A%A4%ED%84%B0-%ED%94%84%EB%A1%9C-%EB%B8%94%EB%9E%99-xetcvqr452fv/
2026-04-12,메디큐브에이지알부스터프로x2핑크미개봉팝니다,미개봉 새상품입니다,0,1,55,320000,37.7,YW,판매중,1,경기 성남시 중원구 은행동,https://www.daangn.com/kr/buy-sell/%EB%A9%94%EB%94%94%ED%81%90%EB%B8%8C-%EC%97%90%EC%9D%B4%EC%A7%80%EC%95%8C-%EB%B6%80%EC%8A%A4%ED%84%B0-%ED%94%84%EB%A1%9C-x2-%ED%95%91%ED%81%AC-%EB%AF%B8%EA%B0%9C%EB%B4%89-%ED%8C%9D%EB%8B%88%EB%8B%A4-2uv5762kff65/
2026-04-08,메디큐브에이지알부스터프로x2핑크미개봉새상품판매,"총 2개 있어요.
4월 16일까지 판매합니다.",1,4,141,340000,37.7,YW,판매완료,1,경기 성남시 중원구 은행동,https://www.daangn.com/kr/buy-sell/%EB%A9%94%EB%94%94%ED%81%90%EB%B8%8C-%EC%97%90%EC%9D%B4%EC%A7%80%EC%95%8C-%EB%B6%80%EC%8A%A4%ED%84%B0%ED%94%84%EB%A1%9Cx2-%ED%95%91%ED%81%AC-%EB%AF%B8%EA%B0%9C%EB%B4%89-%EC%83%88%EC%83%81%ED%92%88-%ED%8C%90%EB%A7%A4-5biiksj3z7bv/
2025-09-24,메디큐브에이지알부스터프로미니,"메디큐브 에이지알 부스터 프로 카카오프렌즈 에디션입니다~ 💛
사용감 거의 없어요 !!",1,1,69,75000,37.9,집보내줘,판매완료,1,경기 성남시 중원구 은행동,https://www.daangn.com/kr/buy-sell/%EB%A9%94%EB%94%94%ED%81%90%EB%B8%8C-%EC%97%90%EC%9D%B4%EC%A7%80%EC%95%8C-%EB%B6%80%EC%8A%A4%ED%84%B0-%ED%94%84%EB%A1%9C%EB%AF%B8%EB%8B%88-mt7c4vv3g5bs/
2026-06-04,메디큐브에이지알부스터프로블랙풀박스,"메디큐브 에이지알 부스터 프로 블랙 풀박스 구성이에요
본체, 사용 설명서, 충전 케이블까지 모두 갖춰져 있어요
사진에서 보이는 것처럼 깔끔하게 보관되어 있답니다
피부 탄력과 리프팅에 도움을 주는 제품으로 꾸준히 사용하시면 좋아요",0,3,18,92000,41.2,happy,판매중,1,경남 양산시 물금읍,https://www.daangn.com/kr/buy-sell/%EB%A9%94%EB%94%94%ED%81%90%EB%B8%8C-%EC%97%90%EC%9D%B4%EC%A7%80%EC%95%8C-%EB%B6%80%EC%8A%A4%ED%84%B0-%ED%94%84%EB%A1%9C-%EB%B8%94%EB%9E%99-%ED%92%80%EB%B0%95%EC%8A%A4-ez9j4pd1p7wz/
2026-06-03,메디큐브부스터프로미니춘식이에디션,"[구성] 부스터프로 미니 춘식이 에디션 본체, 사용설명서, 춘식이 프로 미니 전용 파우치, 춘식이 파우치

25년 3월 1일 구매 상품

💛춘식이 스티커 제외 구성입니다💛

본체에 스티커 붙인 상태인데 거슬리면 떼고 사용하셔도 됩니다. C타입 충전입니다.
충전기는 원래 구성에 없음.

실사용 7회 정도, 이후 알콜솜으로 소독 후 보관중입니다. 깨끗하게 사용했습니다.

반품 안됩니다. 신중한 구매 부탁드립니다.
CU 반택, 일택 가능[배송비 별도입니다]",0,1,20,80000,40.9,냠냠,판매중,4,경남 양산시 물금읍,https://www.daangn.com/kr/buy-sell/%EB%A9%94%EB%94%94%ED%81%90%EB%B8%8C-%EB%B6%80%EC%8A%A4%ED%84%B0-%ED%94%84%EB%A1%9C-%EB%AF%B8%EB%8B%88-%EC%B6%98%EC%8B%9D%EC%9D%B4-%EC%97%90%EB%94%94%EC%85%98-dcjxrv7y68nc/
2026-06-01,메디큐브부스터프로미니화이트에디션새상품,"메디큐브 부스터프로 미니 화이트 에디션 (새상품) 판매해요
PDRN 앰플 미니와 젤리 파우치 구성품 포함되어 있어요
선물하기 좋은 깔끔한 디자인의 뷰티 디바이스랍니다
피부 탄력 관리에 관심 있는 분들께 추천드려요",0,2,22,140000,39.5,마루네,판매중,2,경남 양산시 물금읍,https://www.daangn.com/kr/buy-sell/%EB%A9%94%EB%94%94%ED%81%90%EB%B8%8C-%EB%B6%80%EC%8A%A4%ED%84%B0%ED%94%84%EB%A1%9C-%EB%AF%B8%EB%8B%88-%ED%99%94%EC%9D%B4%ED%8A%B8-%EC%97%90%EB%94%94%EC%85%98-%EC%83%88%EC%83%81%ED%92%88-8kn98eqjgyf1/
2026-03-04,메디큐브에이지알부스터프로옐로우에디션미개봉새상품,"메디큐브 에이지알 부스터 프로 옐로우 색상입니다

- 풀박스 구성 (본체, 박스, 쇼핑백)
- PDRN 핑크 원데이 세럼 포함

피부 속 광채, 탄력, 볼륨을 한번에 관리할 수 있는 올인원 뷰티 디바이스입니다

선물용으로 바로 드리기도 좋아요

보호캡은 불포함입니다

환불.반품x/예민하신분x
물금-증산초 근처 아파트
화명동-수정역 인근 아파트
선입금 비대면 거래 할게요",0,4,117,210000,92.1,밀리,판매중,4,경남 양산시 물금읍,https://www.daangn.com/kr/buy-sell/%EB%A9%94%EB%94%94%ED%81%90%EB%B8%8C-%EC%97%90%EC%9D%B4%EC%A7%80%EC%95%8C-%EB%B6%80%EC%8A%A4%ED%84%B0-%ED%94%84%EB%A1%9C-%EC%98%90%EB%A1%9C%EC%9A%B0%EC%97%90%EB%94%94%EC%85%98-%EB%AF%B8%EA%B0%9C%EB%B4%89%EC%83%88%EC%83%81%ED%92%88-scj3a15e2qo8/
2026-05-29,메디큐브부스터프로쿠로미,"메디큐브 부스터프로 쿠로미

구매하고 일주일사용하다가
귀찮아서 서랍에 보관만 했습니다",0,1,23,160000,41.9,유댕댕동,판매중,1,경남 양산시 물금읍,https://www.daangn.com/kr/buy-sell/%EB%A9%94%EB%94%94%ED%81%90%EB%B8%8C-%EB%B6%80%EC%8A%A4%ED%84%B0%ED%94%84%EB%A1%9C-%EC%BF%A0%EB%A1%9C%EB%AF%B8-z3wg2b9zvjuw/
2025-12-15,메디큐브부스터프로+휴그랩리즈라인,"트리폴라로 갈아타면서 쓸일이 없네요.
따로 판매 안해요.
세트 판매해요.
모두 몇번 안써서 상태 좋아요.",1,6,247,200000,99.0,봄봄,판매중,2,경남 양산시 물금읍,https://www.daangn.com/kr/buy-sell/%EB%A9%94%EB%94%94%ED%81%90%EB%B8%8C-%EB%B6%80%EC%8A%A4%ED%84%B0%ED%94%84%EB%A1%9C-%ED%9C%B4%EA%B7%B8%EB%9E%A9-%EB%A6%AC%EC%A6%88%EB%9D%BC%EC%9D%B8-fcmp2j9wj7wk/
2026-05-22,메디큐브미니부스터프로,"부스터프로 미니 5만원
부스터프로 10만원
부스터프로는 설명서 있고
미니는 설명서 분실입니다",0,13,98,100000,37.3,봄님,판매중,4,경남 양산시 물금읍,https://www.daangn.com/kr/buy-sell/%EB%A9%94%EB%94%94%ED%81%90%EB%B8%8C-%EB%AF%B8%EB%8B%88-%EB%B6%80%EC%8A%A4%ED%84%B0-%ED%94%84%EB%A1%9C-apcrge263mhz/
2026-03-07,메디큐브부스터프로팔아요!(앰플같이드려요),"메디큐브 부스터프로 팔아요! 
헤드에 크랙이 있는데 한 두세번교환했는데도 어쩔 수 없이 생기네요ㅠ 
쓰는데는 아무 이상 없었습니다🙂
기기 사용할때 같이 쓰면 좋은 앰플도 같이 드립니다.",1,13,376,110000,38.7,햅삐,판매중,6,경남 양산시 물금읍,https://www.daangn.com/kr/buy-sell/%EB%A9%94%EB%94%94%ED%81%90%EB%B8%8C-%EB%B6%80%EC%8A%A4%ED%84%B0%ED%94%84%EB%A1%9C-%ED%8C%94%EC%95%84%EC%9A%94-%EC%95%B0%ED%94%8C-%EA%B0%99%EC%9D%B4-%EB%93%9C%EB%A0%A4%EC%9A%94-sezrnnk5czr2/
2025-09-13,메디큐브에이지알부스터프로,"다른 디바이스가 생겨서 내놓아요
헤드에 크랙이 있는데 전 사용에 이상이 없어서 무상 교환해줬을때 따로 교환 안 받았어용 참고해주세요
23년 10월 생산입니다
작동 4가지 모드 다 잘됩니다 
깨끗하게 닦아서 넣어놓았습니다. 
풀박스로 드려요 충전기 다른 선으로 사용해서 새 거 입니다!!",7,35,1224,140000,43.9,친절사원,판매중,2,경남 양산시 물금읍,https://www.daangn.com/kr/buy-sell/%EB%A9%94%EB%94%94%ED%81%90%EB%B8%8C-%EC%97%90%EC%9D%B4%EC%A7%80%EC%95%8C-%EB%B6%80%EC%8A%A4%ED%84%B0-%ED%94%84%EB%A1%9C-4dzqczfzkt6a/
2025-07-26,메디큐브에이지알부스터프로미니화이트에디션,"메디큐브 에이지알 부스터 프로 미니 세트입니다
구매한지 3개월됐는데 2번밖에 안쓴 제품입니다
저는 오히려 쓰면 트러블이 나서 판매합니다ㅠㅠ

- 2가지 모드
- 미세 전류
- 휴대용 미니 사이즈

세럼 뜯으면서 제가 조금 흘리긴했는데 흘린거빼고는 새거라서 그냥 같이 드립니다ㅠㅠ

보관 파우치도 같이 드려요!",3,27,696,73000,41.2,hyun,판매중,5,경남 양산시 물금읍,https://www.daangn.com/kr/buy-sell/%EB%A9%94%EB%94%94%ED%81%90%EB%B8%8C-%EC%97%90%EC%9D%B4%EC%A7%80%EC%95%8C-%EB%B6%80%EC%8A%A4%ED%84%B0-%ED%94%84%EB%A1%9C-%EB%AF%B8%EB%8B%88-%ED%99%94%EC%9D%B4%ED%8A%B8-%EC%97%90%EB%94%94%EC%85%98-g8kcyjs8epn2/
2026-05-20,메디큐브에이지알부스터프로미니핑크,"메디큐브 에이지알 부스터 프로 미니 핑크 색상 제품이에요
USB C-Type 충전 방식이며, 3.7V 700mAh 배터리가 내장되어 있어요
2023년 8월 제조된 제품으로 깔끔한 디자인이 돋보여요
피부 관리에 관심 있는 분들께 추천드리는 제품이에요",0,0,43,50000,75.3,구똥맘,판매완료,4,경남 양산시 물금읍,https://www.daangn.com/kr/buy-sell/%EB%A9%94%EB%94%94%ED%81%90%EB%B8%8C-%EC%97%90%EC%9D%B4%EC%A7%80%EC%95%8C-%EB%B6%80%EC%8A%A4%ED%84%B0-%ED%94%84%EB%A1%9C-%EB%AF%B8%EB%8B%88-%ED%95%91%ED%81%AC-jfk9z6p7652k/
2026-03-22,메디큐브에이지알age-r부스터프로블랙,"메디큐브 에이지알 부스터 프로 블랙 색상입니다
34만원에 구매해서 5회정도 사용 해봤는데 안맞아서 처분합니다.",2,5,134,120000,36.6,북리더,판매완료,3,경남 양산시 물금읍,https://www.daangn.com/kr/buy-sell/%EB%A9%94%EB%94%94%ED%81%90%EB%B8%8C-%EC%97%90%EC%9D%B4%EC%A7%80%EC%95%8C-age-r-%EB%B6%80%EC%8A%A4%ED%84%B0-%ED%94%84%EB%A1%9C-%EB%B8%94%EB%9E%99-pkrjevkr2bnw/
2026-03-08,<미개봉새상품>메디큐브age-r부스터프로미니플러스짱구,"메디큐브 AGE-R 부스터 프로 미니 플러스 짱구 콜라보 제품 판매합니다 !
여행갈 때 사용하려고 샀는데 얼마 뒤에 다른 기기가 생겨서 내놓습니다 

✔️ 미개봉 새상품
✔️ 3가지 모드 


문의주세요.
네고 문의는 사양하겠습니다 🙇🏻‍♀️",1,7,133,100000,39.9,도미,판매완료,1,경남 양산시 물금읍,https://www.daangn.com/kr/buy-sell/%EB%AF%B8%EA%B0%9C%EB%B4%89-%EC%83%88%EC%83%81%ED%92%88-%EB%A9%94%EB%94%94%ED%81%90%EB%B8%8C-age-r-%EB%B6%80%EC%8A%A4%ED%84%B0-%ED%94%84%EB%A1%9C-%EB%AF%B8%EB%8B%88-%ED%94%8C%EB%9F%AC%EC%8A%A4-%EC%A7%B1%EA%B5%AC-jf471kwg21ym/
2026-02-05,메디큐브부스터프로미니플러스(미개봉),"미개봉 새상품입니다

⭐️네고문의 안받습니다
⭐️비대면 거래입니다
⭐️입금 확인 후 예약, 주소알려드려요
✨당근페이 가능

예약 시 선입금입니다.
예약 해 두시고 불발하시는 분들이 종종 계셔서 
위 방식으로 거래할게요

※거래는 채팅 순이 아니라 선입금 또는 선방문 하시는 분과 거래합니다※",1,14,165,80000,92.0,LB,판매완료,4,경남 양산시 물금읍,https://www.daangn.com/kr/buy-sell/%EB%A9%94%EB%94%94%ED%81%90%EB%B8%8C-%EB%B6%80%EC%8A%A4%ED%84%B0%ED%94%84%EB%A1%9C-%EB%AF%B8%EB%8B%88-%ED%94%8C%EB%9F%AC%EC%8A%A4-%EB%AF%B8%EA%B0%9C%EB%B4%89-shrxxr5a3vsb/
2026-02-14,메디큐브에이지알부스터프로옐로우베어새상품,"메디큐브 에이지알 부스터 프로 옐로우 베어 상품입니다.
작년에 사서 거의 사용하지 않아 사용 흔적은 없습니다.
풀박스 그대로 드립니다.

*현금 거래만 원합니다!",0,4,37,150000,36.9,호박마차,판매완료,3,경남 양산시 물금읍,https://www.daangn.com/kr/buy-sell/%EB%A9%94%EB%94%94%ED%81%90%EB%B8%8C-%EC%97%90%EC%9D%B4%EC%A7%80%EC%95%8C-%EB%B6%80%EC%8A%A4%ED%84%B0-%ED%94%84%EB%A1%9C-%EC%98%90%EB%A1%9C%EC%9A%B0-%EB%B2%A0%EC%96%B4-%EC%83%88%EC%83%81%ED%92%88-x44wbook96xz/
2025-09-13,메디큐브에이지알부스터프로미니,"메디큐브 에이지알 부스터 프로 미니 핑크색 입니다!
10회미만사용하였고, 다른 기기 선물받아 판매합니다
파우치 같이 드려요",8,32,675,43000,40.4,당근은캐럿,판매완료,2,경남 양산시 물금읍,https://www.daangn.com/kr/buy-sell/%EB%A9%94%EB%94%94%ED%81%90%EB%B8%8C-%EC%97%90%EC%9D%B4%EC%A7%80%EC%95%8C-%EB%B6%80%EC%8A%A4%ED%84%B0-%ED%94%84%EB%A1%9C-%EB%AF%B8%EB%8B%88-i31xabibz4kv/
2026-02-02,메디큐브에이지알부스터프로블랙,"메디큐브 에이지알 부스터 프로 블랙 색상 판매합니다
사진 보시면 아시겠지만 사용감 거의 없이 깨끗한 상태입니다
피부 흡수율을 492%나 개선해주는 제품으로, 앰플이나 세럼 바르고 사용하면 흡수를 도와줘서 피부 탄력과 광채 개선에 효과적이에요
5가지 모드가 있어서 피부 타입이나 컨디션에 맞춰 사용할 수 있고, 하루 3분만 사용해도 충분해서 바쁜 일상에도 꾸준히 관리하기 좋아요",5,9,145,80000,37.0,좋은친구,판매완료,1,경남 양산시 물금읍,https://www.daangn.com/kr/buy-sell/%EB%A9%94%EB%94%94%ED%81%90%EB%B8%8C-%EC%97%90%EC%9D%B4%EC%A7%80%EC%95%8C-%EB%B6%80%EC%8A%A4%ED%84%B0-%ED%94%84%EB%A1%9C-%EB%B8%94%EB%9E%99-22ggj3aim1hb/
2026-01-31,메디큐브age-r부스터프로블랙(미니x),"열번 미만 사용했고 배터리 설명서 전부 풀박스입니다
떨어트리진 않았는데 기스 부분 확인해주세요. 잘 작동합니다

쿨거시 오천원 에눌

비대면 거래",0,1,49,100000,43.8,고구마연,판매완료,4,경남 양산시 물금읍,https://www.daangn.com/kr/buy-sell/%EB%A9%94%EB%94%94%ED%81%90%EB%B8%8C-age-r-%EB%B6%80%EC%8A%A4%ED%84%B0-%ED%94%84%EB%A1%9C-%EB%B8%94%EB%9E%99-%EB%AF%B8%EB%8B%88x-56u6t6xzbb53/
2026-01-30,메디큐브에이지알부스터프로,"메지큐브 애이지알 부스터 프로입니다! 
와이프가 선물받고 한 두번 사용 후 보관만했습니다! 

거의 새상품입니다!",3,5,140,150000,57.7,뤠오롬이,판매완료,3,경남 양산시 물금읍,https://www.daangn.com/kr/buy-sell/%EB%A9%94%EB%94%94%ED%81%90%EB%B8%8C-%EC%97%90%EC%9D%B4%EC%A7%80%EC%95%8C-%EB%B6%80%EC%8A%A4%ED%84%B0-%ED%94%84%EB%A1%9C-uznujdk8ys5f/
2026-01-16,메디큐브에이지알부스터프로풀박스,"구매하고 몇번 사용함
다른 제품이 있어서  팔아요
넘 좋은 제품입니다 
전 좀 비싸게 주고 구매했어요
메디큐브 에이지알 부스터 프로 풀박스입니다

- 곰돌이 모양 뚜껑 포함되어 있습니다
- 사용했고, 상태는 좋습니다

에이지알 부스터 프로는 피부 속 콜라겐과 수분 통로를 열어 피부 흡수율을 높여주는 기기입니다
피부 속 광채와 탄력 개선에 도움을 줍니다",3,4,80,150000,38.4,스마일,판매완료,2,경남 양산시 물금읍,https://www.daangn.com/kr/buy-sell/%EB%A9%94%EB%94%94%ED%81%90%EB%B8%8C-%EC%97%90%EC%9D%B4%EC%A7%80%EC%95%8C-%EB%B6%80%EC%8A%A4%ED%84%B0-%ED%94%84%EB%A1%9C-%ED%92%80%EB%B0%95%EC%8A%A4-78x9ccq82m8q/
2025-10-06,메디큐브에이지알부스터프로,"메디큐브 AGE-R 부스터 프로입니다
박스, 파우치, 설명서 다 있어요

어플로 관리도 가능합니다

실사용량 10회 미만 알콜솜으로 소독도 해놨어요
정상작동 잘됩니다",7,21,411,160000,41.8,나나링,판매완료,7,경남 양산시 물금읍,https://www.daangn.com/kr/buy-sell/%EB%A9%94%EB%94%94%ED%81%90%EB%B8%8C-%EC%97%90%EC%9D%B4%EC%A7%80%EC%95%8C-%EB%B6%80%EC%8A%A4%ED%84%B0-%ED%94%84%EB%A1%9C-if2yzkroh2tu/
2026-01-04,메디큐브에이지알부스터프로풀박스,"상태는 사진과 같이 거의 새것과 같습니다
풀박스 구성이며, 충전 케이블 포함입니다
2025년 1월 생산입니다!

제품 스티커 제거도 안하고 충전선도 사용 안했어요
1년간 10회 미만으로 사용했고 귀차니즘으로
보관하다 올려보아요~ 

알콜솜으로 소독 완료 했습니다!
알콜솜 하나도 같이 넣어 드릴게요~

*비대면 거래 선호합니다 원하시면 직거래도 가능",1,0,46,160000,37.9,어텀,판매완료,4,경남 양산시 물금읍,https://www.daangn.com/kr/buy-sell/%EB%A9%94%EB%94%94%ED%81%90%EB%B8%8C-%EC%97%90%EC%9D%B4%EC%A7%80%EC%95%8C-%EB%B6%80%EC%8A%A4%ED%84%B0-%ED%94%84%EB%A1%9C-%ED%92%80%EB%B0%95%EC%8A%A4-y9aqjvtxt2oo/
2025-12-22,메디큐브age-r부스터프로,"메디큐브 AGE-R 부스터 프로 블랙 색상입니다

- 현재 판매가 267,400원
- 작년여름에 구매 후 실사용 5회 미만입니다
- 박스, 본체, 충전 케이블 있습니다",1,1,44,100000,39.7,뀰뀰,판매완료,3,경남 양산시 물금읍,https://www.daangn.com/kr/buy-sell/%EB%A9%94%EB%94%94%ED%81%90%EB%B8%8C-age-r-%EB%B6%80%EC%8A%A4%ED%84%B0-%ED%94%84%EB%A1%9C-ibimepg6j92n/
2025-12-19,메디큐브부스터프로,"3~5회 미만 상품 판매합니다.
충전은 일반 핸드폰선으로 충전 잘 됩니다.
박스는 뚜껑만 없고 박스 그대로 설명서와 함께
드려요 (사진참고 사진의 구성품전부)

나이들수록 귀차니즘이 심해서 판매합니다.

알콜솜 소독 완비 ! 상태 좋아요
저렴히 판매합니다 

",2,7,77,140000,40.3,소리,판매완료,10,경남 양산시 물금읍,https://www.daangn.com/kr/buy-sell/%EB%A9%94%EB%94%94%ED%81%90%EB%B8%8C-%EB%B6%80%EC%8A%A4%ED%84%B0%ED%94%84%EB%A1%9C-ju2zr8ketvmc/
2025-11-22,메디큐브age-r부스터프로풀박스,"메디큐브 에이지알 부스터 프로 정품 판매합니다
2024년 12월 17일에 구매했습니다
풀박스 구성이며, 상태는 좋습니다(10회 미만 사용)

-피부 속 광채, 모공 탄력 케어에 도움을 줍니다",3,7,117,170000,42.4,찡씨아,판매완료,10,경남 양산시 물금읍,https://www.daangn.com/kr/buy-sell/%EB%A9%94%EB%94%94%ED%81%90%EB%B8%8C-age-r-%EB%B6%80%EC%8A%A4%ED%84%B0-%ED%94%84%EB%A1%9C-%ED%92%80%EB%B0%95%EC%8A%A4-evojcdroo9wq/
2025-11-12,메디큐브에이지알부스터프로미니핑크,"메디큐브 에이지알 부스터 프로 미니 핑크색입니다
2번사용",1,6,139,50000,41.9,냥냥,판매완료,4,경남 양산시 물금읍,https://www.daangn.com/kr/buy-sell/%EB%A9%94%EB%94%94%ED%81%90%EB%B8%8C-%EC%97%90%EC%9D%B4%EC%A7%80%EC%95%8C-%EB%B6%80%EC%8A%A4%ED%84%B0-%ED%94%84%EB%A1%9C-%EB%AF%B8%EB%8B%88-%ED%95%91%ED%81%AC-ss71f7ynbsza/
2025-10-17,메디큐브에이지알부스터프로,"25년 01월 구매제품

게으름뱅이라 몇회 사용하구 넣어두고만 있네요
소독티슈로 깨끗히 닦아뒀어요

필요하시면 마시지젤 같이드려용!",2,7,156,160000,56.7,찹쌀똑,판매완료,2,경남 양산시 물금읍,https://www.daangn.com/kr/buy-sell/%EB%A9%94%EB%94%94%ED%81%90%EB%B8%8C-%EC%97%90%EC%9D%B4%EC%A7%80%EC%95%8C-%EB%B6%80%EC%8A%A4%ED%84%B0-%ED%94%84%EB%A1%9C-odc1afyaoy9c/
2025-10-20,메디큐브에이지알부스터프로,"메디큐브 에이지알 부스터프로

1년전에 구매했고 깨끗하게 사용했습니다.
충전은 C타입으로 가능하고 4가지 모드 사용가능합니다~!",1,6,111,70000,38.4,사과,판매완료,2,경남 양산시 물금읍,https://www.daangn.com/kr/buy-sell/%EB%A9%94%EB%94%94%ED%81%90%EB%B8%8C-%EC%97%90%EC%9D%B4%EC%A7%80%EC%95%8C-%EB%B6%80%EC%8A%A4%ED%84%B0%ED%94%84%EB%A1%9C-zifd1ttvix6f/
2025-10-11,메디큐브age-r부스터프로,"메디큐브 에이지알 부스터 프로 내놓습니다!
캡있고 상자있어요

",1,1,76,150000,74.3,여름,판매완료,1,경남 양산시 물금읍,https://www.daangn.com/kr/buy-sell/%EB%A9%94%EB%94%94%ED%81%90%EB%B8%8C-age-r-%EB%B6%80%EC%8A%A4%ED%84%B0-%ED%94%84%EB%A1%9C-fcv8q3yomk84/
2025-03-13,메디큐브부스터프로미니미개봉새상품,"메디큐브 부스터프로 미니 핑크색상 미개봉 새상품입니다.
콜라겐 글로우 버블 세럼이랑 조합이 좋아요. 필요하시면 세럼 새상품 2만원에 드릴게요.
같이 가져가셔도 되고 부스터프로 미니만 가져가셔도 됩니다.",5,26,734,86000,39.7,당근입니다,판매완료,2,경남 양산시 물금읍,https://www.daangn.com/kr/buy-sell/%EB%A9%94%EB%94%94%ED%81%90%EB%B8%8C-%EB%B6%80%EC%8A%A4%ED%84%B0%ED%94%84%EB%A1%9C-%EB%AF%B8%EB%8B%88-%EB%AF%B8%EA%B0%9C%EB%B4%89-%EC%83%88%EC%83%81%ED%92%88-tydhtbx8vvs5/
2025-08-16,메디큐브에이지알부스터프로,"메디큐브 에이지알 부스터 프로 내놓습니다.

상자, USB 케이블, 사용 설명서 모두 포함되어 있습니다.
실사용 5회미만(2~3회)이구요.
귀차니즘 심한 저같은 사람은 홈케어는 무리인듯..ㅋ 언능 데려가세요.
거의 새제품입니다.
연락주세요~",1,5,151,190000,44.3,jye2013,판매완료,3,경남 양산시 물금읍,https://www.daangn.com/kr/buy-sell/%EB%A9%94%EB%94%94%ED%81%90%EB%B8%8C-%EC%97%90%EC%9D%B4%EC%A7%80%EC%95%8C-%EB%B6%80%EC%8A%A4%ED%84%B0-%ED%94%84%EB%A1%9C-8yzvdtugvomh/
2025-07-01,메디큐브에이지알부스터프로,"메디큐브 에이지알 부스터 프로 내놓습니다
집에서 간편하게 피부 관리할수있어요!!

- 상태 비교적 좋아요(그래도 중고인점감안해주세요)

*선입금후 문고리거래할께요.",2,7,266,180000,53.7,tkfkdtk2,판매완료,2,경남 양산시 물금읍,https://www.daangn.com/kr/buy-sell/%EB%A9%94%EB%94%94%ED%81%90%EB%B8%8C-%EC%97%90%EC%9D%B4%EC%A7%80%EC%95%8C-%EB%B6%80%EC%8A%A4%ED%84%B0-%ED%94%84%EB%A1%9C-dhabvmgmqxn5/
2025-06-19,메디큐브부스터프로,"큐브 에이지알 부스터 프로 내놓습니다.
4가지 모드를 기기 하나로 할 수 있어요.
피부 관리용으로 좋아요.
충전선까지 풀박스예요. 

2025.2 구매 실사용 작아요

평일은 직장때문에 5시 30분 이후 더샵남양산센텀포레에서 직거래 원합니다 !",1,1,73,190000,40.2,지나닝,판매완료,2,경남 양산시 물금읍,https://www.daangn.com/kr/buy-sell/%EB%A9%94%EB%94%94%ED%81%90%EB%B8%8C-%EB%B6%80%EC%8A%A4%ED%84%B0%ED%94%84%EB%A1%9C-neyw39oisacn/
2025-05-10,메디큐브부스터프로핑크새상품,"미개봉 새상품 입니다!정품이에요 정품인증도 가능하고as도 가능해요 다른기기도 많아서 팝니다…!
연락주세요🥰쿨거래시 네고 해드려요
택배,직거래 가능",2,3,150,230000,40.0,푸딩,판매완료,1,경남 양산시 물금읍,https://www.daangn.com/kr/buy-sell/%EB%A9%94%EB%94%94%ED%81%90%EB%B8%8C-%EB%B6%80%EC%8A%A4%ED%84%B0%ED%94%84%EB%A1%9C-%ED%95%91%ED%81%AC-%EC%83%88%EC%83%81%ED%92%88-3pq8wwsdvejp/
2025-05-09,메디큐브에이지알부스터프로,"메디큐브 에이지알 부스터 프로 내놓습니다
실사용 5회 미만입니다
몇 번 사용 안해서 상태 좋아요

- LED, 미세전류, 초음파, 쿨링 기능
- 피부 탄력, 모공 및 피부결 개선에 도움
- 풀박스 구성입니다

아기가 어려서 관리할 시간이 없어서
몇번 사용안해서 충전기는 아예 뜯지도 않았어요
밧데리가 안 닳았어요...

저렴한 가격에 좋은제품 겟 하세요!
아기가 있어 비대면 거래원해요 :)",2,5,137,190000,60.8,까꿍맘,판매완료,6,경남 양산시 물금읍,https://www.daangn.com/kr/buy-sell/%EB%A9%94%EB%94%94%ED%81%90%EB%B8%8C-%EC%97%90%EC%9D%B4%EC%A7%80%EC%95%8C-%EB%B6%80%EC%8A%A4%ED%84%B0-%ED%94%84%EB%A1%9C-c9sea6gy698r/
2025-04-28,메디큐브에이지알부스터프로,23년 11월쯤 구매하고 게을러서 사용은 한 다섯번도 안한 것 같아요😅 결벽증이 있어서 쓸때마다 소독티슈로 닦아서 썼습니다~,1,4,124,190000,44.1,밍장이,판매완료,2,경남 양산시 물금읍,https://www.daangn.com/kr/buy-sell/%EB%A9%94%EB%94%94%ED%81%90%EB%B8%8C-%EC%97%90%EC%9D%B4%EC%A7%80%EC%95%8C-%EB%B6%80%EC%8A%A4%ED%84%B0%ED%94%84%EB%A1%9C-ixsk1t4423h9/
2025-03-23,메디큐브부스터프로,"메디큐브 부스터프로

최신형 핑크에디션

구매한지 한달가량 되었고 실사용 5회 미만입니다 

충전선는 뜯지도 않았어요

구입시 받은 모공세럼 같이 드려요~",3,3,245,220000,40.8,뿌엥,판매완료,1,경남 양산시 물금읍,https://www.daangn.com/kr/buy-sell/%EB%A9%94%EB%94%94%ED%81%90%EB%B8%8C-%EB%B6%80%EC%8A%A4%ED%84%B0%ED%94%84%EB%A1%9C-kxudeg1hd27t/
2025-03-18,메디큐브에이지알부스터프로(개봉새상품),"메디큐브 에이지알 부스터프로(개봉 새상품)판매합니다.

구매한지 두달쯤 됐는데 바쁜 일상에 도무지 사용할 시간이 안나서 보관만 했습니다.
새상품이라 라벨 그대로 붙어있습니다.
본품기계, 충전선, 설명서와 딥비타씨앰플 새상품(유통기한 25.7.30)은 사은품으로 드려요~

어떠한 사유로도 환불 및 반품은 불가한 점 안내드립니다.
자세한 사항은 사진 참고 및 문의바랍니다.


이사하고 물품 정리하면서 내놓습니다.
차차 업로드 중인데 구경해보세요~
2개 이상 구매하시면 좀 더 할인해드릴게요😉

❗환불, 반품안되니 신중한 거래 부탁드립니다😊
평일  9시반 ~3시 반 사이 직거래 아니면 택배거래 선호합니다^^
주말도 외출시간 아니면 직거래 가능합니다.

택배비가 얼마가 들던지 3000원 우체국 택배거래 혹은
1500원에 편의점 반값택배 가능하시니(택배비 고정입니다)
구매 원하시면 연락주세요^^",2,4,86,195000,54.6,justdoit,판매완료,5,경남 양산시 물금읍,https://www.daangn.com/kr/buy-sell/%EB%A9%94%EB%94%94%ED%81%90%EB%B8%8C-%EC%97%90%EC%9D%B4%EC%A7%80%EC%95%8C-%EB%B6%80%EC%8A%A4%ED%84%B0%ED%94%84%EB%A1%9C-%EA%B0%9C%EB%B4%89-%EC%83%88%EC%83%81%ED%92%88-qw4krh9nwi1g/
2025-02-22,메디큐브부스터프로미니,구매후 게을러서 사용을 안하는 바람에 아깝지만 판매합니다 .... 본품만 있어서 싸게 판매해요 생활기스 있음,1,5,117,60000,42.6,곤주님이다,판매완료,1,경남 양산시 물금읍,https://www.daangn.com/kr/buy-sell/%EB%A9%94%EB%94%94%ED%81%90%EB%B8%8C-%EB%B6%80%EC%8A%A4%ED%84%B0%ED%94%84%EB%A1%9C-%EB%AF%B8%EB%8B%88-9igjkxa5ib5f/
2025-01-25,메디큐브에이지알부스터프로미개봉,"잘사용하고있는데 선물이 들어와서 판매해요
비닐도 안뜯은 새제품입니당

정가 395000원 
현재 홈페이지 329000원 판매중입니다",1,0,92,260000,37.3,몽몽,판매완료,4,경남 양산시 물금읍,https://www.daangn.com/kr/buy-sell/%EB%A9%94%EB%94%94%ED%81%90%EB%B8%8C-%EC%97%90%EC%9D%B4%EC%A7%80%EC%95%8C-%EB%B6%80%EC%8A%A4%ED%84%B0%ED%94%84%EB%A1%9C-%EB%AF%B8%EA%B0%9C%EB%B4%89-cmeybekf9rwh/
2024-12-16,📣급처분📣메디큐브부스터프로과연누가득템하실까🥰,"📣📣📣📣
상태 좋구요
작동 잘 되구요
본체만 있음 C타입 충전선 필요하시면 드림
",2,1,146,140000,39.1,스포츠맨,판매완료,6,경남 양산시 물금읍,https://www.daangn.com/kr/buy-sell/%EA%B8%89%EC%B2%98%EB%B6%84-%EB%A9%94%EB%94%94%ED%81%90%EB%B8%8C-%EB%B6%80%EC%8A%A4%ED%84%B0-%ED%94%84%EB%A1%9C-%EA%B3%BC%EC%97%B0-%EB%88%84%EA%B0%80-%EB%93%9D%ED%85%9C%ED%95%98%EC%8B%A4%EA%B9%8C-n83758s357gi/
2024-12-18,조이그라이슨마고크로스바디스몰/메디큐브부스터프로랑교신가능,"상태 너무 좋습니다~~
해외여행 갔을 때 4일 들고 다님.

소가죽이라 스크래치에 강합니다!



교신 가능한 브랜드:
폴뉴아, 분크, 조이그라이슨, 디옵튼, 루에부르, 메디큐브 부스터프로, 울트라튠 등 디바이스 기기도 가능",1,0,60,1,41.1,쀼우,판매완료,4,경남 양산시 물금읍,https://www.daangn.com/kr/buy-sell/%EC%A1%B0%EC%9D%B4%EA%B7%B8%EB%9D%BC%EC%9D%B4%EC%8A%A8-%EB%A7%88%EA%B3%A0-%ED%81%AC%EB%A1%9C%EC%8A%A4%EB%B0%94%EB%94%94-%EC%8A%A4%EB%AA%B0-%EB%A9%94%EB%94%94%ED%81%90%EB%B8%8C-%EB%B6%80%EC%8A%A4%ED%84%B0%ED%94%84%EB%A1%9C%EB%9E%91-%EA%B5%90%EC%8B%A0-%EA%B0%80%EB%8A%A5-jp9aw2q6qvs9/
2024-12-06,메디큐브부스터프로/라벤더-캡(뚜껑)포함,"12월4일에 배송받은 상품입니다

앰플, 버블세럼, 콜라겐크림, 캡 구성입니다

기기만2회 사용했고 나머진 미개봉입니다
부스터프로 하나가 더 생겨서 내놓습니다

상품박스에 있는 큐알코드로 정품등록하셔서 사용하시면 됩니다",1,3,96,220000,37.5,물금사랑,판매완료,2,경남 양산시 물금읍,https://www.daangn.com/kr/buy-sell/%EB%A9%94%EB%94%94%ED%81%90%EB%B8%8C-%EB%B6%80%EC%8A%A4%ED%84%B0%ED%94%84%EB%A1%9C-%EB%9D%BC%EB%B2%A4%EB%8D%94-%EC%BA%A1-%EB%9A%9C%EA%BB%91-%ED%8F%AC%ED%95%A8-1ggeshh5atti/
2024-11-26,메디큐브부스터프로에이지알,"8월에 구매했는데 핑크로 갈아타려고 내놓습니다
물건도 뽑기운이 있는 것 같은데 잔고장 한 번도 없던 좋은 제품입니다
알콜로 닦으면 내부에 변성된다고 해서 물티슈로 잘 닦아두었어요",2,0,102,170000,37.4,브리얀테,판매완료,1,경남 양산시 물금읍,https://www.daangn.com/kr/buy-sell/%EB%A9%94%EB%94%94%ED%81%90%EB%B8%8C-%EB%B6%80%EC%8A%A4%ED%84%B0%ED%94%84%EB%A1%9C-%EC%97%90%EC%9D%B4%EC%A7%80%EC%95%8C-fam55a9adnet/
2024-11-22,메디큐브부스터프로미니+pdrn앰플,"앰플은 어제까지 이벤트해서 본품 증정으로 받았습니당
사고 생각해봤더니 통장잔고가 너무 빈곤해서 취소를 하려했는데 배송시작했길래 필요하신분 있으시면 제가 산 금액 그대로 드리려고 판매합니다
부스터프로 미니는 부스터프로에서 부스터모드만 되는거래용",2,1,90,78900,38.5,유니,판매완료,1,경남 양산시 물금읍,https://www.daangn.com/kr/buy-sell/%EB%A9%94%EB%94%94%ED%81%90%EB%B8%8C-%EB%B6%80%EC%8A%A4%ED%84%B0%ED%94%84%EB%A1%9C%EB%AF%B8%EB%8B%88-pdrn-%EC%95%B0%ED%94%8C-i6v4p2cfinco/
2024-10-06,메디큐브부스터프로new,"한달 사용했어요
바로 구입할분만 연락주세요
채팅창 잘안봐요
문자부탁드려요 010.5513.3449
",0,1,81,200000,36.5,휴케어센터,판매완료,1,경남 양산시 물금읍,https://www.daangn.com/kr/buy-sell/%EB%A9%94%EB%94%94%ED%81%90%EB%B8%8C-%EB%B6%80%EC%8A%A4%ED%84%B0%ED%94%84%EB%A1%9C-new-8744q7335rqj/
2024-06-28,"메디큐브에이지알부스터프로(앰플2개포함,실사용2회)","🩷 총 4가지모드로 간편히 홈케어가 가능한 제품입니다 화장품의 흡수를 도와서 기존 화장품의 효과를 더 높여 피부에 전달해요~! 
돈이 필요한 일이 생겨서 실사용 2번밖에 안 했는데
급히 내놓습니다 ㅠㅠ 34만원에 구매했습니다
🩷메디큐브 엠플 2개 포함 가격입니다
1️⃣광채 부스터모드 - 토닝 광채 케어
짙어지는 색소침착.잡티 (오렌지 LED)
2️⃣라인 미세전류 모드 - 라인 케어
깊어지고 진해지는 눈가,팔자,입가 (그린 LED)
3️⃣탄력 더마샷 모드 - 탄력 케어
늘어지고 뭉친 근육 (레드 LED)
4️⃣모공 에어샷 모드 - 모공 탄력 케어
T존, U존 도드라지고 넓어지는 모공 (블루 LED)",1,1,123,230000,39.6,dodue,판매완료,2,경남 양산시 물금읍,https://www.daangn.com/kr/buy-sell/%EB%A9%94%EB%94%94%ED%81%90%EB%B8%8C-%EC%97%90%EC%9D%B4%EC%A7%80%EC%95%8C%EB%B6%80%EC%8A%A4%ED%84%B0%ED%94%84%EB%A1%9C-%EC%95%B0%ED%94%8C2%EA%B0%9C%ED%8F%AC%ED%95%A8-%EC%8B%A4%EC%82%AC%EC%9A%A92%ED%9A%8C-bhkf5pivqy9t/
2026-03-04,메디큐브age-r부스터프로헬로키티,.,1,6,128,1,40.6,무무무무,판매완료,4,서울시 양천구 신정6동,https://www.daangn.com/kr/buy-sell/%EB%A9%94%EB%94%94%ED%81%90%EB%B8%8C-age-r-%EB%B6%80%EC%8A%A4%ED%84%B0-%ED%94%84%EB%A1%9C-%ED%97%AC%EB%A1%9C%ED%82%A4%ED%8B%B0-99n93m8pjd74/
2026-01-12,급처)메디큐브부스터프로,"정품 스티커 있는 박스는 있지만 구성품은 없습니다
필요하시면 c타입 충전기 같이 드려요!
가격대가 조금 있다보니 직거래 선호합니다
빨리 연락 주시면 네고 가능합니다!",5,3,281,140000,40.2,키읔,판매완료,1,서울시 양천구 신정6동,https://www.daangn.com/kr/buy-sell/%EA%B8%89%EC%B2%98-%EB%A9%94%EB%94%94%ED%81%90%EB%B8%8C-%EB%B6%80%EC%8A%A4%ED%84%B0%ED%94%84%EB%A1%9C-vrkfy84k42o3/
2025-10-11,메디큐브에이지알부스터프로팝니다,"메디큐브 에이지알 부스터 프로 판매합니다.

구성품 : 본체, 사용설명서, C타입 충전케이블, 박스 포함

오목교역 인근 직거래 희망합니다.",3,2,122,120000,37.5,최공,판매완료,1,서울시 양천구 신정6동,https://www.daangn.com/kr/buy-sell/%EB%A9%94%EB%94%94%ED%81%90%EB%B8%8C-%EC%97%90%EC%9D%B4%EC%A7%80%EC%95%8C-%EB%B6%80%EC%8A%A4%ED%84%B0-%ED%94%84%EB%A1%9C-%ED%8C%9D%EB%8B%88%EB%8B%A4-egvoz7fvzs8b/
2025-09-18,"에이지알메디큐브부스터프로핑크(구매인증o,s+급)","메디큐브 에이지알 부스터프로 핑크 팝니다!

❤️올해 1월 공홈에서 구매
❤️실사용 5회 미만
❤️사용 전후로 알콜 스왑으로 꼼꼼히 소독
❤️진짜 애지중지 써서 상태 S+급
❤️충전 케이블 포함 O

💜신도림역, 오목교역, 양천공원 직거래 희망합니다!
💜택배거래는 거절합니다!
💜정상작동 제품으로 반품, 환불 불가합니다!",2,6,170,160000,37.9,캐모마일릴렉서,판매완료,5,서울시 양천구 신정6동,https://www.daangn.com/kr/buy-sell/%EC%97%90%EC%9D%B4%EC%A7%80%EC%95%8C-%EB%A9%94%EB%94%94%ED%81%90%EB%B8%8C-%EB%B6%80%EC%8A%A4%ED%84%B0-%ED%94%84%EB%A1%9C-%ED%95%91%ED%81%AC-%EA%B5%AC%EB%A7%A4%EC%9D%B8%EC%A6%9Do-s-%EA%B8%89-k1vqh7h3a1tw/
2025-08-22,메디큐브에이지알부스터프로,"올해 초 구매 
까지지않는 스텐헤드입니다. 

5회미만사용했어요
외관 새것같이 깨끗합니다 

보호캡도 함께 드려요~ 

박스풀셋입니다. 



-
반택 +2000
일택 +3000 
추가됩니다.",5,1,120,230000,57.1,따니,판매완료,2,서울시 양천구 신정6동,https://www.daangn.com/kr/buy-sell/%EB%A9%94%EB%94%94%ED%81%90%EB%B8%8C-%EC%97%90%EC%9D%B4%EC%A7%80%EC%95%8C-%EB%B6%80%EC%8A%A4%ED%84%B0%ED%94%84%EB%A1%9C-jo55iev3jgk3/
2025-07-30,메디큐브에이지알부스터프로,"메디큐브 에이지알 부스터 프로
3번정도 사용하다가 잘 안써서 판매합니다! 

집에있는 앰플도 함께 드립니다!! (새상품)
당근 시세보다 저렴한 17만원으로 내놓습니다!!!!!

#잘 안썼더니 충전선이 없어졌네요ㅠㅠ 그냥 usb-c타입으로 충전하시면 되긴해요! 괜찮으신분만 연락주세요!

직거래/반값택배 가능합니다.",15,18,329,170000,36.5,망망이,판매완료,1,서울시 양천구 신정6동,https://www.daangn.com/kr/buy-sell/%EB%A9%94%EB%94%94%ED%81%90%EB%B8%8C-%EC%97%90%EC%9D%B4%EC%A7%80%EC%95%8C-%EB%B6%80%EC%8A%A4%ED%84%B0-%ED%94%84%EB%A1%9C-vy1fhyh6358a/
2025-07-20,메디큐브부스터프로미니핑크,"원가:13만원 
시네가 광고했던 제품입니다 5번 정도 사용했어요
박스, 사용설명서 전부있어요 하자× 급처여서 싸게 팝니다

직거래:신목초, 목일중, 양천공원
직거래는 안 나오시는 분들이 계셔서 미리 이체받고 갑니다!
반택cu,gs전부 가능  0.2추가 일택은 0.4 (당일배송)",2,1,87,55000,42.5,방구석청담샵,판매완료,1,서울시 양천구 신정6동,https://www.daangn.com/kr/buy-sell/%EB%A9%94%EB%94%94%ED%81%90%EB%B8%8C-%EB%B6%80%EC%8A%A4%ED%84%B0%ED%94%84%EB%A1%9C-%EB%AF%B8%EB%8B%88-%ED%95%91%ED%81%AC-zh366k1be88e/
2025-05-18,메디큐브age-r부스터프로미니새상품,"메디큐브 AGE-R 부스터 프로 미니 새상품입니다
미개봉 새 제품이에요

선물 받았는데 있는제품이라 판매합니다",5,10,236,90000,37.6,함께해요,판매완료,2,서울시 양천구 신정6동,https://www.daangn.com/kr/buy-sell/%EB%A9%94%EB%94%94%ED%81%90%EB%B8%8C-age-r-%EB%B6%80%EC%8A%A4%ED%84%B0-%ED%94%84%EB%A1%9C-%EB%AF%B8%EB%8B%88-%EC%83%88%EC%83%81%ED%92%88-aca7un6e92nc/
2025-01-12,메디큐브age-r부스터힐러풀박스,"2023년에 메디큐브 홈페이지에서 247,000원에 구매했습니다. 전 구성품과 박스 설명서 모두 다 들어 있는 상태이고 충전선만 한번 열었어서 제가 새것으로 채워 넣어놓았습니다!☺️(처음 구매했을 때와 90프로 이상 동일한 상태라고 보시면 됩니다.)

엠플,에센스, 크림 등을 바르실때 부스터 힐러를 이용하시면 흡수에 도움을 주고 피부 광채를 살려주는 물광 부스팅 제품입니다.

저는 사용할 때마다 알콜스왑으로 닦으면서 사용했고
집에서 간단하게 피부 관리 하는 느낌을 받으실
수 있어서 추천드립니다!

교환, 환불, 불가능합니다
(알콜스왑 몇개 챙겨드릴 수 있습니다☺️)

희망 거래장소: 문래역 신도림역 부근 직거래 희망합니다.",5,30,723,86000,38.2,무무,판매완료,3,서울시 양천구 신정6동,https://www.daangn.com/kr/buy-sell/%EB%A9%94%EB%94%94%ED%81%90%EB%B8%8C-age-r-%EB%B6%80%EC%8A%A4%ED%84%B0-%ED%9E%90%EB%9F%AC-%ED%92%80%EB%B0%95%EC%8A%A4-916i1ma4z38y/
2025-03-03,메디큐브부스터프로미니핑크팔아요,"산지 한달 정도 되었구요
정가는 원래 21만원인데 할인가로 10만원대에 구매하였어요!
제 피부랑 안맞아서 팔아요 두세번 사용했어요:)
박스는 버려서없고 설명서만 있습니다ㅠㅜ 두번째사진처럼 위에 살짝 찍혔는데 사용하는데는 아무지장 없고 기기 작동은 잘됩니다! 편하게 연락주세요🧡",8,8,478,55000,41.0,이제똥,판매완료,2,서울시 양천구 신정6동,https://www.daangn.com/kr/buy-sell/%EB%A9%94%EB%94%94%ED%81%90%EB%B8%8C-%EB%B6%80%EC%8A%A4%ED%84%B0%ED%94%84%EB%A1%9C-%EB%AF%B8%EB%8B%88-%ED%95%91%ED%81%AC-%ED%8C%94%EC%95%84%EC%9A%94-xingqqkxwbb9/
2024-11-08,메디큐브에이지알부스터프로미개봉(블랙),"메디큐브 에이지알 부스터 프로 미개봉 (블랙/핑크)

블랙가능해요~
에이지알 3종세트(부스터프로, 튠,포커스) 사서 
나머지 두개는 제가 쓰고 부스터프로만 팔아용
배송 오면 그대로 전해드리는거라 완전 미개봉입니당

목동중, 시청역 직거래 가능
반택가능
찔러보기 절대 X

색깔 고르시면 제가 주문할거라 거래파기방지를 위해 선입금 1만원 필수!",5,14,463,230000,43.1,가나다라,판매완료,1,서울시 양천구 신정6동,https://www.daangn.com/kr/buy-sell/%EB%A9%94%EB%94%94%ED%81%90%EB%B8%8C-%EC%97%90%EC%9D%B4%EC%A7%80%EC%95%8C-%EB%B6%80%EC%8A%A4%ED%84%B0-%ED%94%84%EB%A1%9C-%EB%AF%B8%EA%B0%9C%EB%B4%89-%EB%B8%94%EB%9E%99-qwn53squpmza/
2025-09-16,메디큐브에이지알부스터프로,"메디큐브 에이지알 부스터 프로입니다
상자에 담겨 있어요
상자 덮개는없습니다
필요하신분연락주세요",2,3,143,150000,44.4,봄봄,판매완료,4,경남 밀양시 부북면,https://www.daangn.com/kr/buy-sell/%EB%A9%94%EB%94%94%ED%81%90%EB%B8%8C-%EC%97%90%EC%9D%B4%EC%A7%80%EC%95%8C-%EB%B6%80%EC%8A%A4%ED%84%B0-%ED%94%84%EB%A1%9C-k7psfa5k7wvv/
2026-05-23,메디큐브부스터프로미니플러스짱구에디션풀박스,"25년 12월 28일 올리브영 구매했습니다.

기스, 흠집 없습니다.

원주세브란스기독병원 정문 근처 직거래합니다.",1,12,118,60000,45.2,하히후헤호,판매완료,2,강원 원주시 일산동,https://www.daangn.com/kr/buy-sell/%EB%A9%94%EB%94%94%ED%81%90%EB%B8%8C-%EB%B6%80%EC%8A%A4%ED%84%B0-%ED%94%84%EB%A1%9C-%EB%AF%B8%EB%8B%88-%ED%94%8C%EB%9F%AC%EC%8A%A4-%EC%A7%B1%EA%B5%AC-%EC%97%90%EB%94%94%EC%85%98-%ED%92%80%EB%B0%95%EC%8A%A4-fqysf92ttm8g/
2026-05-23,메디큐브부스터프로블랙풀박스,"두달 전 중고 미개봉 구매해서 따로 영수증 없습니다.

기스, 흠집 없습니다. 

원주세브란스기독병원 정문 근처 직거래합니다.",1,14,85,100000,45.2,하히후헤호,판매완료,3,강원 원주시 일산동,https://www.daangn.com/kr/buy-sell/%EB%A9%94%EB%94%94%ED%81%90%EB%B8%8C-%EB%B6%80%EC%8A%A4%ED%84%B0-%ED%94%84%EB%A1%9C-%EB%B8%94%EB%9E%99-%ED%92%80%EB%B0%95%EC%8A%A4-d7th8h22qpbu/
2026-03-04,메디큐브부스터프로풀박스,"많이 사용안했어요 ! 바빠서 잘 안하게 돼서 판매합니다~

풀박스고 파우치도 있어요!",2,7,84,130000,38.1,집돌이,판매완료,2,강원 원주시 일산동,https://www.daangn.com/kr/buy-sell/%EB%A9%94%EB%94%94%ED%81%90%EB%B8%8C-%EB%B6%80%EC%8A%A4%ED%84%B0%ED%94%84%EB%A1%9C-%ED%92%80%EB%B0%95%EC%8A%A4-fwqxqzwyy3xe/
2026-01-29,메디큐브에이지알부스터프로미니핑크,"메디큐브 에이지알 부스터 프로 미니 핑크색상 판매합니다
피부 탄력과 광채 개선에 도움을 주는 피부 관리 기기예요
화장품 흡수율을 높여주는 부스팅 효과가 뛰어나고, 5가지 모드와 3단계 강도 조절이 가능해서 피부 상태에 맞춰 사용할 수 있어요
1회 5분 사용으로 간편하게 관리할 수 있고, 미니 사이즈라 휴대하기도 좋아요
사용감이 적어 상태 깨끗합니다
제품만 소지 중입니다 박스없어요",1,4,61,50000,41.3,yann,판매완료,1,강원 원주시 일산동,https://www.daangn.com/kr/buy-sell/%EB%A9%94%EB%94%94%ED%81%90%EB%B8%8C-%EC%97%90%EC%9D%B4%EC%A7%80%EC%95%8C-%EB%B6%80%EC%8A%A4%ED%84%B0-%ED%94%84%EB%A1%9C-%EB%AF%B8%EB%8B%88-%ED%95%91%ED%81%AC-v9axfc62aksx/
2025-08-22,메디큐브부스터프로팔아요,"10회 미만 사용

귀찮아서 잘 안쓰게 되네요ㅠ

구성품 다 있어요",2,10,367,200000,38.1,깨굴,판매완료,2,강원 원주시 일산동,https://www.daangn.com/kr/buy-sell/%EB%A9%94%EB%94%94%ED%81%90%EB%B8%8C-%EB%B6%80%EC%8A%A4%ED%84%B0%ED%94%84%EB%A1%9C-%ED%8C%94%EC%95%84%EC%9A%94-mg9e6g54852e/
2025-04-14,led피부관리기뷰티디바이스메디큐브부스터프로,"메디큐브 부스터프로 팝니다. 
25년 2월에 38만원 주고 구매했는데
귀찮아서 10번도 못 썼어요. 

거의 새제품..
네고는 어렵습니다.",0,2,112,250000,41.0,댕먀,판매완료,3,강원 원주시 일산동,https://www.daangn.com/kr/buy-sell/led-%ED%94%BC%EB%B6%80-%EA%B4%80%EB%A6%AC%EA%B8%B0-%EB%B7%B0%ED%8B%B0-%EB%94%94%EB%B0%94%EC%9D%B4%EC%8A%A4-%EB%A9%94%EB%94%94%ED%81%90%EB%B8%8C-%EB%B6%80%EC%8A%A4%ED%84%B0%ED%94%84%EB%A1%9C-s16cgqzpwk45/
2024-12-02,메디큐브부스터프로미니(핑크)판매,"출시한 지 2주 밖에 안된 신상이고 일주일 전쯤 구매한 뒤 실제 사용은 2번밖에 안했습니다.
사용하고 알콜솜으로 청결하게 관리해서 거의 새거나 다름 없어요.
이것 땜에 알콜솜도 대량으로 구매했는데 필요없어져서 같이 드립니다!
알콜솜으로 기기 닦고 사용하시면 청결하게 오래 쓰실 수 있을 거에요
제 피부가 워낙 민감하고 안 좋아서 기기 사용이 안 맞아 어쩔 수 없이 판매합니다ㅠㅠ
기기는 전혀 이상 없습니다! 

상자는 버려서 없습니다..
충전기는 원래 없었습니다 대부분 갖고 계신 c타입 충전기 사용하시면 될거에요",2,17,486,65000,40.6,주쿵,판매완료,3,강원 원주시 일산동,https://www.daangn.com/kr/buy-sell/%EB%A9%94%EB%94%94%ED%81%90%EB%B8%8C-%EB%B6%80%EC%8A%A4%ED%84%B0%ED%94%84%EB%A1%9C-%EB%AF%B8%EB%8B%88-%ED%95%91%ED%81%AC-%ED%8C%90%EB%A7%A4-zmbbper62rjm/
2025-06-10,메디큐브부스터프로미니,"메디큐브 에이지알 프로 미니 팔아요
저는 귀찮아서 안하게되서 내놓아요! 
-피부 속 탄력, 모공, 피부결, 광채 개선에 도움을 줍니다",17,29,690,60000,40.0,짜잔,판매완료,4,충북 청주시 흥덕구 운천동,https://www.daangn.com/kr/buy-sell/%EB%A9%94%EB%94%94%ED%81%90%EB%B8%8C-%EB%B6%80%EC%8A%A4%ED%84%B0%ED%94%84%EB%A1%9C-%EB%AF%B8%EB%8B%88-5dftgx2we6qu/
2025-06-14,메디큐브부스터미니,"메디큐브 부스터 미니 팝니당

- LED 파장, 미세 전류, 피부 재생
- 99.9% 항균 티타늄 헤드
- 2가지 모드

올영 온라인으로 샀었는데 부스터프로 선물받아서 미니는 팝니다!
생각보다 괜찮았는데 부스터프로 정도를 기대하시면 안사시는게 낫고 그냥 가볍게 관리하실 생각이라면 괜찮으실 것 같아요~
충전기나 박스가 없어서 그냥 본체만 드려요",7,3,208,20000,46.3,쪼쪼쓰,판매완료,5,충북 청주시 흥덕구 운천동,https://www.daangn.com/kr/buy-sell/%EB%A9%94%EB%94%94%ED%81%90%EB%B8%8C-%EB%B6%80%EC%8A%A4%ED%84%B0-%EB%AF%B8%EB%8B%88-2mv7oeykocea/
2026-05-30,메디큐브에이지알부스터프로핑크,"메디큐브 에이지알 부스터 프로 핑크 색상입니당
선물받았는데 습관이 영 안들어서 내놓습니다
5회정도 사용했고, 별다른 하자 없습니다
안에 충전선, 보증서 같이 들어있어용
외대 정/후문 직거래 희망합니다 택배도 돼용",0,3,57,130000,36.5,시장야채박사,판매중,2,서울시 동대문구 이문제1동,https://www.daangn.com/kr/buy-sell/%EB%A9%94%EB%94%94%ED%81%90%EB%B8%8C-%EC%97%90%EC%9D%B4%EC%A7%80%EC%95%8C-%EB%B6%80%EC%8A%A4%ED%84%B0-%ED%94%84%EB%A1%9C-%ED%95%91%ED%81%AC-jn8bvoexa4e8/
2026-05-05,메디큐브에이지알부스터프로x2핑크,"메디큐브 에이지알 부스터 프로 X2 핑크색상 제품이에요
박스 포함입니다(충전선이랑 사용설명서O)
3번 정도 사용했습니다

피부 탄력, 리프팅, 스킨케어 관심 있는 분들께 추천드려요👍🏻

피부에 닿는걸 인식해서 피부에서 떼면 멈춥니다.
앱이랑 연동해서 이용 가능
듀얼로 두가지 한 번에
Ai 기능으로 루틴 추천과 관리 추천해줌
앱에서 다른 사람들이 사용하는 추천 방법들 구경 가능
생각보다 가벼움

🌟혹시 원하신다면 스킨1004 브라이트닝 앰플 드립니당(새상품)",5,13,346,270000,39.8,햅삐,판매완료,3,서울시 동대문구 이문제1동,https://www.daangn.com/kr/buy-sell/%EB%A9%94%EB%94%94%ED%81%90%EB%B8%8C-%EC%97%90%EC%9D%B4%EC%A7%80%EC%95%8C-%EB%B6%80%EC%8A%A4%ED%84%B0-%ED%94%84%EB%A1%9C-x2-%ED%95%91%ED%81%AC-ce8qyqga3wer/
2025-11-24,🎀메디큐브에이지알부스터프로🩷,"📌 피부 자극 걱정 없이 안전하게 사용 가능합니다
📌 산지는 1개월 됐습니다(총 4번 실사용)
📌 피부 조건과 맞지 않아 팔게 되었습니다ㅠㅠ
📌 화면 부분에 기스가 나있었니다.

💕
•미개봉 화장품 세트로 드립니다~
•충전기도 포함 되어 있습니다!
•소독과 포장해서 드립니다ㅎㅎ

🚫 가격 흥정 안돼요ㅠ 
🚫 반값 택배도 되지만 택배비는 추가로 주셔야 합니다!",1,1,51,170000,38.9,snow62,판매완료,4,서울시 동대문구 이문제1동,https://www.daangn.com/kr/buy-sell/%EB%A9%94%EB%94%94%ED%81%90%EB%B8%8C-%EC%97%90%EC%9D%B4%EC%A7%80%EC%95%8C-%EB%B6%80%EC%8A%A4%ED%84%B0-%ED%94%84%EB%A1%9C-sfngjeu8pvrg/
2025-09-15,메디큐브부스터프로미니,"25.6.27 올리브영 구매. 실 사용 5회 미만

궁금해서 사봤는데 귀찮아서 손이 잘 안가요.. 기기는 사용후 알콜 스왑과 마른천으로 닦아 보관해두었습니다. 구성품으로 들어있던 파우치랑 같이 드릴게요.

✔️직거래는 외대앞역, 외대 정문, 외대 후문 선호
✔️택배비 추가시 반택도 가능합니다",1,1,80,70000,44.2,댕근,판매완료,2,서울시 동대문구 이문제1동,https://www.daangn.com/kr/buy-sell/%EB%A9%94%EB%94%94%ED%81%90%EB%B8%8C-%EB%B6%80%EC%8A%A4%ED%84%B0%ED%94%84%EB%A1%9C-%EB%AF%B8%EB%8B%88-bfmafgxaz2m7/
2026-01-02,메디큐브age-r부스터프로쿠로미한정판,"메디큐브 AGE-R 부스터 프로 쿠로미 한정판 1번쓰고 피부에 맞지 않아 내놓습니다 ㅠㅠ

- 피부 속 콜라겐, 탄력, 광채, 볼륨, 모공까지 토탈 케어가 가능합니다
- 피부 속도, 피부 결, 피부 톤, 보습, 진정 개선에 도움을 줍니다
- 예민하신분은 지나가주세요 (_ _  )

쿠로미 스티커도 함께 드려요~",0,2,81,230000,36.9,테리구미,판매중,2,경기 성남시 분당구 대장동,https://www.daangn.com/kr/buy-sell/%EB%A9%94%EB%94%94%ED%81%90%EB%B8%8C-age-r-%EB%B6%80%EC%8A%A4%ED%84%B0-%ED%94%84%EB%A1%9C-%EC%BF%A0%EB%A1%9C%EB%AF%B8-%ED%95%9C%EC%A0%95%ED%8C%90-8ygzbc419kcy/
2026-02-02,메디큐브에이지알부스터프로(풀박스),"✔️ 메디큐브 에이지알 부스터 프로 10만원

✔️ 잔기스 

✔️ 유쎄라 딥샷 + 더마 EMS 샷
      총 3가지 디바이스 모두 구매 시, 18만원

✔️ 각 제품별 충전 케이블 포함

✔️ 택배거래 시 3,500원 별도",1,4,52,100000,40.2,봉쥬르,판매완료,3,경기 성남시 분당구 대장동,https://www.daangn.com/kr/buy-sell/%EB%A9%94%EB%94%94%ED%81%90%EB%B8%8C-%EC%97%90%EC%9D%B4%EC%A7%80%EC%95%8C-%EB%B6%80%EC%8A%A4%ED%84%B0-%ED%94%84%EB%A1%9C-%ED%92%80%EB%B0%95%EC%8A%A4-yf3otr5f9ro3/
2025-10-21,메디큐브에이지알부스터프로판매합니다(사용량적음),"메디큐브 에이지알 부스터 프로 판매합니다~ 
작년에 8월 cj 홈쇼핑으로 구매했습니다. 
구성품은 박스+본품 입니다 
사용설명서랑, usb는 없어요~~ 충전은 c타입 다 되는거같아요. 
작동 잘 됩니다~~ 쿨거래원합니다.",2,3,114,140000,46.1,케일리,판매완료,10,경기 성남시 분당구 대장동,https://www.daangn.com/kr/buy-sell/%EB%A9%94%EB%94%94%ED%81%90%EB%B8%8C-%EC%97%90%EC%9D%B4%EC%A7%80%EC%95%8C-%EB%B6%80%EC%8A%A4%ED%84%B0-%ED%94%84%EB%A1%9C-%ED%8C%90%EB%A7%A4%ED%95%A9%EB%8B%88%EB%8B%A4-%EC%82%AC%EC%9A%A9%EB%9F%89%EC%A0%81%EC%9D%8C-gzq3f1gsw5ze/
2026-02-06,메디큐브에이지알부스터프로+크림+세럼,"메디큐브 에이지알 부스터 프로와 딥 리프팅 에이지 리페어 크림, 포어 콜라겐 글로우 젤리 세럼 함께 판매합니다!

제품 산 지는 1주일 정도 됐는데 1~2번 사용하고 귀찮아서 손이 안나서 팔게 되었습니다. 제품은 새 상품이고 케이스를 버려서 에이지알 등록 하실 때 메디큐브 에이지알 부스터 등록해서 사용해야해서 프로인 거 인증됩니다. 외관은 기스하나 없고 완전 깔끔합니다.
329,000원에 샀는데 화장품까지 해서 200,000원에 파려고합니다. 네고는 없습니다. 편하게 연락주세요~~",1,1,32,200000,37.8,당근심,판매완료,1,울산 남구 야음장생포동,https://www.daangn.com/kr/buy-sell/%EB%A9%94%EB%94%94%ED%81%90%EB%B8%8C-%EC%97%90%EC%9D%B4%EC%A7%80%EC%95%8C-%EB%B6%80%EC%8A%A4%ED%84%B0-%ED%94%84%EB%A1%9C-%ED%81%AC%EB%A6%BC-%EC%84%B8%EB%9F%BC-761ejkhaqz21/
2025-11-01,메디큐브에이지알부스터프로핑크새상품,"메디큐브 에이지알 부스터 프로 핑크에디션
 새상품입니다

피부관리하는 제품으로 
피부결, 광채, 탄력, 모공, 진피 치밀도, 톤, 각질 개선에 도움을 줍니다",1,4,56,200000,40.0,크롱,판매완료,4,울산 남구 야음장생포동,https://www.daangn.com/kr/buy-sell/%EB%A9%94%EB%94%94%ED%81%90%EB%B8%8C-%EC%97%90%EC%9D%B4%EC%A7%80%EC%95%8C-%EB%B6%80%EC%8A%A4%ED%84%B0-%ED%94%84%EB%A1%9C-%ED%95%91%ED%81%AC-%EC%83%88%EC%83%81%ED%92%88-ey2v8vsrispv/
2026-01-04,메디큐브부스터프로블랙풀박스(공홈구매),"공홈에서 구매한 메디큐브 부스터 프로 블랙풀박스
+ 헤드케이스도 같이 드립니다!

2회 사용미만

새상품과 같은 상태입니다!",0,4,303,250000,39.0,하잉요,판매중,2,경기 평택시 중앙동,https://www.daangn.com/kr/buy-sell/%EB%A9%94%EB%94%94%ED%81%90%EB%B8%8C-%EB%B6%80%EC%8A%A4%ED%84%B0-%ED%94%84%EB%A1%9C-%EB%B8%94%EB%9E%99-%ED%92%80%EB%B0%95%EC%8A%A4-%EA%B3%B5%ED%99%88-%EA%B5%AC%EB%A7%A4-v2vihqxyq6m7/
2026-05-02,메디큐브에이지알부스터프로,"메디큐브 에이지알 부스터프로 블랙
본품과 충전 케이블이 포함되어 있어요
사진에서 보이는 것처럼 깔끔하게 보관되어 있답니다
피부 관리 홈케어를 고민하시는 분들께 추천드려요",1,5,52,100000,40.4,이사가느라정리해유,판매완료,1,경기 평택시 중앙동,https://www.daangn.com/kr/buy-sell/%EB%A9%94%EB%94%94%ED%81%90%EB%B8%8C-%EC%97%90%EC%9D%B4%EC%A7%80%EC%95%8C-%EB%B6%80%EC%8A%A4%ED%84%B0%ED%94%84%EB%A1%9C-672c9dbf1x8i/
2026-03-06,메디큐브에이지알부스터프로블랙,"메디큐브 에이지알 부스터 프로 블랙 색상입니다

- 박스없고 충전선만 있어요
비대면 거래 선호합니다",2,12,156,108000,37.9,yeee,판매완료,1,경기 평택시 중앙동,https://www.daangn.com/kr/buy-sell/%EB%A9%94%EB%94%94%ED%81%90%EB%B8%8C-%EC%97%90%EC%9D%B4%EC%A7%80%EC%95%8C-%EB%B6%80%EC%8A%A4%ED%84%B0-%ED%94%84%EB%A1%9C-%EB%B8%94%EB%9E%99-p6yovk989jsg/
2026-04-17,메디큐브에이지알부스터프로블랙에디션,"[메디큐브 에이지알 부스터 프로 블랙 에디션]
본체와 충전 케이블, 사용설명서 모두 있습니다.
작년에 구매해서 한달정도 사용한거라 깨끗합니다.
이사예정이라 잘안쓰는 물건은 처분하려고 올립니다! 

비대면 거래, 이충 부영아파트로 와주실분 연락주세요.",1,6,51,150000,38.7,고구미,판매완료,2,경기 평택시 중앙동,https://www.daangn.com/kr/buy-sell/%EB%A9%94%EB%94%94%ED%81%90%EB%B8%8C-%EC%97%90%EC%9D%B4%EC%A7%80%EC%95%8C-%EB%B6%80%EC%8A%A4%ED%84%B0-%ED%94%84%EB%A1%9C-%EB%B8%94%EB%9E%99-%EC%97%90%EB%94%94%EC%85%98-t2fy9vtn4cam/
2025-10-25,메디큐브에이지알부스터프로,"메디큐브 에이지알 부스터 프로입니다
- 5가지 모드로 피부 컨디션에 맞게 사용 가능해요
- 피부 속 광채와 탄력 개선에 도움을 줍니다
- 매끈한 피부결을 선사합니다",1,1,38,120000,43.2,졍이,판매완료,2,경기 평택시 중앙동,https://www.daangn.com/kr/buy-sell/%EB%A9%94%EB%94%94%ED%81%90%EB%B8%8C-%EC%97%90%EC%9D%B4%EC%A7%80%EC%95%8C-%EB%B6%80%EC%8A%A4%ED%84%B0-%ED%94%84%EB%A1%9C-9dytnjjb1bvq/
2025-03-05,메디큐브age-r부스터프로입니다.,"메디큐브 AGE-R 부스터프로입니다.
공식홈에서 구입하였습니다. 
상태는 최상급입니다. 
실사용1회입니다. 
구성품 다 있습니다.

비대면 문고리거래 원합니다.
계좌이체, 당근페이 둘다 됩니다.

교환 및 환불은 어렵습니다.
찔러보기는 정중히 사절합니다.",4,9,270,198000,44.8,요미,판매완료,3,경기 평택시 중앙동,https://www.daangn.com/kr/buy-sell/%EB%A9%94%EB%94%94%ED%81%90%EB%B8%8C-age-r-%EB%B6%80%EC%8A%A4%ED%84%B0%ED%94%84%EB%A1%9C-%EC%9E%85%EB%8B%88%EB%8B%A4-2pdmy14kb54f/
2026-05-25,메디큐브에이지알부스터프로미개봉새상품,"메디큐브 에이지알 부스터프로 미개봉 새상품이에요
피부 탄력과 리프팅에 도움을 주는 제품이에요
구성품 모두 포함되어 있으며, 선물용으로도 좋아요
피부 고민 있으신 분들께 추천드려요",0,12,62,160000,42.3,젤괵,판매완료,1,서울시 용산구 이태원동,https://www.daangn.com/kr/buy-sell/%EB%A9%94%EB%94%94%ED%81%90%EB%B8%8C-%EC%97%90%EC%9D%B4%EC%A7%80%EC%95%8C-%EB%B6%80%EC%8A%A4%ED%84%B0%ED%94%84%EB%A1%9C-%EB%AF%B8%EA%B0%9C%EB%B4%89-%EC%83%88%EC%83%81%ED%92%88-f95apmv2ffd4/
2026-04-12,메디큐브age-r부스터프로블랙,"피부 고민 해결을 도와주는 메디큐브 AGE-R 부스터 프로 블랙이에요
피부 속부터 탄력과 광채를 채워주는 뷰티 디바이스랍니다
구성품 모두 사진으로 확인 가능해요
매끈하고 건강한 피부를 원하시는 분들께 추천드려요

피부과에 돈을 투자하게 되서 이제는 귀찮은 일이 된거 같아 팝니다 실사용은 3개월정도 했습니다!
풀박스입니다!",1,2,60,120000,40.2,우니,판매완료,1,서울시 용산구 이태원동,https://www.daangn.com/kr/buy-sell/%EB%A9%94%EB%94%94%ED%81%90%EB%B8%8C-age-r-%EB%B6%80%EC%8A%A4%ED%84%B0-%ED%94%84%EB%A1%9C-%EB%B8%94%EB%9E%99-g6opb8qdhwk3/
2026-03-09,메디큐브age-r부스터프로블랙,"메디큐브 AGE-R 부스터 프로 블랙 색상 
- 박스, 설명서 포함 / 충전케이블 x (c 타입)
5회 미만 사용했어요.",0,6,55,150000,37.8,자가비,판매완료,7,서울시 용산구 이태원동,https://www.daangn.com/kr/buy-sell/%EB%A9%94%EB%94%94%ED%81%90%EB%B8%8C-age-r-%EB%B6%80%EC%8A%A4%ED%84%B0-%ED%94%84%EB%A1%9C-%EB%B8%94%EB%9E%99-6kwchfe81p2m/
2026-03-04,메디큐브에이지알부스터프로블랙,"메디큐브 에이지알 부스터 프로 블랙입니다
- 피부 속 콜라겐, 탄력, 보습, 광채, 진정 효과를 준다는 이것으로 아모레 매출을 뛰어 넘었다는 전설의 제춤입니다
- 박스는 없고 본품과 파우치 같이 드립니다",7,7,117,80000,40.3,게로본능,판매완료,4,서울시 용산구 이태원동,https://www.daangn.com/kr/buy-sell/%EB%A9%94%EB%94%94%ED%81%90%EB%B8%8C-%EC%97%90%EC%9D%B4%EC%A7%80%EC%95%8C-%EB%B6%80%EC%8A%A4%ED%84%B0-%ED%94%84%EB%A1%9C-%EB%B8%94%EB%9E%99-eofbugproqqi/
2025-10-08,메디큐브부스터프로판매합니당,"부스터프로 블랙이고 충전선, 박스 다 있어요
거래는 녹사평역이나 cu이태원햇살점 앞에서만 가능합니다.",2,3,93,180000,39.8,수리수수리,판매완료,2,서울시 용산구 이태원동,https://www.daangn.com/kr/buy-sell/%EB%A9%94%EB%94%94%ED%81%90%EB%B8%8C-%EB%B6%80%EC%8A%A4%ED%84%B0%ED%94%84%EB%A1%9C-%ED%8C%90%EB%A7%A4%ED%95%A9%EB%8B%88%EB%8B%B9-pegtdm2t3nzq/
2026-04-14,메디큐브에이지알부스터프로블랙풀박스,"메디큐브 에이지알 부스터 프로 블랙 색상 풀박스 구성이에요
피부 관리 효과를 높여주는 뷰티 디바이스랍니다
구성품 모두 사진에 담아두었으니 확인해주세요
피부 탄력과 광채를 원하시는 분들께 추천드려요
3번 정도 사용이라 거의 새거에요

-개인간 거래로 환불불가
-선릉역 직거래",2,8,117,136000,35.3,가을너머,판매완료,6,서울시 송파구 거여1동,https://www.daangn.com/kr/buy-sell/%EB%A9%94%EB%94%94%ED%81%90%EB%B8%8C-%EC%97%90%EC%9D%B4%EC%A7%80%EC%95%8C-%EB%B6%80%EC%8A%A4%ED%84%B0-%ED%94%84%EB%A1%9C-%EB%B8%94%EB%9E%99-%ED%92%80%EB%B0%95%EC%8A%A4-mwhwp1ukskxs/
2025-03-30,메디큐브부스터프로,"약 10회정도  사용한적 있음.

전자제품이라 현장에서 직접 꼼꼼이 확인하시고 거래하는게 좋을것 같습니다

생활기스 있습니다.
중고인점 감안해주세요
환불은 불가합니다

거래희망장소로 오셔야해요",3,10,331,160000,43.4,송파지기,판매완료,9,서울시 송파구 거여1동,https://www.daangn.com/kr/buy-sell/%EB%A9%94%EB%94%94%ED%81%90%EB%B8%8C-%EB%B6%80%EC%8A%A4%ED%84%B0%ED%94%84%EB%A1%9C-79ao86w784us/
2024-10-05,메디큐브에이지알부스터프로,"2023년 10월 구매
귀차니즘이 심해 사용을 거의 안해서 판매해요.
새제품 상태이며 풀박스입니다.
부스터힐러랑 궁합좋은 글루타치온 앰플(1/2 사용), 콜라겐 크림 (새제품) 포함가격입니다!

거여역, 잠실 부근 직거래 가능",0,1,109,220000,41.4,뉴삭뉴삭,판매완료,5,서울시 송파구 거여1동,https://www.daangn.com/kr/buy-sell/%EB%A9%94%EB%94%94%ED%81%90%EB%B8%8C-%EC%97%90%EC%9D%B4%EC%A7%80%EC%95%8C-%EB%B6%80%EC%8A%A4%ED%84%B0-%ED%94%84%EB%A1%9C-37cno42nvijo/
2026-05-18,메디큐브에이지알부스터프로블랙,"메디큐브 에이지알 부스터 프로 블랙 제품이에요

사진에 보이는 것처럼 기스가 있습니다. 
파인것이 아닌 기스만 있습니다. 사용간에 불편함은 없습니다. 

고객센터 확인해보니 6만원정도 내면 a/s 받을 수 있다고 합니다.",0,0,34,50000,37.2,뾰로롱이,판매완료,5,서울시 송파구 오륜동,https://www.daangn.com/kr/buy-sell/%EB%A9%94%EB%94%94%ED%81%90%EB%B8%8C-%EC%97%90%EC%9D%B4%EC%A7%80%EC%95%8C-%EB%B6%80%EC%8A%A4%ED%84%B0-%ED%94%84%EB%A1%9C-%EB%B8%94%EB%9E%99-cdxg1nbuhfd7/
2026-05-19,메디큐브에이지알부스터프로핑크팔아요,"메디큐브 에이지알 부스터 프로 핑크 색상이에요
25.06 구매했어요 

보시다시피 매우 깨끗이 썼습니다.

*문고리거래 선호해요",2,4,58,110000,48.7,파스텔바니,판매완료,2,서울시 송파구 오륜동,https://www.daangn.com/kr/buy-sell/%EB%A9%94%EB%94%94%ED%81%90%EB%B8%8C-%EC%97%90%EC%9D%B4%EC%A7%80%EC%95%8C-%EB%B6%80%EC%8A%A4%ED%84%B0-%ED%94%84%EB%A1%9C-%ED%95%91%ED%81%AC-%ED%8C%94%EC%95%84%EC%9A%94-j3ta8bswqbwu/
2026-03-02,메디큐브age-r부스터프로풀박스+글로우세럼,"메디큐브 AGE-R 부스터 프로 풀박스에 글루타치온 글로우 세럼 50ml 함께 드립니다

-피부 속 광채 효과를 경험해보세요
-피부결 개선에 도움을 줍니다
-3가지 핵심 기술이 적용되어 있습니다

한 5번정도 썼는데 귀찮아서 손이 잘 안가네요
알콜솜으로 깨끗하게 닦았습니다
박스는 있지만 설명서랑 충전기가 없습니다",2,0,78,130000,45.2,머선129,판매완료,5,서울시 송파구 오륜동,https://www.daangn.com/kr/buy-sell/%EB%A9%94%EB%94%94%ED%81%90%EB%B8%8C-age-r-%EB%B6%80%EC%8A%A4%ED%84%B0-%ED%94%84%EB%A1%9C-%ED%92%80%EB%B0%95%EC%8A%A4-%EA%B8%80%EB%A1%9C%EC%9A%B0-%EC%84%B8%EB%9F%BC-q6p6u8aqsca8/
2025-10-01,이사정리⛄️메디큐브에이지알부스터프로마이멜로디에디션(단순개봉),"✨ [메디큐브 에이지알 부스터프로 마이멜로디 에디션 미사용제품] 판매합니다 ✨
안녕하세요! 소중하게 보관하던 물품을 좋은 분께 보내드리고자 글을 올려요. 🥰 꼼꼼히 읽어보시고 편하게 채팅 주세요! 이사때문에 모든물품 시세보다 싸게 급처 합니다! 문고리거래를 가장선호해요!
📌 상세 정보
* 판매 가격:270000원
* 상품 상태: 물품구성만 확인하고 안에 구성품과 기기는 일체 사용 안했어요! 단순개봉상품입니다! 상태가 아주 깨끗해요! 풀박스 구성입니다. ✨
🤝 거래 안내 (꼭 읽어주세요!)
✅ 100% 정품 보장
판매하는 모든 물품은 확실한 정품입니다! 만약 가품일 경우 판매가의 200% 보상해 드릴 것을 약속드려요. 믿고 거래하셔도 됩니다. 👍
💰 결제 안내 (대환영!)
 * 요즘 신종사기인 핫마켓 메라마켓 처럼 포인트 결제 안받습니다! 
 * 당근페이 결제 대환영이에요! 🥕
⚠️ 가격 제안(네고) 불가
최대한 고민해서 합리적인 가격으로 올렸습니다! 아쉽지만 네고 문의는 정중히 사양할게요. 양해 부탁드려요. 🙏
📍 직거래 안내
 * 장소: 삼전삼밭나루공원
 * 방식: 서로의 시간을 아끼기 위해 비대면 거래 가능합니다! 🏃‍♂️💨
📦 택배 거래 안내
 * 일반 택배: +5,000원
 * 반값 택배: +3,000원 (GS25)
매너 있는 거래 기다릴게요! 오늘도 기분 좋은 하루 보내세요. 감사합니다! 🌸✨",2,11,287,270000,42.6,눙사람,판매완료,3,서울시 송파구 오륜동,https://www.daangn.com/kr/buy-sell/%EC%9D%B4%EC%82%AC%EC%A0%95%EB%A6%AC-%EB%A9%94%EB%94%94%ED%81%90%EB%B8%8C-%EC%97%90%EC%9D%B4%EC%A7%80%EC%95%8C-%EB%B6%80%EC%8A%A4%ED%84%B0%ED%94%84%EB%A1%9C-%EB%A7%88%EC%9D%B4%EB%A9%9C%EB%A1%9C%EB%94%94-%EC%97%90%EB%94%94%EC%85%98-%EB%8B%A8%EC%88%9C%EA%B0%9C%EB%B4%89-f67ja7krz4qm/
2025-09-24,이사정리⛄️메디큐브에이지알부스터프로미니플러스마이멜로디에디션(미개봉),"✨ [메디큐브 에이지알 부스터프로 미니 플러스 마이멜로디 에디션 미개봉 새상품] 판매합니다 ✨
안녕하세요! 소중하게 보관하던 물품을 좋은 분께 보내드리고자 글을 올려요. 🥰 꼼꼼히 읽어보시고 편하게 채팅 주세요! 이사때문에 모든물품 시세보다 싸게 급처 합니다! 문고리거래를 가장선호해요!
📌 상세 정보
* 판매 가격:85000원
* 상품 상태: 미개봉 새상품 제품입니다 구성품은 두번째장 사진 봐주세요! 풀박스 구성입니다. ✨
🤝 거래 안내 (꼭 읽어주세요!)
✅ 100% 정품 보장
판매하는 모든 물품은 확실한 정품입니다! 만약 가품일 경우 판매가의 200% 보상해 드릴 것을 약속드려요. 믿고 거래하셔도 됩니다. 👍
💰 결제 안내 (대환영!)
 * 요즘 신종사기인 핫마켓 메라마켓 처럼 포인트 결제 안받습니다! 
 * 당근페이 결제 대환영이에요! 🥕
⚠️ 가격 제안(네고) 불가
최대한 고민해서 합리적인 가격으로 올렸습니다! 아쉽지만 네고 문의는 정중히 사양할게요. 양해 부탁드려요. 🙏
📍 직거래 안내
 * 장소: 삼전삼밭나루공원
 * 방식: 서로의 시간을 아끼기 위해 비대면 거래 가능합니다! 🏃‍♂️💨
📦 택배 거래 안내
 * 일반 택배: +5,000원
 * 반값 택배: +3,000원 (GS25)
매너 있는 거래 기다릴게요! 오늘도 기분 좋은 하루 보내세요. 감사합니다! 🌸✨",10,39,771,85000,42.6,눙사람,판매완료,2,서울시 송파구 오륜동,https://www.daangn.com/kr/buy-sell/%EC%9D%B4%EC%82%AC%EC%A0%95%EB%A6%AC-%EB%A9%94%EB%94%94%ED%81%90%EB%B8%8C-%EC%97%90%EC%9D%B4%EC%A7%80%EC%95%8C-%EB%B6%80%EC%8A%A4%ED%84%B0%ED%94%84%EB%A1%9C-%EB%AF%B8%EB%8B%88-%ED%94%8C%EB%9F%AC%EC%8A%A4-%EB%A7%88%EC%9D%B4%EB%A9%9C%EB%A1%9C%EB%94%94-%EC%97%90%EB%94%94%EC%85%98-%EB%AF%B8%EA%B0%9C%EB%B4%89-u6ef7tnzckyb/
2025-11-06,메디큐브에이지알부스터프로새상품,"메디큐브 에이지알 부스터 프로 새상품입니다
풀박스 그대로 드립니다
피부 속 광채와 탄력을 채워주는 부스터 프로로 피부 관리를 시작해보세요",3,3,100,209000,46.3,soo,판매완료,2,서울시 송파구 오륜동,https://www.daangn.com/kr/buy-sell/%EB%A9%94%EB%94%94%ED%81%90%EB%B8%8C-%EC%97%90%EC%9D%B4%EC%A7%80%EC%95%8C-%EB%B6%80%EC%8A%A4%ED%84%B0-%ED%94%84%EB%A1%9C-%EC%83%88%EC%83%81%ED%92%88-t3ynyzfw7vin/
2025-09-05,메디큐브부스터프로미니,박스 충전기 없습니다~,3,3,235,30000,40.5,푸키,판매완료,1,서울시 송파구 오륜동,https://www.daangn.com/kr/buy-sell/%EB%A9%94%EB%94%94%ED%81%90%EB%B8%8C-%EB%B6%80%EC%8A%A4%ED%84%B0%ED%94%84%EB%A1%9C-%EB%AF%B8%EB%8B%88-i5exd4awirax/
2025-01-13,메디큐브에이지알부스터프로미개봉새상품,"메디큐브 에이지알 부스터 프로 미개봉 새상품 판매합니다.
바로 전 모델 쓰고 있는데 오늘 선물 받아서 내놓아요.
미개봉 새상품, 쇼핑백도 있습니다.

올림픽 선수촌 아파트나 강남역 직거래 또는 택배거래 가능합니다.
",3,16,457,240000,43.2,캐롯캐롯,판매완료,3,서울시 송파구 오륜동,https://www.daangn.com/kr/buy-sell/%EB%A9%94%EB%94%94%ED%81%90%EB%B8%8C-%EC%97%90%EC%9D%B4%EC%A7%80%EC%95%8C-%EB%B6%80%EC%8A%A4%ED%84%B0-%ED%94%84%EB%A1%9C-%EB%AF%B8%EA%B0%9C%EB%B4%89-%EC%83%88%EC%83%81%ED%92%88-zs2k9jm5rofy/
2025-01-21,메디큐브부스터프로풀박스-유효기간남음,"메디큐브 부스터프로 
제조년월 2024년 6월로 보증기간 1년 중 5개월 남아있는 제품입니다.
잘 안쓰게 되네요. 연휴동안 집에사 잘 써보실 분 가져가시면 좋겠습니다.

풀세트 잘 보관했고 충전케이블은 비닐채 그대로 있어요. 

쓰던 앰플 혹시 필요하시다 하시면 같이 드리겠습니다.",1,1,143,210000,41.5,마미,판매완료,3,서울시 송파구 오륜동,https://www.daangn.com/kr/buy-sell/%EB%A9%94%EB%94%94%ED%81%90%EB%B8%8C-%EB%B6%80%EC%8A%A4%ED%84%B0-%ED%94%84%EB%A1%9C-%ED%92%80%EB%B0%95%EC%8A%A4-%EC%9C%A0%ED%9A%A8%EA%B8%B0%EA%B0%84-%EB%82%A8%EC%9D%8C-bifye1g2myuc/
2025-04-26,메디큐브에이지알부스터프로미니,"메디큐브 에이지알 부스터 프로 미니 내놓습니다!

LED 파장, 미세 전류, 쿨링 기능으로 피부 관리에 좋아요
피부 탄력, 모공, 각질 개선에 도움을 줍니다
109000원에 구입했습니다 

구매 후 2번 사용했구요 민감한 피부여서 그런지 피부가 붉어지길래 안쓰고있어요 .. ㅠ
같이 주신 PDRN 앰플도 두번정도 같이 사용했어용 

쿨거래 해주시면 반값택배비 지원해드릴게요 !!!",1,0,46,80000,47.1,이나인데용,판매완료,2,경기 파주시 금촌1동,https://www.daangn.com/kr/buy-sell/%EB%A9%94%EB%94%94%ED%81%90%EB%B8%8C-%EC%97%90%EC%9D%B4%EC%A7%80%EC%95%8C-%EB%B6%80%EC%8A%A4%ED%84%B0-%ED%94%84%EB%A1%9C-%EB%AF%B8%EB%8B%88-9je48863vy3i/
2025-08-08,새상품메디큐브에이지알부스터프로,"사용안한 새상품 풀박스 구성입니다~
구매시기 최근입니다",3,4,75,190000,45.5,yhsoe,판매완료,2,경기 의왕시 내손1동,https://www.daangn.com/kr/buy-sell/%EC%83%88%EC%83%81%ED%92%88-%EB%A9%94%EB%94%94%ED%81%90%EB%B8%8C-%EC%97%90%EC%9D%B4%EC%A7%80%EC%95%8C-%EB%B6%80%EC%8A%A4%ED%84%B0%ED%94%84%EB%A1%9C-7xs19p3f3q8c/
2026-05-20,(미개봉)메디큐브에이지알부스터프로짱구에디션,"메디큐브 에이지알 부스터 프로 짱구 에디션이에요
미개봉 상품이구 세럼두 같이 드려요!!",1,12,127,200000,42.3,징징이,판매중,2,부산 북구 만덕제3동,https://www.daangn.com/kr/buy-sell/%EB%AF%B8%EA%B0%9C%EB%B4%89-%EB%A9%94%EB%94%94%ED%81%90%EB%B8%8C-%EC%97%90%EC%9D%B4%EC%A7%80%EC%95%8C-%EB%B6%80%EC%8A%A4%ED%84%B0-%ED%94%84%EB%A1%9C-%EC%A7%B1%EA%B5%AC-%EC%97%90%EB%94%94%EC%85%98-34e1std2e2rp/
2026-03-22,메디큐브에이지알부스터프로핑크,"메디큐브 에이지알 부스터 프로 핑크입니다
- 39g 초경량 디자인으로 사용하기 편리합니다
- 5가지 모드를 지원하여 피부 고민에 맞춤 케어가 가능합니다
- 피부 속 탄력 개선에 도움을 줍니다


2025 구매-정품 인증 큐알(공홈구매상품)

박스 있어요 ✅
설명서는 없지만 충전 케이블 새거 그대로😅

게을러서 사두고 눈으로만 즐겼더니
오히려 거의 새 상품급으로 보존됐어요 ✨

생활 기스는 있을 수 있어요.
엄청 꼼꼼히 보시면 보일 수도 있는 정도요~

사용감은 거의 없음 그 자체입니다 😂

🤭부지런한 분께 넘길게요!
직거래 선호 / 택배 가능 (선불 4000원)",10,42,736,150000,42.3,행복이어가기,판매완료,4,부산 북구 만덕제3동,https://www.daangn.com/kr/buy-sell/%EB%A9%94%EB%94%94%ED%81%90%EB%B8%8C-%EC%97%90%EC%9D%B4%EC%A7%80%EC%95%8C-%EB%B6%80%EC%8A%A4%ED%84%B0-%ED%94%84%EB%A1%9C-%ED%95%91%ED%81%AC-cwuk8pektjqs/
2026-05-02,메디큐브부스터프로하이포커스샷,"실사용 10회 미만이고 풀박스로 드립니다. 
기기 2개에 더해서 pdrn겔 미개봉 1개도 같이 드려요~
연락주세요",0,3,74,310000,40.9,캬캬,판매중,1,경남 진주시 정촌면,https://www.daangn.com/kr/buy-sell/%EB%A9%94%EB%94%94%ED%81%90%EB%B8%8C-%EB%B6%80%EC%8A%A4%ED%84%B0%ED%94%84%EB%A1%9C-%ED%95%98%EC%9D%B4%ED%8F%AC%EC%BB%A4%EC%8A%A4%EC%83%B7-94a8s81bg8ma/
2026-02-05,메디큐브에이지알부스터프로블랙,"23년 10월경에 구매했습니다
다른모델을 구입하게 되어서 판매해요!",0,12,404,130000,37.2,네니요,판매중,1,경남 진주시 정촌면,https://www.daangn.com/kr/buy-sell/%EB%A9%94%EB%94%94%ED%81%90%EB%B8%8C-%EC%97%90%EC%9D%B4%EC%A7%80%EC%95%8C-%EB%B6%80%EC%8A%A4%ED%84%B0%ED%94%84%EB%A1%9C-%EB%B8%94%EB%9E%99-x7qhvfnn4ckz/
2025-12-24,메디큐브부스터프로미니춘식이에디션새상품,"메디큐브 부스터 프로 미니 춘식이 에디션 새상품입니다
피부 속 광채를 깨우고, 피부결을 개선하는 데 도움을 줍니다
피부톤과 탄력 개선에도 효과적입니다
미개봉 새상품 입니다",0,13,178,90000,37.1,빠내노,판매중,1,경남 진주시 정촌면,https://www.daangn.com/kr/buy-sell/%EB%A9%94%EB%94%94%ED%81%90%EB%B8%8C-%EB%B6%80%EC%8A%A4%ED%84%B0-%ED%94%84%EB%A1%9C-%EB%AF%B8%EB%8B%88-%EC%B6%98%EC%8B%9D%EC%9D%B4-%EC%97%90%EB%94%94%EC%85%98-%EC%83%88%EC%83%81%ED%92%88-q3m164htrbn3/
2026-03-30,메디큐브에이지알부스터프로핑크,"메디큐브 에이지알 부스터 프로 핑크 색상이에요
구성품은 본체와 케이스가 있어요
사진에서 보이는 그대로의 제품이에요
피부 탄력 관리, 홈케어하기 좋아요",3,10,131,90000,43.3,비누향,판매완료,1,경남 진주시 정촌면,https://www.daangn.com/kr/buy-sell/%EB%A9%94%EB%94%94%ED%81%90%EB%B8%8C-%EC%97%90%EC%9D%B4%EC%A7%80%EC%95%8C-%EB%B6%80%EC%8A%A4%ED%84%B0-%ED%94%84%EB%A1%9C-%ED%95%91%ED%81%AC-6htrj93p8gvk/
2025-03-01,메디큐브에이지알부스터프로,"미개봉 새상품입니다
환불 안됩니다
꼭 하실 분만 연락주세요",0,2,118,240000,89.7,사랑한만큼,판매완료,1,경남 진주시 정촌면,https://www.daangn.com/kr/buy-sell/%EB%A9%94%EB%94%94%ED%81%90%EB%B8%8C-%EC%97%90%EC%9D%B4%EC%A7%80%EC%95%8C-%EB%B6%80%EC%8A%A4%ED%84%B0%ED%94%84%EB%A1%9C-bkyo36wx37ze/
2026-03-22,메디큐브에이지알부스터프로,"25.06월에 새상품으로 받았습니다.
충전 이상없고 기기 작동에 문제 전혀 없습니다.
깨진것도 없고 정상입니다!",1,3,60,150000,40.4,홀딹,판매완료,4,충북 청주시 흥덕구 향정동,https://www.daangn.com/kr/buy-sell/%EB%A9%94%EB%94%94%ED%81%90%EB%B8%8C-%EC%97%90%EC%9D%B4%EC%A7%80%EC%95%8C-%EB%B6%80%EC%8A%A4%ED%84%B0-%ED%94%84%EB%A1%9C-jf5rongbgcng/
2026-03-30,메디큐브에이지알부스터프로블랙팝니다,"제품명: 메디큐브 에이지알 부스터 프로 블랙
구성품: 본체, 충전 케이블, 사용 설명서
(박스는 없습니다)
정가: 343,000원

23년 12월 23일에 구매하였고 잘 안 써서 판매합니다. 상품은 사진으로 꼼꼼히 확인부탁드립니다.
(실제 사용은 20회 미만입니다)

광채 부스터 모드, 라인 미세전류 모드, 탄력 더마샷 모드, 모공 에어샷 모드 있습니다.

거래장소: 성서푸른마을아파트 후문(IM뱅크 ATM 앞)
**택배 원할시 택배비는 본인 부담입니다!
**환불은 불가능합니다.",1,2,68,90000,39.4,DB115,판매완료,6,대구 달서구 이곡2동,https://www.daangn.com/kr/buy-sell/%EB%A9%94%EB%94%94%ED%81%90%EB%B8%8C-%EC%97%90%EC%9D%B4%EC%A7%80%EC%95%8C-%EB%B6%80%EC%8A%A4%ED%84%B0-%ED%94%84%EB%A1%9C-%EB%B8%94%EB%9E%99-%ED%8C%9D%EB%8B%88%EB%8B%A4-e6y2sj885oup/
2026-04-23,메디큐브age-r부스터프로블랙,"피부관리하려고 부스터 프로 구입했는데
잘 사용하지 않게되어 판매합니다.
정상작동하며 박스도 있습니다.
구입은 24년 8월에 했습니다.

문고리거래 또는 직거래 가능하니 편하게 문의해주세요.
",1,6,87,140000,37.7,수현,판매중,1,경기 부천시 원미구 상3동,https://www.daangn.com/kr/buy-sell/%EB%A9%94%EB%94%94%ED%81%90%EB%B8%8C-age-r-%EB%B6%80%EC%8A%A4%ED%84%B0-%ED%94%84%EB%A1%9C-%EB%B8%94%EB%9E%99-jfswztf6xavd/
2026-05-09,메디큐브에이지알부스터프로블랙,"메디큐브 에이지알 부스터 프로 블랙이에요

충전 및 작동 모두 잘 됩니다

홈케어 하기 좋아요👍

박스가 없어서 저렴한 가격에 올려용~~",2,7,81,100000,42.5,욤뇸뇸뇸,판매완료,2,경기 부천시 원미구 상3동,https://www.daangn.com/kr/buy-sell/%EB%A9%94%EB%94%94%ED%81%90%EB%B8%8C-%EC%97%90%EC%9D%B4%EC%A7%80%EC%95%8C-%EB%B6%80%EC%8A%A4%ED%84%B0-%ED%94%84%EB%A1%9C-%EB%B8%94%EB%9E%99-tshbd383omj5/
2025-11-11,메디큐브에이지알부스터프로풀박스,"메디큐브 에이지알 부스터 프로 풀박스입니다
올해 구매하고 실사용 한 달 미만입니다.
미세기스가 있을 수 있어요ㅜ 예민하신 분들 참고해주세요

택배비 부담 시, 반택 일택 가능

*퇴근 이후에나(18시 이후) 빠른 답장이 가능합니다. 양해부탁드립니다.",2,18,237,180000,36.8,라곰,판매완료,3,경기 부천시 원미구 상3동,https://www.daangn.com/kr/buy-sell/%EB%A9%94%EB%94%94%ED%81%90%EB%B8%8C-%EC%97%90%EC%9D%B4%EC%A7%80%EC%95%8C-%EB%B6%80%EC%8A%A4%ED%84%B0-%ED%94%84%EB%A1%9C-%ED%92%80%EB%B0%95%EC%8A%A4-yw4ke3oh53yd/
2025-02-27,메디큐브부스터프로,"5번 이내 사용한 부스터 프로 팔아요
알콜 스왑으로 다 닦았고 깨끗하게 사용했습니다
박스 있습니다

중고거래 특성상 현장파기, 구매 후 반품은 정중히 거절합니다!",2,0,161,238000,40.1,당신이고민하는순간,판매완료,1,경기 부천시 원미구 상3동,https://www.daangn.com/kr/buy-sell/%EB%A9%94%EB%94%94%ED%81%90%EB%B8%8C-%EB%B6%80%EC%8A%A4%ED%84%B0-%ED%94%84%EB%A1%9C-5h3krdkfen72/
2025-02-18,가격내림)메디큐브부스터프로풀박스,"실사용 10회 미만이며 항상 알콜솜으로 소독하였습니다. 충전선 포함 풀박스 구성이니 연락주세요 :)
가격제안도 환영입니다~!",1,5,215,220000,39.6,히히히힣,판매완료,1,경기 부천시 원미구 상3동,https://www.daangn.com/kr/buy-sell/%EA%B0%80%EA%B2%A9%EB%82%B4%EB%A6%BC-%EB%A9%94%EB%94%94%ED%81%90%EB%B8%8C-%EB%B6%80%EC%8A%A4%ED%84%B0%ED%94%84%EB%A1%9C-%ED%92%80%EB%B0%95%EC%8A%A4-ubsfdmmmp4zm/
2025-02-11,메디큐브부스터프로,"24년 말에 구입했습니다 
실 사용 5번 미만입니다 
얼굴에 닿는거라 알콜솜으로 닦아서 사용했습니다 
함께 사용 가능한 앰플 같이 드리겠습니다 (새상품)

박스거 없어 저렴히 내놓아요 
설명서 있습니다 

문고리 거래 희망합니다 

반택(cu) 택배비 별도입니다",3,1,230,190000,44.8,GAM,판매완료,1,경기 부천시 원미구 상3동,https://www.daangn.com/kr/buy-sell/%EB%A9%94%EB%94%94%ED%81%90%EB%B8%8C-%EB%B6%80%EC%8A%A4%ED%84%B0%ED%94%84%EB%A1%9C-pe79dvvow9kp/
2024-12-26,메디큐브에이지알부스터프로제품입니다.,"구입해놓고 정말 딱한번 사용한게 전부랍니다.
새상품이나 마찬가지랍니다.
정품인증 텍 붙어있는 정품이랍니다.
사용하려고 모셔놨는데..다른제품을 선물 받아서 
아쉽지만 내놓습니다.
사진에 보이는 글로우 세럼 3개도 전부 같이 드립니다.
세럼도 전부다 새상품이랍니다.
꼭 하실분만 연락 부탁드립니다.
반품은 아니되오니 신중구매 부탁드립니다.
찔러보기는 정중히 사양하겠습니다.
직거래 석천초정문앞에서 가능하세요.",5,11,469,249000,39.9,토끼맘,판매완료,7,경기 부천시 원미구 상3동,https://www.daangn.com/kr/buy-sell/%EB%A9%94%EB%94%94%ED%81%90%EB%B8%8C-%EC%97%90%EC%9D%B4%EC%A7%80%EC%95%8C-%EB%B6%80%EC%8A%A4%ED%84%B0%ED%94%84%EB%A1%9C-%EC%A0%9C%ED%92%88%EC%9E%85%EB%8B%88%EB%8B%A4-p8fyvtomizin/
2024-12-23,메디큐브age-r부스터프로팝니다.에이지알부스터프로,"깨끗이 썼고 풀박스로 보유 중입니다. 
정품 스티커 있습니다

직거래 가능 택배 가능.",1,3,91,190000,41.7,닉케,판매완료,4,경기 부천시 원미구 상3동,https://www.daangn.com/kr/buy-sell/%EB%A9%94%EB%94%94%ED%81%90%EB%B8%8C-age-r-%EB%B6%80%EC%8A%A4%ED%84%B0-%ED%94%84%EB%A1%9C-%ED%8C%9D%EB%8B%88%EB%8B%A4-%EC%97%90%EC%9D%B4%EC%A7%80%EC%95%8C-%EB%B6%80%EC%8A%A4%ED%84%B0%ED%94%84%EB%A1%9C-n495se7acvw5/
2024-12-13,메디큐브부스터프로,귀찮아서 판매합니다ㅎㅎㅎ 충전케이블 없어요!! c타입으로 충전가능하고 깨끗해요! 상태좋아요 직거래 상동역이나 외길수산 원해요!,2,9,328,200000,39.6,alsd122,판매완료,7,경기 부천시 원미구 상3동,https://www.daangn.com/kr/buy-sell/%EB%A9%94%EB%94%94%ED%81%90%EB%B8%8C-%EB%B6%80%EC%8A%A4%ED%84%B0%ED%94%84%EB%A1%9C-2tqxhzweoquc/
2024-11-08,메디큐브에이지알부스터프로풀박스,"올해 여름정도 구매하고 세번정도 썼어요 
풀박스이고 손이 잘 안가서 팝니다ㅠㅠ
헤드 뚜껑도 같이 드려요",2,1,78,195000,38.7,살사람만연락이,판매완료,2,경기 부천시 원미구 상3동,https://www.daangn.com/kr/buy-sell/%EB%A9%94%EB%94%94%ED%81%90%EB%B8%8C-%EC%97%90%EC%9D%B4%EC%A7%80%EC%95%8C-%EB%B6%80%EC%8A%A4%ED%84%B0%ED%94%84%EB%A1%9C-%ED%92%80%EB%B0%95%EC%8A%A4-yyiywtdgf1ab/
2026-05-31,메디큐브부스터프로미니플러스브이롤러+부스터젤세트,"브이롤러와 부스터젤 모두 한 번만 사용해서 거의 새제품이나 다름 없습니다.

메디큐브 부스터 프로 미니 플러스 본품은 제가 사용하고 있어 브이롤러와 부스터젤만 판매합니다. 메디큐브 부스터 프로 미니 플러스 본품 미포함이어서 싸게 판매합니다.",1,2,29,79000,41.0,당근부자,판매중,2,  서울시 송파구 방이동,https://www.daangn.com/kr/buy-sell/%EB%A9%94%EB%94%94%ED%81%90%EB%B8%8C-%EB%B6%80%EC%8A%A4%ED%84%B0-%ED%94%84%EB%A1%9C-%EB%AF%B8%EB%8B%88-%ED%94%8C%EB%9F%AC%EC%8A%A4-%EB%B8%8C%EC%9D%B4%EB%A1%A4%EB%9F%AC-%EB%B6%80%EC%8A%A4%ED%84%B0%EC%A0%A4-%EC%84%B8%ED%8A%B8-5xuwjrjoeqpm/
2026-01-22,메디큐브부스터프로미니핑크/플러스아님!!!!,"두번 사용
충전은 c타입 하면 됩니다",6,27,322,59000,37.5,냐냐노냐눙,판매중,1,서울시 송파구 방이동,https://www.daangn.com/kr/buy-sell/%EB%A9%94%EB%94%94%ED%81%90%EB%B8%8C-%EB%B6%80%EC%8A%A4%ED%84%B0-%ED%94%84%EB%A1%9C-%EB%AF%B8%EB%8B%88-%ED%95%91%ED%81%AC-%ED%94%8C%EB%9F%AC%EC%8A%A4%EC%95%84%EB%8B%98-vwsriv4w6fvu/
2026-05-11,메디큐브에이지알부스터프로블랙,"메디큐브 에이지알 부스터 프로 블랙 색상입니다

피부 탄력과 리프팅에 도움을 주는 제품이에요
매일매일 건강한 피부를 가꾸고 싶으신 분들께 추천드려요

24년6월제조상품입니다
사용횟수는 10회미만이구여
사용하지않아 판매합니다

직거래 or 문고리 가능하구여
편하게 채팅주세요 !",2,17,99,100000,40.7,빵빵이,판매완료,3,서울시 송파구 방이동,https://www.daangn.com/kr/buy-sell/%EB%A9%94%EB%94%94%ED%81%90%EB%B8%8C-%EC%97%90%EC%9D%B4%EC%A7%80%EC%95%8C-%EB%B6%80%EC%8A%A4%ED%84%B0-%ED%94%84%EB%A1%9C-%EB%B8%94%EB%9E%99-56svg8ade26s/
2026-05-15,메디큐브에이지알부스터프로(전구성품보유),"메디큐브 에이지알 부스터 프로 판매합니다☺️
블랙 컬러로 전 구성품 모두 가지고 있어요!

[제품 구성]
• 부스터프로 본체
• 제품 정품 박스
• 사용 설명서
• 정품 충전 케이블 (미사용)

*직거래만 가능합니다",1,4,38,130000,38.7,굳매너인,판매완료,3,서울시 송파구 방이동,https://www.daangn.com/kr/buy-sell/%EB%A9%94%EB%94%94%ED%81%90%EB%B8%8C-%EC%97%90%EC%9D%B4%EC%A7%80%EC%95%8C-%EB%B6%80%EC%8A%A4%ED%84%B0-%ED%94%84%EB%A1%9C-%EC%A0%84-%EA%B5%AC%EC%84%B1%ED%92%88-%EB%B3%B4%EC%9C%A0-yp6rudpzcak6/
2026-02-10,급처)메디큐브에이지알부스터프로미니,"메디큐브 에이지알 부스터 프로 미니입니다
정품에 박스랑 사용 설명서 같이 있습니다!
c타입 충전으로 가능합니다
(플러스 아님!!)
한두번 쓰고 손이 잘 안 가서 판매합니다
소독 티슈로 깨끗하게 정리하고 드립니다

직거래는 방이동 최선어학원이나 그 근처로 생각하고 있습니다 (송파구 내 협의 가능)
편하게 연락 주세요~~",2,18,392,72000,41.4,뇸뇸,판매완료,3,서울시 송파구 방이동,https://www.daangn.com/kr/buy-sell/%EA%B8%89%EC%B2%98-%EB%A9%94%EB%94%94%ED%81%90%EB%B8%8C-%EC%97%90%EC%9D%B4%EC%A7%80%EC%95%8C-%EB%B6%80%EC%8A%A4%ED%84%B0-%ED%94%84%EB%A1%9C-%EB%AF%B8%EB%8B%88-ex8eaojua2bg/
2025-10-04,메디큐브부스터프로미니플러스마멜에디션,"메디큐브 에이지알 부스터 프로 미니 플러스 마이멜로디 에디션입니다 사용 10회 미만이고 큰 프로 기기로 쓰려고 판매해요 ! 

박스랑 마이멜로디 꾸미기참(비닐은 없어요) 같이 드려요 🎀

📦 배송:
	•	일반택배 5,000원
	•	반값택배 3,000원

이사로 2월 27일까지만 판매합니다
🤝🏻 직거래: 방이역 인근 저희집 건물 택배보관함 (입금하시면 주소 알려드려요)",5,57,1426,80000,49.5,뽀삐,판매완료,2,서울시 송파구 방이동,https://www.daangn.com/kr/buy-sell/%EB%A9%94%EB%94%94%ED%81%90%EB%B8%8C-%EB%B6%80%EC%8A%A4%ED%84%B0-%ED%94%84%EB%A1%9C-%EB%AF%B8%EB%8B%88-%ED%94%8C%EB%9F%AC%EC%8A%A4-%EB%A7%88%EB%A9%9C-%EC%97%90%EB%94%94%EC%85%98-b9pdmx9orqb7/
2026-02-03,메디큐브에이지알부스터프로,"야심차게 샀으나 귀챠니즘으로 안쓰게 되어서 판매합니다.
박스 상태와 동봉된 케이블도 오픈 하지 않은 거의 새것입니다.
제가 남자인데 써봤자 얼마나…;;

(추가)
 책상 위에만 올려둔건게 다시 보니 살짝 기스가 있네요.
그래서 가격 인하합니다.",4,10,117,130000,37.3,사진찍는커피쟁이,판매완료,5,서울시 송파구 방이동,https://www.daangn.com/kr/buy-sell/%EB%A9%94%EB%94%94%ED%81%90%EB%B8%8C-%EC%97%90%EC%9D%B4%EC%A7%80%EC%95%8C-%EB%B6%80%EC%8A%A4%ED%84%B0-%ED%94%84%EB%A1%9C-s4ed2t9h4y2x/
2025-12-03,메디큐브에이지알부스터프로미니화이트,"메디큐브 에이지알 부스터 프로 미니 화이트 색상입니다
실제로 사용을 1번 밖에서 안해서 완전히 깨끗하고 하자 아예 없습니다. 하얀색인데도 때 없이 깔끔합니다.
박스나 구성품은 없는데 필요하시면 찾아볼게요.",9,38,705,1111,44.4,뉸뉴,판매완료,4,서울시 송파구 방이동,https://www.daangn.com/kr/buy-sell/%EB%A9%94%EB%94%94%ED%81%90%EB%B8%8C-%EC%97%90%EC%9D%B4%EC%A7%80%EC%95%8C-%EB%B6%80%EC%8A%A4%ED%84%B0-%ED%94%84%EB%A1%9C-%EB%AF%B8%EB%8B%88-%ED%99%94%EC%9D%B4%ED%8A%B8-f5cjbj8tc3p2/
2025-12-11,메디큐브에이지알부스터프로쿠로미에디션,"메디큐브 AGE-R 부스터 프로 쿠로미 에디션 새 제품입니다!
- 풀세트 구성 (본품, 헤드 케이스, 스티커, 융)
- 즉각적인 피부결 개선 및 광채 효과
귀여워서 구매하고 두번정도 사용해보고 귀찮아서 그냥 피부과 다니기로 하고
박스에 넣어둔채로 방치했네요
헤어밴드는 궁금해서 한번 꺼내보고 다시 넣어뒀어요
쿨거래시
1만원빼드립니다

직접 오셔야해요 방이동 시선앞",1,10,153,220000,40.7,이사후처분중,판매완료,5,서울시 송파구 방이동,https://www.daangn.com/kr/buy-sell/%EB%A9%94%EB%94%94%ED%81%90%EB%B8%8C-%EC%97%90%EC%9D%B4%EC%A7%80%EC%95%8C-%EB%B6%80%EC%8A%A4%ED%84%B0-%ED%94%84%EB%A1%9C-%EC%BF%A0%EB%A1%9C%EB%AF%B8-%EC%97%90%EB%94%94%EC%85%98-csmohgmorqy4/
2025-12-23,메디큐브age-r부스터힐러풀박스,"메디큐브 AGE-R 부스터 힐러입니다

-피부 속 흡수율을 높여주는 뷰티 디바이스입니다
-집에서 간편하게 에스테틱 효과를 낼 수 있습니다

사용감 있는 제품이지만 풀박스 입니다. 
작동 잘 되고 깨끗하게 사용했습니다.
피부에서 광나는 효과 있어요.
저는 에이지알 프로 제품 있어서 판매합니다.

잠실역 까지는 거래장소 변경 가능 합니다.",1,4,34,48000,37.7,안녕병아리,판매완료,5,서울시 송파구 방이동,https://www.daangn.com/kr/buy-sell/%EB%A9%94%EB%94%94%ED%81%90%EB%B8%8C-age-r-%EB%B6%80%EC%8A%A4%ED%84%B0-%ED%9E%90%EB%9F%AC-%ED%92%80%EB%B0%95%EC%8A%A4-p1zfmu9g9jyk/
2025-12-01,메디큐브에이지알부스터프로블랙,11월 말 구매하여 3-4번정도 사용한 상품입니다. 흠집없고 구성품 그대로입니다:),1,7,151,180000,37.2,님네임,판매완료,3,서울시 송파구 방이동,https://www.daangn.com/kr/buy-sell/%EB%A9%94%EB%94%94%ED%81%90%EB%B8%8C-%EC%97%90%EC%9D%B4%EC%A7%80%EC%95%8C-%EB%B6%80%EC%8A%A4%ED%84%B0-%ED%94%84%EB%A1%9C-%EB%B8%94%EB%9E%99-ipd3woqxtgze/
2025-10-30,메디큐브부스터프로미니(미개봉)12만->6만원,"장원영이 광고하는 메디큐브 에이지알 부스터 프로 미니 핑크 완죤 100% 새상품입니다
-피부 속 광채 효과
-모공 케어
-피부결 개선
-화장품 흡수 촉진

현재 쿠팡에서 120,450에 판매중인데, 50%할인한 단돈 6만원에 팔아요! 미개봉 상품이라 비닐에 포장되어 있습니다 

거래장소는 몽촌토성역/ 평일 오전에 시간됩니당",1,5,56,60000,38.9,ssyoung,판매완료,4,서울시 송파구 방이동,https://www.daangn.com/kr/buy-sell/%EB%A9%94%EB%94%94%ED%81%90%EB%B8%8C-%EB%B6%80%EC%8A%A4%ED%84%B0-%ED%94%84%EB%A1%9C-%EB%AF%B8%EB%8B%88-%EB%AF%B8%EA%B0%9C%EB%B4%89-12%EB%A7%8C-6%EB%A7%8C%EC%9B%90-hdth2ed5oh91/
2025-07-27,메디큐브에이지알부스터프로미니,"메디큐브 부스터 프로 미니 내놓습니다~
손이 잘 안가서 판매합니다
박스도 같이 드려요

- 미세 전류, 고주파, EMS, LED 기능
- 5가지 모드로 피부 관리를 도와줘요
- 피부 탄력, 모공, 각질, 윤기, 광채, 톤업에 효과적!


🤍Gs, Cu 반택 +0.2
🤍직거래 올림픽공원역 3번 출구

찔러보기, 잠수🙅🏻‍♀️
직거래 하실 땐 시간 약속을 잘 지켜주세요!

📍단순 변심이나 교환/환불은 매우 어렵습니다",1,2,90,60000,42.2,토스트속햄스터,판매완료,1,서울시 송파구 방이동,https://www.daangn.com/kr/buy-sell/%EB%A9%94%EB%94%94%ED%81%90%EB%B8%8C-%EC%97%90%EC%9D%B4%EC%A7%80%EC%95%8C-%EB%B6%80%EC%8A%A4%ED%84%B0-%ED%94%84%EB%A1%9C-%EB%AF%B8%EB%8B%88-koeibb5sg29e/
2025-05-23,메디큐브에이지알부스터프로,"메디큐브 에이지알 부스터 프로 내놓습니다
피부 광채, 모공, 탄력, 피부결 개선에 도움을 준대요
3번쓰고 알콜스왑으루 잘닦았고
크랙은 밑에 한줄이고
 사용시문제가되거나 하는부분은 없다고합니다^^


잘작동하고요  
잘쓰실분이써주세요

노클레임. 노리턴 깔끔하게 쿨거래시 1만원 더빼드려요
직거래
한성백제역입니다.

",1,3,125,185000,37.8,뭐든당근,판매완료,3,서울시 송파구 방이동,https://www.daangn.com/kr/buy-sell/%EB%A9%94%EB%94%94%ED%81%90%EB%B8%8C-%EC%97%90%EC%9D%B4%EC%A7%80%EC%95%8C-%EB%B6%80%EC%8A%A4%ED%84%B0-%ED%94%84%EB%A1%9C-5coyse1p9cy7/
2026-05-07,미개봉)메디큐브에이지알부스터프로,"미개봉 메디큐브 에이지알 부스터 프로 팔아요! 
약 1년의 무상 보증AS기간있어요!",1,5,66,180000,41.0,BHY,판매완료,2,서울시 구로구 오류제1동,https://www.daangn.com/kr/buy-sell/%EB%AF%B8%EA%B0%9C%EB%B4%89-%EB%A9%94%EB%94%94%ED%81%90%EB%B8%8C-%EC%97%90%EC%9D%B4%EC%A7%80%EC%95%8C-%EB%B6%80%EC%8A%A4%ED%84%B0-%ED%94%84%EB%A1%9C-s6kkzjo6786x/
2026-03-06,메디큐브age-r부스터프로핑크미개봉새제품,"메디큐브 AGE-R 부스터 프로 핑크색 새 제품입니다
선물받았는데 이미 있어서 팔아요
비닐도 안뜯었어요
- 2,600mAh 배터리 용량
- 1회 사용으로도 즉각적인 효과
피부 컨디션을 끌어올려 보세요",0,4,37,230000,43.3,냠냠,판매완료,3,서울시 구로구 오류제1동,https://www.daangn.com/kr/buy-sell/%EB%A9%94%EB%94%94%ED%81%90%EB%B8%8C-age-r-%EB%B6%80%EC%8A%A4%ED%84%B0-%ED%94%84%EB%A1%9C-%ED%95%91%ED%81%AC-%EB%AF%B8%EA%B0%9C%EB%B4%89-%EC%83%88%EC%A0%9C%ED%92%88-883xpyh9yxaz/
2025-11-20,메디큐브age-r부스터프로(미개봉),"메디큐브 부스터 프로 미개봉 상품입니다
택배거래 가능합니다",2,7,55,220000,46.0,낭만주의,판매완료,1,서울시 구로구 오류제1동,https://www.daangn.com/kr/buy-sell/%EB%A9%94%EB%94%94%ED%81%90%EB%B8%8C-age-r-%EB%B6%80%EC%8A%A4%ED%84%B0-%ED%94%84%EB%A1%9C-%EB%AF%B8%EA%B0%9C%EB%B4%89-7z1sb3e5hcou/
2025-11-03,메디큐브에이지알부스터프로핑크새상품,"이 부스터 프로는 판매용 새 제품입니다.
박스와 비닐 포장이 모두 완전한 상태로, 한 번도 개봉하지 않았습니다.
구매하시는 분께 메디큐브 콜라겐 글로우 버블 세럼을 함께 드립니다. ☺️

천왕역에서 직거래 가능합니다.",1,10,92,220000,37.9,mochi,판매완료,3,서울시 구로구 오류제1동,https://www.daangn.com/kr/buy-sell/%EB%A9%94%EB%94%94%ED%81%90%EB%B8%8C-%EC%97%90%EC%9D%B4%EC%A7%80%EC%95%8C-%EB%B6%80%EC%8A%A4%ED%84%B0-%ED%94%84%EB%A1%9C-%ED%95%91%ED%81%AC-%EC%83%88%EC%83%81%ED%92%88-mhmi8cv6qaoi/
2025-10-14,메디큐브에이지알부스터프로풀박스,"메디큐브 에이지알 부스터 프로입니다

사용횟수 5회 미만 


전부 구성용품 박스이 담겨 있으며
충전 케이블도 함께 드려요

확인해 보니까 1번 떨궜어었는지 안쪽에 기스가 나 있더라구요 사용에는 문제 없어요!

피부 흡수율을 490%까지 개선해주고, 
피부 속부터 차오르는 광채와 탄력을 선사하는 제품이에요. 

5가지 모드로 피부 컨디션에 맞춰 사용할 수 있어 더욱 효과적인 관리가 가능합니다 :)",3,6,201,180000,52.2,근육키우는아줌마,판매완료,7,서울시 구로구 오류제1동,https://www.daangn.com/kr/buy-sell/%EB%A9%94%EB%94%94%ED%81%90%EB%B8%8C-%EC%97%90%EC%9D%B4%EC%A7%80%EC%95%8C-%EB%B6%80%EC%8A%A4%ED%84%B0-%ED%94%84%EB%A1%9C-%ED%92%80%EB%B0%95%EC%8A%A4-3uucna7xpti3/
2025-08-14,새상품메디큐브에이지알부스터프로,"이미 가지고있는데 선물 받아서 판매합니다
메디큐브 AGE-R 부스터 프로 새상품입니다!
핑크색상이고 박스채 그대로 있어요~
비닐도 안뜯은 완전 새상품이에요!",1,6,131,240000,43.3,냠냠,판매완료,3,서울시 구로구 오류제1동,https://www.daangn.com/kr/buy-sell/%EC%83%88%EC%83%81%ED%92%88-%EB%A9%94%EB%94%94%ED%81%90%EB%B8%8C-%EC%97%90%EC%9D%B4%EC%A7%80%EC%95%8C-%EB%B6%80%EC%8A%A4%ED%84%B0-%ED%94%84%EB%A1%9C-vd4xe69g7kek/
2025-07-25,메디큐브에이지알부스터프로,"메디큐브 에이지알 부스터 프로 내놓습니다
피부 광채, 탄력, 모공 개선에 좋다고 해요

- 3가지 모드 (부스터 모드, MC 모드, 에어샷 모드)로 관리 가능
- 미세 전류와 쿨링 기능
- 하루 5분 사용 권장

//5월달에 구매하여 사용했습니다.",2,3,100,155000,36.6,여름이네요,판매완료,2,울산 중구 반구1동,https://www.daangn.com/kr/buy-sell/%EB%A9%94%EB%94%94%ED%81%90%EB%B8%8C-%EC%97%90%EC%9D%B4%EC%A7%80%EC%95%8C-%EB%B6%80%EC%8A%A4%ED%84%B0-%ED%94%84%EB%A1%9C-34pb1eem9npt/
