date,title,content,heart,interest,view,price,temperature,seller,sold,image,region,url
30/05/2026,스토케트립트랩뉴본,"의자에 편안함을 더해주는 스토케 트립트랩 뉴본 
푹신한 쿠션감으로 안정감을 느끼며 편안하게 앉아있을 수 있어요
위생적으로 사용 가능해요
사용하기 좋아 선물용으로도 좋아요",0,0,68,15000,42.6,모모,판매중,2,경기 안산시 단원구 와동,https://www.daangn.com/kr/buy-sell/%EC%8A%A4%ED%86%A0%EC%BC%80-%ED%8A%B8%EB%A6%BD%ED%8A%B8%EB%9E%A9-%EB%89%B4%EB%B3%B8-jsw1d1ty3j6j/
28/05/2025,스토케트립트랩뉴본세트양면커버,"스토케 트립트랩 뉴본세트 마카롱 양면커버입니다
아기가 뉴본에 잘 눕지않아 판매합니다

몇번 사용안하여 새것같고 세탁 후 보관중입니다
연락주세요",0,1,361,20000,45.5,햇살킴,판매완료,4,경기 안산시 단원구 와동,https://www.daangn.com/kr/buy-sell/%EC%8A%A4%ED%86%A0%EC%BC%80-%ED%8A%B8%EB%A6%BD%ED%8A%B8%EB%9E%A9-%EB%89%B4%EB%B3%B8%EC%84%B8%ED%8A%B8-%EC%96%91%EB%A9%B4%EC%BB%A4%EB%B2%84-ruzig2nqk8ha/
10/04/2026,사가엔젤릭스토케트립트랩뉴본양면커버,"고급스러운 패턴과 부드러운 소재로 제작되어 아기에게 편안함을 선사해요
양면 사용이 가능하여 실용적이며, 세탁이 용이하여 위생적으로 사용할 수 있어요
깔끔한 디자인으로 어떤 인테리어에도 잘 어울린답니다

모유수유해서 아기 눕힐 일이 없었어요 
아기의 침이나 분유가 묻은 적도 없고 밥 먹을 때 옆에 잠깐씩 눕혀놓은게 다에요 

채팅주시면 실제 사진 보내드립니다

문고리거래 희망합니다",1,9,94,25000,38.5,김빙빙,판매완료,1,서울시 강남구 도곡2동,https://www.daangn.com/kr/buy-sell/%EC%82%AC%EA%B0%80-%EC%97%94%EC%A0%A4%EB%A6%AD-%EC%8A%A4%ED%86%A0%EC%BC%80-%ED%8A%B8%EB%A6%BD%ED%8A%B8%EB%9E%A9-%EB%89%B4%EB%B3%B8-%EC%96%91%EB%A9%B4-%EC%BB%A4%EB%B2%84-bo8o3hrpg9hj/
25/05/2026,스토케트립트랩뉴본하네스(그레이),스토케 트립트랩 뉴본하네스에요 잃어버린줄알고 새로구매했는데 찾아서 판매합니다,1,0,63,33000,45.9,솨직,판매완료,1,부산 동래구 사직동,https://www.daangn.com/kr/buy-sell/%EC%8A%A4%ED%86%A0%EC%BC%80-%ED%8A%B8%EB%A6%BD%ED%8A%B8%EB%9E%A9-%EB%89%B4%EB%B3%B8-%ED%95%98%EB%84%A4%EC%8A%A4-%EA%B7%B8%EB%A0%88%EC%9D%B4-5ci4sv1mzru8/
08/04/2025,스토케트립트랩뉴본,"밑에 고정시키는 부분 한쪽이 파손되었어요. 
한쪽이 없어도 전혀 불안함 없이 아기들 잘 누워 있었고 흔들림도 없었어요!
트립트랩 의자 위에서 끼우는 방식이라 흔들림이 없더라구요!

뉴본이 하나더 있는데 그거랑 비교해도 흔들리지 않아요. 
늘 머리부분에 손수건을 두고 써서 깨끗합니다.

세탁도 다 해놨어요!

트립트랩 있으신 분들 뉴본 꼭 사세요~~
이유식때문에 베이비세트로 바꿨눈데 앞으로 어디서 분유먹여야하나 걱정입니다ㅠㅠㅠ

모빌대, 연장글라이더 없어요. 

육아중이라 비대면 문고리거래 원해요. 
약속 안지키시는 분들이 있어 입금 후 주소 알려드릴게요.
깨끗하게 사용했지만 중고이다보니 사용감 있습니다!",3,3,899,40000,63.1,아리,판매완료,4,부산 기장군 정관읍,https://www.daangn.com/kr/buy-sell/%EC%8A%A4%ED%86%A0%EC%BC%80-%ED%8A%B8%EB%A6%BD%ED%8A%B8%EB%9E%A9-%EB%89%B4%EB%B3%B8-h5p13vj2omme/
13/02/2026,스토케트립트랩뉴본(재당근),"스토케 트립트랩 뉴본 (재당근)

뉴본 + 연장글라이더

아이가 좋아하지 않아서 많이 사용하지 못했어요 처음 당근할때부터 모빌대는 없었습니다 전체적으로 깨끗하게 사용했고 커버에는 보풀 없습니다 본체랑 글라이더는 소독티슈로 닦아 두었고 커버는 세탁 후 보관해 두었습니다!!

💕문고리 거래 입니다
- 선입금 후 주소 알려드려요! 
- 중고인 만큼 신중히 생각 해 보시고 구매 의사 있는 분들만 채팅주세요
- 환불,교환 불가❌
- 네고는 답변 ❌
- 예민한 분들은 피해주세여🙅‍♀️",4,3,117,40000,47.3,요미송,판매완료,6,서울시 동대문구 휘경제1동,https://www.daangn.com/kr/buy-sell/%EC%8A%A4%ED%86%A0%EC%BC%80-%ED%8A%B8%EB%A6%BD%ED%8A%B8%EB%9E%A9-%EB%89%B4%EB%B3%B8-%EC%9E%AC%EB%8B%B9%EA%B7%BC-k2cqpj3wdnej/
24/04/2025,스토케트립트랩뉴본세트,"제가 원하는 시기에 처분하고 싶어서 가격 내립니다
하자없고 깨끗한 제품이에요 쿨거래 하실분만~

스토케 트립트랩 뉴본 세트입니다
모빌대 O 글라이더 X 리버서블 커버 포함
글라이더 없이 사용했는데 문제 없었어요

*   트립트랩 호환 액세서리
*   신생아부터 사용 가능
*   분리형 커버(화이트/ 블랙 리버서블)",1,8,245,50000,39.3,살림살2,판매완료,5,서울시 서초구 서초동,https://www.daangn.com/kr/buy-sell/%EC%8A%A4%ED%86%A0%EC%BC%80-%ED%8A%B8%EB%A6%BD%ED%8A%B8%EB%9E%A9-%EB%89%B4%EB%B3%B8-%EC%84%B8%ED%8A%B8-5g5jikfxb3pr/
18/01/2026,"스토케트립트랩뉴본세트(구형,모빌대없음)","스토케 트립트랩에 장착하여 신생아부터 사용할 수 있는 뉴본 세트(구형)입니다. 

색상은 베이지색이며, 생활 스크래치 및 밑부분 천 헤짐들이 양쪽 조금 있습니다(사진 참고)
하지만 사용하는데는 전혀 문제없으며 주기적으로 세탁하여 깨끗하게 사용했습니다. 

사용하시면 아시겠지만 잠깐 그냥 눕혀놓는 용도라 각도조절기능 크게 필요 없어요. 어차피 신생아들은 허리 약해서 역방쿠나 뉴본세트처럼 경사진곳에 오래 눕혀두면 안됩니다. 편평한 바닥에 눕히셔야해요.

👶🏻구형 저렴하게 가져가세요. 

- 구형이라 각도조절은 안됩니다.
- 모빌대 없습니다.

✅ 중고거래에 대한 이해도가 높으신분만 거래합니다. 
✅ 구매 후 반품, 교환 문의 받지 않습니다.
✅ 비대면 문고리 거래 합니다.
✅ 선입금 후, 상세주소 알려드립니다.
✅ 🥕페이 합니다.",1,5,446,50000,43.1,보리언니,판매완료,5,경기 성남시 분당구 야탑3동,https://www.daangn.com/kr/buy-sell/%EC%8A%A4%ED%86%A0%EC%BC%80-%ED%8A%B8%EB%A6%BD%ED%8A%B8%EB%9E%A9-%EB%89%B4%EB%B3%B8-%EC%84%B8%ED%8A%B8-%EA%B5%AC%ED%98%95-%EB%AA%A8%EB%B9%8C%EB%8C%80%EC%97%86%EC%9D%8C-62dtmxna19ne/
30/12/2025,스토케트립트랩뉴본세트(모빌없음),"스토케 트립트랩 뉴본 세트입니다~ 
아기가 편안하게 사용할 수 있도록 디자인되었고, 안전벨트도 포함되어 있습니다  

재당근이구 사진처럼 사용감있어요! 
저희아기는 이제 무거워져서 내놓아요~ 
모빌없슴당~~ 첨당근할때부터 모빌없었지만 저는 사용하는데 아무불편없었어요 ㅎ

비대면거래할게요!",2,6,77,50000,40.8,동동,판매완료,2,경북 경산시 하양읍,https://www.daangn.com/kr/buy-sell/%EC%8A%A4%ED%86%A0%EC%BC%80-%ED%8A%B8%EB%A6%BD%ED%8A%B8%EB%9E%A9-%EB%89%B4%EB%B3%B8-%EC%84%B8%ED%8A%B8-%EB%AA%A8%EB%B9%8C%EC%97%86%EC%9D%8C-vh8ccx1zaxq4/
16/12/2025,스토케트립트랩뉴본,"재당근입니다~

두번째 사진 보시면 밴드가 좀 헐렁해졌더라구요~
헐거워 졌다는 거 친구네집 놀러가서 보고 알았어요~
사용하는데 별 지장이 없었거든요~

모빌 거치대는 없습니다 

✔️ 육아중으로 문고리 거래 희망합니다

- 자세한 주소는 입금 확인 후 알려드립니다 
- 중고제품입니다. 교환 & 환불은 불가하오니 
   구매 신중하게해주세요😊",4,7,427,50000,43,기니,판매완료,2,경기 남양주시 별내동,https://www.daangn.com/kr/buy-sell/%EC%8A%A4%ED%86%A0%EC%BC%80-%ED%8A%B8%EB%A6%BD%ED%8A%B8%EB%9E%A9-%EB%89%B4%EB%B3%B8-j21cckbsc2c2/
12/12/2025,스토케트립트랩뉴본세트재당근,"스토케 트립트랩 뉴본 세트입니다
재당근이라 저렴하게 내놓았어요
이유식 들어가기 전까지 알차게 잘썼고,
수유할때도 눕혀서 해서 편하게 이용하였습니다:)",6,2,112,50000,45.8,Delphine,판매완료,2,경기 남양주시 별내동,https://www.daangn.com/kr/buy-sell/%EC%8A%A4%ED%86%A0%EC%BC%80-%ED%8A%B8%EB%A6%BD%ED%8A%B8%EB%9E%A9-%EB%89%B4%EB%B3%B8-%EC%84%B8%ED%8A%B8-%EC%9E%AC%EB%8B%B9%EA%B7%BC-gk3bov6ht7sd/
15/03/2026,스토케트립트랩사가엔젤릭뉴본커버2ea(미사용제품)," 스토케 트립트랩 사가 엔젤릭 뉴본커버 2개입니다.
빈티지 스타일의 패턴이 특징입니다. 개봉만 하고 
구매했던 것도 잊어버리는 바람에 미사용한 미사용제품입니다ㅠㅠ

 아래는 두 개의 가격이며, 한 개의 가격은 아래의 가격의 반값(25,000원)입니다.",3,4,74,50000,38.1,우두,판매완료,1,경기 안성시 공도읍,https://www.daangn.com/kr/buy-sell/%EC%8A%A4%ED%86%A0%EC%BC%80-%ED%8A%B8%EB%A6%BD%ED%8A%B8%EB%9E%A9-%EC%82%AC%EA%B0%80-%EC%97%94%EC%A0%A4%EB%A6%AD-%EB%89%B4%EB%B3%B8%EC%BB%A4%EB%B2%84-2ea-%EB%AF%B8%EC%82%AC%EC%9A%A9%EC%A0%9C%ED%92%88-4rouabhaorse/
15/12/2025,스토케트립트랩뉴본시트,"스토케 트립트랩 뉴본 시트입니다
색상은 회색이고, 상태는 양호합니다
- 신생아부터 사용 가능합니다
- 트립트랩에 장착하여 아기를 편안하게 앉힐 수 있습니다
- 안전벨트가 있어 안전하게 사용할 수 있습니다
아기가 편안함을 느끼고, 안전하게 사용할 수 있도록 설계되었습니다 당근으로 구입했는데 저희 아기는 싫어하네요 
아이가 있어 가지러 와주셔야 해요",1,8,159,57000,49.9,햅삐해피,판매완료,2,전남 나주시 금천면,https://www.daangn.com/kr/buy-sell/%EC%8A%A4%ED%86%A0%EC%BC%80-%ED%8A%B8%EB%A6%BD%ED%8A%B8%EB%9E%A9-%EB%89%B4%EB%B3%B8-%EC%8B%9C%ED%8A%B8-r3zk3z84ppom/
20/12/2025,스토케트립트랩뉴본세트그레이,"스토케 트립트랩 뉴본 세트입니다
색상은 그레이이고, 상태는 사진과 같습니다
아기가 편안하게 사용할 수 있도록 설계되었고, 트립트랩 의자에 장착하여 신생아부터 사용할 수 있습니다

1년도 안썼어요
싸개 세탁 한번 했습니다
위에 모빌다는 막대기를 잃어버렸고
하단에 미세한 얼룩이있어 싸게내놔요
필요하신분들 좋은가격에 가져가셔요오",3,0,139,60000,36.7,뿌린,판매완료,3,서울시 용산구 효창동,https://www.daangn.com/kr/buy-sell/%EC%8A%A4%ED%86%A0%EC%BC%80-%ED%8A%B8%EB%A6%BD%ED%8A%B8%EB%9E%A9-%EB%89%B4%EB%B3%B8-%EC%84%B8%ED%8A%B8-%EA%B7%B8%EB%A0%88%EC%9D%B4-5px4semy4fpv/
30/08/2025,스토케트립트랩뉴본(재당근),"재당근이라 사용감 있어 저렴하게 판매합니다.
사용 기간이 짧아서 부담 없이 구매하시기 좋아요 :)
예민하신 분들은 참고 부탁드려요 ^^

기존 커버가 자꾸 벗겨져서 따로 어텀31 트립트랩 커버를 구매해 사용했어요.
커버가 있으면 지저분해질 때 커버만 세탁하면 돼서 훨씬 편하더라고요.
👉 커버도 함께 드립니다!

문고리 거래 원해요 :)",1,0,116,60000,58.8,쑥이엄마,판매완료,5,경기 양주시 덕계동,https://www.daangn.com/kr/buy-sell/%EC%8A%A4%ED%86%A0%EC%BC%80-%ED%8A%B8%EB%A6%BD%ED%8A%B8%EB%9E%A9-%EB%89%B4%EB%B3%B8-%EC%9E%AC%EB%8B%B9%EA%B7%BC-5oftpn6mqnv2/
31/01/2026,스토케트립트랩뉴본세트그레이+모빌거치대,"스토케 트립트랩 뉴본 세트 그레이 + 모빌 거치대 
스토케 교체커버 구매했던 것 이염 살짝 있지만 
원하시는 분 같이 드려요.




 ",4,2,139,60000,46.9,어린이보호,판매완료,5,경기 남양주시 별내동,https://www.daangn.com/kr/buy-sell/%EC%8A%A4%ED%86%A0%EC%BC%80-%ED%8A%B8%EB%A6%BD%ED%8A%B8%EB%9E%A9-%EB%89%B4%EB%B3%B8-%EC%84%B8%ED%8A%B8-%EA%B7%B8%EB%A0%88%EC%9D%B4-%EB%AA%A8%EB%B9%8C%EA%B1%B0%EC%B9%98%EB%8C%80-tfdmfizm25jw/
11/03/2026,스토케트립트랩뉴본세트그레이,"스토케 트립트랩 뉴본 세트입니다
아이를 편안하게 감싸주는 디자인으로 안정감을 줍니다
- 인체공학적 디자인으로 아이의 척추를 지지해줍니다
- 분리 가능한 시트로 세탁이 용이합니다
그레이 색상으로 은은하고 고급스러운 느낌을 줍니다

첫째 둘째 사용하고 내놓아요
사진에 보시다시피 깨끗한편입니다.
세탁한번하셔서 사용하심 될듯합니다.
이사로 인해 이번 주말 내로 저렴히 급처합니다.",5,2,106,60000,47.4,학중,판매완료,2,경기 안성시 공도읍,https://www.daangn.com/kr/buy-sell/%EC%8A%A4%ED%86%A0%EC%BC%80-%ED%8A%B8%EB%A6%BD%ED%8A%B8%EB%9E%A9-%EB%89%B4%EB%B3%B8-%EC%84%B8%ED%8A%B8-%EA%B7%B8%EB%A0%88%EC%9D%B4-xdy9jj4sh4yt/
27/12/2025,스토케트립트랩뉴본세트(재당근),"스토케 트립트랩 뉴본세트 판매합니다 (재당근)

- 25년 5월 즈음 당근해와서 7월부터 사용
- 모빌걸이대, 연장글라이더 포함
- 누워서 수유, 토 한 적 없음

오염된 부분 없이 깨끗한 편이나
중고 특성 상 사용 감은 있을 수 있으므로
예민하신 분들은 피해주세요. (환불 불가)

2번째 사진 보면 살짝 유격이 있으나 
사용하는데 문제 없습니다.
(처음 데려올 때부터 그랬어요 ㅎ)
이것 때문에 저렴하게 내놓아요.

육아 중이라 문고리 거래만 가능합니다!",3,3,144,65000,44.6,Zl붕,판매완료,2,서울시 서초구 서초동,https://www.daangn.com/kr/buy-sell/%EC%8A%A4%ED%86%A0%EC%BC%80-%ED%8A%B8%EB%A6%BD%ED%8A%B8%EB%9E%A9-%EB%89%B4%EB%B3%B8%EC%84%B8%ED%8A%B8-%EC%9E%AC%EB%8B%B9%EA%B7%BC-1c5udcv4ocn9/
02/12/2025,스토케트립트랩뉴본세트그레이,"스토케 트립트랩 뉴본 세트 그레이 색상입니다
모빌대랑 연장글라이더 없어요
재당근입니다

아기가 눕는 거 별로 안 좋아해서 잘 안썼어요",2,1,131,68000,41.6,깜순이짱,판매완료,1,강원 삼척시 정상동,https://www.daangn.com/kr/buy-sell/%EC%8A%A4%ED%86%A0%EC%BC%80-%ED%8A%B8%EB%A6%BD%ED%8A%B8%EB%9E%A9-%EB%89%B4%EB%B3%B8-%EC%84%B8%ED%8A%B8-%EA%B7%B8%EB%A0%88%EC%9D%B4-3c45y534km24/
15/12/2025,스토케트립트랩뉴본,"스토케 트립트랩 뉴본 세트 판매합니다!
지인에게 물려받아 사용했습니다~ 
누워만 있는 거여서 육안상 큰 오염은 없어보이는데 사진 참고해주세요
모빌대는 없습니다
세탁해서 드립니다 
행당역 인근 아파트 비대면 문고리거래 하겠습니다 ",5,6,162,70000,44.7,qinglang,판매완료,3,서울시 성동구 행당동,https://www.daangn.com/kr/buy-sell/%EC%8A%A4%ED%86%A0%EC%BC%80-%ED%8A%B8%EB%A6%BD%ED%8A%B8%EB%9E%A9-%EB%89%B4%EB%B3%B8-qw4y44m3mxj3/
14/10/2025,스토케트립트랩뉴본(재당근),"뉴본 모빌대, 연장글라이더, 박스 없어서 
저렴하게 구매했었어요

실제 사용해보니 전혀 불편함 없엇어요
신생아 시기에만 보조테이블 이용해 모빌보여주고
그외엔 보여줄 일이 없더라교요

세탁하면서 보풀 심해졋습니다
이 곳에서 수면, 수유하지 않아 깔끔하게 사용했습니다~
사용기간이 정말 짧네요 뉴본🥹

시가커버 제품 필요하시면 +2만에 드려요",2,1,234,70000,58.7,아이언,판매완료,5,경기 구리시 갈매동,https://www.daangn.com/kr/buy-sell/%EC%8A%A4%ED%86%A0%EC%BC%80-%ED%8A%B8%EB%A6%BD%ED%8A%B8%EB%9E%A9-%EB%89%B4%EB%B3%B8-%EC%9E%AC%EB%8B%B9%EA%B7%BC-x2mppt1tbg3w/
11/11/2025,스토케트립트랩뉴본세트회색,"스토케 트립트랩 의자에 장착하여 신생아부터 사용할 수 있는 뉴본 세트입니다
아기가 편안하게 쉴 수 있도록 도와주고, 분리도 가능해서 세탁도 용이합니다
회색 색상으로 어느 인테리어에도 잘 어울립니다
깨끗하게 사용했습니다
세탁으로 인한 사용감 있습니다 예민하신분 거절합니다😭

아가가 있어서 비대면 문고리 거래 할께요~ 
환불어려우니 신중하게 구매해 주세요~~ 
당근페이로 입금해 주시면 상세주소 알려드립니당😍",4,1,81,70000,59.3,댕근댕근,판매완료,1,충남 천안시 서북구 성거읍,https://www.daangn.com/kr/buy-sell/%EC%8A%A4%ED%86%A0%EC%BC%80-%ED%8A%B8%EB%A6%BD%ED%8A%B8%EB%9E%A9-%EB%89%B4%EB%B3%B8-%EC%84%B8%ED%8A%B8-%ED%9A%8C%EC%83%89-m3e4szregx1d/
30/06/2024,[재당근]스토케트립트랩뉴본세트풀박스,"⭐️구매시기: 2023년 11월 
⭐️사용시기: 2024년 2월 - 5월 
📣천기저귀나 속싸개 깔고 사용하여 오염없이 깨끗합니다. 
📣 어제 아기 세탁세제로 세탁 완료했으나 중고인점 감안하셔서 한 번 더 세탁 후 사용하세요.
📣📣 가장 먼저 오실 수 있으신 분과 거래하겠습니다. 
⭐️거래장소: 석계역 우남아파트 문고리거래
⭐️반품, 환불 불가 
❌예민맘, 찔러보기 사절❌",22,1,482,70000,45.1,하줌마,판매완료,1,서울시 노원구 월계3동,https://www.daangn.com/kr/buy-sell/%EC%9E%AC%EB%8B%B9%EA%B7%BC-%EC%8A%A4%ED%86%A0%EC%BC%80-%ED%8A%B8%EB%A6%BD%ED%8A%B8%EB%9E%A9-%EB%89%B4%EB%B3%B8%EC%84%B8%ED%8A%B8-%ED%92%80%EB%B0%95%EC%8A%A4-77pnxradn1nu/
04/04/2026,스토케트립트랩뉴본세트(재당근/세탁완료),"스토케 트립트랩 뉴본 세트 판매해요

안전벨트와 쿠션이 포함된 구성이에요
사진에 보이는 그대로의 상태입니다

약간의 사용감 있지만 속싸개를 항상 깔고 눕혀서 깨끗합니다. 눈에 띄는 오염,이염은 없습니다.

* 모빌 걸이대는 약간 헐렁거려서 따로 고정하시거나 대체품을 찾으시는걸 추천드려요~
저는 그냥 썼습니다 :) ...

🔸육아 중이라 문고리 거래만 가능해요
🔸교환이나 환불은 어려운 점 양해 부탁드려요
🔸선입금 후 주소 알려드립니다",1,1,41,70000,48.3,이사준비중,판매완료,2,경기 고양시 덕양구 신원동,https://www.daangn.com/kr/buy-sell/%EC%8A%A4%ED%86%A0%EC%BC%80-%ED%8A%B8%EB%A6%BD%ED%8A%B8%EB%9E%A9-%EB%89%B4%EB%B3%B8-%EC%84%B8%ED%8A%B8-%EC%9E%AC%EB%8B%B9%EA%B7%BC-%EC%84%B8%ED%83%81%EC%99%84%EB%A3%8C-x982h2m49zwy/
26/05/2026,스토케트립트랩뉴본세트재당근,"당근한 제품인데 아기가 별로좋아하지 않아서 가져온 상태에서 크게 달라지지않았지만 재당근인만큼 저렴하게 올립니다❤️

오염 이염 없습니다!
건조기사용❌
세탁감은 있어요~

도곡렉슬로 가지러오셔야해요",2,7,116,70000,41.4,맛있는파스타,판매완료,3,서울시 강남구 도곡2동,https://www.daangn.com/kr/buy-sell/%EC%8A%A4%ED%86%A0%EC%BC%80-%ED%8A%B8%EB%A6%BD%ED%8A%B8%EB%9E%A9-%EB%89%B4%EB%B3%B8%EC%84%B8%ED%8A%B8-%EC%9E%AC%EB%8B%B9%EA%B7%BC-j3sdiip4zd8c/
14/01/2026,스토케트립트랩뉴본세트그레이모빌거치대x,"스토케 트립트랩 뉴본 세트입니다
모빌거치대가 없어 저렴히 올려요.
약간의 보풀 있습니다 사진참고해주세요
세탁 해놓았습니다 바로 사용하시면 됩니다",2,1,100,70000,51.7,강주남,판매완료,4,경기 남양주시 별내동,https://www.daangn.com/kr/buy-sell/%EC%8A%A4%ED%86%A0%EC%BC%80-%ED%8A%B8%EB%A6%BD%ED%8A%B8%EB%9E%A9-%EB%89%B4%EB%B3%B8-%EC%84%B8%ED%8A%B8-%EA%B7%B8%EB%A0%88%EC%9D%B4-%EB%AA%A8%EB%B9%8C%EA%B1%B0%EC%B9%98%EB%8C%80x-15b2fvzsoqim/
18/04/2026,스토케트립트랩뉴본(박스x),"아기에게 편안함을 선사하는 스토케 트립트랩 뉴본 세트(박스X)
저희 밥먹을 때 뉴본에 놔두면 애기가 스스로 잠들었어요. 육아필수템 중 하나입니다!!",3,3,173,70000,38.2,오모모모,판매완료,1,경기 양주시 옥정동,https://www.daangn.com/kr/buy-sell/%EC%8A%A4%ED%86%A0%EC%BC%80-%ED%8A%B8%EB%A6%BD%ED%8A%B8%EB%9E%A9-%EB%89%B4%EB%B3%B8-%EB%B0%95%EC%8A%A4x-q5tobbrawpgm/
06/03/2026,스토케트립트랩뉴본(재당근)모빌대포함,"스토케 트립트랩 뉴본 입니다
재당근으로 가격 저렴하게 올립니다.
어른들 식사할 때 뉴본에 눕히고 인형 하나 달아주면 10분정도는 버텼던 것 같습니다^^.

보풀정도는 사진상 확인해보시라고 추가로 올렸습니다.
미세하게 있습니다.
세탁은 벨트까지 모두 한 상태이나 사용 전 확인부탁드려요.

연장글라이드는 포함아니고
모빌대만 포함이에요!!

문고리거래만합니다.",2,0,76,70000,45.9,다랑,판매완료,6,경기 양주시 옥정동,https://www.daangn.com/kr/buy-sell/%EC%8A%A4%ED%86%A0%EC%BC%80-%ED%8A%B8%EB%A6%BD%ED%8A%B8%EB%9E%A9-%EB%89%B4%EB%B3%B8-%EC%9E%AC%EB%8B%B9%EA%B7%BC-%EB%AA%A8%EB%B9%8C%EB%8C%80-%ED%8F%AC%ED%95%A8-r1qv42ugeiwe/
01/03/2026,스토케트립트랩뉴본만!,"스토케 트립트랩 뉴본 세트입니다
지인에게 새제품 물려받았는데 아기가 뉴본에 누워있는걸 싫어해서 실사용은 거의 없어요
세탁은 해놨고 박스가 없어 저렴하게 판매합니다",3,0,151,70000,48.4,만두만두,판매완료,4,경기 양주시 옥정동,https://www.daangn.com/kr/buy-sell/%EC%8A%A4%ED%86%A0%EC%BC%80-%ED%8A%B8%EB%A6%BD%ED%8A%B8%EB%9E%A9-%EB%89%B4%EB%B3%B8%EB%A7%8C-6wa1osj1p4mo/
08/05/2026,(재당근)스토케트립트랩뉴본세트,"민트급으로 구입해서 사용후 재당근입니다. 
여아가 사용했고, 매번 수건 씌우고 써서 얼룩이나 보풀은 눈에 띄지 않습니다. 
다만 커버를 씌울 때는 괜찮은데 사용하다보면 커버 위쪽 고무줄이 늘어났는지 살짝 벗겨져 올라오는데 사용하는데 불편함 없이 썼습니다. 하네스가 커버를 고정하기 때문에 안전상으로도 특별히 걱정하지는 않았고요. 

고무줄때문에 저렴하게 내놓습니다.깨끗이 세탁해 두었습니다. 
문고리거래 원합니다. (박스x, 교환환불x)",2,2,147,70000,38,나앵,판매완료,4,경기 용인시 기흥구 상하동,https://www.daangn.com/kr/buy-sell/%EC%9E%AC%EB%8B%B9%EA%B7%BC-%EC%8A%A4%ED%86%A0%EC%BC%80-%ED%8A%B8%EB%A6%BD%ED%8A%B8%EB%9E%A9-%EB%89%B4%EB%B3%B8-%EC%84%B8%ED%8A%B8-cgjgc291eksj/
10/05/2026,스토케트립트랩뉴본,"스토케 크립트랩 뉴본 판매합니다!
신생아부터 사용 가능합니다!
사용감은 있지만 시트 세탁해서 깨끗하게 사용했습니다!
육아 중이라 문고리 거래 선호합니다:)",4,4,127,70000,40.3,초코송이,판매완료,4,경기 고양시 일산서구 주엽동,https://www.daangn.com/kr/buy-sell/%EC%8A%A4%ED%86%A0%EC%BC%80-%ED%8A%B8%EB%A6%BD%ED%8A%B8%EB%9E%A9-%EB%89%B4%EB%B3%B8-peuouvqpt9an/
01/12/2025,스토케트립트랩뉴본,"재당근이고 첫째땐 안써봐서 구성이나 당근 시세도 몰랐네요,,
모빌대랑 연장글라이더 없는 구성인데 비싸게 샀어요🥲

연장글라이더는 사용해보니까 베이비세트 있으면 문제없고 모빌대도 있어도그만 없어도 큰 불편은 없겠더라구요
연장글라이더는 쿠팡에 2만원이면 파네요,,,ㅎ

비싸게 산거 애기가 뽕뽑아주면 아깝지도라도 않을텐데 태워보지도 못했어요….ㅎ
세탁은 완료에요,, 

집에 두자니 젤 맘아픈 육아템이라 제가 산 가격에 절반으로 보내니 네고는 죄송해요ㅠㅠ

예비맘님은 가져가시면 조리원 나오자마자 애기 태워보세용ㅎㅎㅎㅎ안그럼 저처럼 시기를 놓치고 졸업해요ㅠㅠ",5,2,187,70000,81.6,럭키,판매완료,2,전남 순천시 왕조1동,https://www.daangn.com/kr/buy-sell/%EC%8A%A4%ED%86%A0%EC%BC%80-%ED%8A%B8%EB%A6%BD%ED%8A%B8%EB%9E%A9-%EB%89%B4%EB%B3%B8-qmkfvfye9dye/
23/12/2025,스토케트립트랩뉴본재당근,"스토케 트립트랩 뉴본 세트 판매합니다
재당근입니다
 당근해서 10회 미만 사용 했습니다 

구매할때부터 조금 기스있었습니다
두번째 사진에 첨부합니다 
세탁해도 더이상 찢어지진 않습니다

사용하는데 지장없는 위치입니다
저렴하게 내놓습니다

약간의 네고 가능합니다 
교환 환불 불가",2,6,134,70000,52.6,댕이네,판매완료,2,경기 안성시 공도읍,https://www.daangn.com/kr/buy-sell/%EC%8A%A4%ED%86%A0%EC%BC%80-%ED%8A%B8%EB%A6%BD%ED%8A%B8%EB%9E%A9-%EB%89%B4%EB%B3%B8-%EC%9E%AC%EB%8B%B9%EA%B7%BC-zum3stnmvmo2/
18/02/2026,스토케트립트랩뉴본세트***재당근***,"스토케 트립트랩 뉴본 세트 판매합니다
아기가 편안하게 사용할 수 있도록 설계되었고, 트립트랩 의자에 장착하여 신생아부터 사용할 수 있습니다

__________AI작성

트트 뉴본 **재당근**합니다.
처음 살 때 커버가 헐거울 수 있다고 해서 덧씌우는 커버 추가로 구매하여 사용했습니다. 실제로 헐거운감은 크지 않았는데 사람마다 느끼는게 다를 듯 합니다.

구성품은 사진에 보이는게 다입니다. 뉴본 + 커버 + 커버(추가구매) + 의자 지지대 + 모빌대?

필요하시면 커버 드리고 사용 안하신다 하시면 빼고 드릴게요~
커버 37,000원짜리 양면커버입니다. 

재당근해서 사용 2개월 했습니다. 10번정도 앉혀본 것 같아요

중고제품인만큼 당연히 사용감 있습니다.
마지막으로 결합도 해보고 이상 없는 것 확인했습니다.
환불 안됩니다.
선입금시 상세주소 드립니다. 문고리 거래원해요.

더 보고싶은 곳 있으시면 사진 찍어서 드릴게요. ",2,13,249,72000,42,링구,판매완료,10,경기 양주시 옥정동,https://www.daangn.com/kr/buy-sell/%EC%8A%A4%ED%86%A0%EC%BC%80-%ED%8A%B8%EB%A6%BD%ED%8A%B8%EB%9E%A9-%EB%89%B4%EB%B3%B8-%EC%84%B8%ED%8A%B8-%EC%9E%AC%EB%8B%B9%EA%B7%BC-x7oh3ge895pz/
25/03/2026,스토케트립트랩뉴본세트그레이,"스토케 트립트랩 뉴본 세트 그레이 색상이에요
아기 침대처럼 편안하게 사용할 수 있어요
안전벨트와 함께 구성되어 있어요
신생아부터 사용하기 좋은 제품이에요

- 커버는 두 아이가자주 세탁하여 사용감(보풀 등) 
  있습니다. 
  중고제품이다보니 커버는 새로 구매하실테지만 
  커버 필요하시다고 하면 세탁해서 준비해두겠습니다. 


- 악세사리 고리있습니다.

- 박스는 이사오면서 버려서 없습니다.

- 교환, 환불 안됩니다.

- 쿨거래원합니다.",7,0,266,75000,47.7,가마다라,판매완료,2,경기 군포시 산본동,https://www.daangn.com/kr/buy-sell/%EC%8A%A4%ED%86%A0%EC%BC%80-%ED%8A%B8%EB%A6%BD%ED%8A%B8%EB%9E%A9-%EB%89%B4%EB%B3%B8-%EC%84%B8%ED%8A%B8-%EA%B7%B8%EB%A0%88%EC%9D%B4-j4t95vk3o27a/
27/11/2025,스토케트립트랩뉴본(재당근),"연장글라이더 제외 구성품 전부 있습니다 
(본채, 커버 , 모빌대 , 안전벨트 ) 저렴하게 내놓아요~


문고리 거래 
선입금 받고 주소 알려드릴게요~",4,7,126,75000,44.7,꼬꼬맘,판매완료,1,서울시 성북구 정릉제2동,https://www.daangn.com/kr/buy-sell/%EC%8A%A4%ED%86%A0%EC%BC%80-%ED%8A%B8%EB%A6%BD%ED%8A%B8%EB%9E%A9-%EB%89%B4%EB%B3%B8-%EC%9E%AC%EB%8B%B9%EA%B7%BC-vqb8twfh4ver/
09/03/2025,스토케트립트랩뉴본,"저희 아기는 뉴본에서 잠을 너무 잘자서
휴대용 침대 대신 뉴본에서 통잠을 잘 정도였고,
수유도 뉴본에서 하면 잘먹고 
정말 최고의 육아템이에요^^ 
이제 아가가 커서 보내주려고요~^^

세탁하며 사용해서 사용감은 있으나
깨끗한 편이에요~! (예민하신 분은 사절)

** 모빌대, 연장글라이더, 박스 없어서 
저렴한 가격에 올립니다.

* 선입금 후 주소, 공동비번 알려드립니다.",2,3,177,80000,52.7,쪼꼬젤리,판매완료,4,경기 구리시 갈매동,https://www.daangn.com/kr/buy-sell/%EC%8A%A4%ED%86%A0%EC%BC%80-%ED%8A%B8%EB%A6%BD%ED%8A%B8%EB%9E%A9-%EB%89%B4%EB%B3%B8-ikzs97qgbcur/
21/11/2025,스토케트립트랩뉴본세트(재당근),"스토케 트립트랩 뉴본 세트 판매합니다

설명서, 모빌대, 연장 글라이더 포함되어 있습니다

세탁 하였습니다

집근처 거래 희망 합니다",2,1,93,80000,42.9,야야이이,판매완료,3,서울시 영등포구 당산동2가,https://www.daangn.com/kr/buy-sell/%EC%8A%A4%ED%86%A0%EC%BC%80-%ED%8A%B8%EB%A6%BD%ED%8A%B8%EB%9E%A9-%EB%89%B4%EB%B3%B8-%EC%84%B8%ED%8A%B8-%EC%9E%AC%EB%8B%B9%EA%B7%BC-4myfpguwbkji/
25/02/2026,스토케트립트랩뉴본세트,"스토케 트립트랩 뉴본 세트입니다
아기가 편안하게 쉴 수 있도록 도와줍니다
신생아부터 사용 가능하며, 트립트랩 의자에 장착하여 사용합니다
안전벨트가 있어 안전하게 사용할 수 있습니다
모빌대는 없습니다.....
구매후 환불 불가",2,5,440,80000,40.3,파란이,판매완료,1,경기 수원시 권선구 오목천동,https://www.daangn.com/kr/buy-sell/%EC%8A%A4%ED%86%A0%EC%BC%80-%ED%8A%B8%EB%A6%BD%ED%8A%B8%EB%9E%A9-%EB%89%B4%EB%B3%B8-%EC%84%B8%ED%8A%B8-wwnyctvowfuh/
18/05/2026,스토케트립트랩뉴본세트(재당근),"거의 새상품급 당근해와서 4개월 정도 썼어요. 이동식 침대가 따로 있어서 재우거나 하지 않았고 잠깐씩 짧게 눕혀놓는 용도로 잘 썼어요!
세탁 사용감 있을 수 있지만 아기거라 아기세제로 세탁하면서 깨끗이 썼어요
중간중간 방수패드도 깔아 썼습니다
(건조기사용×)
모빌걸이도 함께 드려요~
그래도 중고이다보니 예민하신분은 피해주세요

거래 후 교환× 환불×",0,0,27,80000,56.7,꾸스,판매완료,2,경기 양주시 덕계동,https://www.daangn.com/kr/buy-sell/%EC%8A%A4%ED%86%A0%EC%BC%80-%ED%8A%B8%EB%A6%BD%ED%8A%B8%EB%9E%A9-%EB%89%B4%EB%B3%B8%EC%84%B8%ED%8A%B8-%EC%9E%AC%EB%8B%B9%EA%B7%BC-oscf81jo3aab/
04/04/2026,스토케트립트랩뉴본세트,"신생아부터 사용 가능한 스토케 트립트랩 뉴본 세트예요
안정감 있는 디자인으로 아기가 편안함을 느껴요
사진에 보이는 구성품 모두 포함되어 있어요
아기에게 편안한 첫 의자를 선물하고 싶으신 분들께 추천드려요",5,2,222,80000,36.5,공주마마,판매완료,1,전북 전주시 완산구 효자5동,https://www.daangn.com/kr/buy-sell/%EC%8A%A4%ED%86%A0%EC%BC%80-%ED%8A%B8%EB%A6%BD%ED%8A%B8%EB%9E%A9-%EB%89%B4%EB%B3%B8-%EC%84%B8%ED%8A%B8-smi4ihxqhd6o/
22/11/2025,스토케트립트랩뉴본세트,"알고지낸 지인분이 새상품 구매 후  물려받아 잘 사용하였고 모두 정상 상태입니다.

이염 또는 망가지거나 찌그러짐 전혀 없습니다.
사진은 현재 세탁까지 모두 완료된 상태로 촬영하였습니다.

스토케 트립트랩 뉴본 세트 판매합니다
신생아부터 9kg까지 아기를 편안하게 앉힐 수 있어요

재당근은 절대 아닙니다.",3,5,123,80000,50.7,Dean8502,판매완료,3,경기 고양시 덕양구 신원동,https://www.daangn.com/kr/buy-sell/%EC%8A%A4%ED%86%A0%EC%BC%80-%ED%8A%B8%EB%A6%BD%ED%8A%B8%EB%9E%A9-%EB%89%B4%EB%B3%B8-%EC%84%B8%ED%8A%B8-en4cy2rgoram/
19/09/2025,스토케트립트랩뉴본,"상태 좋습니다~ 
부속품 따로 없어서 저렴하게 판매해요.
연장글라이더는 베이비세트꺼 사용하면 됩니다~! 

문고리 거래합니다.",1,1,107,80000,64.9,HS,판매완료,1,경기 고양시 덕양구 신원동,https://www.daangn.com/kr/buy-sell/%EC%8A%A4%ED%86%A0%EC%BC%80-%ED%8A%B8%EB%A6%BD%ED%8A%B8%EB%9E%A9-%EB%89%B4%EB%B3%B8-11oey2jbhvjd/
23/03/2026,스토케트립트랩뉴본세트그레이,"스토케 트립트랩 뉴본 세트 그레이

따로 지워보진 않았지만
사진에서 보시는 것처럼 오른쪽 어깨끈에 
얼룩이 있어 저렴하게 내놓습니다

부피때문에 문고리 할게요",4,0,166,80000,50.4,seojm1031,판매완료,2,서울시 강남구 도곡2동,https://www.daangn.com/kr/buy-sell/%EC%8A%A4%ED%86%A0%EC%BC%80-%ED%8A%B8%EB%A6%BD%ED%8A%B8%EB%9E%A9-%EB%89%B4%EB%B3%B8%EC%84%B8%ED%8A%B8-%EA%B7%B8%EB%A0%88%EC%9D%B4-g5e1gipj5hqp/
18/05/2026,스토케트립트랩뉴본세트(재당근),"거의 새상품급 당근해와서 4개월 정도 썼어요. 이동식 침대가 따로 있어서 재우거나 하지 않았고 잠깐씩 짧게 눕혀놓는 용도로 잘 썼어요!
세탁 사용감 있을 수 있지만 아기거라 아기세제로 세탁하면서 깨끗이 썼어요
중간중간 방수패드도 깔아 썼습니다
(건조기사용×)
모빌걸이도 함께 드려요~
그래도 중고이다보니 예민하신분은 피해주세요

거래 후 교환× 환불×",2,2,70,80000,56.7,꾸스,판매완료,2,경기 양주시 회천2동,https://www.daangn.com/kr/buy-sell/%EC%8A%A4%ED%86%A0%EC%BC%80-%ED%8A%B8%EB%A6%BD%ED%8A%B8%EB%9E%A9-%EB%89%B4%EB%B3%B8%EC%84%B8%ED%8A%B8-%EC%9E%AC%EB%8B%B9%EA%B7%BC-epweoi12ndaa/
28/03/2026,스토케트립트랩뉴본세트그레이,"신생아부터 사용할 수 있는 스토케 트립트랩 뉴본 세트예요
사진에서 보이는 구성품 그대로 드려요
당근해 왔는데 아이 몇번만 쓰고 다른 하이체어 쓰게 돼서 판매합니다
상태 깨끗합니다",2,0,114,80000,59.4,전투장,판매완료,2,경기 남양주시 별내동,https://www.daangn.com/kr/buy-sell/%EC%8A%A4%ED%86%A0%EC%BC%80-%ED%8A%B8%EB%A6%BD%ED%8A%B8%EB%9E%A9-%EB%89%B4%EB%B3%B8-%EC%84%B8%ED%8A%B8-%EA%B7%B8%EB%A0%88%EC%9D%B4-zi1221ftz4w6/
16/02/2026,스토케트립트랩뉴본세트(재당근),"스토케 트립트랩 뉴본 세트입니다
깨끗하게 사용했습니다

아기가 잘 안 앉이있어 세 번정도 사용했습니다. 
1~2회 사용한 제품 당근으로 사서 3번 사용했습니다.

박스, 체리 인형, 슬라이더 없습니다.

문고리거래, 당근페이 원합니다.

아기전용 세탁기로 세탁 후 비닐 포장 해 뒀습니다.",5,2,118,80000,39.9,nugal,판매완료,1,경기 남양주시 별내동,https://www.daangn.com/kr/buy-sell/%EC%8A%A4%ED%86%A0%EC%BC%80-%ED%8A%B8%EB%A6%BD%ED%8A%B8%EB%9E%A9-%EB%89%B4%EB%B3%B8-%EC%84%B8%ED%8A%B8-%EC%9E%AC%EB%8B%B9%EA%B7%BC-8ii1gapd8bhq/
08/02/2026,스토케트립트랩뉴본세트,"모빌대
연장글라이더
여분커버
본품
사진그대로구성품입니다.

안전벨트커버?분실했어여

사용감있음
예민하신분은 정중히 거절합니다",5,15,1156,80000,48.1,미끄럼틀,판매중,1,경기 양주시 옥정동,https://www.daangn.com/kr/buy-sell/%EC%8A%A4%ED%86%A0%EC%BC%80-%ED%8A%B8%EB%A6%BD%ED%8A%B8%EB%9E%A9-%EB%89%B4%EB%B3%B8-%EC%84%B8%ED%8A%B8-7j4vmokw5wfv/
29/03/2026,스토케트립트랩뉴본세트,"스토케 트립트랩 뉴본 세트 판매해요

사진에 보이는 구성품 그대로 드려요

‼️한쪽 어깨 벨트 없어요‼️",1,2,343,80000,47.7,봄봄,판매완료,1,경기 양주시 옥정동,https://www.daangn.com/kr/buy-sell/%EC%8A%A4%ED%86%A0%EC%BC%80-%ED%8A%B8%EB%A6%BD%ED%8A%B8%EB%9E%A9-%EB%89%B4%EB%B3%B8-%EC%84%B8%ED%8A%B8-thy7hqq6z8wm/
15/12/2025,스토케트립트랩뉴본세트(연장글라이더미포함)상태좋음,"스토케 트립트랩 뉴본 세트입니다
신생아부터 9kg까지 사용 가능한 제품이에요
탈부착이 가능해서 편리하고, 아기에게 편안함을 제공합니다 박스도 함께 드립니다
어깨끈하나가 분실되어 저렴하게 올립니다🥹(저희아기는 어깨끈 안하고 썻네요…;) 대체용 어깨패드 두세트 같이 드려요~ 박스 포함 어깨끈쪽이 살짝 누렇게 변색됐는데 과탄산소다 세탁하면 지워질꺼예요~

*선입금 문고리거래 원함.반품불가 
*육아중이라 답변늦을수잇음",2,6,461,80000,48.6,프로주인,판매완료,6,경기 양주시 옥정동,https://www.daangn.com/kr/buy-sell/%EC%8A%A4%ED%86%A0%EC%BC%80-%ED%8A%B8%EB%A6%BD%ED%8A%B8%EB%9E%A9-%EB%89%B4%EB%B3%B8-%EC%84%B8%ED%8A%B8-%EC%97%B0%EC%9E%A5%EA%B8%80%EB%9D%BC%EC%9D%B4%EB%8D%94%EB%AF%B8%ED%8F%AC%ED%95%A8-%EC%83%81%ED%83%9C%EC%A2%8B%EC%9D%8C-u186v5xowm8d/
17/07/2025,스토케트립트랩뉴본팝니다,"스토케 트립트랩 뉴본인데 장난감걸이대랑 확장글라이더는 없어요
아기가 뒤집기 시작해서 팔아요
저 밥먹을때 앉혀놓고 마주보기 좋았어요
색상은 회색이고 상태 좋아요~

아기랑 있어서 답장이 늦을 수 있어요
비대면거래 원해요
당근페이 좋아요
예민맘은 피해주세요
환불•교환 불가에요",3,2,122,80000,43.2,당근은캐럿,판매완료,3,강원 삼척시 정상동,https://www.daangn.com/kr/buy-sell/%EC%8A%A4%ED%86%A0%EC%BC%80-%ED%8A%B8%EB%A6%BD%ED%8A%B8%EB%9E%A9-%EB%89%B4%EB%B3%B8-%ED%8C%9D%EB%8B%88%EB%8B%A4-tr18sq8rnkj6/
22/09/2025,스토케트립트랩뉴본,"스토케 트립트랩 뉴본 판매합니다!

연장글라이더는 미포함이구요
모빌대는 포함 드립니다.

여아혼자 두달정도 사용했고 
깨끗합니다.
재당근 아닙니다!
저렴하게 가져가세요!!

육아중이라 문고리거래합니다.",4,4,147,80000,43.3,샤샤,판매완료,2,서울시 성북구 정릉제2동,https://www.daangn.com/kr/buy-sell/%EC%8A%A4%ED%86%A0%EC%BC%80-%ED%8A%B8%EB%A6%BD%ED%8A%B8%EB%9E%A9-%EB%89%B4%EB%B3%B8-c7w2bur3q232/
21/02/2026,스토케트립트랩뉴본판매합니다:),"스토케 트립트랩 뉴본 판매합니다. 

백화점에서 구입했지만
첫째, 둘째가 사용해서 사용감은 있습니다.
사진상으로 보시면 실오라기 하나 올라와 있습니다.
불편하신분은 구매 안하시면 되요 !",3,2,82,80000,40.6,잭뚜입니다,판매완료,2,경기 안성시 공도읍,https://www.daangn.com/kr/buy-sell/%EC%8A%A4%ED%86%A0%EC%BC%80-%ED%8A%B8%EB%A6%BD%ED%8A%B8%EB%9E%A9-%EB%89%B4%EB%B3%B8-%ED%8C%90%EB%A7%A4%ED%95%A9%EB%8B%88%EB%8B%A4-b8wn78kar4pj/
28/05/2025,스토케트립트랩뉴본,"스토케 트립트랩 뉴본세트 판매해요
신생아부터 9kg까지 사용 가능합니다
세탁후 박스에 넣어놨어요
박스도 같이 드려요~

-보조다리X

문고리거래합니다
입금 주시면 상세주소 알려드려요",1,1,123,80000,45,밝은아침,판매완료,7,경기 안성시 공도읍,https://www.daangn.com/kr/buy-sell/%EC%8A%A4%ED%86%A0%EC%BC%80-%ED%8A%B8%EB%A6%BD%ED%8A%B8%EB%9E%A9-%EB%89%B4%EB%B3%B8-86sb95t2rj1v/
07/01/2026,스토케트립트랩뉴본세트재당근,"임신중에 사용 거의 안한 제품 당근하여 
친정에 가있던 기간에는 사용못하고 
저희 아기 3개월- 6개월 까지 3개월간 잘사용했습니다. 

늘 머릿수건 깔아두고 사용했어서 눈에 보이는 얼룩 없습니다 :) 
모빌대 포함 입니다. 

용산데시앙포레 문고리 거래입니다.",3,6,82,85000,50.8,유네,판매완료,4,서울시 용산구 효창동,https://www.daangn.com/kr/buy-sell/%EC%8A%A4%ED%86%A0%EC%BC%80-%ED%8A%B8%EB%A6%BD%ED%8A%B8%EB%9E%A9-%EB%89%B4%EB%B3%B8%EC%84%B8%ED%8A%B8-%EC%9E%AC%EB%8B%B9%EA%B7%BC-u5hwh1sh5yck/
16/04/2026,(재당근)스토케트립트랩뉴본세트,"스토케 트립트랩 뉴본세트 판매합니다 !

재당근이기는 한데, 앞전에 쓰시던 분이 모유수유를 오랳해서 실 사용기간은 얼마 안됬다고 하셔서 샀었는데
저희 아기도 등센서가 너무 심해 사용기간이 짧았어요~

아기 눕힐때 조심히 다뤄쓴다고 천기저귀나, 손수건
깔아놓고 사용했고 토 한적도 없어서 깨끗할거에요

세탁까지 완료 후 보관했으나 저도 미처 확인 못한 얼룩
있을 수 있는점은 참고해주세요‼️

그리고 박스는 버렸는지 안보이고 ㅠㅠ
사진에 있는 구성품이 다에요!!(박스❌)

신생아부터 9kg까지 사용 가능하고, 
트립트랩에 장착해서 아기를 편안하게 둘 수 있어요.

⭐️ 중고특성상 하자 또는 얼룩 있을수  있으나 반품 환불 불가‼️
⭐️ 아기가 있어 문앞 비대면 거래만 가능‼️(택배거래❌)
⭐️ 당근페이로 입금해주시면 상세주소 알려드리겠습니다",2,1,54,85000,42.9,어쩔래미,판매완료,1,경북 칠곡군 왜관읍,https://www.daangn.com/kr/buy-sell/%EC%9E%AC%EB%8B%B9%EA%B7%BC-%EC%8A%A4%ED%86%A0%EC%BC%80-%ED%8A%B8%EB%A6%BD%ED%8A%B8%EB%9E%A9-%EB%89%B4%EB%B3%B8-%EC%84%B8%ED%8A%B8-huaes6nfxbhz/
09/11/2025,스토케트립트랩뉴본바구니,"스토케 트립트랩 뉴본 바구니 판매합니다

딸 키우는 친구에게 물려받아 저희도 딸아이가 사용하였고
저희 아기는 올려둘 일이 잘 없어 거의 사용하지않았습니다

별도 구성품 없이 바구니만 물려받은터라 저렴히 판매합니다
(사진에 나온 것이 다 입니다)

분해하여 아기세제로 세탁한 터라 바로 사용하셔도 됩니다",2,2,234,85000,63.6,케이,판매완료,2,서울시 송파구 송파동,https://www.daangn.com/kr/buy-sell/%EC%8A%A4%ED%86%A0%EC%BC%80-%ED%8A%B8%EB%A6%BD%ED%8A%B8%EB%9E%A9-%EB%89%B4%EB%B3%B8-%EB%B0%94%EA%B5%AC%EB%8B%88-ripjmuzgpt4t/
10/01/2026,스토케트립트랩뉴본세트(재당근),"스토케 트립트랩 뉴본 세트입니다
재당근 이에요
여유분 커버도 따로 하나 더있구요
당근해왔는데 아기가 누워있길 거부해 실사용 2~3번이 다에요~
예민맘은 패스해주시고
교환 환불 안받습니다
문고리거래 원합니다",4,2,105,89000,56,사랑맘,판매완료,2,서울시 영등포구 당산동2가,https://www.daangn.com/kr/buy-sell/%EC%8A%A4%ED%86%A0%EC%BC%80-%ED%8A%B8%EB%A6%BD%ED%8A%B8%EB%9E%A9-%EB%89%B4%EB%B3%B8-%EC%84%B8%ED%8A%B8-%EC%9E%AC%EB%8B%B9%EA%B7%BC-rd5xixbfnnv6/
27/02/2026,스토케트립트랩뉴본세트팝니다!,"스토케 트립트랩 뉴본 세트입니다
가끔식만 사용해서 깨끗합니다! 
사진보시고 특별히 요청사항 있으시면 사진찍어드릴께요! 
너무 예민하신분들은 피해주세요
박스는 따로 없습니다!",9,4,155,90000,43.7,예술의전당,판매완료,3,서울시 서초구 서초동,https://www.daangn.com/kr/buy-sell/%EC%8A%A4%ED%86%A0%EC%BC%80-%ED%8A%B8%EB%A6%BD%ED%8A%B8%EB%9E%A9-%EB%89%B4%EB%B3%B8-%EC%84%B8%ED%8A%B8-%ED%8C%9D%EB%8B%88%EB%8B%A4-4barobfwdhu7/
08/12/2025,스토케트립트랩뉴본세트,"스토케 트립트랩 뉴본 세트입니다~ 
아기가 편안하게 쉴 수 있도록 도와주는 제품이에요 안전벨트도 포함되어 있습니다
하나는 올 봄 베이비하우스 구매
하나는 올 봄에 선물 받았어요.

개당 9만원에 판매합니다.",8,4,125,90000,40,jujujeje,판매완료,3,서울시 성동구 행당동,https://www.daangn.com/kr/buy-sell/%EC%8A%A4%ED%86%A0%EC%BC%80-%ED%8A%B8%EB%A6%BD%ED%8A%B8%EB%9E%A9-%EB%89%B4%EB%B3%B8-%EC%84%B8%ED%8A%B8-qx1ss81kam9c/
23/11/2025,스토케트립트랩뉴본세트,"스토케 트립트랩 뉴본 풀세트입니다

상태 좋구요
박스는 뜯기긴 했는데 같이드릴게요
세탁완료 해서 바로 사용하셔도 돼요

네고문의X
문고리거래만 진행해요!",4,1,96,90000,54.7,네로,판매완료,4,서울시 성동구 행당동,https://www.daangn.com/kr/buy-sell/%EC%8A%A4%ED%86%A0%EC%BC%80-%ED%8A%B8%EB%A6%BD%ED%8A%B8%EB%9E%A9-%EB%89%B4%EB%B3%B8%EC%84%B8%ED%8A%B8-1bst46druz3d/
29/06/2025,스토케트립트랩뉴본세트,"스토케 트립트랩 뉴본세트 재당근해요~ 
재당근이지만 깨끗하게 사용했고 아이가 편안해했어요~",5,0,473,90000,48,초깅,판매완료,1,서울시 성동구 행당동,https://www.daangn.com/kr/buy-sell/%EC%8A%A4%ED%86%A0%EC%BC%80-%ED%8A%B8%EB%A6%BD%ED%8A%B8%EB%9E%A9-%EB%89%B4%EB%B3%B8%EC%84%B8%ED%8A%B8-46drxu7ozwak/
20/05/2026,스토케트립트랩뉴본그레이,"스토케 트립트랩 뉴본 재당근

연장글라인더 없음

신생아부터 편안하게 사용할 수 있어요
항상 커버씌워서 사용해서 깨끗합니다
2개월 사용

배달 x 예민맘사절  의자포함 아닙니다

",1,4,157,90000,40.8,요오루고,판매완료,2,충북 충주시 호암.직동,https://www.daangn.com/kr/buy-sell/%EC%8A%A4%ED%86%A0%EC%BC%80-%ED%8A%B8%EB%A6%BD%ED%8A%B8%EB%9E%A9-%EB%89%B4%EB%B3%B8-%EA%B7%B8%EB%A0%88%EC%9D%B4-qvxok1fdo89o/
28/01/2026,스토케트립트랩뉴본세트(재당근x),"스토케 트립트랩 뉴본 세트 그레이 색상입니다
재당근 아니구 8월생 여자아이 
3개월정도 저희가 밥먹을때 
옆에 잠깐 눕혀놓는 용도로 써서 상태는 좋아요! 

다만 팔려고 여기저기 보니 모빌대부분이 아주 살짝 깨져 있어서 싸게 올려요.
사용하는데 전혀 문제 없어서 언제 저렇게 됐는지 몰랐네요..! 
상세 사진도 자세히 올려놓았습니다!
세탁도 해놓았습니다 :)

이거 말고는 상태 다 좋은데 아무래도 중고이다보니
예민하신분은 피해주세요🥲
육아중으로 문고리 거래합니다😊

당근페이 가능합니다! 
교환환불 ❌",4,3,129,90000,42.7,띵동꾸,판매완료,4,경기 구리시 갈매동,https://www.daangn.com/kr/buy-sell/%EC%8A%A4%ED%86%A0%EC%BC%80-%ED%8A%B8%EB%A6%BD%ED%8A%B8%EB%9E%A9-%EB%89%B4%EB%B3%B8-%EC%84%B8%ED%8A%B8-%EC%9E%AC%EB%8B%B9%EA%B7%BCx-wnv5oexg81mp/
11/10/2025,스토케트립트랩뉴본,"둘째는 없다!!!!! 남편 몰래 팔아버리기

- 색상은 회색
- 트립트랩 본품에 장착하여 신생아부터 사용가능
- 안전벨트 포함
- 모빌 거치대 없지만, 사용하는데 전혀 문제 X
- 커버만 세탁해서 쓰시면 됩니다
- 엄마아빠 밥먹을때만 잠깐 사용
- 정품 박스 있습니다",3,6,222,90000,46.2,공댕이,판매완료,3,경기 김포시 풍무동,https://www.daangn.com/kr/buy-sell/%EC%8A%A4%ED%86%A0%EC%BC%80-%ED%8A%B8%EB%A6%BD%ED%8A%B8%EB%9E%A9-%EB%89%B4%EB%B3%B8-zme873gpxkjm/
12/04/2026,스토케노미뉴본세트그레이샌드(25년9월구매),"신생아부터 사용할 수 있는 스토케 노미 뉴본 세트입니다.(트립트랩 호환X)
25년 9월에 신세계백화점에서 구매했고, 5개월 정도 사용하고 세탁해놨습니다.
그레이 샌드 색상으로 인테리어 감성 헤치지 않아요.
판매 구성품 모두 사진에 나와있고, 박스에 담아드려요.

출산 후 목,허리,손목 등 엄마 관절 지킴이 입니다!
참고로 아기 눕혀놓으면 정말 귀엽습니다🤍

육아중이라 문고리 거래 부탁드려요.",4,1,391,90000,38.1,광교자,판매중,6,경기 수원시 장안구 파장동,https://www.daangn.com/kr/buy-sell/%EC%8A%A4%ED%86%A0%EC%BC%80-%EB%85%B8%EB%AF%B8-%EB%89%B4%EB%B3%B8-%EC%84%B8%ED%8A%B8-%EA%B7%B8%EB%A0%88%EC%9D%B4-%EC%83%8C%EB%93%9C-25%EB%85%849%EC%9B%94-%EA%B5%AC%EB%A7%A4-a8iyi6bhungd/
14/05/2026,스토케트립트랩뉴본세트(재당근),"신생아부터 사용 가능한 스토케 트립트랩 
뉴본 세트예요!!
첫째 때는 없이 썼는데 둘째 육아 필수템으로 썼어요
첫째때부터 쓸걸 그랬다 싶은 만족템이였어요

작년 12월에 당근 구입해서 -올해 4월까지 썼어요
애기가 누워만 있기만 하는거지만
사용감&보풀 있으니 사진 봐주세요

학곡리모아엘가그랑데 비대면거래 가능합니다!",2,3,99,90000,40.8,스누피,판매완료,4,강원 춘천시 동내면,https://www.daangn.com/kr/buy-sell/%EC%8A%A4%ED%86%A0%EC%BC%80-%ED%8A%B8%EB%A6%BD%ED%8A%B8%EB%9E%A9-%EB%89%B4%EB%B3%B8-%EC%84%B8%ED%8A%B8-%EC%9E%AC%EB%8B%B9%EA%B7%BC-ifgsqvo78jqq/
22/02/2026,스토케트립트랩뉴본세트그레이,"스토케 트립트랩 뉴본 세트입니다.

새상품급으로 평균시세보다 높게 당근해와서 짧게 사용했어요. 
수유시 사용안하고 엄마아빠 식사구경시켜줄때만 밑에 천 깔고 사용했습니다. 


베이비세트로 넘어가는데 연장글라이더를 저희가 써야해서 제외하고 드립니다.

⭐️연장글라이더 미포함
감안해서 좀 더 저렴하게 드려요~! 

아기세제로 세탁완료했습니다~

우륵 7단지에서 문고리거래 원해요. 택배불가.
입금해주시면 상세주소 알려드립니다~

교환 환불 불가",2,0,166,90000,50.5,수수,판매완료,7,경기 군포시 산본동,https://www.daangn.com/kr/buy-sell/%EC%8A%A4%ED%86%A0%EC%BC%80-%ED%8A%B8%EB%A6%BD%ED%8A%B8%EB%9E%A9-%EB%89%B4%EB%B3%B8-%EC%84%B8%ED%8A%B8-%EA%B7%B8%EB%A0%88%EC%9D%B4-v1cv41cdizwb/
11/12/2025,스토케트립트랩뉴본세트,"스토케 트립트랩 뉴본 세트입니다!
상태양호해요
모빌걸이대없구 연장글라이더 있습니다
(박스없어요)",7,11,819,90000,29.8,딩댕,판매완료,3,경기 군포시 산본동,https://www.daangn.com/kr/buy-sell/%EC%8A%A4%ED%86%A0%EC%BC%80-%ED%8A%B8%EB%A6%BD%ED%8A%B8%EB%9E%A9-%EB%89%B4%EB%B3%B8-%EC%84%B8%ED%8A%B8-teztq1ty3tf2/
27/04/2026,스토케트립트랩뉴본그레이(인형x)(제작년도22.10월/가격내림),"신생아부터 사용 가능한 스토케 트립트랩 뉴본 세트예요
그레이 색상으로 어떤 인테리어에도 잘 어울려요
아기가 편안하게 앉아있을 수 있도록 디자인되었어요
신생아부터 사용하기 좋은 제품을 찾으시는 분들께 추천드려요

- 쌍둥이 육아중이라서 비대면 거래 원해요! 
- 하양 코아루 1차 입니다! ",1,0,41,90000,53.3,당근사고팔고,판매완료,2,경북 경산시 하양읍,https://www.daangn.com/kr/buy-sell/%EC%8A%A4%ED%86%A0%EC%BC%80-%ED%8A%B8%EB%A6%BD%ED%8A%B8%EB%9E%A9-%EB%89%B4%EB%B3%B8-%EA%B7%B8%EB%A0%88%EC%9D%B4-%EC%9D%B8%ED%98%95x-%EC%A0%9C%EC%9E%91%EB%85%84%EB%8F%8422-10%EC%9B%94-%EA%B0%80%EA%B2%A9%EB%82%B4%EB%A6%BC-cid8id2d4m3o/
29/12/2025,스토케트립트랩뉴본세트,"스토케 트립트랩 뉴본 입니다.
회색 시트이고, 아기 의자에 장착하여 사용할 수 있습니다. 구성품은 위 사진이 답니다.(연장글라이더 없음, 없어도 사용에 문제는 없습니다.)

완모아기라 당근 구매후 실사용 시간이 적습니다. (재당근입니다.)

눈에 띄는 보풀은 없지만 재당근이니만큼
약간의 사용감은 있습니다.(세탁완료)

반품, 환불 x

시간, 장소 협의보아요 !",3,4,85,90000,43.2,랄라,판매완료,5,강원 춘천시 퇴계동,https://www.daangn.com/kr/buy-sell/%EC%8A%A4%ED%86%A0%EC%BC%80-%ED%8A%B8%EB%A6%BD%ED%8A%B8%EB%9E%A9-%EB%89%B4%EB%B3%B8-%EC%84%B8%ED%8A%B8-pvdvnuiosbvq/
19/04/2026,스토케트립트랩뉴본세트그레이,"신생아부터 사용할 수 있는 스토케 트립트랩 뉴본 세트예요
미국 구매고 아이 하나만 썼지만 중고니까 사용감있습니다. 
세탁 해두었습니다. 그래도 한번 더 하시면 좋겠어요. 
쿨거래 하고 부탁드립니다. 예민하지 않으신분 연락주세요. 
문고리 거래 원하지만 다른 거래 방식 원하시면 알려주세요.",6,0,178,90000,38.6,윌윌,판매완료,2,인천 미추홀구 용현5동,https://www.daangn.com/kr/buy-sell/%EC%8A%A4%ED%86%A0%EC%BC%80-%ED%8A%B8%EB%A6%BD%ED%8A%B8%EB%9E%A9-%EB%89%B4%EB%B3%B8-%EC%84%B8%ED%8A%B8-%EA%B7%B8%EB%A0%88%EC%9D%B4-e1yzmqkdvk31/
04/06/2026,스토케트립트랩뉴본,"신생아부터 사용할 수 있는 스토케 트립트랩 뉴본 입니다
모빌거치대도 있어요!!

중고인점 감안해서 구매부탁드립니다
큰얼룩이나 하자는 없어서 무난하게 사용가능할꺼 같습니다

예민하신분들은 피해주세요!!

현관문비대면 거래 가능합니다",1,0,74,90000,57.3,성훈,판매완료,2,부산 기장군 정관읍,https://www.daangn.com/kr/buy-sell/%EC%8A%A4%ED%86%A0%EC%BC%80-%ED%8A%B8%EB%A6%BD%ED%8A%B8%EB%9E%A9-%EB%89%B4%EB%B3%B8-f8e38br5muw6/
05/11/2025,스토케트립트랩뉴본세트,"스토케 트립트랩 뉴본 세트 판매합니다(재당근)

아주 깨끗해요. 3개월 전에 당근해와서 시트만 세탁하고 거의 사용못했습니다.  
둘째도 싫어하고 첫째가 있으니 사용이 무서워서요 ㅎㅎ 
이제... 둘째가 백일이 다되어가서 더욱 사용 안할것 같아 재당근합니다~~

문앞 비대면 거래합니다~",2,6,286,90000,52,달달달,판매완료,2,부산 기장군 정관읍,https://www.daangn.com/kr/buy-sell/%EC%8A%A4%ED%86%A0%EC%BC%80-%ED%8A%B8%EB%A6%BD%ED%8A%B8%EB%9E%A9-%EB%89%B4%EB%B3%B8-%EC%84%B8%ED%8A%B8-whzi55q25jta/
02/06/2026,스토케트립트랩뉴본세트그레이,"신생아부터 사용할 수 있는 스토케 트립트랩 뉴본 세트예요
안정감 있는 디자인으로 아기가 편안함을 느낄 수 있어요
안전벨트와 함께 구성되어 있어 안전하게 사용할 수 있답니다
신생아 육아 필수템으로 추천드려요

❣️판매 중인 다른 장난감이랑 같이 구매하시면 더 저렴하게 드릴게요
❣️사진에서 보시듯 사용감 있어요
❣️문고리 거래만 가능해요",3,2,115,90000,49.8,소록,판매완료,3,경기 광명시 광명동,https://www.daangn.com/kr/buy-sell/%EC%8A%A4%ED%86%A0%EC%BC%80-%ED%8A%B8%EB%A6%BD%ED%8A%B8%EB%9E%A9-%EB%89%B4%EB%B3%B8-%EC%84%B8%ED%8A%B8-%EA%B7%B8%EB%A0%88%EC%9D%B4-eh6o6by9z7hp/
14/01/2026,스토케트립트랩뉴본세트,"스토케 트립트랩 뉴본 세트 판매합니다
아이에게 편안함을 제공하며, 트립트랩 의자에 쉽게 탈부착이 가능합니다
안전벨트가 있어 아이를 안전하게 보호할 수 있습니다

신생아때부터 사용가능한데 저희애는 등센서가 심해서 3개월부터 잘사용했습니다.. 사용시기가 좀 짧아서 아쉬웠지만 트립트랩 의자가 있다면 필수품입니다. 밥먹을때 혼자 잘 놀고 수유하고 바로 눕히기 애매할때 바닥에 눕히면 허리아픈데 눈맞춤도 가능해서 좋아요. 

쌍둥이라 2개입니다.
 저는 모빌대가 있으면 애기 안아올리기 불편해서 항상 빼놓고 있었는데 이사하면서 하나는 분실했습니다..

모빌대가 있는 제품은 10만원 없는 제품은 9만원입니다. 크게 더러워질일이 없어서 당근 추천드려요 일괄 구매하시면 18만원에 드리겠습니다.",7,9,147,90000,47.8,토시리,판매완료,3,경기 광명시 광명동,https://www.daangn.com/kr/buy-sell/%EC%8A%A4%ED%86%A0%EC%BC%80-%ED%8A%B8%EB%A6%BD%ED%8A%B8%EB%9E%A9-%EB%89%B4%EB%B3%B8-%EC%84%B8%ED%8A%B8-j3qvfvbug8kc/
09/10/2025,(재당근)스토케트립트랩뉴본,"스토케 트립트랩 뉴본 세트 재당근 합니다.
상태는 사진과 같이 양호하고 
한번도 머 흘린 적 없이 잘 썼습니다. 
세탁도 해두었어요.

약간의 사용감은 있고
박스도 있는데 구겨져있네요.

육아중이라 문고리거래만 합니다 ㅠ
교환환불 x",1,2,90,90000,43.5,노랑노랑,판매완료,1,경기 광명시 광명동,https://www.daangn.com/kr/buy-sell/%EC%9E%AC%EB%8B%B9%EA%B7%BC-%EC%8A%A4%ED%86%A0%EC%BC%80-%ED%8A%B8%EB%A6%BD%ED%8A%B8%EB%9E%A9-%EB%89%B4%EB%B3%B8-2fg3yc5fomtq/
28/01/2026,(재당근)스토케트립트랩뉴본세트그레이,"스토케 트립트랩 뉴본 세트 그레이 색상입니다
재당근이지만 깨끗이 사용했고, 다 분리해서 세탁 가능하니 세탁해서 쓰시면 될 것 같아요.
그외 눈에 띄는 기스라던지 오염 없습니다.

저도 당근해와서 썼지만 그렇게 아이를 오래 눕혀두지 않아서 실사용이 많지 않아요.
저는 뉴본 짧게 쓰는 물품이라고 생각해서 높지않은 금액에 구입하시기 권유드려요~",1,4,96,90000,49.2,하늘이언니,판매완료,3,인천 미추홀구 주안3동,https://www.daangn.com/kr/buy-sell/%EC%9E%AC%EB%8B%B9%EA%B7%BC-%EC%8A%A4%ED%86%A0%EC%BC%80-%ED%8A%B8%EB%A6%BD%ED%8A%B8%EB%9E%A9-%EB%89%B4%EB%B3%B8-%EC%84%B8%ED%8A%B8-%EA%B7%B8%EB%A0%88%EC%9D%B4-mkjpm5bh88ev/
05/04/2026,스토케트립트랩뉴본세트(재당근),"스토케 트립트랩 뉴본 세트입니다

재당근이지만 항상 아기 머리맡에 손수건두고 써서 깨끗해요(세탁도 다 해놨어요~)

사진에서 보시는 것처럼 약간의 실밥 풀림이 있습니다
이외에는 깨끗해요

육아중이라 비대면 문고리거래 희망합니다. 
입금 확인 후 주소알려드립니다!",3,4,139,90000,38.2,osaaa,판매중,4,경북 상주시 신봉동,https://www.daangn.com/kr/buy-sell/%EC%8A%A4%ED%86%A0%EC%BC%80-%ED%8A%B8%EB%A6%BD%ED%8A%B8%EB%9E%A9-%EB%89%B4%EB%B3%B8-%EC%84%B8%ED%8A%B8-%EC%9E%AC%EB%8B%B9%EA%B7%BC-rt2ok8m5bed5/
14/12/2025,스토케트립트랩뉴본세트,"스토케 트립트랩 뉴본세트입니다. 
모든 부속품 완전히 다 들어있고 박스로 포장해두었습니다. 
작년 가을에 새거 구매해서 아기 7-8개월까지 쓴것 같아요.
일주일에 1번 이상 빨래하며 진짜 깨끗하게 썼어요ㅎㅎ",2,2,198,90000,44.7,파인애플,판매완료,3,경기 성남시 분당구 이매1동,https://www.daangn.com/kr/buy-sell/%EC%8A%A4%ED%86%A0%EC%BC%80-%ED%8A%B8%EB%A6%BD%ED%8A%B8%EB%9E%A9-%EB%89%B4%EB%B3%B8%EC%84%B8%ED%8A%B8-2iv81oufsj3y/
01/02/2026,스토케트립트랩뉴본세트,"스토케 트립트랩 뉴본 세트팝니다
백화점에서 8월에 구매하였고 11월 말까지 쓰다가
판매합니다
깨끗하게 사용하였어요
구성품은 그대로 다 있습니다",6,2,138,90000,39.5,나무,판매완료,5,경기 안양시 만안구 호현동,https://www.daangn.com/kr/buy-sell/%EC%8A%A4%ED%86%A0%EC%BC%80-%ED%8A%B8%EB%A6%BD%ED%8A%B8%EB%9E%A9-%EB%89%B4%EB%B3%B8-%EC%84%B8%ED%8A%B8-gxnsdgm5iver/
19/01/2026,스토케트립트랩뉴본세트,"스토케 트립트랩 뉴본 세트 판매합니다!
아기가 편안함과 안정감을 느낄 수 있도록 설계되었어요.
상태는 사진과 같이 양호합니다~

직접오셔서 가져가셔야 합니다~!",3,8,237,90000,44.7,안경잡이,판매완료,4,서울시 강남구 도곡2동,https://www.daangn.com/kr/buy-sell/%EC%8A%A4%ED%86%A0%EC%BC%80-%ED%8A%B8%EB%A6%BD%ED%8A%B8%EB%9E%A9-%EB%89%B4%EB%B3%B8-%EC%84%B8%ED%8A%B8-rd5wfmnzrpd7/
23/02/2026,스토케트립트랩뉴본세트,"스토케 트립트랩 뉴본 세트입니다.
연장 글라이더 없이 사용했고 사용에 문제없었습니다.
모빌대+뉴본 구성입니다.

육아중이라 문고리 거래하겠습니다. (별내푸르지오)
교환 환불 어렵습니다.",9,4,135,90000,42.9,감쟈감쟈,판매완료,2,경기 남양주시 별내동,https://www.daangn.com/kr/buy-sell/%EC%8A%A4%ED%86%A0%EC%BC%80-%ED%8A%B8%EB%A6%BD%ED%8A%B8%EB%9E%A9-%EB%89%B4%EB%B3%B8-%EC%84%B8%ED%8A%B8-tc3symknvtaw/
02/12/2025,스토케트립트랩뉴본세트,"(스토케 트립트랩 뉴본 세트 그레이)
안전벨트 부분에 약간의 얼룩있는데 잘안보여요! 
문고리거래 합니다!",2,6,152,90000,42.1,봉봉,판매완료,2,경기 남양주시 별내동,https://www.daangn.com/kr/buy-sell/%EC%8A%A4%ED%86%A0%EC%BC%80-%ED%8A%B8%EB%A6%BD%ED%8A%B8%EB%9E%A9-%EB%89%B4%EB%B3%B8-%EC%84%B8%ED%8A%B8-d8p2ekr8ni6w/
24/02/2026,스토케트립트랩뉴본세트그레이,"스토케 트립트랩 뉴본 세트 그레이 색상입니다
재당근이지만 제가 한번도 사용못했습니다

모빌대 포함되어 있고, 예민하신분은 사절합니다

오늘 바로 가져가실 수 있는 분이면
더 좋겠습니다~ 문고리 희망합니다",3,0,111,90000,40.3,마루,판매완료,2,충북 청주시 흥덕구 오송읍,https://www.daangn.com/kr/buy-sell/%EC%8A%A4%ED%86%A0%EC%BC%80-%ED%8A%B8%EB%A6%BD%ED%8A%B8%EB%9E%A9-%EB%89%B4%EB%B3%B8-%EC%84%B8%ED%8A%B8-%EA%B7%B8%EB%A0%88%EC%9D%B4-1qhgrx6r7eb8/
18/02/2026,스토케트립트랩뉴본세트,"스토케 트립트랩 뉴본 세트 판매합니다
박스에 담겨 있고, 상태는 사진과 같습니다
신생아부터 사용 가능하며, 아기가 편안하게 쉴 수 있도록 도와줍니다
- 아이와 함께 테이블에서 편안하게 시간을 보내세요
- 별도의 도구 없이 의자에 쉽게 탈부착이 가능합니다",6,2,179,90000,40.9,서지니,판매완료,2,충북 청주시 흥덕구 오송읍,https://www.daangn.com/kr/buy-sell/%EC%8A%A4%ED%86%A0%EC%BC%80-%ED%8A%B8%EB%A6%BD%ED%8A%B8%EB%9E%A9-%EB%89%B4%EB%B3%B8-%EC%84%B8%ED%8A%B8-1k56n21jid8z/
02/09/2025,스토케트립트랩뉴본세트(재당근),"스토케 트립트랩 뉴본 세트 판매합니다

구성품은 사진과 같고 재당근입니다 
오염된 부분은 없이 깨끗한 편이나 재당근인점
감안하여주시길 바랍니다. 

문고리거래, 쿨거래 환영 , 네고x",1,2,72,90000,56.8,당근을흔드세요,판매완료,1,경기 과천시 문원동,https://www.daangn.com/kr/buy-sell/%EC%8A%A4%ED%86%A0%EC%BC%80-%ED%8A%B8%EB%A6%BD%ED%8A%B8%EB%9E%A9-%EB%89%B4%EB%B3%B8%EC%84%B8%ED%8A%B8-%EC%9E%AC%EB%8B%B9%EA%B7%BC-s9qtkrr12f5v/
28/10/2025,스토케트립트랩뉴본세트,"스토케 트립트랩 뉴본 세트 재당근 입니다.
저는 이유식 전까지 너무너무 잘 썼어요.. 
세탁해서 보관중이고 특히 수유할 때 강추입니다.
사진에 있는 구성품이 전부입니다.
당근페이, 문고리거래 합니다.
중고상품이므로 예민하신 분은 패스해주세요.",1,5,258,90000,47.8,리리,판매완료,10,경기 안성시 공도읍,https://www.daangn.com/kr/buy-sell/%EC%8A%A4%ED%86%A0%EC%BC%80-%ED%8A%B8%EB%A6%BD%ED%8A%B8%EB%9E%A9-%EB%89%B4%EB%B3%B8-%EC%84%B8%ED%8A%B8-b1wn9y4iqyt6/
26/10/2025,스토케트립트랩뉴본세트,"스토케 뉴본세트입니다. 2달정도 잘 사용하고 판매합니다. 마더케이 아기세제로 세탁완료했습니다.
-모빌대+연장글라이더 흰색 포함입니다
-빠른판매 원해 저렴하게 판매합니다
🍀선입금 후 주소공개
🍀비대면 문고리 거래 원함",2,0,120,90000,42.1,고구마,판매완료,1,경남 김해시 장유1동,https://www.daangn.com/kr/buy-sell/%EC%8A%A4%ED%86%A0%EC%BC%80-%ED%8A%B8%EB%A6%BD%ED%8A%B8%EB%9E%A9-%EB%89%B4%EB%B3%B8%EC%84%B8%ED%8A%B8-dvcdx3n5saii/
20/12/2025,스토케트립트랩뉴본세트,"스토케 트립트랩 뉴본 세트입니다
첫째,둘째 사용하고 당근내놓습니다. 
역방쿠를 주로사용해서  깨끗합니다.
박스와 모빌걸이는 장인어른이 공박스인줄알고 버리셨다고 하셔서 시세보다 저렴하게 내놓습니다ㅜㅜ

아기가 편안하게 쉴 수 있도록 설계되었고, 트립트랩 의자에 간편하게 탈부착이 가능합니다

바로 쓰실 수 있게 분해해서 세탁해놓았습니다.",3,5,273,90000,49.3,미위감,판매완료,5,경기 하남시 감이동,https://www.daangn.com/kr/buy-sell/%EC%8A%A4%ED%86%A0%EC%BC%80-%ED%8A%B8%EB%A6%BD%ED%8A%B8%EB%9E%A9-%EB%89%B4%EB%B3%B8-%EC%84%B8%ED%8A%B8-3d2jqqe16yzb/
21/12/2025,스토케트립트랩뉴본세트,"스토케 트립트랩 뉴본 세트 판매합니다
- 신생아부터 최대 9kg까지 사용 가능합니다
- 테이블에 아기를 데려와 가족과 함께 할 수 있도록 해줍니다
- 아기가 편안하게 쉴 수 있도록 부드러운 시트가 장착되어 있습니다
-지인에게 받은 상품인데 신생아때 눕는걸 싫어해서 몇번 못누였어요!
모빌대 포함, 박스도 같이 드립니다
문고리 거래 선호합니다",4,2,174,90000,49.2,쑤쑤,판매완료,4,경기 하남시 감이동,https://www.daangn.com/kr/buy-sell/%EC%8A%A4%ED%86%A0%EC%BC%80-%ED%8A%B8%EB%A6%BD%ED%8A%B8%EB%9E%A9-%EB%89%B4%EB%B3%B8-%EC%84%B8%ED%8A%B8-hubm8kzpugs6/
07/09/2025,스토케트립트랩뉴본,"잘 쓰고 팔아요ㅎㅎ 재당근입니다ㅎㅎ
사용기간은 짧지만, 너무너무 편한 잇템이에요ㅎㅎ",2,2,145,90000,74.2,헷헷,판매완료,1,경기 하남시 감이동,https://www.daangn.com/kr/buy-sell/%EC%8A%A4%ED%86%A0%EC%BC%80-%ED%8A%B8%EB%A6%BD%ED%8A%B8%EB%9E%A9-%EB%89%B4%EB%B3%B8-334rnegbo32a/
29/05/2025,스토케트립트랩뉴본세트,"스토케 트립트랩 뉴본 세트입니다
상태좋은거 당근해서 아기가 몇 번 눕지 않았어요 
얼룩 없고 상태 좋아요

연장글라인더 모빌대 박스 풀셋입니다 

육아로 문고리거래 희망합니다",7,1,187,90000,68.3,김여리,판매완료,3,경기 하남시 감이동,https://www.daangn.com/kr/buy-sell/%EC%8A%A4%ED%86%A0%EC%BC%80-%ED%8A%B8%EB%A6%BD%ED%8A%B8%EB%9E%A9-%EB%89%B4%EB%B3%B8-%EC%84%B8%ED%8A%B8-4zz7xh4p45c4/
27/05/2025,스토케트립트랩뉴본세트,"스토케 트립트랩 뉴본세트입니다
아기가 편안하게 사용할 수 있도록 인체공학적으로 디자인되었어요

- 신생아부터 9kg까지 사용 가능
- 분리형 시트 커버로 세탁 용이
- 5점식 안전 벨트로 안전하게
- 흔들림 방지 장치 포함

첫당근이고 모든 부품 다 있어요


",3,3,192,95000,39.6,무르무르,판매완료,3,서울시 성동구 행당동,https://www.daangn.com/kr/buy-sell/%EC%8A%A4%ED%86%A0%EC%BC%80-%ED%8A%B8%EB%A6%BD%ED%8A%B8%EB%9E%A9-%EB%89%B4%EB%B3%B8%EC%84%B8%ED%8A%B8-pnwa6hvwccw3/
25/02/2026,스토케트립트랩뉴본세트그레이,"뉴본세트 입니다.

사용감은 조금 있지만 깨끗하게 사용 했습니다.",2,2,89,95000,39.7,초록머리,판매완료,1,제주 서귀포시 서홍동,https://www.daangn.com/kr/buy-sell/%EC%8A%A4%ED%86%A0%EC%BC%80-%ED%8A%B8%EB%A6%BD%ED%8A%B8%EB%9E%A9-%EB%89%B4%EB%B3%B8-%EC%84%B8%ED%8A%B8-%EA%B7%B8%EB%A0%88%EC%9D%B4-4jdvjt7p4fpr/
17/07/2025,스토케트립트랩뉴본,"신생아때 사용
세탁 해놓음
모빌걸이는 없음(사용해본 결과 쓸모 없어서 버림)
재당근 아님, 예민맘 사절!!매너!!
쌍둥이라 두개 사서 사용,
셋째 생기고 한개 팔고, 
한개는 사용

후기
한마디로 너무 잘 사용함
안정성 너무 좋음
아기도 너무 편해 함 
트립트랩에 합체하지 않고 침대나 쇼파에서도 자주 사용함 
재당근 아님 , 내돈내산

예민맘 사절
의자 포함X
환불x
가격제안x
현장네고X

매너 지켜주세요!

직접 가지러 오셔야 함
(퇴근시간 맞으시면 중간지점에서 만나도 됨)
선입금 시 우체국 택배 가능:)",6,7,373,95000,43.6,LovelyK,판매완료,3,경기 수원시 권선구 오목천동,https://www.daangn.com/kr/buy-sell/%EC%8A%A4%ED%86%A0%EC%BC%80-%ED%8A%B8%EB%A6%BD%ED%8A%B8%EB%9E%A9-%EB%89%B4%EB%B3%B8-ueroiruj13zq/
11/01/2026,스토케트립트랩뉴본세트(손수만든커버포함)팝니다,"스토케 트립트랩 뉴본세트 팝니다.  

아이가 별로 안좋아해서 사용을 별로 못했습니다.

세탁도 해놔서 사용하는데 문제없어요.

워낙 유명해서 설명은 더 이상 안해도 될거 같네요.


손수 천을 수선해서 커버도 만들었는데 

함께 드립니다.(사진 참고) 

구성품: 뉴본세트, 손수 만든 커버, 트립트랩 의자 연장 글라인더, 모빌 거치대 

육아 때문에 문고리 거래 원하지만

제품 보고싶으시면 직거래도 가능합니다.(시간협의)",3,5,81,95000,49.9,도토리,판매완료,4,서울시 노원구 월계3동,https://www.daangn.com/kr/buy-sell/%EC%8A%A4%ED%86%A0%EC%BC%80-%ED%8A%B8%EB%A6%BD%ED%8A%B8%EB%9E%A9-%EB%89%B4%EB%B3%B8-%EC%84%B8%ED%8A%B8-%EC%86%90%EC%88%98%EB%A7%8C%EB%93%A0-%EC%BB%A4%EB%B2%84-%ED%8F%AC%ED%95%A8-%ED%8C%9D%EB%8B%88%EB%8B%A4-2j1dnqhde5n1/
02/01/2026,"스토케트립트랩뉴본(모빌대,연장글라이더포함)","스토케 트립트랩 뉴본 세트 판매합니다!
연장글라이더, 모빌대 포함입니다.
(박스는 따로 없습니다)

저희아기 신생아부터 5개월까지 사용했습니다. 

거래는 문고리 희망합니다.",2,6,105,95000,41.4,쨩구,판매완료,2,경기 광명시 광명동,https://www.daangn.com/kr/buy-sell/%EC%8A%A4%ED%86%A0%EC%BC%80-%ED%8A%B8%EB%A6%BD%ED%8A%B8%EB%9E%A9-%EB%89%B4%EB%B3%B8-%EB%AA%A8%EB%B9%8C%EB%8C%80-%EC%97%B0%EC%9E%A5%EA%B8%80%EB%9D%BC%EC%9D%B4%EB%8D%94-%ED%8F%AC%ED%95%A8-hao6vg8poyjf/
15/05/2026,스토케트립트랩뉴본세트그레이,"스토케 트립트랩 뉴본 세트 그레이 색상이에요
박스, 구성품 모두 있음.
< 사용하는데에는 지장 없습니다 >

✔️사용감있어요
✔️박스가 좀 훼손되었어요
✔️예민맘은 피해주세요~ 
✔️문고리 거래",2,2,110,95000,53.3,봄봄맘,판매완료,3,경북 상주시 신봉동,https://www.daangn.com/kr/buy-sell/%EC%8A%A4%ED%86%A0%EC%BC%80-%ED%8A%B8%EB%A6%BD%ED%8A%B8%EB%9E%A9-%EB%89%B4%EB%B3%B8-%EC%84%B8%ED%8A%B8-%EA%B7%B8%EB%A0%88%EC%9D%B4-5uykdpr1rnad/
26/01/2026,스토케트립트랩뉴본세트그레이(재당근),"스토케 트립트랩 뉴본 세트 그레이 색상입니다
사용감이 적고 깨끗한 상태이며, 설명서도 함께 드립니다
신생아부터 사용 가능하며, 아기가 식탁에서 가족과 함께 시간을 보낼 수 있도록 도와줍니다
안전한 5점식 하네스가 있어 아기를 안전하게 보호해줍니다.

재당근이고 풀셋입니다 박스는 없어요

사용감 없는 제품 당근했고 아기가 뉴본을 별로 좋아하지 않아서 ㅜ 저희 아기는 사용기간 짧아요 

오늘 정리하려고 보니 모빌대에 살짝 갈린부분 있는데 쓰는데 문제는 없습니다 

문고리 선호합니다 :)",3,4,256,95000,54.1,하하은,판매완료,2,경기 남양주시 별내동,https://www.daangn.com/kr/buy-sell/%EC%8A%A4%ED%86%A0%EC%BC%80-%ED%8A%B8%EB%A6%BD%ED%8A%B8%EB%9E%A9-%EB%89%B4%EB%B3%B8-%EC%84%B8%ED%8A%B8-%EA%B7%B8%EB%A0%88%EC%9D%B4-%EC%9E%AC%EB%8B%B9%EA%B7%BC-njk1z9yktkg8/
12/12/2025,스토케트립트랩뉴본세트,"스토케 트립트랩 뉴본 세트입니다
재당근이지만 아기가 거의 앉지않아 상태는 사진과 같이 양호합니다
연장글라이더는 없어요 ",1,8,296,95000,45.5,gahwa,판매완료,2,서울시 금천구 시흥제4동,https://www.daangn.com/kr/buy-sell/%EC%8A%A4%ED%86%A0%EC%BC%80-%ED%8A%B8%EB%A6%BD%ED%8A%B8%EB%9E%A9-%EB%89%B4%EB%B3%B8-%EC%84%B8%ED%8A%B8-25v8wpyakfmz/
08/02/2026,스토케트립트랩뉴본세트,"사진 구성품 확인
상태좋음
아이가 거부해서 많이 사용 안했음
반품안됨
오송역서한이다음
비대면문고리거래환영",5,7,97,95000,53.2,빵또파파,판매완료,1,충북 청주시 흥덕구 오송읍,https://www.daangn.com/kr/buy-sell/%EC%8A%A4%ED%86%A0%EC%BC%80-%ED%8A%B8%EB%A6%BD%ED%8A%B8%EB%9E%A9-%EB%89%B4%EB%B3%B8-%EC%84%B8%ED%8A%B8-yygrevgsqzhx/
03/03/2026,스토케트립트랩뉴본세트그레이,"스토케 트립트랩 뉴본 세트 그레이 색상입니다
트립트랩 의자에 장착하여 신생아부터 사용할 수 있어요
아기에게 편안함을 제공하고, 안전하게 사용할 수 있습니다
상태는 사진과 같이 양호합니다
보플이조금 있는데 커버만 따로 구입하셔서 사용하셔도 될것같아요!
빠르게 처분원해서 싸게 올립니다",2,4,243,95000,42.1,룰루랄라,판매완료,2,경기 화성시 만세구 송산면,https://www.daangn.com/kr/buy-sell/%EC%8A%A4%ED%86%A0%EC%BC%80-%ED%8A%B8%EB%A6%BD%ED%8A%B8%EB%9E%A9-%EB%89%B4%EB%B3%B8-%EC%84%B8%ED%8A%B8-%EA%B7%B8%EB%A0%88%EC%9D%B4-ixaamknbmqd4/
13/12/2025,스토케트립트랩뉴본세트(재당근),"스토케 트립트랩 뉴본 세트 재당근합니다.

당근해올 당시 거의 새제품으로 사왔었습니다.
박스와 사용설명서, 연장글라이더와 모빌거치대 다 있습니다.
연장글라이더는 사용하지 않았습니다.
여자아기가 누워있기만 해서 매우 깨끗합니다.
이제 이유식 시작할때가 되어 판매해요.

분해해서 아기세제로 세탁해두었고, 다시 씌워서 드립니다.
(사진과 같음)

네고X, 문고리거래 원합니다.",2,3,105,95000,42.1,당근솜,판매완료,2,서울시 서초구 서초4동,https://www.daangn.com/kr/buy-sell/%EC%8A%A4%ED%86%A0%EC%BC%80-%ED%8A%B8%EB%A6%BD%ED%8A%B8%EB%9E%A9-%EB%89%B4%EB%B3%B8-%EC%84%B8%ED%8A%B8-%EC%9E%AC%EB%8B%B9%EA%B7%BC-iudyvdzhu3kc/
12/11/2025,스토케트립트랩뉴본세트,"뉴본세트 입니다. 박스 있습니다.
잘 세탁해서 사용해서 깨끗하고 
오염이나 얼룩은없습니다만, 
세탁에 의한 사용감은 있습니다.
너무 예민하신 분은 피해주세요~
끈 분리해서 아기세제로 세탁해 놓았습니다.

연락순X 입금순으로 거래합니다.
양해 부탁드려요🥹
둥이 육아중이라 문고리합니다.




스토케 트립트랩 뉴본세트입니다
박스 포함이며, 신생아부터 9kg까지 사용 가능합니다
아이에게 편안함을 제공하고, 분리 가능한 액세서리입니다",5,3,215,95000,80.2,피치데이지,판매완료,3,서울시 성북구 정릉제2동,https://www.daangn.com/kr/buy-sell/%EC%8A%A4%ED%86%A0%EC%BC%80-%ED%8A%B8%EB%A6%BD%ED%8A%B8%EB%9E%A9-%EB%89%B4%EB%B3%B8%EC%84%B8%ED%8A%B8-ewn1qur84xv5/
28/04/2026,스토케트립트랩뉴본세트그레이,"신생아부터 사용할 수 있는 스토케 트립트랩 뉴본 세트예요
그레이 색상으로 어떤 인테리어에도 잘 어울려요
안전벨트와 추가 구성품 모두 포함되어 있어요
아기에게 편안하고 안전한 첫 의자 경험을 선물해주세요

*재당근이지만 보풀 이염없이 깨끗합니다.
*예민하신분은 패스해주세요~
*모빌대, 발받침대 모두 있습니다.
*박스x",4,1,198,95000,74.4,블랑슈슈는신생아육아중,판매완료,2,경기 하남시 감이동,https://www.daangn.com/kr/buy-sell/%EC%8A%A4%ED%86%A0%EC%BC%80-%ED%8A%B8%EB%A6%BD%ED%8A%B8%EB%9E%A9-%EB%89%B4%EB%B3%B8-%EC%84%B8%ED%8A%B8-%EA%B7%B8%EB%A0%88%EC%9D%B4-iwrfpdskp3b7/
05/01/2026,스토케트립트랩뉴본세트(재당근x),"스토케 트립트랩 뉴본 세트입니다
트립트랩에 장착해서 신생아부터 아기를 편안하게 앉힐 수 있어요
- 안전벨트도 있어서 안전하게 사용 가능합니다
- 푹신한 쿠션 덕분에 아기가 편안해해요
- 많이 안아달라고 하는 아이라서 하루에 총 사용이 30분도 안돼요. 다른 분들 사용하시는것 보면 수유도하고 재우기도하시던데 저희 아이는 잘 안맞는지 거의 사용을 못했어요. 재당근 아니구 여자아이 혼자 사용했습니다. 되파는걸 생각 못해서 박스 이런것들을 보관하지 못했네요😭모빌 글라이더 같은 것도 있었는데 달아줄 모빌이 따로 없어서 그냥 타이니 모빌 보여줬습니다. 찾으려고 보니 없네요..감안해서 싸게 올려요!",1,11,224,96000,43.3,꾸드득,판매완료,2,경기 군포시 산본동,https://www.daangn.com/kr/buy-sell/%EC%8A%A4%ED%86%A0%EC%BC%80-%ED%8A%B8%EB%A6%BD%ED%8A%B8%EB%9E%A9-%EB%89%B4%EB%B3%B8-%EC%84%B8%ED%8A%B8-%EC%9E%AC%EB%8B%B9%EA%B7%BCx-syhvf4h8tcdx/
01/01/2026,스토케트립트랩뉴본세트-재당근,"스토케 트립트랩 뉴본 세트 - 재당근 합니다.

- 2024년 일본 아마존 직구 구매 - 워런티 기간 3년
- 2025년 1월생 여자아기 1명 사용
- 3년 워런티 보증기간 가능
- 실 사용 시간 총 5회, 1시간 미만

인것을 제가 2025년 8월 구매했습니다.
이후 2025년 11월 초까지 사용하고,
빨래 + 향균케어 + 밀봉 해놓은 상태입니다.
아기가 바운서를 더 선호해서 사실 많이 사용은 못했습니다. 

창신동 아파트 문고리 거래만 가능합니다.",8,8,451,99000,42.5,해리,판매완료,3,서울시 종로구 창신제3동,https://www.daangn.com/kr/buy-sell/%EC%8A%A4%ED%86%A0%EC%BC%80-%ED%8A%B8%EB%A6%BD%ED%8A%B8%EB%9E%A9-%EB%89%B4%EB%B3%B8-%EC%84%B8%ED%8A%B8-%EC%9E%AC%EB%8B%B9%EA%B7%BC-n7vnnn2bfenw/
14/03/2026,스토케트립트랩뉴본시트,"스토케 트립트랩 뉴본 시트입니다
색상은 회색이고, 안전벨트도 포함되어 있습니다
깨끗한 상태의 제품 내놓습니다.
",3,5,137,99000,38.1,우두,판매완료,1,경기 안성시 공도읍,https://www.daangn.com/kr/buy-sell/%EC%8A%A4%ED%86%A0%EC%BC%80-%ED%8A%B8%EB%A6%BD%ED%8A%B8%EB%9E%A9-%EB%89%B4%EB%B3%B8-%EC%8B%9C%ED%8A%B8-4mdz2qou15s5/
15/02/2026,스토케트립트랩뉴본세트(더현대)+어텀31커버(새상품급),"스토케 트립트랩 뉴본 세트 판매합니다.
더현대에서 새상품 구매하여 2~3 개월 정도 사용했는데 실사용은 적어요.

인기있는 어텀31 커버(진베이지+연베이지 양면)는 세탁 1번 후 사용하지 않은 새상품급입니다. 29,000원 정도에 구매했어요. 

기본 시트(회색), 어텀31 커버 모두 오염이나 흔적 이 깨끗합니다. 

설명서, 모빌대, 안전장치 모두 포함되어 있고 사용한 적 없습니다. 박스는 없습니다. 

문고리거래 원합니다. ",9,6,225,100000,48.4,lillliiiil,판매완료,9,서울시 서초구 서초동,https://www.daangn.com/kr/buy-sell/%EC%8A%A4%ED%86%A0%EC%BC%80-%ED%8A%B8%EB%A6%BD%ED%8A%B8%EB%9E%A9-%EB%89%B4%EB%B3%B8-%EC%84%B8%ED%8A%B8-%EB%8D%94%ED%98%84%EB%8C%80-%EC%96%B4%ED%85%8031%EC%BB%A4%EB%B2%84-%EC%83%88%EC%83%81%ED%92%88%EA%B8%89-1ax7jtiae6hc/
08/02/2026,스토케트립트랩뉴본세트그레이,"스토케 트립트랩 뉴본 세트팝니다😊
(의자x)
✔️색상은 그레이이고, 모빌 거치대 포함입니다
✔️신생아부터 사용 가능합니다
✔️상태는 사진과 같고 눈에 띄는 얼룩없이 깨끗하게 사용했습니다

제 쪽으로 와서 거래해주시면 감사하겠습니다😊",8,8,141,100000,43.4,뾰뿅,판매완료,3,서울시 서초구 서초동,https://www.daangn.com/kr/buy-sell/%EC%8A%A4%ED%86%A0%EC%BC%80-%ED%8A%B8%EB%A6%BD%ED%8A%B8%EB%9E%A9-%EB%89%B4%EB%B3%B8-%EC%84%B8%ED%8A%B8-%EA%B7%B8%EB%A0%88%EC%9D%B4-6vzewdtrhke6/
26/03/2025,스토케트립트랩뉴본세트,"✅ 당근에서 새 제품을 약 20만 원에 구매, 2024. 11월부터 4개월 가량 사용했습니다. 💫연장 글라이더, 모빌 거치대까지 있습니다. 박스는 없어요. 

✅ 약간의 사용감•세탁감 있습니다. 얼룩은 없어요. 

✅ 상태 좋으나 중고 제품이므로 예민하신 분들은 새 제품 구매를 추천드립니다. 

🍒 실사용 후기: 트립트랩과 함께 쓰기 좋습니다. 신생아 때도 쓸 수 있지만 아기가 무거워지면서 안은 채로 수유하기  힘들 때 비스듬히 앉혀 놓은 채로 수유하기 편합니다. 역류방지용으로 사용하기도 좋습니다. 잘 만든 제품인데 사용 기간이 워낙 짧으니 상태 좋은 중고 제품을 구매하는 것이 합리적이라고 생각합니다. (제품 상세 설명: https://naver.me/GCvlpXLU 참조)

✅ 부피로 인해 서초3동 비대면 문고리 거래만 가능합니다. (서초역에서 도보 10~15분) 선결제 후 주소 알려드려요. 원하시면 안심결제도 가능합니다.
       <참고> 5월 10일까지 주차가 어려운 상황입니다. 

🚫 개인 간 중고거래의 특성상 반품/환불은 불가합니다. 

🚫 네고 문의는 사양합니다. 

💬 구매를 원해 채팅 주시는 분이 여럿일 경우 채팅 순이 아니라 당근페이 선결제 순으로 거래하겠습니다. 

🥕 시간대에 따라 답장이 조금 늦어질 수도 있는 점 미리 양해 부탁드립니다.",3,2,294,100000,72.2,matcha,판매완료,5,서울시 서초구 서초동,https://www.daangn.com/kr/buy-sell/%EC%8A%A4%ED%86%A0%EC%BC%80-%ED%8A%B8%EB%A6%BD%ED%8A%B8%EB%9E%A9-%EB%89%B4%EB%B3%B8-%EC%84%B8%ED%8A%B8-8aayvvmqpa4x/
16/03/2026,스토케트립트랩뉴본세트(재당근),"스토케 트립트랩 뉴본 세트입니다
재당근이지만 처음부터 상태좋은 물건 구매했었고
저도 정말 깨끗하게 사용했고 세탁도 완료한 상태입니다
사진에는 없는데 연장글라이더도 있습니다 함께 드려요

육아중이라 문고리 거래합니다",2,0,68,100000,39.4,뿌하아,판매완료,1,서울시 성동구 행당동,https://www.daangn.com/kr/buy-sell/%EC%8A%A4%ED%86%A0%EC%BC%80-%ED%8A%B8%EB%A6%BD%ED%8A%B8%EB%9E%A9-%EB%89%B4%EB%B3%B8-%EC%84%B8%ED%8A%B8-%EC%9E%AC%EB%8B%B9%EA%B7%BC-ctjzsgrhp89w/
19/02/2026,스토케트립트랩뉴본세트,"스토케 트립트랩 뉴본 세트 판매합니다

상태는 사진과 같이 깨끗합니다!
당근해놓고 역방쿠 생활만 해서 몇번 사용하지
못해서 상태 좋습니다!",6,3,257,100000,49.8,바니바니당군당군,판매완료,3,서울시 성동구 행당동,https://www.daangn.com/kr/buy-sell/%EC%8A%A4%ED%86%A0%EC%BC%80-%ED%8A%B8%EB%A6%BD%ED%8A%B8%EB%9E%A9-%EB%89%B4%EB%B3%B8-%EC%84%B8%ED%8A%B8-c1o5zrxadf2y/
30/11/2025,스토케트립트랩뉴본세트팔아요,"스토케 트립트랩 뉴본 세트 판매해요~

만 6개월까지 사용 가능한 아이템이네요

깨끗하게 잘 사용해서 상태는 좋아요!

모빌대 포함입니다!

연락주세요~",6,7,342,100000,41.5,수학익힘책,판매완료,2,서울시 성동구 행당동,https://www.daangn.com/kr/buy-sell/%EC%8A%A4%ED%86%A0%EC%BC%80-%ED%8A%B8%EB%A6%BD%ED%8A%B8%EB%9E%A9-%EB%89%B4%EB%B3%B8-%EC%84%B8%ED%8A%B8-%ED%8C%94%EC%95%84%EC%9A%94-ubjwfw7zx9h5/
03/04/2025,스토케트립트랩뉴본세트,"스토케 뉴본입니다. 
재당근 했지만 상태 좋고 2개월 정도 사용했어요 확실히 3개월 되면서는 안쓰게 되더라구요 

신생아 사용하기에는 정말 편리한거 같아요! 

깨끗하게 사용했지만 사용감은 있습니다
연장 글라이더는 없으며 상자는 있습니다

문고리 거래 원해요!",1,1,178,100000,48.2,리나,판매완료,6,서울시 성동구 행당동,https://www.daangn.com/kr/buy-sell/%EC%8A%A4%ED%86%A0%EC%BC%80-%ED%8A%B8%EB%A6%BD%ED%8A%B8%EB%9E%A9-%EB%89%B4%EB%B3%B8%EC%84%B8%ED%8A%B8-j8kdfri7i4e5/
27/08/2025,스토케트립트랩뉴본세트,"선물받아서 약 4개월 사용했는데 세탁을 자주해서 사용감있습니다. 의자발판에 끼우는 연장글라이더??는 없이 사용했었는데 문제없었습니다. 현재는 잃어버려서 참고해주세요! 모빌걸이대 있습니다~

교환/환불 불가입니다.",2,1,155,100000,53.1,햅삐,판매완료,2,충북 충주시 호암.직동,https://www.daangn.com/kr/buy-sell/%EC%8A%A4%ED%86%A0%EC%BC%80-%ED%8A%B8%EB%A6%BD%ED%8A%B8%EB%9E%A9-%EB%89%B4%EB%B3%B8%EC%84%B8%ED%8A%B8-o3n1gj1dc3td/
12/04/2026,스토케트립트랩뉴본세트그레이,"신생아부터 사용할 수 있는 스토케 트립트랩 뉴본 세트 시트입니다.

재당근이며 추가 시트커버도 포함해서 드립니다.",5,1,117,100000,37.8,우하하하하,판매완료,4,서울시 용산구 효창동,https://www.daangn.com/kr/buy-sell/%EC%8A%A4%ED%86%A0%EC%BC%80-%ED%8A%B8%EB%A6%BD%ED%8A%B8%EB%9E%A9-%EB%89%B4%EB%B3%B8-%EC%84%B8%ED%8A%B8-%EA%B7%B8%EB%A0%88%EC%9D%B4-87eev5upoebk/
02/12/2025,스토케트립트랩뉴본세트,"재당근이지만 사용감은 있으나 
아기 전용세제 사용하여 세척 관리하였습니다
전체적으로 깨끗합니다만 예민하신분은 피해주세요

육아중으로 문고리거래하겠습니다
중고제품으로 교환 환불 불가입니다

구성품(풀구성)
뉴본, 하네스, 모빌걸이, 연장글라이더",3,4,239,100000,57.5,khhhh,판매완료,4,경기 구리시 갈매동,https://www.daangn.com/kr/buy-sell/%EC%8A%A4%ED%86%A0%EC%BC%80-%ED%8A%B8%EB%A6%BD%ED%8A%B8%EB%9E%A9-%EB%89%B4%EB%B3%B8%EC%84%B8%ED%8A%B8-h6sgvgteyepw/
17/09/2025,스토케트리트랩뉴본,"아기 쓸때 항상
천 올려놓고 써서 보풀 얼룩없이 깨끗합니다
상자는 버렸어요
비닐 설명서 모빌걸이대 연장글라이더 다있습니다
세탁해서 보관합니다",3,0,49,100000,50.1,할루할루,판매완료,2,경기 구리시 갈매동,https://www.daangn.com/kr/buy-sell/%EC%8A%A4%ED%86%A0%EC%BC%80%ED%8A%B8%EB%A6%AC%ED%8A%B8%EB%9E%A9%EB%89%B4%EB%B3%B8-ikxa2vfe363g/
08/02/2026,스토케트립트랩뉴본재당근,"스토케 트립트랩 뉴본 시트입니다
회색이며 상태는 양호합니다

모빌대는 사진에 없지만 가지고있습니다
기본세트 이외에 추가로 커버가있어서 훨씬 깔끔하게 사용할수있습니다
깨끗한물건 당근해서 잘쓰고 재당근합니다.
",3,5,108,100000,45.6,누룽지,판매완료,2,경기 김포시 풍무동,https://www.daangn.com/kr/buy-sell/%EC%8A%A4%ED%86%A0%EC%BC%80-%ED%8A%B8%EB%A6%BD%ED%8A%B8%EB%9E%A9-%EB%89%B4%EB%B3%B8-%EC%9E%AC%EB%8B%B9%EA%B7%BC-pe4cg2j3kpga/
31/12/2025,스토케트립트랩뉴본세트,"스토케 트립트랩 뉴본 판매합니다
모빌 고리, 체어 글라이더 모두 포함되어 있습니다

커버랑 침받이는 세탁해뒀는데
끈은 사진처럼 약간의 오염이 있으니
분해해서 과탄산소다 세척 한 번 하시면 좋을 것 같아요!

당근페이 가능하고 문고리 거래입니다◡̈",1,0,79,100000,46.5,호치,판매완료,2,경기 김포시 풍무동,https://www.daangn.com/kr/buy-sell/%EC%8A%A4%ED%86%A0%EC%BC%80-%ED%8A%B8%EB%A6%BD%ED%8A%B8%EB%9E%A9-%EB%89%B4%EB%B3%B8-%EC%84%B8%ED%8A%B8-2q9imhmdu13n/
21/11/2025,스토케트립트랩뉴본세트,"스토케 트립트랩 뉴본입니다
색상은 회색이고, 아기가 편안하게 사용할 수 있도록 디자인되었어요
안전벨트 부분에 약간의 얼룩있는데 세탁하면 지워져요!
구성품 다 드립니다 (모빌거치대,연장글라이더)",2,2,94,100000,44.6,카룽,판매완료,4,경기 김포시 풍무동,https://www.daangn.com/kr/buy-sell/%EC%8A%A4%ED%86%A0%EC%BC%80-%ED%8A%B8%EB%A6%BD%ED%8A%B8%EB%9E%A9-%EB%89%B4%EB%B3%B8%EC%84%B8%ED%8A%B8-rjqoe9a6iddy/
23/05/2025,스토케트립트랩뉴본신생아세트,"잘 써오다 재당근 합니다.
주기적으로 세탁하며 사용했습니다.

박스 제외 모든 구성품

- 본체 
- 연장 글라이더
- 모빌대

사용감은 있지만 문제는 없습니다.

육아중인 관계로 풍무동 문고리 거래합니다.",1,1,120,100000,76.5,이렇게귀한곳에누추한분이,판매완료,1,경기 김포시 풍무동,https://www.daangn.com/kr/buy-sell/%EC%8A%A4%ED%86%A0%EC%BC%80-%ED%8A%B8%EB%A6%BD%ED%8A%B8%EB%9E%A9-%EB%89%B4%EB%B3%B8-%EC%8B%A0%EC%83%9D%EC%95%84-%EC%84%B8%ED%8A%B8-3rvf6co3bxsh/
01/01/2026,스토케트립트랩뉴본세트판매합니다!,"안녕하세요😊
스토케 트립트랩 뉴본 세트입니다.
저희아기는 수유할때 엄청잘썼습니다!
상태는 양호하나 중고제품이니 사용감 있습니다.
사진 참고해주세요.

반품,환불 불가합니다.
비대면 문고리거래합니다.
채팅주세요~",1,5,196,100000,46.9,뭉짱,판매완료,1,경기 수원시 장안구 파장동,https://www.daangn.com/kr/buy-sell/%EC%8A%A4%ED%86%A0%EC%BC%80-%ED%8A%B8%EB%A6%BD%ED%8A%B8%EB%9E%A9-%EB%89%B4%EB%B3%B8-%EC%84%B8%ED%8A%B8-%ED%8C%90%EB%A7%A4%ED%95%A9%EB%8B%88%EB%8B%A4-wmnn52berkoh/
18/11/2025,스토케트립트랩뉴본세트,"스토케 트립트랩 뉴본 세트 판매합니다. (재당근)
- 풀 박스 , 모빌대,  연장 글라이더 새상품 포함😉

- 신생아 시절에 정말필요한 뉴본세트!!

-식사할때, 간식 섭취시, 잠시 쉴때 등등 뉴본에
  아기 올려서 옆에두고  먹거나, 쉴 수 있어요.

깨끗하게 잘 사용 하였습니다! 

문고리로 거래할게요!!  네고없음!
육아동지들 힘내세요!!💪",2,15,332,100000,40.3,Daisy,판매완료,4,경기 수원시 장안구 파장동,https://www.daangn.com/kr/buy-sell/%EC%8A%A4%ED%86%A0%EC%BC%80-%ED%8A%B8%EB%A6%BD%ED%8A%B8%EB%9E%A9-%EB%89%B4%EB%B3%B8-%EC%84%B8%ED%8A%B8-exnnptks7a7m/
04/03/2026,스토케트립트랩뉴본세트(모빌대+연장글라이더포함),"스토케 트립트랩 뉴본 그레이 색상입니다.

상태 좋고, 구성품 사진에서 보시는 것처럼 연장 글라인더, 모빌까지 있습니다.

2023년에 새상품 구매하신 분꺼 사서 재당근하는거라 조금 저렴하게 내놓습니다.

문고리 거래 희망합니다.",1,2,169,100000,41.7,hdbdbcuue,판매완료,4,경기 성남시 분당구 야탑3동,https://www.daangn.com/kr/buy-sell/%EC%8A%A4%ED%86%A0%EC%BC%80-%ED%8A%B8%EB%A6%BD%ED%8A%B8%EB%9E%A9-%EB%89%B4%EB%B3%B8-%EC%84%B8%ED%8A%B8-%EB%AA%A8%EB%B9%8C%EB%8C%80-%EC%97%B0%EC%9E%A5%EA%B8%80%EB%9D%BC%EC%9D%B4%EB%8D%94-%ED%8F%AC%ED%95%A8-zrt8nzs2gqma/
02/05/2026,스토케트립트랩뉴본세트+사가양면커버(재당근x),"신생아부터 사용 가능한 스토케 트립트랩 뉴본 세트예요

트립트랩 체어에 장착하여 아기가 편안하게 앉을 수 있도록 도와줘요

재당근 아닙니다!
박스가 없는 관계로 셋트 저렴하게 내놓습니다!",5,3,126,100000,44.2,미라클,판매완료,2,서울시 영등포구 당산동2가,https://www.daangn.com/kr/buy-sell/%EC%8A%A4%ED%86%A0%EC%BC%80-%ED%8A%B8%EB%A6%BD%ED%8A%B8%EB%9E%A9-%EB%89%B4%EB%B3%B8-%EC%84%B8%ED%8A%B8-%EC%82%AC%EA%B0%80%EC%96%91%EB%A9%B4%EC%BB%A4%EB%B2%84-%EC%9E%AC%EB%8B%B9%EA%B7%BCx-udw1926wpfxm/
12/02/2026,스토케트립트랩뉴본세트,상태좋아요 얼마사용 안했어요,0,0,60,100000,45.3,히포,판매완료,1,충북 영동군 영동읍,https://www.daangn.com/kr/buy-sell/%EC%8A%A4%ED%86%A0%EC%BC%80-%ED%8A%B8%EB%A6%BD%ED%8A%B8%EB%9E%A9-%EB%89%B4%EB%B3%B8-%EC%84%B8%ED%8A%B8-29q9ttnztks1/
25/03/2026,스토케트립트랩뉴본세트그레이,"스토케 트립트랩 뉴본 세트 그레이 색상 판매해요

안전벨트와 함께 구성되어 있어요
아기가 편안하게 사용할 수 있는 제품이에요

사진에 보이는 그대로의 상태예요",5,1,79,100000,43.6,풍이,판매완료,3,충남 천안시 서북구 성거읍,https://www.daangn.com/kr/buy-sell/%EC%8A%A4%ED%86%A0%EC%BC%80-%ED%8A%B8%EB%A6%BD%ED%8A%B8%EB%9E%A9-%EB%89%B4%EB%B3%B8-%EC%84%B8%ED%8A%B8-%EA%B7%B8%EB%A0%88%EC%9D%B4-q5o4za26i2u3/
21/12/2024,스토케트립트랩뉴본판매합니다,"사진에 나와있는대로 24년 2월에 신세계백화점 천안아산점에서 의자 포함 60만원에 구입하였습니다
(의자는 판매하는게 아니고 위에 뉴본만 판매하는겁니다)

정품등록 되어있구요
6개월동안 너무 잘 사용하고 베이비세트로 넘어가게 되어서 싸게 내놓습니다

문고리 비대면거래, 택배거래는 원치 않고
무조건 직거래만 원합니다
",3,1,256,100000,38.6,jia,판매완료,5,충남 천안시 서북구 성거읍,https://www.daangn.com/kr/buy-sell/%EC%8A%A4%ED%86%A0%EC%BC%80-%ED%8A%B8%EB%A6%BD%ED%8A%B8%EB%9E%A9-%EB%89%B4%EB%B3%B8-%ED%8C%90%EB%A7%A4%ED%95%A9%EB%8B%88%EB%8B%A4-8h1g3ojp6jtu/
31/05/2026,스토케트립트랩뉴본세트그레이,"신생아부터 사용 가능한 스토케 트립트랩 뉴본 세트예요
안정감 있는 디자인으로 아기가 편안함을 느껴요
트립트랩 체어에 쉽게 장착 가능해요
아기 첫 의자로 선물하기 좋은 제품이에요",3,0,80,100000,46.2,안뇽안녕,판매완료,2,강원 춘천시 동내면,https://www.daangn.com/kr/buy-sell/%EC%8A%A4%ED%86%A0%EC%BC%80-%ED%8A%B8%EB%A6%BD%ED%8A%B8%EB%9E%A9-%EB%89%B4%EB%B3%B8-%EC%84%B8%ED%8A%B8-%EA%B7%B8%EB%A0%88%EC%9D%B4-uqngafkg2r1a/
10/07/2025,스토케트립트랩뉴본세트,"스토케 트립트랩 뉴본세트
판매합니다
신생아때 쓰려고 구입했는데 너무 늦게 구입하는 바람에 정말 얼마 못쓰고 보관만 해놓았습니다 
완전 새거나 다름없습니다 
박스는 제가 보관해놨었는데 몇일전에 친정엄마가 버리셨다네요 ..
상품은 하자 없이 완전 깨끗합니다",12,1,157,100000,38.4,서블리,판매완료,2,울산 중구 태화동,https://www.daangn.com/kr/buy-sell/%EC%8A%A4%ED%86%A0%EC%BC%80-%ED%8A%B8%EB%A6%BD%ED%8A%B8%EB%9E%A9-%EB%89%B4%EB%B3%B8%EC%84%B8%ED%8A%B8-99mg7e91g6sm/
05/05/2026,스토케트립트랩뉴본세트그레이,"신생아부터 사용할 수 있는 스토케 트립트랩 뉴본 세트예요
안정감 있는 디자인으로 아기가 편안함을 느껴요
모빌대 포함 구성입니다
신생아 아기에게 편안한 잠자리를 선물하고 싶으신 분들께 추천드려요

✔️ 문고리거래
✔️ 환불 반품 불가
✔️ 예민맘 사절",2,0,56,100000,48.3,지녕,판매완료,2,경기 수원시 권선구 오목천동,https://www.daangn.com/kr/buy-sell/%EC%8A%A4%ED%86%A0%EC%BC%80-%ED%8A%B8%EB%A6%BD%ED%8A%B8%EB%9E%A9-%EB%89%B4%EB%B3%B8-%EC%84%B8%ED%8A%B8-%EA%B7%B8%EB%A0%88%EC%9D%B4-8gbyctc79as7/
21/03/2026,스토케트립트랩뉴본세트,"스토케 트립트랩 뉴본세트 판매합니다!

깨끗하게 사용했고 세탁해두었습니다~^^ 
아무래도 중고라 사용감이 아예 없진 않아요
기능상에 문제는 없습니다. 
가격제안 교환 환불 불가합니다~!

*사진상의 부품만 있습니다.(글라이더 없음)
*육아중이라 문고리 원합니다",4,2,146,100000,40.8,점수니,판매완료,2,경기 수원시 권선구 오목천동,https://www.daangn.com/kr/buy-sell/%EC%8A%A4%ED%86%A0%EC%BC%80-%ED%8A%B8%EB%A6%BD%ED%8A%B8%EB%9E%A9-%EB%89%B4%EB%B3%B8%EC%84%B8%ED%8A%B8-gh21aabbjyou/
02/03/2026,스토케트립트랩뉴본세트그레이(상태좋음),"신생아때 한 달 사용했고요
대,소변 뭍은적 단 한번도 없고요 
사진에 보시면 보폴이 살짝 있어서 저렴하게 올려요
거슬릴 정도 아니에요 
(별나게 군다고 세탁을 너무 많이해서 그래요..ㅜ)",6,6,106,100000,45.3,엄마는외계인,판매완료,6,경기 수원시 권선구 오목천동,https://www.daangn.com/kr/buy-sell/%EC%8A%A4%ED%86%A0%EC%BC%80-%ED%8A%B8%EB%A6%BD%ED%8A%B8%EB%9E%A9-%EB%89%B4%EB%B3%B8-%EC%84%B8%ED%8A%B8-%EA%B7%B8%EB%A0%88%EC%9D%B4-%EC%83%81%ED%83%9C%EC%A2%8B%EC%9D%8C-u9k8c8kn8f6a/
07/12/2025,스토케트립트랩뉴본세트(재당근),"스토케 트립트랩 뉴본 세트입니다~ 
안전벨트 포함되어 있습니다
아기가 편안하게 사용할 수 있도록 디자인되었어요

평일에는 아기때문에 문고리 거래 가능합니다!",2,2,71,100000,38.4,찹쌀아빠,판매완료,1,서울시 노원구 월계3동,https://www.daangn.com/kr/buy-sell/%EC%8A%A4%ED%86%A0%EC%BC%80-%ED%8A%B8%EB%A6%BD%ED%8A%B8%EB%9E%A9-%EB%89%B4%EB%B3%B8-%EC%84%B8%ED%8A%B8-%EC%9E%AC%EB%8B%B9%EA%B7%BC-5qboxyprrshv/
14/10/2025,스토케트립트랩뉴본세트,"스토케 트립트랩 뉴본 세트입니다!

상태 깨끗하고 훼손된 부분 없고
모빌대, 연장글라이더 다 있습니다!

연락주세요🤗",4,0,104,100000,44.8,na001,판매완료,2,서울시 노원구 월계3동,https://www.daangn.com/kr/buy-sell/%EC%8A%A4%ED%86%A0%EC%BC%80-%ED%8A%B8%EB%A6%BD%ED%8A%B8%EB%9E%A9-%EB%89%B4%EB%B3%B8%EC%84%B8%ED%8A%B8-f33kjprqj8my/
25/08/2025,스토케트립트랩뉴본세트,"재당근입니다
뉴본세트이구요
연장글라이더가 없어서 좀 저렴하게 올립니다 사용하는데 문제없어요 
세탁하느라 저렇게 찍어놓은겁니다 물론 가져가셔서 세탁 다시 하시겠지만 파는입장에서도 깨끗하게 판매하는게 맞다고 생각해서 세탁해요
저희아가는 정말 잘썻네요 
입금후에 주소 알려드립니다
육아중이라 직거래나 문고리가능합니다",1,0,190,100000,48,뿌남매맘,판매완료,2,서울시 노원구 월계3동,https://www.daangn.com/kr/buy-sell/%EC%8A%A4%ED%86%A0%EC%BC%80-%ED%8A%B8%EB%A6%BD%ED%8A%B8%EB%9E%A9-%EB%89%B4%EB%B3%B8%EC%84%B8%ED%8A%B8-1i7gk7g8jtno/
31/05/2026,스토케트립트랩뉴본판매합니다(재당근),"작년12월에 친구에게 당근하고 6개월 쓰고 판매합니다.
친구도 깨끗하게 쓰고, 저도 깨끗하게 썼어요.
오염된곳 없고, 정품등록 완료했습니다
머리쪽에 보풀 하나 있는데, 자세히 봐야 보여요.
세탁 완료했습니다.☺️

중고거래상 반품•환불 불가입니다.
육아중으로 문고리 거래 원해요.",2,0,46,100000,41.2,로또맘,판매완료,2,경기 군포시 산본동,https://www.daangn.com/kr/buy-sell/%EC%8A%A4%ED%86%A0%EC%BC%80-%ED%8A%B8%EB%A6%BD%ED%8A%B8%EB%9E%A9-%EB%89%B4%EB%B3%B8-%ED%8C%90%EB%A7%A4%ED%95%A9%EB%8B%88%EB%8B%A4-%EC%9E%AC%EB%8B%B9%EA%B7%BC-9qvtd928jqtc/
14/05/2026,스토케트립트랩뉴본세트그레이,"신생아부터 사용 가능한 스토케 트립트랩 뉴본 세트예요
안정감 있는 디자인으로 아기가 편안함을 느껴요
매뉴얼과 구성품 모두 포함되어 있어요
소중한 아기를 위한 편안한 공간을 선물해주세요
재당근입니다
 얼룩은 전혀 없고 그래두 세탁은 해둔 상태입니다
(실제 몇번 안눕더라구요 하하)",3,0,118,100000,41.1,다크썽냥,판매완료,1,경기 군포시 산본동,https://www.daangn.com/kr/buy-sell/%EC%8A%A4%ED%86%A0%EC%BC%80-%ED%8A%B8%EB%A6%BD%ED%8A%B8%EB%9E%A9-%EB%89%B4%EB%B3%B8-%EC%84%B8%ED%8A%B8-%EA%B7%B8%EB%A0%88%EC%9D%B4-3j6uhtn9ku3u/
26/02/2026,스토케트립트랩뉴본세트/재당근x,"스토케 트립트랩 뉴본 세트입니다
박스 포함이고, 상태는 사진과 같습니다
트립트랩에 장착하여 신생아부터 사용할 수 있습니다

새상품 25년 6월경에사서 여아혼자 사용했어요
-뉴본커버
-뉴본뼈대
-모빌대
-하네스
-비닐포장 및 설명서 등
-박스포장
-연장글라이더

*사진엔없는데 하네스에끼우는 쿠션도있습니다
*문고리판매",9,5,132,100000,50.8,최지돌l당근페이O,판매완료,3,경기 군포시 산본동,https://www.daangn.com/kr/buy-sell/%EC%8A%A4%ED%86%A0%EC%BC%80-%ED%8A%B8%EB%A6%BD%ED%8A%B8%EB%9E%A9-%EB%89%B4%EB%B3%B8-%EC%84%B8%ED%8A%B8-%EC%9E%AC%EB%8B%B9%EA%B7%BCx-hnvqihioxaat/
27/08/2025,스토케트립트랩뉴본세트,"스토케 뉴본 세트 판매합니다.

25년 4월 동생이 미국에서 사왔어요. 3개월 정도 쓰다가 아기 뒤집기 시작하면서 보관만 하고 있습니다. 베란다 청소하면서 박스는 버려서 없습니다.

산본중 근처 아파트 문고리 거래입니다.",1,1,80,100000,36.5,도룡뇽뇽이,판매완료,2,경기 군포시 산본동,https://www.daangn.com/kr/buy-sell/%EC%8A%A4%ED%86%A0%EC%BC%80-%ED%8A%B8%EB%A6%BD%ED%8A%B8%EB%9E%A9-%EB%89%B4%EB%B3%B8-%EC%84%B8%ED%8A%B8-ao2qfwyn82jw/
26/07/2025,스토케트립트랩뉴본세트,"스토케 트립트랩 뉴본 세트 판매합니다
신생아부터 9kg까지 사용 가능해요

- 트립트랩 의자에 간편하게 탈부착 가능
- 아기가 편안하게 휴식 가능
- 인체공학적 디자인

구성품 전부 있습니다.
박스에 담아 드려요

머리에 손수건도 까는 등
깨끗하게 사용했지만 생활오염이 있을 수 있고
어쨌든 중고이니 고려해주세요

이사로 짐정리 중이라 빠른 거래 원해요

문고리 거래 원해요",2,1,83,100000,42.4,뿌링클,판매완료,2,인천 미추홀구 숭의4동,https://www.daangn.com/kr/buy-sell/%EC%8A%A4%ED%86%A0%EC%BC%80-%ED%8A%B8%EB%A6%BD%ED%8A%B8%EB%9E%A9-%EB%89%B4%EB%B3%B8-%EC%84%B8%ED%8A%B8-qy9jooj2tzw8/
17/02/2026,스토케트립트랩뉴본세트,"스토케 트립트랩 뉴본 세트입니다
아기가 편안하게 사용할 수 있도록 설계되었어요
- 생활 스크래치 있습니다(사진참고)
안전벨트 포함되어 있습니다

25년 5월에 새상품 구매하고 3갤정도 잘썼어요
생활하자는 사진 참고 해주시고
그외에 부서짐이나 찢어짐은 없어요
💥에눌문의는 죄송하지만 답장안할게요

🔥꼭!! 읽어주세요
✔️ 중고거래상 환불 하지않으니 신중한 선택 후 구매해주세요
✔️ 물건교환 안해요
✔️ 설명과 사진 꼭 보세요
✔️ 당근페이 또는 계좌입금 확인 후 주소알려드려요 문고리거래해요

❗️비매너는 차단합니다(질문하고 읽씹)",2,1,78,100000,55,짱블링,판매완료,7,대구 달성군 구지면,https://www.daangn.com/kr/buy-sell/%EC%8A%A4%ED%86%A0%EC%BC%80-%ED%8A%B8%EB%A6%BD%ED%8A%B8%EB%9E%A9-%EB%89%B4%EB%B3%B8-%EC%84%B8%ED%8A%B8-1yhfsf7ns22y/
28/12/2025,스토케트립트랩뉴본세트그레이,"스토케 트립트랩 뉴본 세트입니다
색상은 그레이이고, 상태는 사진과 같습니다 편안한 각도로 신생아를 안전하게 지지해줍니다.
상태거의 새것입니다.",1,1,82,100000,55.3,탄탄파파,판매완료,1,경북 안동시 용상동,https://www.daangn.com/kr/buy-sell/%EC%8A%A4%ED%86%A0%EC%BC%80-%ED%8A%B8%EB%A6%BD%ED%8A%B8%EB%9E%A9-%EB%89%B4%EB%B3%B8-%EC%84%B8%ED%8A%B8-%EA%B7%B8%EB%A0%88%EC%9D%B4-so773g7eeuik/
11/10/2025,스토케트립트랩뉴본세트,"스토케 트립트랩 뉴본 세트입니다.
2022년 11월에 일본에서 직구한 제품입니다.
사용을 많이 하진 않아서
발 지지대에 조금 말고는 사용감은 거의 없어보이지만, 중고인점 감안 해주세요.",3,2,94,100000,41.8,반딧불,판매완료,2,경북 안동시 용상동,https://www.daangn.com/kr/buy-sell/%EC%8A%A4%ED%86%A0%EC%BC%80-%ED%8A%B8%EB%A6%BD%ED%8A%B8%EB%9E%A9-%EB%89%B4%EB%B3%B8-%EC%84%B8%ED%8A%B8-enixb9u587uu/
15/05/2026,스토케트립트랩뉴본세트그레이,"신생아부터 사용할 수 있는 스토케 트립트랩 뉴본 세트예요
안전벨트와 쿠션이 포함되어 있어 편안하게 사용할 수 있어요
사진에서 보이는 것처럼 깔끔한 그레이 색상이에요
주방생활을 거의안해서 눕힌건 10번도 안되요ㅠㅠ 
세탁은 1번했습니다 .이제 뒤집기 시작해서 판매해요 
산지 시간지난거 감안하고 싸게 팔아요
비대면 당근페이 원해요",2,2,49,100000,46.6,찐연이,판매완료,2,경북 경산시 하양읍,https://www.daangn.com/kr/buy-sell/%EC%8A%A4%ED%86%A0%EC%BC%80-%ED%8A%B8%EB%A6%BD%ED%8A%B8%EB%9E%A9-%EB%89%B4%EB%B3%B8-%EC%84%B8%ED%8A%B8-%EA%B7%B8%EB%A0%88%EC%9D%B4-e63vfgs1eg5z/
14/04/2026,스토케트립트랩뉴본그레이(인형x)(제작년도23.11월/가격내림),"신생아부터 사용 가능한 스토케 트립트랩 뉴본 세트예요
그레이 색상으로 어떤 인테리어에도 잘 어울려요
아기가 편안하게 앉아있을 수 있도록 디자인되었어요
신생아부터 사용하기 좋은 제품을 찾으시는 분들께 추천드려요

- 쌍둥이 육아중이라서 비대면 거래 원해요! 
- 하양 코아루 1차 입니다! ",4,3,108,100000,53.3,당근사고팔고,판매완료,2,경북 경산시 하양읍,https://www.daangn.com/kr/buy-sell/%EC%8A%A4%ED%86%A0%EC%BC%80-%ED%8A%B8%EB%A6%BD%ED%8A%B8%EB%9E%A9-%EB%89%B4%EB%B3%B8-%EA%B7%B8%EB%A0%88%EC%9D%B4-%EC%9D%B8%ED%98%95x-%EC%A0%9C%EC%9E%91%EB%85%84%EB%8F%8423-11%EC%9B%94-%EA%B0%80%EA%B2%A9%EB%82%B4%EB%A6%BC-4upzjbsnkqjd/
15/08/2025,스토케트립트랩뉴본,"뉴본 판매해요~
모빌 거치대 있고 재당근 아니에요!
새거 구매하고 3개월정도 잠깐 식탁에서 밥 먹을때 눕혀놨어요
사진에 보이는 구성 그대로에요~
직접 가지러 오셔야 돼요~",4,2,77,100000,43,지민,판매완료,1,서울시 종로구 통인동,https://www.daangn.com/kr/buy-sell/%EC%8A%A4%ED%86%A0%EC%BC%80-%ED%8A%B8%EB%A6%BD%ED%8A%B8%EB%9E%A9-%EB%89%B4%EB%B3%B8-pfoe7gujnxgp/
27/04/2026,스토케트립트랩뉴본세트그레이,"신생아부터 사용 가능한 스토케 트립트랩 뉴본세트예요
재당근이에요 
애기가 누워있는걸 싫어해서 오래 눕히지는 못했어요ㅠㅠ 

아무래도 중고이다보니 예민하신분은 피해주세요~
문고리 진행할게요!",2,6,132,100000,43.1,미또잉,판매완료,2,경기 양주시 덕계동,https://www.daangn.com/kr/buy-sell/%EC%8A%A4%ED%86%A0%EC%BC%80-%ED%8A%B8%EB%A6%BD%ED%8A%B8%EB%9E%A9-%EB%89%B4%EB%B3%B8%EC%84%B8%ED%8A%B8-%EA%B7%B8%EB%A0%88%EC%9D%B4-y7t2rkid1pb4/
15/02/2026,스토케트립트랩뉴본시트,"스토케 트립트랩 뉴본 시트입니다
재당근 입니다 상태는 아주좋습니다 
아기가 편안하게 사용할 수 있도록 부드러운 소재로 제작되었어요
풀셋트입니다 발에끼는거랑 모빌 걸이 잇습니당",5,9,298,100000,47.6,ffggffgg,판매완료,1,경기 양주시 덕계동,https://www.daangn.com/kr/buy-sell/%EC%8A%A4%ED%86%A0%EC%BC%80-%ED%8A%B8%EB%A6%BD%ED%8A%B8%EB%9E%A9-%EB%89%B4%EB%B3%B8-%EC%8B%9C%ED%8A%B8-yf8pzayv1sbx/
17/06/2025,스토케트립트랩뉴본세트,"스토케 트립트랩 뉴본세트 판매해요(재당근)
커버 씌어 쓰던 제품 당근해와서 신생아 때 정말 편하게 썼어요. 씻을때 설거지할때 밥먹을때 눈높이 맞게 눕혀두니 저도 편하고 아이도 잘 있었어요. 토하거나 대소변 실수없이 누워만 있던게 다라 세탁으로 인한 사용감외엔  오염없습니다.
아기세제로 세탁후 보풀제거까지 해서 보관해놨습니다.
연장글라인더는 당근할때부터 불포함이었고, 사진에 있는 구성 그대로입니다. 근접사진 참고해서 상태확인후 거래해주세요. ",2,1,137,100000,40.1,반갑습니다,판매완료,5,경기 양주시 덕계동,https://www.daangn.com/kr/buy-sell/%EC%8A%A4%ED%86%A0%EC%BC%80-%ED%8A%B8%EB%A6%BD%ED%8A%B8%EB%9E%A9-%EB%89%B4%EB%B3%B8%EC%84%B8%ED%8A%B8-t7wuv6rje6dd/
29/03/2025,스토케트립트랩뉴본세트,"구성품은 사진이 전부입니다
문고리 거래 가능합니다",1,1,116,100000,39.9,맹주,판매완료,2,경기 양주시 덕계동,https://www.daangn.com/kr/buy-sell/%EC%8A%A4%ED%86%A0%EC%BC%80-%ED%8A%B8%EB%A6%BD%ED%8A%B8%EB%9E%A9-%EB%89%B4%EB%B3%B8%EC%84%B8%ED%8A%B8-j7nwibfojzvj/
18/08/2024,스토케트립트랩뉴본세트,"상자 있습니다 상자에 넣어서 드릴게요
3개월 정도 사용했고 세탁을 자주 하면서 사용해서
깨끗합니다 다만 세탁을 하다보니 사용감 있을 수 있습니다 예민하신 분은 피해주세요!
선입금 후 주소 말씀 드릴게요!",8,0,187,100000,60.2,단단잉,판매완료,1,경기 양주시 덕계동,https://www.daangn.com/kr/buy-sell/%EC%8A%A4%ED%86%A0%EC%BC%80-%ED%8A%B8%EB%A6%BD%ED%8A%B8%EB%9E%A9-%EB%89%B4%EB%B3%B8%EC%84%B8%ED%8A%B8-jm9enu9nv4j5/
05/06/2026,스토케트립트랩뉴본세트(커버포함),"아기에게 편안함을 선사하는 스토케 트립트랩 뉴본세트예요
푹신한 쿠션감과 안전벨트로 아기가 안정감을 느낄 수 있어요
신생아부터 사용 가능하며, 트립트랩 의자에 쉽게 장착할 수 있답니다
* 재당근상품이지만 처음부터 커버사용했습니다.
* 커버포함이며 여아라 깨끗하게 사용했습니다.
* 오염 및 파손없습니다.
* 육아중이라 문고리 거래 희망하며 일요일에는 직거래 가능합니다.
 ※ 일요일에 배달 희망하시면 1만원에 춘천 전지역 배달가능합니다.",2,5,138,100000,39.1,수면,판매완료,2,강원 춘천시 퇴계동,https://www.daangn.com/kr/buy-sell/%EC%8A%A4%ED%86%A0%EC%BC%80-%ED%8A%B8%EB%A6%BD%ED%8A%B8%EB%9E%A9-%EB%89%B4%EB%B3%B8%EC%84%B8%ED%8A%B8-%EC%BB%A4%EB%B2%84%ED%8F%AC%ED%95%A8-y6m34dmxjdmj/
04/05/2026,스토케트립트랩뉴본세트,"문고리 거래입니다!

아기에게 편안한 자세를 선사하는 스토케 트립트랩 뉴본 세트예요
신생아부터 사용 가능하며, 안전벨트가 있어 아기를 안전하게 지켜줘요
푹신한 쿠션감으로 아기가 편안함을 느낄 수 있어요
아기에게 편안한 첫 경험을 선물하고 싶으신 분들께 추천드려요",2,0,137,100000,43.7,godjung,판매완료,1,강원 춘천시 퇴계동,https://www.daangn.com/kr/buy-sell/%EC%8A%A4%ED%86%A0%EC%BC%80-%ED%8A%B8%EB%A6%BD%ED%8A%B8%EB%9E%A9-%EB%89%B4%EB%B3%B8-%EC%84%B8%ED%8A%B8-ropxgb2d8ntu/
23/09/2025,스토케트립트랩뉴본세트,"스토케 트립트랩 뉴본세트 재당근입니다
박스랑 사진에 있는 구성품 들어 있어요~

쌔거는 아니라서 사용감은 있겠지만
흠 없이 거의 깨끗해서 사용하는데 전혀 지장 없습니다

세탁 후 보관해두었구요
중고거래 특성상 교환.환불 불가능입니다❌🙅🏻‍♀️

육아 중이라 비대면 거래할게요😊",1,1,130,100000,41.7,암쏘쏘리,판매완료,2,강원 춘천시 퇴계동,https://www.daangn.com/kr/buy-sell/%EC%8A%A4%ED%86%A0%EC%BC%80-%ED%8A%B8%EB%A6%BD%ED%8A%B8%EB%9E%A9-%EB%89%B4%EB%B3%B8%EC%84%B8%ED%8A%B8-4imwy1rspwo5/
24/06/2025,스토케트립트랩뉴본세트,"잠깐씩 잘 썼어요
엄마, 아빠 밥먹을 때 좋아요

상태 좋지만 어쩔 수 없이 사용감있을 수 있어요
가지러 오셔야해요",5,1,175,100000,41.1,봄애,판매완료,7,강원 춘천시 퇴계동,https://www.daangn.com/kr/buy-sell/%EC%8A%A4%ED%86%A0%EC%BC%80-%ED%8A%B8%EB%A6%BD%ED%8A%B8%EB%9E%A9-%EB%89%B4%EB%B3%B8%EC%84%B8%ED%8A%B8-iqjogz7awvts/
07/03/2025,스토케트립트랩뉴본세트,"재당근입니다.
제 눈으로는 오염 이염 하나도 없어요!
분유도 한 번 먹은 적 없이 누워만 있었는데
거의 사용은 안했어요.

📌비대면 문고리 거래
📌당근페이 거래",2,0,181,100000,58.5,jjjjian,판매완료,2,강원 춘천시 퇴계동,https://www.daangn.com/kr/buy-sell/%EC%8A%A4%ED%86%A0%EC%BC%80-%ED%8A%B8%EB%A6%BD%ED%8A%B8%EB%9E%A9-%EB%89%B4%EB%B3%B8%EC%84%B8%ED%8A%B8-42e8ko439vhv/
17/04/2026,스토케트립트랩뉴본세트그레이,"스토케 뉴본 세트(그레이)입니다. 상자가 없어 저렴하게 올립니다. 작년 6월 구입했고 실 사용 시기는 11월-4월 약 5개월입니다! 

세탁은 해두었으나 사용 전에 한 번 더 세탁하시는 것이 좋을 것 같습니다. 😀",1,2,55,100000,40.3,jyo,판매완료,1,경북 경주시 양남면,https://www.daangn.com/kr/buy-sell/%EC%8A%A4%ED%86%A0%EC%BC%80-%ED%8A%B8%EB%A6%BD%ED%8A%B8%EB%9E%A9-%EB%89%B4%EB%B3%B8-%EC%84%B8%ED%8A%B8-%EA%B7%B8%EB%A0%88%EC%9D%B4-hxwvxqa2z92h/
04/05/2026,스토케트립트랩뉴본세트,"신생아부터 사용 가능한 스토케 트립트랩 뉴본 세트
박스와 구성품(연장글라이더,모빌대) 포함 판매합니다!
세탁망 넣어서 세탁했는데 왜인지 보풀이 좀 일어나서 좀 저렴하게 올립니당 ㅠㅠ 마지막사진 참고해주세요
중고이다보니 반품안되니 감안하고 구매부탁드려용☺️",1,0,75,100000,37.8,당근당근,판매완료,3,경북 칠곡군 왜관읍,https://www.daangn.com/kr/buy-sell/%EC%8A%A4%ED%86%A0%EC%BC%80-%ED%8A%B8%EB%A6%BD%ED%8A%B8%EB%9E%A9-%EB%89%B4%EB%B3%B8-%EC%84%B8%ED%8A%B8-fjxi94cvmh61/
05/06/2026,스토케트립트랩뉴본세트그레이(재당근),"신생아부터 사용할 수 있는 스토케 트립트랩 뉴본 세트예요
그레이 색상으로 어떤 인테리어에도 잘 어울려요
안정감 있는 디자인으로 아기가 편안함을 느껴요
소중한 아기에게 편안한 첫 의자를 선물해주세요
-------------------------
어른들 식사시간에 식탁옆에 앉혀두는 용도로
아주 굿입니다~  쇼파앉아서 눈맞추기에도 좋아요!

재당근이지만 새것같은거 가져왔고 깨끗하게사용했어요
모빌대는 아예 사용안했습니다~

당근페이, 문고리",2,4,99,100000,54.1,꾀꼬리네,판매완료,4,인천 미추홀구 용현5동,https://www.daangn.com/kr/buy-sell/%EC%8A%A4%ED%86%A0%EC%BC%80-%ED%8A%B8%EB%A6%BD%ED%8A%B8%EB%9E%A9-%EB%89%B4%EB%B3%B8-%EC%84%B8%ED%8A%B8-%EA%B7%B8%EB%A0%88%EC%9D%B4-%EC%9E%AC%EB%8B%B9%EA%B7%BC-m7znox2n4obn/
02/06/2026,스토케트립트랩뉴본시트그레이,"신생아부터 사용할 수 있는 스토케 트립트랩 뉴본 시트예요
세탁해놨습니다",4,8,87,100000,43.6,루루루,판매완료,1,부산 기장군 정관읍,https://www.daangn.com/kr/buy-sell/%EC%8A%A4%ED%86%A0%EC%BC%80-%ED%8A%B8%EB%A6%BD%ED%8A%B8%EB%9E%A9-%EB%89%B4%EB%B3%B8-%EC%8B%9C%ED%8A%B8-%EA%B7%B8%EB%A0%88%EC%9D%B4-e2ztx86a1mr4/
06/05/2026,스토케트립트랩뉴본세트라이트그레이,"스토케 트립트랩 뉴본 세트 라이트 그레이 재당근입니다
사진에 보이는 구성품(모빌대, 연장글라이더, 설명서 등) 모두 다 드립니다. 
신생아부터 사용 가능한 제품입니다

깨끗한 상품 당근했고, 저도 많이 사용하진 않아 눈에 띄는 오염 없고 깨끗합니다. 
하지만 중고물품이다보니 예민하신 분은 사양합니다.

🙅‍♀️구매 후 교환, 환불불가🙅‍♀️
🥕매너 거래 부탁드립니다
🥕육아중으로 선입금 비대면 문고리 거래만 합니다
🥕육아로 인해 답변이 좀 느릴 수 있습니다.",2,1,75,100000,61.6,귀여운Ryan,판매완료,2,부산 기장군 정관읍,https://www.daangn.com/kr/buy-sell/%EC%8A%A4%ED%86%A0%EC%BC%80-%ED%8A%B8%EB%A6%BD%ED%8A%B8%EB%9E%A9-%EB%89%B4%EB%B3%B8-%EC%84%B8%ED%8A%B8-%EB%9D%BC%EC%9D%B4%ED%8A%B8-%EA%B7%B8%EB%A0%88%EC%9D%B4-fyb5vzkro2wt/
03/12/2025,스토케트립트랩뉴본세트,"사진에 보이는 구성입니다.
박스없습니다.
파손 이염없습니다.
선입금 주소드립니다.
반품사절",1,6,101,100000,49.2,쿨거래만,판매완료,7,부산 기장군 정관읍,https://www.daangn.com/kr/buy-sell/%EC%8A%A4%ED%86%A0%EC%BC%80-%ED%8A%B8%EB%A6%BD%ED%8A%B8%EB%9E%A9-%EB%89%B4%EB%B3%B8-%EC%84%B8%ED%8A%B8-7r5fdm3zmj9o/
21/09/2025,스토케트립트랩뉴본세트,"스토케 트립트랩 뉴본세트 판매합니다.
재당근이며, 연장 글라이더는 없습니다. 
그외 박스 포함 구성품 다 있습니다.
여아 혼자 사용하였으나, 역방쿠를 주로 사용하여  실제 사용 시간은 얼마 되지않습니다. 

문앞 비대면 거래 원합니다.
관심있으시면 편하게 연락주세요.",2,1,185,100000,41.6,빵똥빵똥,판매완료,2,부산 기장군 정관읍,https://www.daangn.com/kr/buy-sell/%EC%8A%A4%ED%86%A0%EC%BC%80-%ED%8A%B8%EB%A6%BD%ED%8A%B8%EB%9E%A9-%EB%89%B4%EB%B3%B8%EC%84%B8%ED%8A%B8-8mota71shqq2/
13/07/2024,스토케트립트랩뉴본팔아요!!,"상태 좋습니다. 깨끗하게 세탁해둔 상태 입니다.
박스 포함입니다!!
셀프수유쿠션 같이 포함 입니다.

",10,0,251,100000,42.2,v필봉이v,판매완료,6,부산 기장군 정관읍,https://www.daangn.com/kr/buy-sell/%EC%8A%A4%ED%86%A0%EC%BC%80-%ED%8A%B8%EB%A6%BD%ED%8A%B8%EB%9E%A9-%EB%89%B4%EB%B3%B8-%ED%8C%94%EC%95%84%EC%9A%94-av4nacwjvbs4/
17/04/2026,스토케트립트랩뉴본세트재당근,"신생아부터 6개월까지 사용할 수 있는 스토케 트립트랩 뉴본 세트입니다.
유명템인만큼 정말 잘썼어요. 추천합니다.
트리우스에서 문고리거래 원합니다.",4,5,84,100000,43.6,톨맘,판매완료,3,경기 광명시 광명동,https://www.daangn.com/kr/buy-sell/%EC%8A%A4%ED%86%A0%EC%BC%80-%ED%8A%B8%EB%A6%BD%ED%8A%B8%EB%9E%A9-%EB%89%B4%EB%B3%B8-%EC%84%B8%ED%8A%B8-%EC%9E%AC%EB%8B%B9%EA%B7%BC-tfq6urfubuyx/
04/04/2026,⭐️스토케트립트랩뉴본세트⭐️,"⭐️신생아부터 사용 가능한 스토케 트립트랩 뉴본 세트입니다

신생아부터 9kg까지 사용 가능하며, 아기가 편안하게 앉아 있을 수 있도록 디자인되었습니다

탈부착이 가능한 액세서리로 편리하게 사용할 수 있습니다

⭐️
- 100일전 잠깐 밥먹을때만 쓰다가 아이가 얼마안되서 바로 뒤집어서 그뒤로는 보관만했습니다
- 커버 세탁하긴했지만 찝찝하시면 다시 세탁하시고 사용하시면 될 것 같습니다
- 아이가 쓸때 한번도 게워냈다거나 음식물 묻거나 하지않아서 얼룩은 없지만 사용했던거라 예민하신분은,,,
- 정품등록 안했습니다


- 택배거래X, 네고X
- 직거래 광명푸르지오포레나",2,0,81,100000,56.3,멍구콧,판매완료,4,경기 광명시 광명동,https://www.daangn.com/kr/buy-sell/%EC%8A%A4%ED%86%A0%EC%BC%80-%ED%8A%B8%EB%A6%BD%ED%8A%B8%EB%9E%A9-%EB%89%B4%EB%B3%B8-%EC%84%B8%ED%8A%B8-zrtk7c62eboc/
17/05/2026,스토케트립트랩뉴본세트그레이(재당근),"올 초에 상태 좋은 새 상품 당근해서 사용하다
이유식 시작해서 내놓습니다
제품 특성상 사용 시기가 짧아 물건 상태 양호하나
재당근인점 감안하여 저렴하게 내놓아요

문고리 거래만 가능
환불/반품 불가입니다",2,3,94,100000,49.6,Rocio,판매완료,2,인천 미추홀구 주안3동,https://www.daangn.com/kr/buy-sell/%EC%8A%A4%ED%86%A0%EC%BC%80-%ED%8A%B8%EB%A6%BD%ED%8A%B8%EB%9E%A9-%EB%89%B4%EB%B3%B8-%EC%84%B8%ED%8A%B8-%EA%B7%B8%EB%A0%88%EC%9D%B4-%EC%9E%AC%EB%8B%B9%EA%B7%BC-xviuyokgd38a/
10/09/2025,스토케트립트랩뉴본세트판매(가격내림),"새제품 깨끗하게 사용 후 세탁해 놨습니다!
아기물건이라 향나는 세제는 사용하지 않았습니다",2,4,158,100000,38.8,bininini,판매완료,4,인천 미추홀구 주안3동,https://www.daangn.com/kr/buy-sell/%EC%8A%A4%ED%86%A0%EC%BC%80-%ED%8A%B8%EB%A6%BD%ED%8A%B8%EB%9E%A9-%EB%89%B4%EB%B3%B8%EC%84%B8%ED%8A%B8-%ED%8C%90%EB%A7%A4-%EA%B0%80%EA%B2%A9%EB%82%B4%EB%A6%BC-2dgvf68xxda2/
27/03/2026,"스토케트립트랩뉴본세트(박스,설명서포함)","6개월 동안 아기 두고 밥 먹거나 설거지할 때, 역류 방지로 정말 잘 썼어요~~

매번 건조기를 사용해서 그런지 밴딩이 많이 늘어나 저렴하게 올려요~

요즘 일부로 2-3만원짜리 예쁜커버 사서 바꿔 쓰시더라고요. 젬베베 어텀31 등으로 교체하심 될 것 같아요.


🔴모빌포함, 연장 글라이더 미포함
🔴밴딩이 좀 늘어나 2-3만원짜리 커버로 교체 추천
✨거래 후 환불 불가
✨육아 중이라 문고리 거래만 가능
✨입금 주시면 상세주소, 주차등록 해드려요 :)",3,10,348,100000,42.7,goooodday,판매완료,10,경기 안양시 동안구 비산3동,https://www.daangn.com/kr/buy-sell/%EC%8A%A4%ED%86%A0%EC%BC%80-%ED%8A%B8%EB%A6%BD%ED%8A%B8%EB%9E%A9-%EB%89%B4%EB%B3%B8-%EC%84%B8%ED%8A%B8-%EB%B0%95%EC%8A%A4-%EC%84%A4%EB%AA%85%EC%84%9C-%ED%8F%AC%ED%95%A8-czyo66kc1z1j/
13/10/2024,스토케트립트랩뉴본세트,"신생아때 정말 잘 쓴 아이템중 하나입니다
당근 보내기 아쉬울 정도로…

깨끗히 세탁해두었고, 연장글라이더는 안썼어요!
박스 있고 가져가시면 됩니다 ☺️

중고기 때문에 생활감은 있어요
아기가 있어 문고리 거래 합니다

예민한분 ❌
네고 환불 ❌",6,0,293,100000,68,당그니가당그니,판매완료,8,경기 안양시 동안구 비산3동,https://www.daangn.com/kr/buy-sell/%EC%8A%A4%ED%86%A0%EC%BC%80-%ED%8A%B8%EB%A6%BD%ED%8A%B8%EB%9E%A9-%EB%89%B4%EB%B3%B8%EC%84%B8%ED%8A%B8-rti1f3s9btc7/
28/05/2026,스토케트립트랩뉴본,세탁완료 커버 같이 드립니다.,1,3,98,100000,42.1,디웅,판매완료,1,광주 북구 건국동,https://www.daangn.com/kr/buy-sell/%EC%8A%A4%ED%86%A0%EC%BC%80-%ED%8A%B8%EB%A6%BD%ED%8A%B8%EB%9E%A9-%EB%89%B4%EB%B3%B8-koykvysz7gv9/
28/04/2025,스토케트립트랩뉴본세트(재당근),"스토케 트립트랩 뉴본 세트 판매합니다
저희 아기는 싫어해서 많이 못 썼어요ㅠㅠ
뉴본에서 수유하거나 잠을 잔 적도 없습니다~ 

아기세제로 세탁해놔서 바로 사용하시면 됩니다. 

박스, 연장글라이더, 모빌대 모두 있어요

육아중이라 문고리거래 희망합니다.",4,2,110,100000,45.9,yeeeoon,판매완료,5,서울시 종로구 창신동,https://www.daangn.com/kr/buy-sell/%EC%8A%A4%ED%86%A0%EC%BC%80-%ED%8A%B8%EB%A6%BD%ED%8A%B8%EB%9E%A9-%EB%89%B4%EB%B3%B8%EC%84%B8%ED%8A%B8-%EC%9E%AC%EB%8B%B9%EA%B7%BC-n948b8zyern5/
08/02/2026,스토케트립트랩뉴본세트그레이,"스토케 트립트랩 뉴본 세트 그레이 색상입니다
신생아부터 안전하게 사용할 수 있어요
- 트립트랩 의자에 장착하여 사용
- 안전벨트 포함
- 모빌대 포함
상태는 사진과 같습니다

깨끗한 편인데 사용감있어요. 환불x
문앞 비대면 거래할게요^^",3,1,85,100000,44.8,워니닝,판매완료,2,전남 나주시 금천면,https://www.daangn.com/kr/buy-sell/%EC%8A%A4%ED%86%A0%EC%BC%80-%ED%8A%B8%EB%A6%BD%ED%8A%B8%EB%9E%A9-%EB%89%B4%EB%B3%B8-%EC%84%B8%ED%8A%B8-%EA%B7%B8%EB%A0%88%EC%9D%B4-5neq4to3rahi/
12/11/2025,스토케트립트랩뉴본,"스토케 트립트랩 뉴본 시트입니다

- 색상은 회색입니다
- 25년 8월에 구매
- 트립트랩 의자에 쉽게 설치 가능합니다
- 얼룩이 조금 있습니다 (사진 참고)",1,7,145,100000,46.3,지누지누,판매완료,2,전남 나주시 금천면,https://www.daangn.com/kr/buy-sell/%EC%8A%A4%ED%86%A0%EC%BC%80-%ED%8A%B8%EB%A6%BD%ED%8A%B8%EB%9E%A9-%EB%89%B4%EB%B3%B8-n4hcj7q837mo/
07/04/2026,스토케트립트랩뉴본세트,"스토케 트립트랩 뉴본 세트입니다
트립트랩에 장착하여 신생아부터 사용할 수 있습니다
",5,0,68,100000,40.5,블레온,판매완료,3,경기 안양시 만안구 호현동,https://www.daangn.com/kr/buy-sell/%EC%8A%A4%ED%86%A0%EC%BC%80-%ED%8A%B8%EB%A6%BD%ED%8A%B8%EB%9E%A9-%EB%89%B4%EB%B3%B8-%EC%84%B8%ED%8A%B8-ncqgdw3ea9bg/
26/04/2026,스토케트립트랩뉴본세트그레이,"트립트랩 뉴본 판매합니다
박스 있고 상태 괜찮습니다!

한번 세탁해서 사용하시면 될 것 같아요
문고리 거래 희망",4,5,107,100000,46.9,졍이모,판매완료,3,경기 고양시 덕양구 신원동,https://www.daangn.com/kr/buy-sell/%EC%8A%A4%ED%86%A0%EC%BC%80-%ED%8A%B8%EB%A6%BD%ED%8A%B8%EB%9E%A9-%EB%89%B4%EB%B3%B8-%EC%84%B8%ED%8A%B8-%EA%B7%B8%EB%A0%88%EC%9D%B4-7owxwye612qj/
19/10/2025,스토케트립트랩뉴본세트,"스토케 트립트랩 뉴본 세트입니다
안전벨트도 포함되어 있습니다
누워있는걸 싫어하여 실사용횟수가 적고 패드깔고 사용했어요:)",1,0,137,100000,43.2,아조씨,판매완료,1,경남 김해시 동상동,https://www.daangn.com/kr/buy-sell/%EC%8A%A4%ED%86%A0%EC%BC%80-%ED%8A%B8%EB%A6%BD%ED%8A%B8%EB%9E%A9-%EB%89%B4%EB%B3%B8%EC%84%B8%ED%8A%B8-5124pgeckmy7/
22/10/2025,스토케트립트랩뉴본세트,"스토케 트립트랩 뉴본 세트입니다
세탁완료하였고 제 기준 얼룩은 없습니다
아기가 뒤집기 시작해서 판매합니다! 
트립트랩 연장받침대도 있어요! 

- 신생아부터 사용 가능한 제품이에요
- 분리 및 조립이 간편

육아 중이라 답변 느릴 수도 있습니다!

💙문고리거래
💙당근페이 환영
💙선입금 후 주소 공개",4,6,129,100000,57.9,어늘은멀사징,판매완료,3,경기 양주시 회천2동,https://www.daangn.com/kr/buy-sell/%EC%8A%A4%ED%86%A0%EC%BC%80-%ED%8A%B8%EB%A6%BD%ED%8A%B8%EB%9E%A9-%EB%89%B4%EB%B3%B8-%EC%84%B8%ED%8A%B8-qq8akvrsqepz/
27/03/2026,스토케트립트랩뉴본세트(재당근x),"스토케 트립트랩 뉴본 세트 판매해요

23년 4월에 롯백 새상품 구매하여 첫째 둘째 사용하고 판매해요.

어깨부분 끈은 빼놓고 사용해서 상태 좋지만 다른 부분 안전벨트는 사용감 있는점 참고해주세요.

신생아부터 사용할 수 있는 뉴본 세트이고, 
박스는 없으며 안전벨트와 쿠션, 모빌거치대 포함되어 있어요!

중고 특성상 교환 환불은 어렵습니다.
문고리 거래 가능해요.
선입금 확인 후 주소알려드려요!",2,0,62,100000,42.6,얄리얄라,판매완료,5,경기 화성시 병점구 안녕동,https://www.daangn.com/kr/buy-sell/%EC%8A%A4%ED%86%A0%EC%BC%80-%ED%8A%B8%EB%A6%BD%ED%8A%B8%EB%9E%A9-%EB%89%B4%EB%B3%B8-%EC%84%B8%ED%8A%B8-%EC%9E%AC%EB%8B%B9%EA%B7%BCx-twq1izg8pxr6/
05/01/2026,스토케트립트랩뉴본세트(모빌대x),"스토케 트립트랩 뉴본 세트입니다

이제 뒤집기해서 급처합니다. 
찔러보기x 
고민없이 쿨거하시면 
조금 네고드립니다. 

모빌및 상자는 없습니다. 
안전 연장스토퍼 있습니다. 

신생아부터 사용할 수 있어서 덕분에 밥도먹고
옆에두고 일도하고 그랬어요.",1,0,60,100000,49.2,모모짱,판매완료,3,경기 화성시 병점구 안녕동,https://www.daangn.com/kr/buy-sell/%EC%8A%A4%ED%86%A0%EC%BC%80-%ED%8A%B8%EB%A6%BD%ED%8A%B8%EB%9E%A9-%EB%89%B4%EB%B3%B8-%EC%84%B8%ED%8A%B8-%EB%AA%A8%EB%B9%8C%EB%8C%80x-fa5884qwrc1u/
06/03/2026,스토케트립트랩뉴본세트그레이,"스토케 트립트랩 뉴본 세트 그레이 색상입니다
친구에게 물려받았는데 저는 이미 가지고 있어서 판매해요
상태는 사진과 같이 아주 좋습니다
거래는 문고리 거래 희망합니다

박스X
연장글라이더X
",2,1,80,100000,39.7,여므아,판매완료,3,경기 남양주시 별내동,https://www.daangn.com/kr/buy-sell/%EC%8A%A4%ED%86%A0%EC%BC%80-%ED%8A%B8%EB%A6%BD%ED%8A%B8%EB%9E%A9-%EB%89%B4%EB%B3%B8-%EC%84%B8%ED%8A%B8-%EA%B7%B8%EB%A0%88%EC%9D%B4-jorxxamhigfg/
27/01/2026,스토케트립트랩뉴본세트그레이(재당근),"스토케 트립트랩 뉴본 세트 그레이 색상입니다.
신생아부터 트립트랩 의자에 장착하여 사용할 수 있는 제품이에요.

모든 구성품 깨끗하게 세탁하여 보관 중입니다.
깨끗한 상품 당근해서 6개월 동안 잘 사용했습니다!
얼룩진거 없이 깨끗하게 사용하고 당근합니다!

그래도 중고제품이니 신중히 구매해주세요.

✔️문고리거래 원합니다",1,1,70,100000,43.3,포뇨,판매완료,4,경기 남양주시 별내동,https://www.daangn.com/kr/buy-sell/%EC%8A%A4%ED%86%A0%EC%BC%80-%ED%8A%B8%EB%A6%BD%ED%8A%B8%EB%9E%A9-%EB%89%B4%EB%B3%B8-%EC%84%B8%ED%8A%B8-%EA%B7%B8%EB%A0%88%EC%9D%B4-%EC%9E%AC%EB%8B%B9%EA%B7%BC-nrkyz93236j3/
09/01/2026,스토케트립트랩뉴본,"트립트랩 뉴본 재당근입니다.
상태 좋은 물건 구매해서 깨끗하게 썼습니다.
하자 없고 구성품 모두 있습니다.


🔸
아이 육아중이라 채팅문의는 괜찮지만
직거래 약속은 구매하실 분만 부탁드립니다

🔸
중고거래 특성 상 교환 환불 불가합니다
신중한 구매 부탁드려요

🔸
미리내마을 4-3단지 정문 근처 거래 원합니다
(또는 상황에 따라 문고리 거래 가능)

🔸
부피가 있어서 택배는 불가합니다",3,6,262,100000,53.3,블리니,판매완료,5,경기 남양주시 별내동,https://www.daangn.com/kr/buy-sell/%EC%8A%A4%ED%86%A0%EC%BC%80-%ED%8A%B8%EB%A6%BD%ED%8A%B8%EB%9E%A9-%EB%89%B4%EB%B3%B8-yre2pu23h4pn/
15/12/2025,스토케트립트랩뉴본세트,"스토케 트립트랩 뉴본 세트 판매합니다!
재당근이라 저렴히 내놔요!

사진에 보이는 구성품전부입니다!
제가볼때는 상태너무 좋고
눈에보이는 얼룩은없으나 중고인점감안해주시고

예민맘은 피해주세요~
환불 네고 연락안받습니다

육아로인해 문고리거래할게요~",1,2,115,100000,53.7,집정리중,판매완료,1,경기 남양주시 별내동,https://www.daangn.com/kr/buy-sell/%EC%8A%A4%ED%86%A0%EC%BC%80-%ED%8A%B8%EB%A6%BD%ED%8A%B8%EB%9E%A9-%EB%89%B4%EB%B3%B8-%EC%84%B8%ED%8A%B8-vxy8zyqebdmu/
25/11/2025,스토케트립트랩뉴본,"스토케 트립트랩 뉴본입니다.
선물받아 3개월정도 여아 혼자 사용했어요.
뉴본에선 수유하지 않고 식사시간에 식탁옆에 눕혀놓을때만 사용했어요.
모빌대 포함이며, 박스와 연장글라이더는 미포함입니다.
벨트포함해서 전체 세탁해두었고 크게 보이는 얼룩이나 보풀은 없으나 발견하지 못한 오염은 있을 수 있습니다.
그래도 중고이니 예민하신 분들은 피해주세요.",1,3,125,100000,42.8,메롱,판매완료,1,경기 남양주시 별내동,https://www.daangn.com/kr/buy-sell/%EC%8A%A4%ED%86%A0%EC%BC%80-%ED%8A%B8%EB%A6%BD%ED%8A%B8%EB%9E%A9-%EB%89%B4%EB%B3%B8-bdb8nhyva26m/
14/06/2025,스토케트립트랩뉴본,"스토케 트립트랩 뉴본세트입니다.
아기때 분유먹이기 좋고 식사할때 옆에 두고 눈맞춤하니 좋았습니다.

깨끗하게 사용했고, 상태 좋지만 중고이니만큼 사용감은 있어요. 상자는 없고 세탁해놔서 바로 사용하셔도 돼요.
연장글라인더는 베이비세트에 있는거 사용해서 안썼어요.

-중고거래 특성상 교환,환불 불가합니다.
-비대면 거래 원합니다.
-당근페이 거래 원합니다.
-구매의지 있으신 분만 연락주세요.",5,1,216,100000,41.4,라즈베리소르베,판매완료,2,경기 양주시 옥정동,https://www.daangn.com/kr/buy-sell/%EC%8A%A4%ED%86%A0%EC%BC%80-%ED%8A%B8%EB%A6%BD%ED%8A%B8%EB%9E%A9-%EB%89%B4%EB%B3%B8-73fsb94js9nn/
13/05/2026,스토케트립트랩뉴본세트입니다~,"트립트랩 그레이 뉴본세트에요
구성품은 전부 다 있구요~ 
박스만 없어서 싸게 올립니다~ 
깨끗하게 세탁해서 포장해놨고 다시 세척하셔도 되요~ 아기가 있어서 문고리로 거래원합니다.",1,3,203,100000,40.9,아롱쓰,판매완료,10,경기 양주시 옥정동,https://www.daangn.com/kr/buy-sell/%EC%8A%A4%ED%86%A0%EC%BC%80-%ED%8A%B8%EB%A6%BD%ED%8A%B8%EB%9E%A9-%EB%89%B4%EB%B3%B8%EC%84%B8%ED%8A%B8%EC%9E%85%EB%8B%88%EB%8B%A4-dsr861wagkr8/
26/05/2026,스토케트립트랩뉴본개봉미사용,"스토케 트립트랩 뉴본
바닥에 앉아 생활하느라 
한번도 사용하지 않아 판매합니다
계속 쓸 생각에 박스도 다 버려 제품만 있습니다 

세탁후 정리 해둠.

다른제품도 저렴하게 정리하니 구경하세요",3,9,363,100000,40.6,슬픈하모니카,판매완료,2,경기 양주시 옥정동,https://www.daangn.com/kr/buy-sell/%EC%8A%A4%ED%86%A0%EC%BC%80-%ED%8A%B8%EB%A6%BD%ED%8A%B8%EB%9E%A9-%EB%89%B4%EB%B3%B8-%EA%B0%9C%EB%B4%89-%EB%AF%B8%EC%82%AC%EC%9A%A9-4mypvbowa17b/
25/03/2026,스토케트립트랩뉴본세트,"스토케 트립트랩 뉴본 판매합니다.
커버 싹 세탁해서 박스에 넣어놨어요",3,5,241,100000,44.9,꼬북,판매완료,4,경기 양주시 옥정동,https://www.daangn.com/kr/buy-sell/%EC%8A%A4%ED%86%A0%EC%BC%80-%ED%8A%B8%EB%A6%BD%ED%8A%B8%EB%9E%A9-%EB%89%B4%EB%B3%B8-%EC%84%B8%ED%8A%B8-uhu499exsp81/
28/02/2026,재당근🥕👩🏻‍🌾))스토케트립트랩뉴본세트(뉴본만),"재당근🥕👩🏻‍🌾))

스토케 트립트랩 뉴본 세트 판매합니다!
아기가 편안하게 사용할 수 있도록 부드러운 쿠션감으로 제작되었어요
- 트립트랩에 간편하게 장착 가능합니다
- 안전벨트가 있어 더욱 안전하게 사용할 수 있습니다
사진에서 보이는 약간의 사용감 외에는 상태 좋습니다


📍🙋🏻‍♀️
3개월정도 깨끗하게 사용한 제품 재당근 해온거에요!
아직 해체전이구요 이제 이유식을 시작해야 해서 곧 해체할거라 판매글올려요 ~
사진에 보시면 자주사용하는 곳에 보풀있고(다리쪽) 팔 안전벨트쪽에 보풀제거하다가 튄 흔적있습니다~
고지 했기에 이걸로 인한 환불 어렵습니다😅

구매 했을 당시 판매자분께서 주신 박스,비닐, 연장글라이더,모빌거치대 전부 있고 연장글라이더 저는 사용x, 모빌거치대 한번 걸쳐보고 보관만 했습니다!
글 자세히 잘 읽어보시고 챗 주세요



🐰🥕당근페이 결제 후 상세주소 드릴게요 
🐰🥕문고리 거래합니다 
🐰🥕예민맘은 정중히 사양합니다
🐰🥕환불 불가입니다",1,3,99,100000,62.1,꽃기,판매완료,4,경기 양주시 옥정동,https://www.daangn.com/kr/buy-sell/%EC%9E%AC%EB%8B%B9%EA%B7%BC-%EC%8A%A4%ED%86%A0%EC%BC%80-%ED%8A%B8%EB%A6%BD%ED%8A%B8%EB%9E%A9-%EB%89%B4%EB%B3%B8-%EC%84%B8%ED%8A%B8-%EB%89%B4%EB%B3%B8%EB%A7%8C-hshbmd9y38za/
22/02/2026,스토케트립트랩뉴본세트,"스토케 트립트랩 뉴본 세트입니다. 
모빌대? 있습니다. 같이 드려요~

문고리거래합니다.
이유식 시작전까지 필요하니 
꼭 필요하신분  연락주세요. 
",3,3,125,100000,44.1,여름아기,판매완료,1,경기 양주시 옥정동,https://www.daangn.com/kr/buy-sell/%EC%8A%A4%ED%86%A0%EC%BC%80-%ED%8A%B8%EB%A6%BD%ED%8A%B8%EB%9E%A9-%EB%89%B4%EB%B3%B8-%EC%84%B8%ED%8A%B8-kbufd4a18a4w/
16/02/2026,스토케트립트랩뉴본세트,"스토케 트립트랩 뉴본 세트입니다

뉴본, 모빌대, 연장글라이더 세트입니다. 

생활 사용감 있지만 전체적으로 깨끗합니다!
세탁 완료 후 보관중입니다. 

중고제품 특성상 반품불가
예민맘은 피해주세요",2,4,99,100000,47.8,sue14,판매완료,5,경기 양주시 옥정동,https://www.daangn.com/kr/buy-sell/%EC%8A%A4%ED%86%A0%EC%BC%80-%ED%8A%B8%EB%A6%BD%ED%8A%B8%EB%9E%A9-%EB%89%B4%EB%B3%B8-%EC%84%B8%ED%8A%B8-z2zzmr5jinyn/
25/01/2026,스토케트립트랩뉴본세트그레이,"스토케 트립트랩 뉴본 세트 그레이 입니다
(연장글라이더X)
아기가 뉴본 싫어해서 몇번 사용 못했어요
이염 및 보풀 없고 거의 새상품급으로 깨끗해요

연장글라이더는 베이비세트 구매하심 
포함되어 있어요!!

육아중이라 문고리거래합니다",2,4,101,100000,44,위브,판매완료,2,경기 양주시 옥정동,https://www.daangn.com/kr/buy-sell/%EC%8A%A4%ED%86%A0%EC%BC%80-%ED%8A%B8%EB%A6%BD%ED%8A%B8%EB%9E%A9-%EB%89%B4%EB%B3%B8-%EC%84%B8%ED%8A%B8-%EA%B7%B8%EB%A0%88%EC%9D%B4-mgta51i7qfsr/
24/01/2026,스토케트립트랩뉴본세트,"스토케 트립트랩 뉴본 세트 풀박스로 판매합니다.

트립트랩 뉴본시트 풀박스 팝니다 
박스및 기본구성품 모두 보관중입니다
정품 등록되어 있으며 전체적으로 상태 양호합니다.
연장글라이드는 사용안해서 완전 새거에요.

추가로 어텀31에서 구매한 커버가 함께 드려요.
양면으로 사용 가능하며 핑크+베이지 색상입니다.
두번째 사진이 피팅한 사진입니다. 파스텔 색상이라 인테리어 해치지 않아요.
(모빌대의 하트고리링은 개인소장 제품입니다.)

뉴본 본체 + 연장글라이드 + 모빌대 + 사용설명서 + 박스 + 추가 구매 커버

문고리 거래 희망 (옥정 이편한세상에듀써밋)

상태에 깨끗하지만 빠르게 처분하고 싶어 당근 시세 (11-14만원) 보다 저렴하게 판매하오니 네고는 어렵습니다.",2,4,117,100000,44.4,하니코,판매완료,2,경기 양주시 옥정동,https://www.daangn.com/kr/buy-sell/%EC%8A%A4%ED%86%A0%EC%BC%80-%ED%8A%B8%EB%A6%BD%ED%8A%B8%EB%9E%A9-%EB%89%B4%EB%B3%B8-%EC%84%B8%ED%8A%B8-mjz57v3ws6xg/
21/01/2026,스토케트립트랩뉴본세트,"스토케 트립트랩 뉴본 세트 그레이 색상 판매합니다
새상품 선물받아 한아이만 사용했는데 아이가 누워있는걸 별로  안좋아해서 실사용 10회도 안됩니다 
구성품 모두 빠짐없이 들어있습니다

문고리거래합니다 !",3,5,176,100000,46.4,지짱짱,판매완료,2,경기 양주시 옥정동,https://www.daangn.com/kr/buy-sell/%EC%8A%A4%ED%86%A0%EC%BC%80-%ED%8A%B8%EB%A6%BD%ED%8A%B8%EB%9E%A9-%EB%89%B4%EB%B3%B8-%EC%84%B8%ED%8A%B8-cxysymb3wwyb/
27/05/2026,스토케트립트랩뉴본세트,"신생아부터 사용 가능한 스토케 트립트랩 뉴본 세트예요
뉴본과 뉴본모빌대 있어요
박스같이 가지고 있어요
밥먹을때도 옆에두고 먹기 좋고 바닥에 내렸다올렸다하는거보다 훨씬 편해요

🎈연장글라이더는 없어요",2,2,73,100000,48.4,위드,판매완료,3,충북 청주시 흥덕구 오송읍,https://www.daangn.com/kr/buy-sell/%EC%8A%A4%ED%86%A0%EC%BC%80-%ED%8A%B8%EB%A6%BD%ED%8A%B8%EB%9E%A9-%EB%89%B4%EB%B3%B8-%EC%84%B8%ED%8A%B8-ih616i3xnibq/
05/05/2026,스토케트립트랩뉴본세트그레이,"스토케 트립트랩 뉴본 세트 그레이 색상이에요
신생아부터 사용 가능한 제품이에요~

아이가 거부해서 판매하게 되었어요.",6,2,91,100000,39.1,당근완,판매완료,4,충북 청주시 흥덕구 오송읍,https://www.daangn.com/kr/buy-sell/%EC%8A%A4%ED%86%A0%EC%BC%80-%ED%8A%B8%EB%A6%BD%ED%8A%B8%EB%9E%A9-%EB%89%B4%EB%B3%B8-%EC%84%B8%ED%8A%B8-%EA%B7%B8%EB%A0%88%EC%9D%B4-ekggv17ov99v/
18/02/2026,스토케트립트랩뉴본세트,"스토케 트립트랩 뉴본 세트 판매합니다!
모빌대, 연장글라이더 모두 있고 모빌대는 따로 사용하지 않았어요.
작년 7월부터 10월까지 사용했어요.
조카 물려주려다 다른 하이체어산다고 해서 보관하다 올립니다.

💛아기가 있어 비대면 문고리 거래 선호합니다.
💛상태좋지만 중고품입니다. 예민한 분❌
💛중고거래 특성상 거래 이후 반품❌",5,2,117,100000,66.5,루리,판매완료,1,충북 청주시 흥덕구 오송읍,https://www.daangn.com/kr/buy-sell/%EC%8A%A4%ED%86%A0%EC%BC%80-%ED%8A%B8%EB%A6%BD%ED%8A%B8%EB%9E%A9-%EB%89%B4%EB%B3%B8-%EC%84%B8%ED%8A%B8-qpr1mqsm95id/
03/02/2026,스토케트립트랩뉴본세트그레이,"스토케 트립트랩 뉴본 세트 그레이 색상입니다
신생아부터 9kg까지 사용 가능

세탁해놔서 바로사용가능",6,7,220,100000,51,우2,판매완료,2,충북 청주시 흥덕구 오송읍,https://www.daangn.com/kr/buy-sell/%EC%8A%A4%ED%86%A0%EC%BC%80-%ED%8A%B8%EB%A6%BD%ED%8A%B8%EB%9E%A9-%EB%89%B4%EB%B3%B8-%EC%84%B8%ED%8A%B8-%EA%B7%B8%EB%A0%88%EC%9D%B4-5wib9mz52qwd/
01/02/2026,스토케트립트랩뉴본(구매인증),"스토케 트립트랩 뉴본 세트 그레이 색상 판매합니다
사진에서 보시는 것처럼 전체적으로 깨끗한 상태입니다
신생아부터 사용 가능하며, 아기가 편안하게 앉을 수 있도록 인체공학적으로 디자인되었어요
안전한 5점식 하네스가 있어 아기를 안전하게 고정할 수 있고, 패브릭은 세탁이 가능해서 위생적으로 관리하기 좋습니다

아기 신생아때 3개월 정도 짧게 사용했고 
자주쓰지않아서 상태 매우 깨끗합니다
세탁해서 보관해놓다가 지금 올려요!
비대면 문고리거래 가능합니다😀

환불❌",4,5,87,100000,44.2,뽀드니,판매완료,5,충북 청주시 흥덕구 오송읍,https://www.daangn.com/kr/buy-sell/%EC%8A%A4%ED%86%A0%EC%BC%80-%ED%8A%B8%EB%A6%BD%ED%8A%B8%EB%9E%A9-%EB%89%B4%EB%B3%B8-%EA%B5%AC%EB%A7%A4%EC%9D%B8%EC%A6%9D-kdjdcrcz432h/
11/03/2026,스토케트립트랩뉴본세트,"스토케 트립트랩 뉴본 세트입니다
허리를 숙이지 않고 아기를 안을수있어 허리에 부담이 덜합니다!
(안전벨트 포함)
(모빌대포함)
사진 보이는데로 다 드리고
세탁은 해놨습니다~
약간의 사용감은 있지만 전체적으로 상태는 괜찮습니다

-중고 제품이므로 교환, 환불 불가합니다. 
-육아 중으로 문고리 거래 환영합니다.",2,5,90,100000,42.7,천연뽀,판매완료,5,경기 안산시 단원구 신길동,https://www.daangn.com/kr/buy-sell/%EC%8A%A4%ED%86%A0%EC%BC%80-%ED%8A%B8%EB%A6%BD%ED%8A%B8%EB%9E%A9-%EB%89%B4%EB%B3%B8-%EC%84%B8%ED%8A%B8-1yzjz97dojfb/
12/01/2026,스토케트립트랩뉴본세트,"스토케 트립트랩 뉴본 세트입니다
아기에게 편안한 환경을 제공하고, 트립트랩 의자에 쉽게 탈부착이 가능합니다
SAGA 패턴 커버 포함되어 있습니다

커버사용해서 깨끗합니다.
사용감 좀 있으니 예민맘사절합니다
세탁완료했어요!! 

월포경동메르빌 비대면거래입니다.",3,8,212,100000,47.1,도담도담,판매완료,2,경남 창원시 마산합포구 월포동,https://www.daangn.com/kr/buy-sell/%EC%8A%A4%ED%86%A0%EC%BC%80-%ED%8A%B8%EB%A6%BD%ED%8A%B8%EB%9E%A9-%EB%89%B4%EB%B3%B8-%EC%84%B8%ED%8A%B8-tg1i27f1quuu/
30/12/2025,스토케트립트랩뉴본세트팔아요.(박스있음),"스토케 트립트랩 뉴본 세트 판매합니다
박스도 있어서 안전하게 보관 가능하고, 5점식 안전벨트로 아기를 안전하게 지지해줍니다
- 다리 지지대로 편안함 제공
- 원 핸드 트리거로 각도 조절이 용이
- 통기성이 좋은 구조로 아기에게 쾌적함 제공",2,9,156,100000,53.6,팡핑,판매완료,3,경기 고양시 일산서구 주엽동,https://www.daangn.com/kr/buy-sell/%EC%8A%A4%ED%86%A0%EC%BC%80-%ED%8A%B8%EB%A6%BD%ED%8A%B8%EB%9E%A9-%EB%89%B4%EB%B3%B8-%EC%84%B8%ED%8A%B8-%ED%8C%94%EC%95%84%EC%9A%94-%EB%B0%95%EC%8A%A4%EC%9E%88%EC%9D%8C-g1h35wjf2xff/
27/10/2025,스토케트립트랩뉴본세트,"스토케 트립트랩 뉴본 세트 판매합니다
- 박스 있습니다
- 연장글라이더도 있어요(박스는 없음)
따로 지퍼백에 넣어놨어요
- 모빌거치대 있습니다

물려받은거고 다섯번도 안눕힌거 같네요
별로 안좋아해서 못눕혔어요
이제 베이비세트 쓸 때 되어서 보냅니다

천기저귀 깔고 썼었는데 혹시 모르니 세탁은 해서
사용하셔요

주엽 롯데마트 근처에서 문고리 거래합니다
당근페이 해주시면 집주소 알려드려요

교환 환불 불가합니다",2,1,157,100000,50.7,둘리,판매완료,5,경기 고양시 일산서구 주엽동,https://www.daangn.com/kr/buy-sell/%EC%8A%A4%ED%86%A0%EC%BC%80-%ED%8A%B8%EB%A6%BD%ED%8A%B8%EB%9E%A9-%EB%89%B4%EB%B3%B8-%EC%84%B8%ED%8A%B8-nddcp5ry6b68/
03/04/2025,스토케트립트랩뉴본세트,"생각보다 정말 유용하게 잘 사용했습니다ㅎㅎ




주엽동 강선마을 3단지 문고리입니다!",6,3,736,100000,60.8,우마야,판매완료,4,경기 고양시 일산서구 주엽동,https://www.daangn.com/kr/buy-sell/%EC%8A%A4%ED%86%A0%EC%BC%80-%ED%8A%B8%EB%A6%BD%ED%8A%B8%EB%9E%A9-%EB%89%B4%EB%B3%B8-%EC%84%B8%ED%8A%B8-5hqs3csjy74o/
20/01/2026,스토케트립트랩뉴본세트,"스토케 트립트랩 뉴본 세트입니다.
연장 글라이더 포함입니다.

상태 최상 
보관 전 세탁하여, 바로 사용가능
아기 1명만 사용

▪︎직거래만 가능",7,19,347,100000,46.2,박빵,판매완료,1,서울시 서초구 서초4동,https://www.daangn.com/kr/buy-sell/%EC%8A%A4%ED%86%A0%EC%BC%80-%ED%8A%B8%EB%A6%BD%ED%8A%B8%EB%9E%A9-%EB%89%B4%EB%B3%B8-%EC%84%B8%ED%8A%B8-u9rv979pmrou/
13/04/2025,스토케트립트랩뉴본세트,"트립트랩 뉴본 세트 재당근 입니다

새상품급 가격 좀 있게 구입했어요
사진 보시면 아시겠지만 상태 너무 좋아요

아기가 역방쿠를 좋아해서
비싸게 당근하고 사용을 많이 안했어요

쿠션 꺼지지 않고 좋습니다 보풀도 없어요
클립 기스 없고 사용감 거의 없어 보여요
보증서 다 있습니다

사진에 있는 구성이 전부 입니다
당근할 때 부터 확장 글라이더는 없었어요

신생아 사용시기여서 확장 글라이더 필요
못느꼈는데요 나중에 베이비 세트 구매시 확장 글라이더 있어서 없어도 무방했어요

겉에 박스만 좀 구겨지고해서 테이프로
잘 붙였어요

네고는 정중히 사양합니다ㅜㅜ

그래도 중고 물품이다보니 
예민하신 분들은 신중히 결정해 주세요

노쇼 후 나중에 환불, 약속 자주 변경은
사절입니다

육아로 인해 문고리 거래 합니다",1,2,99,100000,56.1,구리구리,판매완료,9,경기 파주시 금촌2동,https://www.daangn.com/kr/buy-sell/%EC%8A%A4%ED%86%A0%EC%BC%80-%ED%8A%B8%EB%A6%BD%ED%8A%B8%EB%9E%A9-%EB%89%B4%EB%B3%B8-%EC%84%B8%ED%8A%B8-c752efe4wog3/
25/01/2026,스토케트립트랩뉴본신생아세트,"스토케 트립트랩 뉴본 신생아 세트
앤트러사이트 색상입니다.

새상품 구매하여 사용했으며,
전체적으로 깨끗하고 상태 좋습니다.

반품은 불가합니다.",2,0,66,100000,43.5,떡국맘,판매완료,3,강원 삼척시 정상동,https://www.daangn.com/kr/buy-sell/%EC%8A%A4%ED%86%A0%EC%BC%80-%ED%8A%B8%EB%A6%BD%ED%8A%B8%EB%9E%A9-%EB%89%B4%EB%B3%B8-%EC%8B%A0%EC%83%9D%EC%95%84-%EC%84%B8%ED%8A%B8-kpnahupvyvg4/
19/08/2025,스토케트립트랩뉴본세트,"스토케 트립트랩 뉴본세트 판매합니다.

* 비대면 거래 *

색상은 그레이입니다.
구성품:
- 뉴본 시트
- 토이 행거
- 설명서

***트립트렙 확장 글라이더(뒷굽이??)는 없습니다 ㅜㅜ***",1,0,219,100000,47.1,거대담론,판매완료,3,전남 순천시 왕조1동,https://www.daangn.com/kr/buy-sell/%EC%8A%A4%ED%86%A0%EC%BC%80-%ED%8A%B8%EB%A6%BD%ED%8A%B8%EB%9E%A9-%EB%89%B4%EB%B3%B8%EC%84%B8%ED%8A%B8-dwfdjn2r668c/
15/03/2026,스토케트립트랩뉴본세트그레이(재당근x),"스토케 트립트랩 뉴본 세트 그레이 색상입니다
아기가 편안하게 사용할 수 있도록 설계되었고, 트립트랩 의자에 연결하여 신생아부터 사용할 수 있습니다
- 약간의 사용감은 있지만, 전체적으로 깨끗합니다 (사진 참고)
- 모빌대 포함
아기에게 안전하고 편안한 환경을 제공해줍니다",9,1,149,100000,38,Hegel,판매완료,3,서울시 성북구 정릉제2동,https://www.daangn.com/kr/buy-sell/%EC%8A%A4%ED%86%A0%EC%BC%80-%ED%8A%B8%EB%A6%BD%ED%8A%B8%EB%9E%A9-%EB%89%B4%EB%B3%B8-%EC%84%B8%ED%8A%B8-%EA%B7%B8%EB%A0%88%EC%9D%B4-%EC%9E%AC%EB%8B%B9%EA%B7%BCx-mikrnbbxxztn/
22/10/2025,스토케트립트랩뉴본세트,"거의 새상품 같은 제품 당근해서 저희도 여아 한명 깨끗하게 사용했습니다
베이비세트로 넘어가서 이제 내놓아요
눈에 보이는 보풀이나 이염은 안보이는 것 같아요
커버는 아기전용세탁기로 깨끗하게 세탁했습니다

구성품은 사진에 나온 전부 입니다

- 육아 중으로 문고리 거래 선호
(가락고등학교 인근 아파트)",1,5,141,100000,42.7,몽이,판매완료,5,서울시 송파구 송파동,https://www.daangn.com/kr/buy-sell/%EC%8A%A4%ED%86%A0%EC%BC%80-%ED%8A%B8%EB%A6%BD%ED%8A%B8%EB%9E%A9-%EB%89%B4%EB%B3%B8%EC%84%B8%ED%8A%B8-2f7zhe2fr2wk/
09/06/2025,스토케뉴본세트,"스토케 뉴본 세트 판매합니다
3개월가량 사용했어요

- 스토케 트립트랩 의자에 장착 가능
- 신생아부터 사용 가능
- 분리 가능한 시트 커버로 세탁 용이


박스도 같이 있어요(연장글라이더는 없습니다)
바로거래가능,비대면 원해요~^^
일본직구상품입니다 다른점은 없어요 참고부탁드려요",7,12,374,100000,38.7,3333sd,판매완료,2,경기 안성시 공도읍,https://www.daangn.com/kr/buy-sell/%EC%8A%A4%ED%86%A0%EC%BC%80-%EB%89%B4%EB%B3%B8-%EC%84%B8%ED%8A%B8-f64xgy8fmnpf/
17/12/2025,스토케트립트랩뉴본세트," 뉴본 세트  모빌 거치대  포함
세탁해 놓은 상태에요
새상품 첫아이 6개월만 사용해서 상태 양호하지만
예민맘은 피해주세요
공도읍 쌍용더플래티넘 정문에서 거래 가능",2,1,71,100000,36.9,yuyu,판매완료,1,경기 안성시 공도읍,https://www.daangn.com/kr/buy-sell/%EC%8A%A4%ED%86%A0%EC%BC%80-%ED%8A%B8%EB%A6%BD%ED%8A%B8%EB%9E%A9-%EB%89%B4%EB%B3%B8-%EC%84%B8%ED%8A%B8-w8xdsc7eqctm/
15/03/2026,스토케트립트랩뉴본세트,"스토케 뉴본 트립트랩 신생아 세트
(본체 + 커버 + 5점식 하네스 & 어깨 패드 + 장난감 걸이대)

언니가 사서 조카 쓰던 것 물려받아서
여아가 깨끗하게 사용했습니다!

완전 신생아도 사용가능해요☺️",8,3,155,100000,43.6,호빵빵맨,판매완료,4,경남 김해시 장유1동,https://www.daangn.com/kr/buy-sell/%EC%8A%A4%ED%86%A0%EC%BC%80-%ED%8A%B8%EB%A6%BD%ED%8A%B8%EB%9E%A9-%EB%89%B4%EB%B3%B8%EC%84%B8%ED%8A%B8-3j5kuq76hgkx/
27/08/2024,스토케트리트랩뉴본신생아세트,"아이가 크게 태어나서 몇번 못앉혀보고 팔아요 
비대면 거래 원합니다",18,2,377,100000,38.4,멈머,판매완료,2,경남 김해시 장유1동,https://www.daangn.com/kr/buy-sell/%EC%8A%A4%ED%86%A0%EC%BC%80-%ED%8A%B8%EB%A6%AC%ED%8A%B8%EB%9E%A9-%EB%89%B4%EB%B3%B8-%EC%8B%A0%EC%83%9D%EC%95%84%EC%84%B8%ED%8A%B8-2vdet1yancsg/
02/03/2026,스토케트립트랩뉴본세트,"스토케 트립트랩 뉴본 세트입니다!
커버씌워 사용해서 사용감 많지않고 깨끗합니다
연장글라이더 미포함입니다

문고리거래원해요",3,2,74,100000,48,나무나무,판매완료,2,경기 하남시 감이동,https://www.daangn.com/kr/buy-sell/%EC%8A%A4%ED%86%A0%EC%BC%80-%ED%8A%B8%EB%A6%BD%ED%8A%B8%EB%9E%A9-%EB%89%B4%EB%B3%B8-%EC%84%B8%ED%8A%B8-343smikjteyr/
26/01/2026,스토케트립트랩뉴본세트그레이,"스토케 트립트랩 뉴본 세트 그레이 색상 판매합니다
박스 포함되어 있으며, 쿠팡에서 196,920원입니다.

가끔 사용해서 깨끗해요.

문고리 원해요.",11,10,281,100000,44.2,keliem,판매완료,3,경기 하남시 감이동,https://www.daangn.com/kr/buy-sell/%EC%8A%A4%ED%86%A0%EC%BC%80-%ED%8A%B8%EB%A6%BD%ED%8A%B8%EB%9E%A9-%EB%89%B4%EB%B3%B8-%EC%84%B8%ED%8A%B8-%EA%B7%B8%EB%A0%88%EC%9D%B4-184g2mrth7gw/
29/12/2025,스토케트립트랩뉴본세트,"스토케 트립트랩 뉴본 세트.
생각보다 잘 안써서 사용횟수 적어요. 
상태도 깨끗한편입니다.
박스 모두 있어요~",1,5,69,100000,50.4,킴셔니,판매완료,2,경기 하남시 감이동,https://www.daangn.com/kr/buy-sell/%EC%8A%A4%ED%86%A0%EC%BC%80-%ED%8A%B8%EB%A6%BD%ED%8A%B8%EB%9E%A9-%EB%89%B4%EB%B3%B8-%EC%84%B8%ED%8A%B8-ju8xoncvgfjo/
01/05/2025,"스토케트립트랩뉴본세트(박스o,재당근)","스토케 트립트랩 뉴본 세트입니다
상태 좋은 상품 구매하였는데 거의 사용 못했어요
구성품과 상자 다 있습니다
육아 중이라 문고리 희망합니다

연장 글라이더, 모빌 모두 같이 드려요.
- 0~6개월 아기 사용 가능
- 박스, 설명서, 워런티카드 포함

환불은 불가합니다",2,2,122,100000,43.8,연어,판매완료,6,경기 하남시 감이동,https://www.daangn.com/kr/buy-sell/%EC%8A%A4%ED%86%A0%EC%BC%80-%ED%8A%B8%EB%A6%BD%ED%8A%B8%EB%9E%A9-%EB%89%B4%EB%B3%B8%EC%84%B8%ED%8A%B8-%EB%B0%95%EC%8A%A4o-%EC%9E%AC%EB%8B%B9%EA%B7%BC-t2cg42iqaais/
20/06/2024,스토케트립트랩뉴본,"구성품 : 본체 + 모빌대
새상품 구매 후 사용을 많이 안해서 하자나 오염 아예 없이 깨끗합니다 :) 

✔️독박육아중이라 문고리거래 원합니다.
✔️중고거래 특성상 반품 절대 불가합니다.",29,1,335,100000,54.6,박푸리,판매완료,4,경기 하남시 감이동,https://www.daangn.com/kr/buy-sell/%EC%8A%A4%ED%86%A0%EC%BC%80-%ED%8A%B8%EB%A6%BD%ED%8A%B8%EB%9E%A9-%EB%89%B4%EB%B3%B8-taa5ozbcr5yp/
26/11/2025,스토케트립트랩뉴본세트(재당근아님),"스토케 트립트랩 뉴본 세트입니다.
깨끗하게 사용했어요.",5,3,125,105000,43.6,또또,판매완료,1,서울시 성동구 행당동,https://www.daangn.com/kr/buy-sell/%EC%8A%A4%ED%86%A0%EC%BC%80-%ED%8A%B8%EB%A6%BD%ED%8A%B8%EB%9E%A9-%EB%89%B4%EB%B3%B8-%EC%84%B8%ED%8A%B8-%EC%9E%AC%EB%8B%B9%EA%B7%BC%EC%95%84%EB%8B%98-te8df2yitwr9/
02/03/2026,스토케트립트랩뉴본세트,"스토케 트립트랩 뉴본 세트 판매합니다

새상품을 당근한 해서 썼구요,
구매했을때 정품등록가능하다 했는데 저도 따로 정품등록은 하지 않았습니다.
저희애는 등센서가 있어서 잘 사용하지 않았어요 🥲
사진에 보이는 구성으로 있구요 (설명서는 없어요)
박스 포함이며, 상태는 사진과 같습니다

✅중고이기에 사용감 있습니다.
✅교환 /환불 불가
✅육아중으로 문고리 거래합니다
✅예민하신분 구매하지 말아주세요🚫",2,4,107,105000,44.4,스타필드앞직거래,판매완료,2,경기 광명시 광명동,https://www.daangn.com/kr/buy-sell/%EC%8A%A4%ED%86%A0%EC%BC%80-%ED%8A%B8%EB%A6%BD%ED%8A%B8%EB%9E%A9-%EB%89%B4%EB%B3%B8-%EC%84%B8%ED%8A%B8-tfg5kyu6udjf/
08/11/2025,스토케트립트랩뉴본세트,"육아 꿀템 트립트랩 뉴본 세트 재당근합니다
새상품 당근해 와서 깨끗하게 사용했고 세탁해 두었습니다


문고리거래, 선입금 희망
교환,환불 X",2,1,125,106000,48.2,꽃잎이,판매완료,3,경기 화성시 병점구 안녕동,https://www.daangn.com/kr/buy-sell/%EC%8A%A4%ED%86%A0%EC%BC%80-%ED%8A%B8%EB%A6%BD%ED%8A%B8%EB%9E%A9-%EB%89%B4%EB%B3%B8-%EC%84%B8%ED%8A%B8-rxabtwmb9847/
17/06/2025,스토케트립트랩뉴본세트,"스토케 트립트랩 뉴본 세트입니다
신생아부터 사용 가능한 제품이에요~
박스도 같이 드려요 재당근 

깨끗한편입니다
행당 서울숲 푸르지오
문고리만 해요!",17,16,1335,107000,56.9,소동이,판매완료,5,서울시 성동구 행당동,https://www.daangn.com/kr/buy-sell/%EC%8A%A4%ED%86%A0%EC%BC%80-%ED%8A%B8%EB%A6%BD%ED%8A%B8%EB%9E%A9-%EB%89%B4%EB%B3%B8-%EC%84%B8%ED%8A%B8-mjtbfvhrbijw/
18/09/2025,스토케트립트랩뉴본세트,"당근으로 구매 후 4개월 사용하였습니다.
상자는 없지만
깨끗하게 사용 하였고, 세탁후 보관 중입니다.

문고리거래 원합니다.",4,7,614,108000,47.5,뽀꿈어멈,판매완료,2,경기 성남시 분당구 야탑3동,https://www.daangn.com/kr/buy-sell/%EC%8A%A4%ED%86%A0%EC%BC%80-%ED%8A%B8%EB%A6%BD%ED%8A%B8%EB%9E%A9-%EB%89%B4%EB%B3%B8%EC%84%B8%ED%8A%B8-siv1pppngcz6/
08/06/2026,스토케트립트랩뉴본세트그레이,"신생아부터 사용 가능한 스토케 트립트랩 뉴본 세트예요
그레이 색상으로 어떤 인테리어에도 잘 어울려요
안전벨트와 쿠션감이 좋아 아기가 편안함을 느껴요
아기에게 편안하고 안전한 첫 식사 시간을 선물해주세요",0,0,25,110000,43.3,달덩이,판매중,1,서울시 서초구 서초동,https://www.daangn.com/kr/buy-sell/%EC%8A%A4%ED%86%A0%EC%BC%80-%ED%8A%B8%EB%A6%BD%ED%8A%B8%EB%9E%A9-%EB%89%B4%EB%B3%B8-%EC%84%B8%ED%8A%B8-%EA%B7%B8%EB%A0%88%EC%9D%B4-2hqsht67fju3/
27/02/2026,스토케트립트랩뉴본세트(세탁완료),"스토케 트립트랩 뉴본 세트입니다
박스 포함이고, 상태는 사진과 같습니다
- 아이에게 편안한 환경을 제공합니다
- 트립트랩에 간편하게 탈부착이 가능합니다

직거래는
행당신동아아파트입니다.",2,2,119,110000,50.9,히돌,판매완료,1,서울시 성동구 행당동,https://www.daangn.com/kr/buy-sell/%EC%8A%A4%ED%86%A0%EC%BC%80-%ED%8A%B8%EB%A6%BD%ED%8A%B8%EB%9E%A9-%EB%89%B4%EB%B3%B8-%EC%84%B8%ED%8A%B8-%EC%84%B8%ED%83%81%EC%99%84%EB%A3%8C-yzbrvefakwz1/
14/02/2026,스토케트립트랩뉴본세트,"스토케 트립트랩 뉴본 세트입니다
색상은 회색이며, 작년에 당근해서 깨끗하게 사용 후 재당근합니다.",7,13,479,110000,42.5,호마참,판매완료,1,서울시 성동구 행당동,https://www.daangn.com/kr/buy-sell/%EC%8A%A4%ED%86%A0%EC%BC%80-%ED%8A%B8%EB%A6%BD%ED%8A%B8%EB%9E%A9-%EB%89%B4%EB%B3%B8-%EC%84%B8%ED%8A%B8-vv9oygti17as/
02/02/2026,스토케트립트랩뉴본세트,"스토케 트립트랩 뉴본세트 재당근입니다.
어른들 밥 먹을 때 앉혀놓는 용도로만 가끔 써서
오염이나 보풀없이 깨끗합니다. 

육아 중으로 문고리 거래만 가능합니다.",2,6,267,110000,44.2,당근쓰,판매완료,2,서울시 성동구 행당동,https://www.daangn.com/kr/buy-sell/%EC%8A%A4%ED%86%A0%EC%BC%80-%ED%8A%B8%EB%A6%BD%ED%8A%B8%EB%9E%A9-%EB%89%B4%EB%B3%B8%EC%84%B8%ED%8A%B8-vhhvggarmsxp/
10/10/2025,스토케트립트랩뉴본세트그레이,"상태 좋습니다! 깨끗이 사용했어요
사진에 있는 메쉬 패드 항상 깔고 사용했습니다 
사이즈가 딱 맞더라구요 원하시면 같이 드릴게요

첨부터 당근 할 생각으로 박스도 고이 모셔뒀는데 
이번에 이사하면서 누가 버렸나봐요.. 
아무리 찾아봐도 없네요ㅠㅠ 
(연장글라이더 불포함입니다 필요성을 못느껴서 
박스에 넣어뒀었는데… 같이 사라졌어요😭) 

아기세제로 세탁 해서 보관중입니다 
바로 사용하셔도 돼요! 

💌문고리거래
💌선입금 후 주소 전달
💌당근페이 가능 
💌반품, 환불❌ 안되니 신중하게 구매 부탁드려요.
💌아무래도 중고이다보니 예민하신분은 
      패스해주세요.",2,0,45,110000,50.1,블루페리,판매완료,3,경기 구리시 갈매동,https://www.daangn.com/kr/buy-sell/%EC%8A%A4%ED%86%A0%EC%BC%80-%ED%8A%B8%EB%A6%BD%ED%8A%B8%EB%9E%A9-%EB%89%B4%EB%B3%B8%EC%84%B8%ED%8A%B8-%EA%B7%B8%EB%A0%88%EC%9D%B4-u5mrsn9ic9mi/
24/12/2025,스토케트립트랩뉴본세트풀박스구성,"스토케 트립트랩 뉴본 세트입니다.
새제품 사서 4개월동안 4번 정도밖에 못써서 새상품 컨디션입니다. 처음 산 제품에 있는 모든 구성있습니다. 

박스에 약간의 손상이 있습니다. 

문고리 / 빨리오시는 분",3,3,86,110000,39.4,베베벱,판매완료,1,경기 김포시 풍무동,https://www.daangn.com/kr/buy-sell/%EC%8A%A4%ED%86%A0%EC%BC%80-%ED%8A%B8%EB%A6%BD%ED%8A%B8%EB%9E%A9-%EB%89%B4%EB%B3%B8-%EC%84%B8%ED%8A%B8-%ED%92%80%EB%B0%95%EC%8A%A4-%EA%B5%AC%EC%84%B1-kyypudohu9ve/
13/09/2025,스토케트립트랩뉴본세트(재당근),"스토케 트립트랩 뉴본세트 판매합니다.
- 트립트랩 의자에 탈부착 가능한 신생아용 액세서리입니다
- 6개월, 체중 9kg까지 사용 가능
- 박스 포함
- 상태는 좋지만 재당근인점 감안해주세요~ 

- 육아중으로 문고리거래 원합니다
- 당근페이",1,1,98,110000,47.7,yoo1023,판매완료,3,경기 김포시 풍무동,https://www.daangn.com/kr/buy-sell/%EC%8A%A4%ED%86%A0%EC%BC%80-%ED%8A%B8%EB%A6%BD%ED%8A%B8%EB%9E%A9-%EB%89%B4%EB%B3%B8%EC%84%B8%ED%8A%B8-%EC%9E%AC%EB%8B%B9%EA%B7%BC-eeznqcz9447k/
23/05/2025,스토케트립트랩뉴본신생아세트풀박스,"잘 써오다 재당근 합니다.
주기적으로 세탁하며 사용했습니다.

풀박스 구성

- 본체 
- 연장 글라이더
- 모빌대

오른쪽 상단에 세탁하면서 생긴 이염 부분이 있습니다.
그 외 문제는 없고 사용감은 있습니다.

육아중인 관계로 풍무동 문고리 거래합니다.",1,3,296,110000,76.5,이렇게귀한곳에누추한분이,판매완료,4,경기 김포시 풍무동,https://www.daangn.com/kr/buy-sell/%EC%8A%A4%ED%86%A0%EC%BC%80-%ED%8A%B8%EB%A6%BD%ED%8A%B8%EB%9E%A9-%EB%89%B4%EB%B3%B8-%EC%8B%A0%EC%83%9D%EC%95%84-%EC%84%B8%ED%8A%B8-%ED%92%80%EB%B0%95%EC%8A%A4-qwhis5xvd3xm/
04/12/2025,스토케트립트랩뉴본세트,"스토케 트립트랩 뉴본 세트

아기가 잘 누워있어서 대만족 육아템 중에 하나였어요! 이유식 시작해야 해서 내놓습니다.

오염 없이 깨끗하게 사용했고 세탁해두었습니다.
육아 중이라 문고리 거래 원해요.

• 박스 있어요
• 가격 제안✖️
• 교환 환불✖️",7,14,223,110000,38.9,햇님,판매완료,2,경기 수원시 장안구 파장동,https://www.daangn.com/kr/buy-sell/%EC%8A%A4%ED%86%A0%EC%BC%80-%ED%8A%B8%EB%A6%BD%ED%8A%B8%EB%9E%A9-%EB%89%B4%EB%B3%B8-%EC%84%B8%ED%8A%B8-q521i5y98vsu/
12/01/2026,스토케트립트랩뉴본세트앤트러사이트,"스토케 트립트랩 뉴본 세트 앤트러사이트 색상입니다.
기존 흰색이 아닌 검정색 색상이에요^^
부모가 밥 먹을때 잠깐씩만 눕히는 용도로 사용했습니다.
모빌대,본체 소독티슈로닦아놨고 시트랑 팔 안전띠는 세탁해놓은 상태 입니다. 베이비시트로 갈아타서 팝니다.
연장 글라이더는 베이비세트에 있던 새거(같은구성품)로 드립니다^^.
문고리 거래 원합니다. 거래확정시 주소 드립니다.
",1,3,101,110000,42.1,육아는장비빨,판매완료,2,충남 당진시 당진1동,https://www.daangn.com/kr/buy-sell/%EC%8A%A4%ED%86%A0%EC%BC%80-%ED%8A%B8%EB%A6%BD%ED%8A%B8%EB%9E%A9-%EB%89%B4%EB%B3%B8-%EC%84%B8%ED%8A%B8-%EC%95%A4%ED%8A%B8%EB%9F%AC%EC%82%AC%EC%9D%B4%ED%8A%B8-3feqa48xs7vs/
12/10/2025,스토케트립트랩뉴본세트,"(상태좋은 재당근)
스토케 트립트랩 뉴본 세트 판매합니다
6월 중순에 사용감 거의 없는 제품 당근해서 여아 혼자 사용했습니다
잠깐씩 눕혀놓는 용도로 사용했고 깨끗하게 빨면서 잘 사용했어요!
- 신생아부터 9kg까지 사용 가능합니다
- 탈부착이 가능하여 편리합니다
- 박스, 설명서, 다 있습니다
- 연장글라이더 뜯지않은채 그대로 있습니다

육아중으로 문고리 거래 희망합니다",1,0,40,110000,46.1,꼬꾸마,판매완료,4,경기 하남시 신장1동,https://www.daangn.com/kr/buy-sell/%EC%8A%A4%ED%86%A0%EC%BC%80-%ED%8A%B8%EB%A6%BD%ED%8A%B8%EB%9E%A9-%EB%89%B4%EB%B3%B8-%EC%84%B8%ED%8A%B8-mp28zbqkbvb8/
17/05/2026,스토케트립트랩뉴본세트,"스토케 트립트랩 뉴본세트입니다
상자 빼고 구성품 전부 있습니다
사진에는 없지만 연장글라이더까지 있습니다
아기를 매트에 놓고 키워서 몇번 사용안했습니다",7,20,321,110000,40.5,유댑,판매완료,2,경기 성남시 분당구 야탑3동,https://www.daangn.com/kr/buy-sell/%EC%8A%A4%ED%86%A0%EC%BC%80-%ED%8A%B8%EB%A6%BD%ED%8A%B8%EB%9E%A9-%EB%89%B4%EB%B3%B8-%EC%84%B8%ED%8A%B8-2mdq6wxf8ts9/
12/02/2026,스토케트립트랩뉴본세트(사가커버포함),"스토케 트립트랩 뉴본 세트 그레이 색상입니다.

새상품급 제품 당근해와서 2개월 가량 사용했습니다. 사용시기가 짧은만큼 당근 추천드립니다😊

사가 커버도 따로 구매하여 항상 씌워서 사용했고, 
전체적으로 깨끗하게 사용해서 상태 좋습니다.

뉴본, 커버(사가 커버 포함), 모빌거치대 세트입니다.
(제품 박스 및 설명서도 있습니다)

- 육아중이라 문고리 거래 희망합니다.
- 구매 후 반품은 정중히 사양합니다.",2,1,113,110000,42.8,SSUNNY,판매완료,3,경기 성남시 분당구 야탑3동,https://www.daangn.com/kr/buy-sell/%EC%8A%A4%ED%86%A0%EC%BC%80-%ED%8A%B8%EB%A6%BD%ED%8A%B8%EB%9E%A9-%EB%89%B4%EB%B3%B8-%EC%84%B8%ED%8A%B8-%EC%82%AC%EA%B0%80-%EC%BB%A4%EB%B2%84-%ED%8F%AC%ED%95%A8-tpqb1at8wbgt/
13/01/2026,스토케트립트랩뉴본세트(재당근),"스토케 트립트랩 뉴본 세트 입니다.

사진에 보이는 모빌고리에 가벼운 거울 붙여주면 엄마아빠 밥먹는거 다 기다려줘서 매우 유용하게 썼어요

사진에서 보이는 것처럼 벨트 부분에 크레파스 얼룩 있는데 사용할때는 문제 없습니다. (처음 당근 해올때부터 있던 자국)

세탁 해두었지만 그래도 가져가셔서 한번 더 세탁 후 사용 권장 드려요.

💡문고리 거래만 가능해요(야탑동)
✔️교환/환불/반품 안되니 신중히 결정해주세요
✔️당근페이 이체해주시면 상세주소 알려드립니다
✔️육아중이라 채팅이 조금 느릴 수 있어요
✔️깨뜻하게 사용 했지만 중고 특성상 사용감은 있으니 예민하신 분은 피해주세요",1,2,62,110000,46.7,니키키콜,판매완료,3,경기 성남시 분당구 야탑3동,https://www.daangn.com/kr/buy-sell/%EC%8A%A4%ED%86%A0%EC%BC%80-%ED%8A%B8%EB%A6%BD%ED%8A%B8%EB%9E%A9-%EB%89%B4%EB%B3%B8-%EC%84%B8%ED%8A%B8-%EC%9E%AC%EB%8B%B9%EA%B7%BC-n1pvcv8dx7xa/
08/10/2025,스토케뉴본세트,"안녕하세요.

스토케 뉴본세트 아기 한명 사용하고 올립니다.
재당근 아니고 24년 8월 구매후  
보관만 하다가 이제야 올립니다. 

전체적으로 상태 양호하고 
사진에 보이는대로 구성품 드립니다.

스토케 트립트랩 하단에 장착하는 연장글라이더는
아무래도 지면과의 마찰로 스크래치 조금 있습니다. 

깨끗하게 사용해서 사용하시는데 불편 없으실것 같아요.
천 부분 하단에는 빨간 이염 구매당시부터 있었습니다. 

(육아로 바뻐서 박스는 없고 제품 깨끗이 비닐에 넣어 쇼핑백 넣어두었습니다.) 

직거래 선호 
아파트 1층 직거래 원합니다.",1,0,66,110000,38.5,아다지오,판매완료,7,경기 성남시 분당구 야탑3동,https://www.daangn.com/kr/buy-sell/%EC%8A%A4%ED%86%A0%EC%BC%80-%EB%89%B4%EB%B3%B8%EC%84%B8%ED%8A%B8-pehogdnphkt3/
25/05/2025,스토케트립트랩뉴본세트,"스토케 트립트랩 뉴본세트입니다

새상품 사서 잠깐 썼습니다.
아가였을 때 여기에 놓고 호다닥 밥 먹곤 했어요.

둘째 생각이 있었는데… 싹 사라져서 당근합니다.

아이가 있어 문고리 거래 원해요!

** 에누리 요구 때문에 점점 당근마켓을 하기가 힘이 듭니다. 적당한 가격을 생각해서 올려놓은 것이니, 에누리는 정중히 사절하겠습니다**",4,1,121,110000,43.6,sayhi,판매완료,1,경기 성남시 분당구 야탑3동,https://www.daangn.com/kr/buy-sell/%EC%8A%A4%ED%86%A0%EC%BC%80-%ED%8A%B8%EB%A6%BD%ED%8A%B8%EB%9E%A9-%EB%89%B4%EB%B3%B8%EC%84%B8%ED%8A%B8-3gwkx2tyobnz/
30/03/2026,스토케트립트랩뉴본세트,"스토케 트립트랩 뉴본 세트입니다
스토케 트립트랩에 장착하여 신생아부터 사용 가능합니다
- 상자 없습니다
- 문고리 거래만 가능합니다
",7,0,145,110000,41.8,다니,판매완료,1,대전 중구 선화동,https://www.daangn.com/kr/buy-sell/%EC%8A%A4%ED%86%A0%EC%BC%80-%ED%8A%B8%EB%A6%BD%ED%8A%B8%EB%9E%A9-%EB%89%B4%EB%B3%B8-%EC%84%B8%ED%8A%B8-17c53gubca9a/
02/01/2026,스토케트립트랩뉴본세트,"스토케 트립트랩 뉴본 세트 판매합니다
아기가 편안하게 사용할 수 있도록 쿠션감이 좋습니다
안전벨트도 포함되어 있어 안전하게 사용 가능합니다~
항상 블랭킷을 올려두고 사용했어요! 
깨끗하게 사용했습니다~~

맘가이드 1등급 세제로 세탁하며 사용했답니다!

육아중이라 문고리거래할게요~

교환/반품 안됩니다!😌

저희 아기 건강하게 크고 있는 힘을 가득 담아 드려요~",1,2,64,110000,44.6,아옹이멍멍,판매완료,3,인천 남동구 간석3동,https://www.daangn.com/kr/buy-sell/%EC%8A%A4%ED%86%A0%EC%BC%80-%ED%8A%B8%EB%A6%BD%ED%8A%B8%EB%9E%A9-%EB%89%B4%EB%B3%B8-%EC%84%B8%ED%8A%B8-3g1txq28u644/
23/03/2026,스토케트립트랩뉴본세트,"스토케 트립트랩 뉴본 세트입니다
아기가 편안하게 쉴 수 있도록 도와줍니다
안전벨트가 있어 안전하게 사용 가능합니다

재당근으로 사용감 있습니다
이전 당근 13만원에 구매해서 신생아시기에 3달정도 쓰고 거의 안썼어요 3달동안도 매일 앉지도 않음
세탁했지만 세탁 후 보관한시기가 있어
다시 세탁해서 쓰심될거같아요

환불 안됨, 구매의사 있어서 쿨거래하실분만 연락주세요",2,0,80,110000,45.9,지룽이,판매완료,5,강원 춘천시 동내면,https://www.daangn.com/kr/buy-sell/%EC%8A%A4%ED%86%A0%EC%BC%80-%ED%8A%B8%EB%A6%BD%ED%8A%B8%EB%9E%A9-%EB%89%B4%EB%B3%B8-%EC%84%B8%ED%8A%B8-45krvtmckro1/
12/02/2026,스토케트립트랩뉴본세트,"스토케 트립트랩 뉴본 세트입니다 🕊️
뒤집기 하기전까지 엄마랑 아가랑 식탁높이에서 눈마주치며 있을수있고
설거지할때도 옆에 두고 쓸수있어서 너무너무 편했어요

🕊️약속을 어기시는분이 많아서
 선입금후 주소 알려드립니다
🕊️문고리 비대면 거래합니다.",11,10,450,110000,47.6,툐힝,판매완료,3,울산 중구 태화동,https://www.daangn.com/kr/buy-sell/%EC%8A%A4%ED%86%A0%EC%BC%80-%ED%8A%B8%EB%A6%BD%ED%8A%B8%EB%9E%A9-%EB%89%B4%EB%B3%B8-%EC%84%B8%ED%8A%B8-xx42d7aw9j6f/
27/08/2025,스토케트립트랩뉴본(재당근x),"신세계백화점 올해 3월초에 배송
스토케 공홈에 정품등록 완료

집에 바운서나 다른 의자류들이 많고
여아 혼자 실사용은 짧아서
제품상태 깨끗함
(어텀31 브라운/베이지 양면 추가커버 함께 드림) 

교환 환불은 불가하니 
구매전 사용감 및 구성품은 
첨부된 사진으로 꼭 확인해주시기 바랍니다
(모빌홀더, 연장글라이더, 박스 등 포함)

선입금 후 상세주소 공유
비대면 문고리거래",1,6,145,110000,41.5,바닐라,판매완료,6,경기 수원시 권선구 오목천동,https://www.daangn.com/kr/buy-sell/%EC%8A%A4%ED%86%A0%EC%BC%80-%ED%8A%B8%EB%A6%BD%ED%8A%B8%EB%9E%A9-%EB%89%B4%EB%B3%B8-%EC%9E%AC%EB%8B%B9%EA%B7%BCx-sh9yrt8kg7ju/
19/04/2026,스토케트립트랩뉴본세트(재당근),"신생아부터 9kg까지 사용 가능한 스토케 트립트랩 뉴본 세트입니다.
쌍둥이 육아중이라 2세트 갖고있습니다.
본체+커버+모빌대+하네스+연장글라이더 포함되어 있습니다.

재당근이라 약간의 사용감 있고 커버에 보풀 조금 있는것 참고해주세요.

지금까지 육아하면서 사용한 가장 꿀템입니다. 특히 신생아때는.. 저보다 낫더라고요

혹시 2세트 전부 필요하시다면!! 2개 20만원에 팔겠습니다. 예비 엄마아빠 둥이엄빠 화이팅입니다!",5,2,291,110000,41.9,recabarren,판매완료,2,서울시 노원구 월계3동,https://www.daangn.com/kr/buy-sell/%EC%8A%A4%ED%86%A0%EC%BC%80-%ED%8A%B8%EB%A6%BD%ED%8A%B8%EB%9E%A9-%EB%89%B4%EB%B3%B8-%EC%84%B8%ED%8A%B8-%EC%9E%AC%EB%8B%B9%EA%B7%BC-5q1mqk6jq5k7/
20/03/2026,스토케트립트랩뉴본세트,"스토케 트립트랩 뉴본 세트입니다. 사진 속 구성으로, 사용감 있으나 깨끗한 편이에요. 아기 세제로 세탁하고 분리해두었습니다.
군포문예회관 맞은편 이편한세상 센트럴파크에서 문고리거래 합니다.",7,3,108,110000,54.3,두두둥,판매완료,1,경기 군포시 산본동,https://www.daangn.com/kr/buy-sell/%EC%8A%A4%ED%86%A0%EC%BC%80-%ED%8A%B8%EB%A6%BD%ED%8A%B8%EB%9E%A9-%EB%89%B4%EB%B3%B8-%EC%84%B8%ED%8A%B8-zepczcfaburi/
13/07/2025,스토케트립트랩뉴본세트(재당근x),"스토케 트립트랩 뉴본세트

딱 3개월 사용했습니다

전부 분해해서 깨끗이 세탁 후 판매합니다

교환X 환불X",1,5,76,110000,47.3,슈퍼개미,판매완료,4,경기 군포시 산본동,https://www.daangn.com/kr/buy-sell/%EC%8A%A4%ED%86%A0%EC%BC%80-%ED%8A%B8%EB%A6%BD%ED%8A%B8%EB%9E%A9-%EB%89%B4%EB%B3%B8%EC%84%B8%ED%8A%B8-%EC%9E%AC%EB%8B%B9%EA%B7%BCx-cf8px51rm6df/
12/05/2026,스토케트립트랩뉴본세트(재당근),"스토케 트립트랩 뉴본세트 재당근합니다.
처음 당근할때도 상태 너무 좋았고,
저희 아기도 신생아때는 아예 안쓰다가 3개월 지나고 좀 썼어요.
응가 새거나 토한적 없어서 사진처럼 깨끗합니다.

육아 중으로 문고리 거래합니다 ⭐️",1,1,35,110000,40.1,당근당근토끼,판매완료,1,인천 미추홀구 숭의4동,https://www.daangn.com/kr/buy-sell/%EC%8A%A4%ED%86%A0%EC%BC%80-%ED%8A%B8%EB%A6%BD%ED%8A%B8%EB%9E%A9-%EB%89%B4%EB%B3%B8-%EC%84%B8%ED%8A%B8-%EC%9E%AC%EB%8B%B9%EA%B7%BC-haayi1zy5svr/
15/10/2025,스토케트립트랩뉴본(재당근),"트립트랩 뉴본 내놔요! 
저희 아기는 뉴본이 안맞는지 거의 안썼네요 ㅠㅠ 
상태 깔끔합니다 설명서랑 연장글라이더 다 있어요 
연락 주세요 :)",2,0,49,110000,42.4,욤욤뇸,판매완료,4,경북 경산시 하양읍,https://www.daangn.com/kr/buy-sell/%EC%8A%A4%ED%86%A0%EC%BC%80-%ED%8A%B8%EB%A6%BD%ED%8A%B8%EB%9E%A9-%EB%89%B4%EB%B3%B8-%EC%9E%AC%EB%8B%B9%EA%B7%BC-75brsvt7epfv/
15/03/2026,스토케트립트랩뉴본세트,"스토케 트립트랩 뉴본 세트
박스는 없고 상태는 좋지만 중고인점 감안해주셔야해요 (뉴본, 모빌거치대, 연장글라이더 포함)
세척완료 


문고리 거래 
교환,환불X
선입금후 주소공유",1,11,250,110000,42.3,워후,판매완료,4,경기 양주시 덕계동,https://www.daangn.com/kr/buy-sell/%EC%8A%A4%ED%86%A0%EC%BC%80-%ED%8A%B8%EB%A6%BD%ED%8A%B8%EB%9E%A9-%EB%89%B4%EB%B3%B8-%EC%84%B8%ED%8A%B8-a2iav8v2dgxd/
14/07/2025,스토케트립트랩뉴본세트,"스토케 트립트랩 뉴본세트
올해 1월에 오사카에서 구매했습니다
베이비세트로 바꾸게 되어 판매합니다.

풀박스고요 연장글라이드는 새거예요~
3~5번째 사진보시면 보풀때문에 사용감이 있습니다.
세탁할때마다 보풀이 생기더라구요 
드릴땐 보풀 제거하여 드립니다.
그 외엔 다른 특이사항은 없어요 

보풀생기는거 감안하시고 꼭 사실분만 연락주세요~ 
현재 아기세제로 세탁한 상태이고, 
중고이니 환불 불가하며 문고리 거래 원합니다.
",3,1,114,110000,44.2,로보킹,판매완료,6,경기 양주시 덕계동,https://www.daangn.com/kr/buy-sell/%EC%8A%A4%ED%86%A0%EC%BC%80-%ED%8A%B8%EB%A6%BD%ED%8A%B8%EB%9E%A9-%EB%89%B4%EB%B3%B8%EC%84%B8%ED%8A%B8-3vse4hc4yzgj/
22/02/2026,스토케트립트랩뉴본,"스토케 트립트랩 뉴본 세트 판매합니다.
새상품으로 구매해 아기 5개월까지 정말 잘 사용했어요. (재당근 아닙니다)

✔️ 구성품 모두 포함 (상자는 없음)
✔️ 아기 피부가 건조해 뉴본에 눕힌 채 크림을 자주 발라주다 보니, 약간의 자국이 있습니다. (사용에는 전혀 문제 없음)
✔️ 교환 / 환불 / 반품 불가
✔️ 문고리 거래

필요하신 분 편하게 연락 주세요",3,0,67,110000,44.5,소피,판매완료,3,강원 춘천시 퇴계동,https://www.daangn.com/kr/buy-sell/%EC%8A%A4%ED%86%A0%EC%BC%80-%ED%8A%B8%EB%A6%BD%ED%8A%B8%EB%9E%A9-%EB%89%B4%EB%B3%B8-g12zbzh4apgc/
12/05/2025,스토케트립트랩뉴본세트,"스토케 트립트랩 뉴본세트 입니다.
깨끗하게 사용했습니다. 
뒷면에 조금 뜯어진 부분이 있어서 저렴하게 내놓습니다. 사용하는데는 문제 없어요. 모빌 고리 설치시 조심하세요.
모빌 고리, 연장 글라이더 있습니다.
세탁 완료후 비닐 포장 해두었습니다. 바로 사용하셔도 됩니다! 

신생아부터 9kg까지 사용 가능
트립트랩 의자에 간편하게 탈부착 가능
분리형 시트 커버

박스도 같이 드려요.

- 당근페이 입금후 상세 주소 알려드립니다
- 중고이니 예민하신 분은 피해주세요.
- 교환, 환불 , 반품 불가입니다.
- 문고리 비대면 거래입니다.",1,2,217,110000,50.2,파라보자,판매완료,3,부산 동래구 사직동,https://www.daangn.com/kr/buy-sell/%EC%8A%A4%ED%86%A0%EC%BC%80-%ED%8A%B8%EB%A6%BD%ED%8A%B8%EB%9E%A9-%EB%89%B4%EB%B3%B8%EC%84%B8%ED%8A%B8-saa7hcuk8nfw/
11/05/2026,스토케트립트랩뉴본세트그레이,"스토케 트립트랩 뉴본 세트 그레이 색상이에요
신생아부터 사용 가능한 제품으로 편안함을 더해줘요
안전벨트와 구성품 모두 사진과 같아요
아기에게 편안한 첫 경험을 선물하고 싶으신 분들께 추천드려요

재당근이며 예민한 아기라 누워있지않아서 거의 사용못했습니다. 박스없어 저렴하게 판매 

💛세탁완료💛

환불 어려우니 신중하게 구매해주세요",1,1,100,110000,42.6,또미,판매완료,3,부산 기장군 정관읍,https://www.daangn.com/kr/buy-sell/%EC%8A%A4%ED%86%A0%EC%BC%80-%ED%8A%B8%EB%A6%BD%ED%8A%B8%EB%9E%A9-%EB%89%B4%EB%B3%B8-%EC%84%B8%ED%8A%B8-%EA%B7%B8%EB%A0%88%EC%9D%B4-ztmepfncowtg/
23/08/2025,스토케트립트랩뉴본세트팝니다,"스토케 트립트랩 뉴본세트 팝니다 
아기가 역방쿠에 누워서 먹는걸 더 선호하여
사용기간 짧아요
구성품 다 있고 세탁 완료하여 바로 사용하시면 
됩니다 

가화테라스 1차 비대면 거래 원해요",1,1,118,110000,46.3,웅이추니,판매완료,10,부산 기장군 정관읍,https://www.daangn.com/kr/buy-sell/%EC%8A%A4%ED%86%A0%EC%BC%80-%ED%8A%B8%EB%A6%BD%ED%8A%B8%EB%9E%A9-%EB%89%B4%EB%B3%B8%EC%84%B8%ED%8A%B8-%ED%8C%9D%EB%8B%88%EB%8B%A4-mq5t7m3gbreh/
06/06/2026,스토케트립트랩뉴본세트재당근,"신생아부터 사용 가능한 스토케 트립트랩 뉴본세트예요
앤트러사이트 색상으로 어떤 인테리어에도 잘 어울려요
안정감 있는 디자인으로 아기가 편안함을 느껴요
곧 태어날 아기를 위해 준비하시는 분들께 추천드려요

재당근이지만 아기가 많이 눕지않았고 깨끗하게 썼습니다!",1,5,78,110000,43,gogo,판매완료,1,경기 광명시 광명동,https://www.daangn.com/kr/buy-sell/%EC%8A%A4%ED%86%A0%EC%BC%80-%ED%8A%B8%EB%A6%BD%ED%8A%B8%EB%9E%A9-%EB%89%B4%EB%B3%B8%EC%84%B8%ED%8A%B8-%EC%9E%AC%EB%8B%B9%EA%B7%BC-u1nkmuvkoyhq/
28/03/2026,스토케트립트랩뉴본세트,"스토케 트립트랩 뉴본 세트입니다.

재당근이지만 상태 좋습니다.
상자,설명서 들어있습니다.
구성품은 다 분리해서 세척 가능합니다!


중고제품 특성상 환불은 어렵습니다.",2,1,78,110000,46,에몽이,판매완료,2,경기 광명시 광명동,https://www.daangn.com/kr/buy-sell/%EC%8A%A4%ED%86%A0%EC%BC%80-%ED%8A%B8%EB%A6%BD%ED%8A%B8%EB%9E%A9-%EB%89%B4%EB%B3%B8-%EC%84%B8%ED%8A%B8-he1d27sqsp3y/
18/02/2026,스토케트립트랩뉴본세트그레이,"스토케 트립트랩 뉴본 세트 그레이 색상입니다.
아이에게 편안한 환경을 제공하고, 안전벨트도 있어서 안심하고 사용할 수 있어요~신생아때 정말 너무 잘 사용해서 개인적으로 필수품인것 같습니다. 사진에는 없지만 모빌거치대도 있습니다. 상태는 사진에서 보시는 것처럼 양호합니다!
세탁해서 드리겠습니다.",5,10,116,110000,64.1,양양이,판매완료,1,경기 광명시 광명동,https://www.daangn.com/kr/buy-sell/%EC%8A%A4%ED%86%A0%EC%BC%80-%ED%8A%B8%EB%A6%BD%ED%8A%B8%EB%9E%A9-%EB%89%B4%EB%B3%B8-%EC%84%B8%ED%8A%B8-%EA%B7%B8%EB%A0%88%EC%9D%B4-jfo5vasou5z6/
24/11/2025,스토케트립트랩뉴본세트,"깨끗히게 사용했지만 사용감 있어요. 
육아중으로 문고리거래만 가능합니다. 
(독산역 인근)",1,8,470,110000,40.3,룰루야,판매완료,1,경기 광명시 광명동,https://www.daangn.com/kr/buy-sell/%EC%8A%A4%ED%86%A0%EC%BC%80-%ED%8A%B8%EB%A6%BD%ED%8A%B8%EB%9E%A9-%EB%89%B4%EB%B3%B8%EC%84%B8%ED%8A%B8-qwqopi6b7o4t/
01/11/2025,스토케트립트랩뉴본세트,"잠깐씩 눕혀놓는 용도로 사용했고,
수유는 위에서 하지않았습니다.

구성품 모두 있습니다.(박스는 손상있습니다)

커버,어깨패드,벨트까지 세탁해놔서 바로 사용하실 수 있습니다.

중고제품이니 사용감잇지만 눈에띄는 오염,얼룩 없습니다. 
예민하신분들은 피해주세요.
문고리거래 원해요.",2,4,132,110000,56.2,몽몽,판매완료,2,경기 광명시 광명동,https://www.daangn.com/kr/buy-sell/%EC%8A%A4%ED%86%A0%EC%BC%80-%ED%8A%B8%EB%A6%BD%ED%8A%B8%EB%9E%A9-%EB%89%B4%EB%B3%B8-%EC%84%B8%ED%8A%B8-jswioiziashe/
13/12/2025,스토케트립트랩뉴본세트,"스토케 트립트랩 뉴본 세트 판매합니다.

재당근 아니고 한  아기만 사용했어요.
완모아기라 뉴본에서 수유하거나 하지 않아서 깨끗해요. 저희 아기는 가벼운 편이라 이유식 전까지 활용했는데(5개월 반 정도) 엄마, 아빠 밥먹을 때 아기를 옆에서 볼 수 있어서 좋았어요. 이유식하느라 의자 형태로 넘어 가야해서 팔아요!

안전벨트, 슬라이더, 모빌대 포함되어 있습니다!

세탁 따로 하실 것 같아서 저희가 세탁하지는 않았어요.
문고리 원해요!
",2,3,77,110000,50.5,당근도,판매완료,3,경기 수원시 장안구 정자3동,https://www.daangn.com/kr/buy-sell/%EC%8A%A4%ED%86%A0%EC%BC%80-%ED%8A%B8%EB%A6%BD%ED%8A%B8%EB%9E%A9-%EB%89%B4%EB%B3%B8-%EC%84%B8%ED%8A%B8-vwkmtsjd64n8/
22/05/2026,스토케트립트랩뉴본세트그레이,"신생아부터 사용 가능한 스토케 트립트랩 뉴본 세트예요
안정감 있는 디자인으로 아기가 편안함을 느낄 수 있어요
구성품 모두 사진에 담아두었으니 확인해주세요
아기에게 편안한 첫 의자 경험을 선물하고 싶으신 분들께 추천드려요

환불X",2,6,148,110000,41.6,랄랄,판매완료,3,인천 미추홀구 주안3동,https://www.daangn.com/kr/buy-sell/%EC%8A%A4%ED%86%A0%EC%BC%80-%ED%8A%B8%EB%A6%BD%ED%8A%B8%EB%9E%A9-%EB%89%B4%EB%B3%B8-%EC%84%B8%ED%8A%B8-%EA%B7%B8%EB%A0%88%EC%9D%B4-fs9ridyyc4xo/
08/12/2025,스토케트립트랩뉴본세트(재당근x),"스토케 트립트랩 뉴본 세트입니다
아기가 편안하게 쉴 수 있도록 도와줍니다
저는 커버 건조기 다 돌려서 사용했어요! 

교환/환불 x",3,15,187,110000,52.5,미니멀,판매완료,4,경기 안양시 동안구 비산3동,https://www.daangn.com/kr/buy-sell/%EC%8A%A4%ED%86%A0%EC%BC%80-%ED%8A%B8%EB%A6%BD%ED%8A%B8%EB%9E%A9-%EB%89%B4%EB%B3%B8-%EC%84%B8%ED%8A%B8-%EC%9E%AC%EB%8B%B9%EA%B7%BCx-9k9g95sp1zt5/
21/12/2025,스토케트립트랩뉴본세트모빌거치대(재당근x/연장글라이더x),"스토케 트립트랩 뉴본 세트입니다
트립트랩에 장착하여 신생아부터 사용 가능합니다
아기에게 편안함을 제공하는 시트입니다
안전벨트 포함되어 있습니다

모빌거치대있고 박스는 버렸어요
아이 한명쓴거라 상태좋고 아주 사용잘했습니다
게워냄도 없던 아이라 깨끗해요",8,7,437,110000,41.1,릴라,판매완료,2,서울시 종로구 창신동,https://www.daangn.com/kr/buy-sell/%EC%8A%A4%ED%86%A0%EC%BC%80-%ED%8A%B8%EB%A6%BD%ED%8A%B8%EB%9E%A9-%EB%89%B4%EB%B3%B8-%EC%84%B8%ED%8A%B8-%EB%AA%A8%EB%B9%8C%EA%B1%B0%EC%B9%98%EB%8C%80-%EC%9E%AC%EB%8B%B9%EA%B7%BCx-%EC%97%B0%EC%9E%A5%EA%B8%80%EB%9D%BC%EC%9D%B4%EB%8D%94x-58vp5qy5zsfe/
18/01/2026,스토케트립트랩뉴본세트,"스토케 트립트랩 뉴본 세트입니다
모빌 거치대 포함되어 있습니다
아기가 편안하게 사용할 수 있도록 설계되었습니다

새상품 당근하였고 머리 닿는 부분 손수건 받치고 사용했습니다. 
재당근이지만 상태 좋아요~!

육아중이라 문고리 거래 선호합니다🧡",3,8,177,110000,51.3,네모세모,판매완료,3,경기 성남시 분당구 이매1동,https://www.daangn.com/kr/buy-sell/%EC%8A%A4%ED%86%A0%EC%BC%80-%ED%8A%B8%EB%A6%BD%ED%8A%B8%EB%9E%A9-%EB%89%B4%EB%B3%B8-%EC%84%B8%ED%8A%B8-d1xf58thde12/
28/05/2025,스토케트립트랩뉴본세트새상품,"스토케 트립트랩 뉴본세트 새상품입니다.
필수템이라고해서 샀는데
저희 아기는 역방쿠에 있는것만 좋아해서 
실제 사용한건 5회도 안됩니다.
거의 새상품이라고 보셔도 되요... 🥲

정품등록도 되있습니다. 
모빌대, 박스도 같이 드려요~

* 육아로 문고리거래 가능합니다.
",5,1,82,110000,53.8,유긍정,판매완료,2,경기 안양시 만안구 호현동,https://www.daangn.com/kr/buy-sell/%EC%8A%A4%ED%86%A0%EC%BC%80-%ED%8A%B8%EB%A6%BD%ED%8A%B8%EB%9E%A9-%EB%89%B4%EB%B3%B8%EC%84%B8%ED%8A%B8-%EC%83%88%EC%83%81%ED%92%88-swaf2z4363ds/
08/11/2025,스토케트립트랩뉴본세트,"스토케 트립트랩 뉴본 세트입니다
상태는 사진과 같이 좋습니다
모빌대 포함입니다

‼️작년 12월 사촌언니에게 받았고, 25년 2월생 아기가 100일전까지 사용하고 계속 팬트리에 보관하다 정리하려고 내놓습니다(세탁완료)
‼️예민맘은 사절입니다


🔅육아중으로 문고리원합니다
🔅선입금 후 상세주소 공유합니다
🔅중고이다보니 환불,교환은 어렵습니다",2,6,169,110000,48.3,꽁밍,판매완료,2,경기 고양시 덕양구 신원동,https://www.daangn.com/kr/buy-sell/%EC%8A%A4%ED%86%A0%EC%BC%80-%ED%8A%B8%EB%A6%BD%ED%8A%B8%EB%9E%A9-%EB%89%B4%EB%B3%B8-%EC%84%B8%ED%8A%B8-usqca2fj6c4q/
19/08/2025,스토케트립트랩뉴본세트,"스토케 트립트랩 의자에 장착하는 뉴본세트입니다
색상은 회색이고, 아기가 편안하게 사용할 수 있어요~
보풀없구요! 거의새상품급입니다
일본후쿠오카에서 작년11월쯔음 이와타야백화점에서
구입해왔습니다^^",2,2,100,110000,43.5,스타벅스,판매완료,2,경기 고양시 덕양구 신원동,https://www.daangn.com/kr/buy-sell/%EC%8A%A4%ED%86%A0%EC%BC%80-%ED%8A%B8%EB%A6%BD%ED%8A%B8%EB%9E%A9-%EB%89%B4%EB%B3%B8%EC%84%B8%ED%8A%B8-q93131qebib3/
30/06/2025,스토케트립트랩뉴본세트(재당근/상태좋음),"재당근인데 상태 정말 깨끗해요!

트립트랩 뉴본 원단 특성상 사용감 많은건 보풀도 많은데, 3번 사진 보시면 보풀도 거의 없는거 보이실거예요. 

제가 구매할 때부터 깨끗했고, 저희 아기는 주로 역방쿠에서 많이 놀아서 자주 사용을 못 했어요. 
뉴본 세트에서 수유한 적은 아예 없었구요😊

모빌대에 작은 인형이나 고리 걸어주면 잘 쳐다보더라구요. 연장글라이더 바닥면은 사용감 있어요. 첨부사진 참고해주세요.


📍육아 중으로 문고리 거래해요.
     선입금 후 상세주소 보내드리겠습니다. 
📍교환&환불 어렵습니다.
📍중고거래 입니다. 예민맘 피해주세요.",1,1,68,110000,65.4,민트초코,판매완료,9,경기 고양시 덕양구 신원동,https://www.daangn.com/kr/buy-sell/%EC%8A%A4%ED%86%A0%EC%BC%80-%ED%8A%B8%EB%A6%BD%ED%8A%B8%EB%9E%A9-%EB%89%B4%EB%B3%B8%EC%84%B8%ED%8A%B8-%EC%9E%AC%EB%8B%B9%EA%B7%BC-%EC%83%81%ED%83%9C%EC%A2%8B%EC%9D%8C-enkbi2id61xa/
08/12/2025,스토케트립트랩뉴본,"스토케 트립트랩 뉴본 시트 그레이 색상입니다~ 
14만원에 거의새상품 당근해서 한두번만 앉혀봤어요.. 잘안쓰게되서 판매합니다 

문고리거래합니다",2,7,203,110000,52.4,호호,판매완료,1,경기 양주시 회천2동,https://www.daangn.com/kr/buy-sell/%EC%8A%A4%ED%86%A0%EC%BC%80-%ED%8A%B8%EB%A6%BD%ED%8A%B8%EB%9E%A9-%EB%89%B4%EB%B3%B8-vyrth8tyt29o/
31/10/2025,스토케트립트랩뉴본세트(박스포함)가격조정,"스토케 트립트랩 뉴본 세트 판매합니다
아기가 싫어해서 설치하고 한번 눕혀보고 안썻습니다.
상태 완전 새거구요.
흠이나 이염 오염 등등 하나도 없습니다.

영수증 보시면 오프라인에서 21만원 주고 샀습니다.
보증서 설명서 박스포함 전부 다 있습니다.",2,7,159,110000,45.1,아스라이,판매완료,4,경기 양주시 회천2동,https://www.daangn.com/kr/buy-sell/%EC%8A%A4%ED%86%A0%EC%BC%80-%ED%8A%B8%EB%A6%BD%ED%8A%B8%EB%9E%A9-%EB%89%B4%EB%B3%B8-%EC%84%B8%ED%8A%B8-%EB%B0%95%EC%8A%A4%ED%8F%AC%ED%95%A8-%EA%B0%80%EA%B2%A9%EC%A1%B0%EC%A0%95-4jgbpfkz6cky/
01/02/2026,스토케트립트랩뉴본세트그레이,"스토케 트립트랩 뉴본 세트 그레이 색상입니다 
지인이 줬는데 새거인줄알았는데 새건 아니었더라구요 정품등록은 모르겠습니다
신생아부터 사용 가능하며, 아기가 식탁에서 가족과 함께 교감하며 식사 시간을 보낼 수 있도록 도와주는 제품이에요
모빌도 하나 같이 드릴게요~ 신생아 시각 발달에도 도움을 줍니다
전체적으로 깨끗하게 사용해서 상태 좋습니다
박스는 없습니다.",1,2,69,110000,44.4,김덕수,판매완료,2,경기 화성시 병점구 안녕동,https://www.daangn.com/kr/buy-sell/%EC%8A%A4%ED%86%A0%EC%BC%80-%ED%8A%B8%EB%A6%BD%ED%8A%B8%EB%9E%A9-%EB%89%B4%EB%B3%B8-%EC%84%B8%ED%8A%B8-%EA%B7%B8%EB%A0%88%EC%9D%B4-1xu5yna6rrjm/
19/04/2025,스토케트립트랩뉴본세트(박스보관),"스토케 트립트랩 뉴본세트 판매합니다.
신생아 시기에만 잠깐 사용해서 상태 매우 깨끗하고, 생활 기스나 오염 없이 약간의 사용감 있는 수준이에요.
원래 구성품 모두 있고, 정품 박스까지 보관 중이라 깔끔한 중고 구매 원하시는 분들께 추천드립니다.

최대 하중: 9kg까지 사용 가능

스토케 정품

반려동물 없는 집

문고리거래 가능합니다.
필요하시면 추가 사진도 보내드릴게요.",3,1,84,110000,37.1,이든,판매완료,3,경기 화성시 병점구 안녕동,https://www.daangn.com/kr/buy-sell/%EC%8A%A4%ED%86%A0%EC%BC%80-%ED%8A%B8%EB%A6%BD%ED%8A%B8%EB%9E%A9-%EB%89%B4%EB%B3%B8-%EC%84%B8%ED%8A%B8-%EB%B0%95%EC%8A%A4%EB%B3%B4%EA%B4%80-qk4rqq96h418/
23/03/2026,스토케트립트랩뉴본세트그레이,"스토케 트립트랩 뉴본 세트 그레이 색상입니다.
상태와 구성은 사진과 같고 사용감 있습니다
문고리 거래, 선입금 후 주소 보내드립니다.",2,8,192,110000,43,게임러버,판매완료,1,경기 남양주시 별내동,https://www.daangn.com/kr/buy-sell/%EC%8A%A4%ED%86%A0%EC%BC%80-%ED%8A%B8%EB%A6%BD%ED%8A%B8%EB%9E%A9-%EB%89%B4%EB%B3%B8-%EC%84%B8%ED%8A%B8-%EA%B7%B8%EB%A0%88%EC%9D%B4-a1nwu5vicabn/
25/01/2026,스토케트립트랩뉴본세트,"일본백화점에서 산 제품 당근 해왔어요.
아기의자가 여러개라 트립트랩은 잘 사용하지 않았네요.
모빌대, 연장글라인더 포함입니다.

✅육아중이라 문고리 거래만 합니다.
✅당근페이만 합니다.
✅선입금 후 상세 주소 알려드려요.",1,11,329,110000,51.5,럭키루키,판매완료,3,경기 남양주시 별내동,https://www.daangn.com/kr/buy-sell/%EC%8A%A4%ED%86%A0%EC%BC%80-%ED%8A%B8%EB%A6%BD%ED%8A%B8%EB%9E%A9-%EB%89%B4%EB%B3%B8%EC%84%B8%ED%8A%B8-be1agzxdmdc3/
11/01/2026,스토케트립트랩뉴본,"새 제품사서 6개월 알차게 썼어요~
커버 세탁해둬서 그냥 바로 사용하셔도 돼요
안전벨트 커버 하나에 얼룩? 인지 모를 게 있는데
제 눈엔 크게 얼룩이나 흠은 없어보여요

**상자 있어요!**

그치만 중고이니만큼 사용감 당연히 있습니다!

직거래, 문고리 가능

직거래 12만
문고리 11만(선입금 필수)

육아중으로 답장이 느릴 수 있어요

네고 x
예민하신 분은 죄송합니다~",1,8,252,110000,51.4,몬뜌니,판매완료,2,경기 남양주시 별내동,https://www.daangn.com/kr/buy-sell/%EC%8A%A4%ED%86%A0%EC%BC%80-%ED%8A%B8%EB%A6%BD%ED%8A%B8%EB%9E%A9-%EB%89%B4%EB%B3%B8-wwewob7zub51/
29/12/2025,스토케트립트랩뉴본세트(재당근),"스토케 트립트랩 뉴본 세트 판매합니다.
새샹품 당근했었고,
하자있는 부분은 없고 깨끗하게 잘 사용했습니다.
커버 세탁하였습니다. 
부품 모두 다 있습니다.

문고리 거래입니다.
선입금 해주시면 주소 보내드립니다.
네고×",5,12,411,110000,38.5,당근당근,판매완료,1,경기 남양주시 별내동,https://www.daangn.com/kr/buy-sell/%EC%8A%A4%ED%86%A0%EC%BC%80-%ED%8A%B8%EB%A6%BD%ED%8A%B8%EB%9E%A9-%EB%89%B4%EB%B3%B8-%EC%84%B8%ED%8A%B8-%EC%9E%AC%EB%8B%B9%EA%B7%BC-6c7wa7e3chwt/
16/02/2026,스토케트립트랩뉴본세트그레이상태좋음,"스토케 트립트랩 뉴본 세트입니다
컬러는 그레이 색상입니다
구입후 막상 앉힐일이 없어서 거의 사용안했습니다.사용감 거의없다고 보시면됩니다.
보관만 해놓은 상태이고 설명서는 따로없습니다.
신생아부터 사용 가능하며, 트립트랩에 장착하여 아기를 편안하게 눕힐 수 있습니다
안전벨트도 포함되어 있어 안전하게 사용 가능합니다
비대면 문고리거래 희망합니다.",2,12,134,110000,43.5,아하아하,판매완료,7,경기 양주시 옥정동,https://www.daangn.com/kr/buy-sell/%EC%8A%A4%ED%86%A0%EC%BC%80-%ED%8A%B8%EB%A6%BD%ED%8A%B8%EB%9E%A9-%EB%89%B4%EB%B3%B8-%EC%84%B8%ED%8A%B8-%EA%B7%B8%EB%A0%88%EC%9D%B4-%EC%83%81%ED%83%9C-%EC%A2%8B%EC%9D%8C-sahazedm4v9s/
04/02/2026,스토케트립트랩뉴본그레이,"스토케 트립트랩 뉴본세트 판매합니다

구성품은 뉴본시트, 토이행거입니다.

깨끗하게 사용하여 새것 같은 컨디션입니다~

아기세제로 시트 세탁해두었으니 가져가셔서 바로 사용하시면 됩니다

*문고리 거래합니다
* 깨끗이 사용했으나 중고인점 감안하여 예민맘 사절합니다
* 교환, 환불 불가합니다.",2,3,80,110000,46.8,하하호호,판매완료,3,경기 양주시 옥정동,https://www.daangn.com/kr/buy-sell/%EC%8A%A4%ED%86%A0%EC%BC%80-%ED%8A%B8%EB%A6%BD%ED%8A%B8%EB%9E%A9-%EB%89%B4%EB%B3%B8-%EA%B7%B8%EB%A0%88%EC%9D%B4-ei28rma6vwni/
30/01/2026,스토케트립트랩뉴본세트판매,"스토케 트립트랩 뉴본 세트 앤트러사이트 색상 판매합니다. 어두운 그레이 색상입니다. 새상품사서 5개월 잘사용했고 졸업해서 내놓습니다.
신생아부터 9kg까지 사용 가능하며, 사진으로 구성품 확인부탁드려요
전체적으로 깨끗하지만 사용감 있습니다.

문고리만 가능
네고×
당근페이
",2,7,147,110000,41.1,5hora,판매완료,4,경기 양주시 옥정동,https://www.daangn.com/kr/buy-sell/%EC%8A%A4%ED%86%A0%EC%BC%80-%ED%8A%B8%EB%A6%BD%ED%8A%B8%EB%9E%A9-%EB%89%B4%EB%B3%B8%EC%84%B8%ED%8A%B8-%ED%8C%90%EB%A7%A4-nvm5dbqebseg/
07/06/2026,스토케트립트랩뉴본세트그레이,"신생아부터 사용할 수 있는 스토케 트립트랩 뉴본 세트예요
그레이 색상으로 어떤 인테리어에도 잘 어울려요
박스와 구성품 모두 포함되어 있어요
아기에게 편안함을 선물하고 싶으신 분들께 추천드려요

재당근입니다 
모빌대(저는 사용안함) 글라이드(새거)있구요
박스 설명서 다 있습니다
상태는 워낙 사용기간이 짧은 물건이라
오염없고 좋아요 그래도 중고임은 감안하시구요 
비대면 문고리거래 송금은 당근페이로 할께요
네고는 불가입니다",2,4,133,110000,39.9,일오오,판매완료,2,대구 수성구 범어3동,https://www.daangn.com/kr/buy-sell/%EC%8A%A4%ED%86%A0%EC%BC%80-%ED%8A%B8%EB%A6%BD%ED%8A%B8%EB%9E%A9-%EB%89%B4%EB%B3%B8-%EC%84%B8%ED%8A%B8-%EA%B7%B8%EB%A0%88%EC%9D%B4-ngmraf136e8o/
09/12/2025,스토케트립트랩뉴본세트,"스토케 트립트랩 뉴본 세트입니다
신생아 때부터 사용 가능해요~
깨끗해요
세탁망에 세탁한번 하고 쓰셔요 

*환불x",3,8,293,110000,44.3,도미,판매완료,1,대구 수성구 범어3동,https://www.daangn.com/kr/buy-sell/%EC%8A%A4%ED%86%A0%EC%BC%80-%ED%8A%B8%EB%A6%BD%ED%8A%B8%EB%9E%A9-%EB%89%B4%EB%B3%B8%EC%84%B8%ED%8A%B8-fov9f5n4tyce/
15/11/2025,스토케트립트랩뉴본세트팔아요,"스토케 트립트랩 뉴본 세트 판매합니다

아시는분은 아실거라 생각하고 설명은 길게 안드려도 괜찮을것 같아요

재당근이긴하나, 저희가 실사용이 너무 짧아(애가 안누워요...) 깨끗합니다

연장 글라이더는 없네요

트립트랩 있어야 호환되는건 아시죠?

케이스도 있습니다",1,7,472,110000,55.2,CrownBM,판매완료,1,서울시 금천구 시흥제4동,https://www.daangn.com/kr/buy-sell/%EC%8A%A4%ED%86%A0%EC%BC%80-%ED%8A%B8%EB%A6%BD%ED%8A%B8%EB%9E%A9-%EB%89%B4%EB%B3%B8-%EC%84%B8%ED%8A%B8-%ED%8C%94%EC%95%84%EC%9A%94-snzzdg6mxg7z/
08/04/2026,스토케트립트랩뉴본세트,"스토케 트립트랩 뉴본 세트 판매해요
재당근이고 저희 아기는 5개월 사용했어요! 
상태는 사진 확인해주세요. 세탁완료했습니다.
연장글라이더, 모빌대, 사용설명서 포함입니다.
박스는 제가 받을때부터 없었어요 ㅠ 
✔️문고리거래, 선입금
✔️육아중이라 답변이 늦을 수 있습니다
✔️교환, 반품 어렵습니다
✔️거래하실분만 연락주세요",4,0,146,110000,46.1,당근뿌셔뿌셔,판매완료,2,충북 청주시 흥덕구 오송읍,https://www.daangn.com/kr/buy-sell/%EC%8A%A4%ED%86%A0%EC%BC%80-%ED%8A%B8%EB%A6%BD%ED%8A%B8%EB%9E%A9-%EB%89%B4%EB%B3%B8-%EC%84%B8%ED%8A%B8-qqy7eqmrctw7/
02/03/2026,스토케트립트랩뉴본세트,"스토케 트립트랩 뉴본 세트입니다
아이에게 편안함을 제공하고, 안전하게 사용할 수 있습니다

진심 아기 여기 누워있엇던 시간이 다포함해서 1시간도 되지않습니다. 여기 눕히면 울어서 언젠간쓰겟지하고 잇다가 결국 못쓰고 당근해요
일본가서 직접 사온겁니다.",2,1,191,110000,43.3,읏쨔,판매완료,1,충북 청주시 흥덕구 오송읍,https://www.daangn.com/kr/buy-sell/%EC%8A%A4%ED%86%A0%EC%BC%80-%ED%8A%B8%EB%A6%BD%ED%8A%B8%EB%9E%A9-%EB%89%B4%EB%B3%B8-%EC%84%B8%ED%8A%B8-5fu2kkfi7ct7/
08/05/2026,(재당근)스토케트립트랩뉴본세트그레이,"트립트랩 뉴본세트입니다. 1달미만 사용한 민트급으로 당근해서 사용하고 재당근합니다. 실사용기간은 4개월 정도 됩니다. 
비닐포장, 사용설명서, 박스 있습니다. 
보시다시피 매번 수건 깔고 깨끗하게 사용했습니다 

깨끗하게 세탁해 둔 상태에요.
문고리거래 원합니다. 
",3,6,97,110000,38,나앵,판매완료,6,경기 용인시 기흥구 상하동,https://www.daangn.com/kr/buy-sell/%EC%9E%AC%EB%8B%B9%EA%B7%BC-%EC%8A%A4%ED%86%A0%EC%BC%80-%ED%8A%B8%EB%A6%BD%ED%8A%B8%EB%9E%A9-%EB%89%B4%EB%B3%B8-%EC%84%B8%ED%8A%B8-%EA%B7%B8%EB%A0%88%EC%9D%B4-edm4qfidqhtj/
15/11/2025,스토케트립트랩뉴본세트(상태좋음),"스토케 트립트랩 뉴본세트입니다
재당근이지만 아기가 거부하여 새상품과 다름없는 상품 사서 저희도 어른 밥먹을때 가끔 근처에 앉혀놓는 용도로만 사용했습니다. 

 수유도 해본적 없고, 사진보시면 아실수 있듯 머리는 베개깔고 등과 엉덩이는 속싸개나 듀라론깔고 사용하여 실제로는 거의 닿지도 않은듯 합니다ㅎㅎㅎ

자주안쓰지만 더 빨리살걸 후회했던 뉴본세트입니다 엄빠의 허리와 무릎을 지키세요!
아기세제로 세탁 후 햇빛에 말려 보관중입니다
저렴하게 가져가셔요!

✨ 참고해주세요 ✨
✔️ 육아중이라 문고리 하겠습니다
✔️ 당근페이 주시면 상세주소 공유드립니다
✔️ 중고거래 특성상 교환&환불 어렵습니다",2,2,46,110000,57.6,꼼쁠,판매완료,2,경기 용인시 기흥구 상하동,https://www.daangn.com/kr/buy-sell/%EC%8A%A4%ED%86%A0%EC%BC%80-%ED%8A%B8%EB%A6%BD%ED%8A%B8%EB%9E%A9-%EB%89%B4%EB%B3%B8-%EC%84%B8%ED%8A%B8-%EC%83%81%ED%83%9C%EC%A2%8B%EC%9D%8C-fefdvdu4ttua/
18/02/2026,스토케트립트랩뉴본세트,"스토케 트립트랩 뉴본 세트 판매합니다

제품은 망가지거나 스크레치 없이 깨끗하게 사용했어요
구토나 응아 샌적 없습니다
세탁이나 소독 열심히 하며 사용했어요
아기 다음단계 넘어가야해서 내놓습니다

포장은 따로 없어요",2,5,132,110000,41.3,신참,판매완료,3,서울시 서초구 서초4동,https://www.daangn.com/kr/buy-sell/%EC%8A%A4%ED%86%A0%EC%BC%80-%ED%8A%B8%EB%A6%BD%ED%8A%B8%EB%9E%A9-%EB%89%B4%EB%B3%B8-%EC%84%B8%ED%8A%B8-rdbgwgrhjtfe/
17/04/2025,스토케트리트랩뉴본세트팝니다~,"작년 9월쯤 구매한 트리트랩 뉴본세트 판매합니다.
여아 혼자 사용했고. 안아준는거 좋아해서 실사용은 별루 못하였네요. 세탁후 보관중이며, 모빌대, 다리연장키트 모두있습니다. 

양재역부근에서 거래 희망합니다.",3,2,107,110000,42.3,허재니,판매완료,3,서울시 서초구 서초4동,https://www.daangn.com/kr/buy-sell/%EC%8A%A4%ED%86%A0%EC%BC%80-%ED%8A%B8%EB%A6%AC%ED%8A%B8%EB%9E%A9-%EB%89%B4%EB%B3%B8%EC%84%B8%ED%8A%B8-%ED%8C%9D%EB%8B%88%EB%8B%A4-hgke3iii2zef/
07/03/2026,스토케트립트랩뉴본세트,"거의 새상품 당근으로 구매해서 60일부터 너무 사용 잘했어요! 벌써 6개월이 되가서 이유식 먹일때가 되어 체어로 갈아탑니다 오염없구요 깨끗합니다 

밥먹을때 커피마실때 옆에 두고 너무 잘쓴템이예요
덕분에 편히 엄마아빠 밥시간 사수했습니다 


🥕 네고제안시 답하지 않습니다.
🥕중고거래 특성상 반품, 환불은 어렵습니다.
🥕문고리 거래 원합니다. 
🥕당근페이 가능",5,0,126,110000,51.9,해리,판매완료,2,서울시 동대문구 휘경제1동,https://www.daangn.com/kr/buy-sell/%EC%8A%A4%ED%86%A0%EC%BC%80-%ED%8A%B8%EB%A6%BD%ED%8A%B8%EB%9E%A9-%EB%89%B4%EB%B3%B8-%EC%84%B8%ED%8A%B8-zwmdfbeskxrb/
10/02/2026,스토케트립트랩뉴본세트앤트로사이트,"스토케 트립트랩 뉴본 세트 앤트로사이트 색상입니다
아기가 편안하게 쉴 수 있도록 설계되었고, 트립트랩 의자에 간편하게 탈부착 가능합니다
모빌도 함께 드립니다
약간의 사용감은 있지만 전체적으로 깨끗합니다",1,0,137,110000,42.3,또랑,판매완료,2,서울시 송파구 송파동,https://www.daangn.com/kr/buy-sell/%EC%8A%A4%ED%86%A0%EC%BC%80-%ED%8A%B8%EB%A6%BD%ED%8A%B8%EB%9E%A9-%EB%89%B4%EB%B3%B8-%EC%84%B8%ED%8A%B8-%EC%95%A4%ED%8A%B8%EB%A1%9C%EC%82%AC%EC%9D%B4%ED%8A%B8-xcvpan7mgbug/
26/05/2026,스토케트립트랩뉴본팔아요,"신생아부터 사용할 수 있는 스토케 트립트랩 
뉴본입니다
여자 아이 한명 사용했고
눈에보이는 오염이나 하자는 없으나
그래도 중고인점! 감안해주세요
연장글라이더 있음

*모빌 다는 흰색 플라스틱 
아주 미세하게 휜 느낌있으나 쓰는덴 아무 지장없음 


🥕 교환 및 환불 불가
🥕 문고리 거래 희망",2,2,94,110000,52.3,뽐이,판매완료,5,경기 하남시 감이동,https://www.daangn.com/kr/buy-sell/%EC%8A%A4%ED%86%A0%EC%BC%80-%ED%8A%B8%EB%A6%BD%ED%8A%B8%EB%9E%A9-%EB%89%B4%EB%B3%B8-%ED%8C%94%EC%95%84%EC%9A%94-jmsvh4knzo8s/
07/02/2026,스토케트립트랩뉴본세트(재당근),"스토케 트립트랩 뉴본 세트입니다
박스 포함이고, 전반적으로 깨끗한 상태입니다
아이에게 편안한 환경을 제공하고, 분리 가능한 디자인으로 세척이 용이합니다

빨래해놨어요 그대로 사용하셔도 돼요~

육아 중이라 문고리 거래 할게요
당근페이 또는 계좌이체 해주시면 주소 알려드립니다",8,8,255,110000,50.2,배드민턴좋아,판매완료,1,경기 하남시 감이동,https://www.daangn.com/kr/buy-sell/%EC%8A%A4%ED%86%A0%EC%BC%80-%ED%8A%B8%EB%A6%BD%ED%8A%B8%EB%9E%A9-%EB%89%B4%EB%B3%B8-%EC%84%B8%ED%8A%B8-%EC%9E%AC%EB%8B%B9%EA%B7%BC-iptx5jm6u81a/
20/11/2025,스토케트립트랩뉴본세트그레이,"스토케 트립트랩 뉴본세트 그레이 색상입니다.
모빌거치대 포함 

보풀없이 상태 좋고 세탁완료하였습니다~! 

문고리 원합니다 😊",1,2,81,110000,39.7,햇살엄마,판매완료,1,경기 하남시 감이동,https://www.daangn.com/kr/buy-sell/%EC%8A%A4%ED%86%A0%EC%BC%80-%ED%8A%B8%EB%A6%BD%ED%8A%B8%EB%9E%A9-%EB%89%B4%EB%B3%B8-%EC%84%B8%ED%8A%B8-%EA%B7%B8%EB%A0%88%EC%9D%B4-31dodt6suasu/
28/12/2024,스토케트립트랩뉴본세트재당근,"뉴본세트 재당근입니다. 연장글라이더,모빌대,박스 다 있습니다. 세탁완료했고 다시 조립해놨습니다.
보풀은 없고 연장글라이더 저는 사용하지 않았는데 전에 쓰신 분이 사용하신건지 사용감 있어보입니다 .
",3,1,191,110000,69.2,수수꾸,판매완료,3,경기 하남시 감이동,https://www.daangn.com/kr/buy-sell/%EC%8A%A4%ED%86%A0%EC%BC%80-%ED%8A%B8%EB%A6%BD%ED%8A%B8%EB%9E%A9-%EB%89%B4%EB%B3%B8%EC%84%B8%ED%8A%B8-%EC%9E%AC%EB%8B%B9%EA%B7%BC-n2qtyboy6sga/
27/12/2024,"스토케트립트랩뉴본(세탁완료,상태좋음)","23년 12월 구매제품을 당근했어요

박스는 둘데가 없어서 버렸고요ㅠ

뉴본에서 수유를 안하고 가끔 제가 화장실가야할때 묶어두는 용으로 썼습니다
하자 없고 상태 좋아요!

연장글라이더, 모빌대 다 있어요
(연장글라이더는 베이비세트에 있던 미사용 세제품으로 드려요)

아기세제로 세탁 완료해뒀으니 바로 사용하셔도 됩니다

육아중이라 문고리거래 희망해요 :)",1,2,169,110000,46.2,물놀이좋아,판매완료,4,경기 하남시 감이동,https://www.daangn.com/kr/buy-sell/%EC%8A%A4%ED%86%A0%EC%BC%80-%ED%8A%B8%EB%A6%BD%ED%8A%B8%EB%9E%A9-%EB%89%B4%EB%B3%B8-%EC%84%B8%ED%83%81%EC%99%84%EB%A3%8C-%EC%83%81%ED%83%9C%EC%A2%8B%EC%9D%8C-iuw935nq882a/
25/04/2026,스토케트립트랩뉴본세트그레이,"신생아부터 사용할 수 있는 스토케 트립트랩 뉴본 세트예요
재당근이지만 백화점에서 구매해서 사용한 깨끗한상품 구매했고 저희아기는 뉴본 싫어해서 몇번 안썼어요
상태 깨끗합니다",4,3,119,110000,44.3,웰컴,판매완료,1,부산 남구 문현동,https://www.daangn.com/kr/buy-sell/%EC%8A%A4%ED%86%A0%EC%BC%80-%ED%8A%B8%EB%A6%BD%ED%8A%B8%EB%9E%A9-%EB%89%B4%EB%B3%B8-%EC%84%B8%ED%8A%B8-%EA%B7%B8%EB%A0%88%EC%9D%B4-dkq5coj9s52q/
24/12/2024,스토케트립트랩뉴본세트,"스토케트립트랩 올해 8월에 직구로 구입했습니다^^
생각보다 아기가 잘안있어서ㅜㅜ
 실사용은 거의 없어요!!그래도 중고인점 감안해주세요~
사진에는 없지만 글라이더랑 딸랑이 걸이대 다있습니다^^ 시트는 벗겨서 아기세제로 세탁해서 보관해놨습니다
비대면 문고리 거래희망합니다^^",4,3,110,114000,39.9,용용이,판매완료,3,경남 창녕군 창녕읍,https://www.daangn.com/kr/buy-sell/%EC%8A%A4%ED%86%A0%EC%BC%80%ED%8A%B8%EB%A6%BD%ED%8A%B8%EB%9E%A9-%EB%89%B4%EB%B3%B8%EC%84%B8%ED%8A%B8-4bxh4s4usy2n/
15/12/2025,스토케트립트랩뉴본세트,"스토케 트립트랩 뉴본 세트 판매합니다
박스, 설명서, 제품 모두 포함되어 있습니다
신생아부터 사용 가능합니다
아이에게 편안한 환경을 제공해줍니다",3,12,339,115000,44.4,노자,판매완료,4,서울시 서초구 서초동,https://www.daangn.com/kr/buy-sell/%EC%8A%A4%ED%86%A0%EC%BC%80-%ED%8A%B8%EB%A6%BD%ED%8A%B8%EB%9E%A9-%EB%89%B4%EB%B3%B8-%EC%84%B8%ED%8A%B8-4g9bzji9o3x9/
12/11/2025,스토케트립트랩뉴본세트(재당근x)[#1개판매완료],"스토케 트립트랩 뉴본 세트입니다
아기가 편안하게 쉴 수 있도록 부드러운 소재로 제작되었어요.
안전벨트, 연장글라이더, 모빌대 모두 포함입니다.
박스는 버려서 없네요ㅜ

일본 백화점에서 새제품 구매하였고 25년 4월부터 약 3-4개월 사용하였습니다.

총 두세트 있구요. 세트당 11.5만원에 판매합니다.

깨끗하게 사용하였으나 중고이니 어느정도 사용감은 감안해주셔야 할 것 같아요. 세탁 해두었어요. 그대로 사용하셔도 됩니다.

직거래 장위자이레디언트 입니다.

#1개 판매완료입니다. 1세트 남았습니다.#",1,1,75,115000,50.2,뚜뚜리,판매완료,2,경기 구리시 갈매동,https://www.daangn.com/kr/buy-sell/%EC%8A%A4%ED%86%A0%EC%BC%80-%ED%8A%B8%EB%A6%BD%ED%8A%B8%EB%9E%A9-%EB%89%B4%EB%B3%B8-%EC%84%B8%ED%8A%B8-%EC%9E%AC%EB%8B%B9%EA%B7%BCx-1%EA%B0%9C-%ED%8C%90%EB%A7%A4%EC%99%84%EB%A3%8C-o6zo7wk4o3ed/
18/07/2025,스토케트립트랩뉴본세트,"트립트랩 뉴본 세트입니다
프레임+쿠션+안전벨트
모빌걸이대 구성입니다
박스는 없어요

문고리 비대면거래합니다",1,1,280,115000,64.5,비대면사랑,판매완료,1,울산 중구 태화동,https://www.daangn.com/kr/buy-sell/%EC%8A%A4%ED%86%A0%EC%BC%80-%ED%8A%B8%EB%A6%BD%ED%8A%B8%EB%9E%A9-%EB%89%B4%EB%B3%B8%EC%84%B8%ED%8A%B8-3d8qp43h7xac/
22/02/2026,스토케트립트랩뉴본세트(재당근x),"스토케 트립트랩 뉴본 세트입니다

박스는 구매후 버려서 없습니다요..
근데 상태는 정말 괜찮아요

여아 한명 사용했습니다
제품에 오염도 없습니다
재당근 아닙니당

아기가 편안하게 쉴 수 있도록 도와주는 제품이에요
모빌대 포함입니다

- 인체공학적 디자인으로 아기를 안전하게 지지해줍니다
- 분리 및 세탁이 용이하여 위생적으로 관리할 수 있습니다",3,4,125,115000,46.6,뚜동,판매완료,6,경기 수원시 권선구 오목천동,https://www.daangn.com/kr/buy-sell/%EC%8A%A4%ED%86%A0%EC%BC%80-%ED%8A%B8%EB%A6%BD%ED%8A%B8%EB%9E%A9-%EB%89%B4%EB%B3%B8-%EC%84%B8%ED%8A%B8-%EC%9E%AC%EB%8B%B9%EA%B7%BC-x-gvn2nibt7c8q/
03/09/2025,스토케트립트랩뉴본세트,"스토케 트립트랩 뉴본세트입니다.
연장글라이더, 모빌대, 박스, 포장비닐, 설명서, 본품 구성입니다.

잘 쓰다가 아기 발이 삐져나오기 시작해서 보내줍니다.

✔️설악주공 문고리거래만 가능해요.",4,5,135,115000,81,팈탘쌍둥이맘,판매완료,1,경기 군포시 산본동,https://www.daangn.com/kr/buy-sell/%EC%8A%A4%ED%86%A0%EC%BC%80-%ED%8A%B8%EB%A6%BD%ED%8A%B8%EB%9E%A9-%EB%89%B4%EB%B3%B8%EC%84%B8%ED%8A%B8-ovwx9nuzz2sy/
01/03/2026,스토케트립트랩뉴본세트블랙,"스토케 트립트랩 뉴본 세트 블랙 색상입니다
아기가 편안하게 사용할 수 있도록 설계되었고, 안전벨트도 잘 장착되어 있습니다
구성품은 연장 글라이더, 모빌 거치대 모두 있습니다!",1,2,150,115000,42.6,하이류,판매완료,4,대구 중구 남산1동,https://www.daangn.com/kr/buy-sell/%EC%8A%A4%ED%86%A0%EC%BC%80-%ED%8A%B8%EB%A6%BD%ED%8A%B8%EB%9E%A9-%EB%89%B4%EB%B3%B8-%EC%84%B8%ED%8A%B8-%EB%B8%94%EB%9E%99-6x8s4rpz1trh/
07/02/2026,스토케트립트랩뉴본시트,"스토케 트립트랩 의자에 장착하여 신생아부터 사용할 수 있는 뉴본 시트입니다
아기를 편안하게 감싸주는 디자인으로 안정감을 줍니다
상태는 사진과 같이 양호합니다",2,13,242,115000,47.6,ffggffgg,판매완료,2,경기 양주시 덕계동,https://www.daangn.com/kr/buy-sell/%EC%8A%A4%ED%86%A0%EC%BC%80-%ED%8A%B8%EB%A6%BD%ED%8A%B8%EB%9E%A9-%EB%89%B4%EB%B3%B8-%EC%8B%9C%ED%8A%B8-aojumdza1c3z/
16/02/2025,스토케트립트랩뉴본풀셋(24년6월직구함),"24년6월29일에 주문결제했고 보름정도 뒤에 받아서 9월부터 사용했어요. 아기가 8월 중순 태어났고 한달 뒤부터 사용했네요~ 재당근 아닙니다. 직구 결제한 주문영수증 다 있습니다. 원하시면 보내드려요. 박스까지 다 있구요. 장난감거치대? 모빌거치대?랑 다리 받침대?는 아예 사용 안했습니다. 뉴본에 눕혀서 수유한적 없구요, 항상 타이니모빌 옆에 두고서 놀게 했어요. 

세탁도 다 해놨습니다. 약간 기름얼룩같은게 양쪽에 살짝 보여요. 이거말고는 매우 깨끗해요. 하지만 중고인만큼 예민하신 분은 피해주세요. 

구매완료 후 어떠한 이유로도 환불 불가하오니 신중하게 결정해주세요.",4,6,422,115000,43.6,gmldus,판매완료,9,경기 안양시 동안구 비산3동,https://www.daangn.com/kr/buy-sell/%EC%8A%A4%ED%86%A0%EC%BC%80-%ED%8A%B8%EB%A6%BD%ED%8A%B8%EB%9E%A9-%EB%89%B4%EB%B3%B8-%ED%92%80%EC%85%8B-24%EB%85%84-6%EC%9B%94-%EC%A7%81%EA%B5%AC%ED%95%A8-quqj92q68arm/
27/05/2026,스토케트립트랩뉴본세트그레이판매해요,"스토케 트립트랩 뉴본 세트 그레이 판매해요

애기가 금방커서 얼마사용하지 못했어요ㅠ 사진에있는 뉴본세트 구성품입니다.

사용감이 있어서 예민하신분은 피해주세요.

※ 장소: 이매역 근처, 주차가능(차단기없음)
※ 당근페이 가능
(당근페이 입금시 주소 안내드려요)
※ 변심으로 인한 반품/환불은 정중히 사양하오니 참고 부탁드리겠습니다. 
※ 아기가 있어 문고리만 가능합니다.
※ 육아중으로 답변이 늦을 수 있는점 양해부탁드려요 🌸",3,9,168,115000,42.3,이야호,판매완료,6,경기 성남시 분당구 이매1동,https://www.daangn.com/kr/buy-sell/%EC%8A%A4%ED%86%A0%EC%BC%80-%ED%8A%B8%EB%A6%BD%ED%8A%B8%EB%9E%A9-%EB%89%B4%EB%B3%B8-%EC%84%B8%ED%8A%B8-%EA%B7%B8%EB%A0%88%EC%9D%B4-%ED%8C%90%EB%A7%A4%ED%95%B4%EC%9A%94-m7cp6dtf3pwb/
24/01/2026,스토케트립트랩뉴본세트그레이,"스토케 트립트랩 뉴본 세트 그레이 색상입니다
신생아부터 사용 가능하며, 아기가 식탁에 함께 앉아 가족과 교감할 수 있도록 도와주는 제품이에요.

깨끗하게 써서 상태 좋습니다.

구성품은 아래와 같아요.
- 본품
- 모빌거치대
- 어깨 패드, 본품 패드 (그레이 색상, 세탁 완료)
- 상자없음

드리기전에 세탁하여 드리겠습니다.

문고리 거래 원합니다.",7,6,230,115000,39.7,당근당근,판매완료,1,서울시 강남구 도곡2동,https://www.daangn.com/kr/buy-sell/%EC%8A%A4%ED%86%A0%EC%BC%80-%ED%8A%B8%EB%A6%BD%ED%8A%B8%EB%9E%A9-%EB%89%B4%EB%B3%B8-%EC%84%B8%ED%8A%B8-%EA%B7%B8%EB%A0%88%EC%9D%B4-w2hyugkvv1wi/
16/04/2026,스토케트립트랩뉴본세트그레이,"신생아부터 사용 가능한 스토케 트립트랩 뉴본 세트예요
작년 8월쯤 구해해서 아기 3~4개월까지 사용하고   보관하고 있습니다
상태 깨끗합니다


문고리 비대면거래 원합니다
장소 두산위브 입니다",1,0,51,115000,46.8,봉봉,판매완료,3,강원 삼척시 정상동,https://www.daangn.com/kr/buy-sell/%EC%8A%A4%ED%86%A0%EC%BC%80-%ED%8A%B8%EB%A6%BD%ED%8A%B8%EB%9E%A9-%EB%89%B4%EB%B3%B8-%EC%84%B8%ED%8A%B8-%EA%B7%B8%EB%A0%88%EC%9D%B4-o7zyagte9tqw/
19/03/2025,스토케트립트랩뉴본세트팝니다.,"현재 7개월 남아 혼자 사용한 뉴본세트입니다.

일본직구 작년 5월쯤 구매하였으며 실사용기간은 8월부터 11월 까지 3개월쯤 됩니다.

현재 세탁 완료한상태 입니다.

확장 글라이더 세트 미포함 입니다.

문고리거래 선호합니다.",4,1,229,115000,46.8,부끅,판매완료,4,경기 하남시 감이동,https://www.daangn.com/kr/buy-sell/%EC%8A%A4%ED%86%A0%EC%BC%80-%ED%8A%B8%EB%A6%BD%ED%8A%B8%EB%9E%A9-%EB%89%B4%EB%B3%B8-%EC%84%B8%ED%8A%B8-%ED%8C%9D%EB%8B%88%EB%8B%A4-axozgput9jip/
26/04/2026,스토케트립트랩뉴본세트(재당근),"모유수유하느라 세탁 한번하고 거의 안썼다고 해서 가져왔는데요!

저도 마찬가지로 모유수유중이라 세탁 한번 후 세네번 눕히고 안써서 판매합니다...^^ 

박스, 글라이더 있고 연장훅은 당근할 때부터 없었습니다. 근데 뒤에 이유식 세트에 연장훅 있더라구요. 커버도 같이 드립니다.",3,8,236,118000,43.9,탬자,판매완료,3,서울시 용산구 효창동,https://www.daangn.com/kr/buy-sell/%EC%8A%A4%ED%86%A0%EC%BC%80-%ED%8A%B8%EB%A6%BD%ED%8A%B8%EB%9E%A9-%EB%89%B4%EB%B3%B8-%EC%84%B8%ED%8A%B8-%EC%9E%AC%EB%8B%B9%EA%B7%BC-i27hmvjuwdbi/
08/05/2026,스토케트립트랩뉴본세트,"140일아기 벌써 9kg육박해서 금방 졸업했네요..
항상 위에 블랭킷 깔고 누웠어서 깨끗한편입니다.
박스는 없습니다.
크기로 인해 문고리를 원해요.",3,1,139,118000,46.2,이로만듀,판매완료,3,경기 하남시 감이동,https://www.daangn.com/kr/buy-sell/%EC%8A%A4%ED%86%A0%EC%BC%80-%ED%8A%B8%EB%A6%BD%ED%8A%B8%EB%9E%A9-%EB%89%B4%EB%B3%B8%EC%84%B8%ED%8A%B8-ahspvtsxi9to/
01/04/2026,스토케트립트랩뉴본세트,"신생아부터 최대 9kg까지 사용 가능한 스토케 트립트랩 뉴본 세트입니다
아기에게 편안한 휴식 공간을 제공하며, 트립트랩 체어에 쉽게 장착할 수 있습니다
친구한테 선물받아서 사용하다가 판매합니다.
사용기간 2달미만 , 워런티 남아있습니다.
사용감은 있지만 상태최상 . 세탁완료",3,3,122,119000,45.5,강북백곰,판매완료,1,경기 남양주시 별내동,https://www.daangn.com/kr/buy-sell/%EC%8A%A4%ED%86%A0%EC%BC%80-%ED%8A%B8%EB%A6%BD%ED%8A%B8%EB%9E%A9-%EB%89%B4%EB%B3%B8-%EC%84%B8%ED%8A%B8-7k9yvy7zsrcn/
10/05/2026,스토케트립트랩뉴본세트,"트트 뉴본입니다.
뒤집기전까지 아주 잘썼어요.
딱히 오염은 없습니다.
모빌대 설명서 포함입니다.

-문고리거래",1,6,196,120000,45.3,까미누나임듕,판매완료,1,서울시 서초구 서초동,https://www.daangn.com/kr/buy-sell/%EC%8A%A4%ED%86%A0%EC%BC%80-%ED%8A%B8%EB%A6%BD%ED%8A%B8%EB%9E%A9-%EB%89%B4%EB%B3%B8%EC%84%B8%ED%8A%B8-38mmk85uvwoa/
17/04/2026,스토케트립트랩뉴본세트그레이,"트리트랩 뉴본세트
크게 눈에띄는 하자 및 오염없습니다
재당근입니다.
사진에 보이는 구성품이 전부입니다 박스없어요
뉴본,모빌대,연장글라인더
연장글라인더 안보이는 바닥 부분에 스티커 자국(?) 같은게 있는데 찐득거리지 않아 사용하는데 지장없어 그냥 썼어요! 지우면 없어지는 자국입니다!
문고리 거래 원해요~~",2,2,171,120000,55.3,추추츄추추추추추추추,판매완료,7,서울시 서초구 서초동,https://www.daangn.com/kr/buy-sell/%EC%8A%A4%ED%86%A0%EC%BC%80-%ED%8A%B8%EB%A6%BD%ED%8A%B8%EB%9E%A9-%EB%89%B4%EB%B3%B8%EC%84%B8%ED%8A%B8-%EA%B7%B8%EB%A0%88%EC%9D%B4-s2hfkq5r8bbn/
11/05/2026,스토케트립트랩뉴본세트,"트립트랩 뉴본세트입니다
상태 양호합니다
세탁되어있어서 바로 쓰시면되요

행당 문고리 거래 가능해요",1,0,96,120000,57.7,루루룰,판매완료,3,서울시 성동구 행당동,https://www.daangn.com/kr/buy-sell/%EC%8A%A4%ED%86%A0%EC%BC%80-%ED%8A%B8%EB%A6%BD%ED%8A%B8%EB%9E%A9-%EB%89%B4%EB%B3%B8-%EC%84%B8%ED%8A%B8-4yhin3yv8825/
09/12/2025,스토케트립트랩뉴본세트,"스토케 트립트랩 뉴본 세트입니다
거의 새상품 당근으로 구매해서 3-4개월정도 썼는데 빠르게 체중이 늘어서 빨리 내놓습니다.
밥먹을때 커피마실때 너무좋은 육아템인데, 벌써 9kg되가서 ㅠㅠ
항상 천기저귀 덮어놓고 써서 상태는 너무 좋습니다. 게운적도 없습니다^^
이모님이 계셔서 하루에 한두번 눕힌게 전부입니다.


가격제안은 받지 않습니다. 
네고제안시 답하지 않습니다. 
중고거래 특성상 반품, 환불은 어렵습니다.
예민하신분은 패스해주세요.
문고리 거래 원합니다.",4,13,646,120000,46.1,아이,판매완료,2,서울시 성동구 행당동,https://www.daangn.com/kr/buy-sell/%EC%8A%A4%ED%86%A0%EC%BC%80-%ED%8A%B8%EB%A6%BD%ED%8A%B8%EB%9E%A9-%EB%89%B4%EB%B3%B8-%EC%84%B8%ED%8A%B8-i59thzkop8mi/
28/12/2025,스토케트립트랩뉴본세트(거의새것/상태최상/빠른거래원해요),"스토케 트립트랩 뉴본 세트 그레이 색상입니다.
사진처럼 비닐로 포장하고 박스에 넣어서

신세계백화점 강남점에서 새상품 구매했습니다.
정품등록은 제가 해서 혹시 추후에 AS 필요하시면 저한테 연락주세요! (제가 거의 안 쓴거라 아마 AS 할 일이 없을거예요)

육아중이라 문고리 거래 할게요(행당역 근처)",1,3,79,120000,52,다우니,판매완료,5,서울시 성동구 행당동,https://www.daangn.com/kr/buy-sell/%EC%8A%A4%ED%86%A0%EC%BC%80-%ED%8A%B8%EB%A6%BD%ED%8A%B8%EB%9E%A9-%EB%89%B4%EB%B3%B8-%EC%84%B8%ED%8A%B8-%EA%B1%B0%EC%9D%98-%EC%83%88-%EA%B2%83-%EC%83%81%ED%83%9C%EC%B5%9C%EC%83%81-%EB%B9%A0%EB%A5%B8-%EA%B1%B0%EB%9E%98-%EC%9B%90%ED%95%B4%EC%9A%94-3fmvzp7o6h8w/
17/07/2025,스토케트립트랩뉴본세트,"스토케 트립트랩 뉴본세트 판매합니다.
- 본체, 모빌대, 연장 글라이더 포함 풀세트

여아 혼자 3개월 사용했고 얼룩 오염 없이 깨끗합니다!

육아중이라 문고리거래 희망합니다.
필요하신 분 연락주세요~",5,2,155,120000,43.4,아보카도오,판매완료,1,서울시 성동구 행당동,https://www.daangn.com/kr/buy-sell/%EC%8A%A4%ED%86%A0%EC%BC%80-%ED%8A%B8%EB%A6%BD%ED%8A%B8%EB%9E%A9-%EB%89%B4%EB%B3%B8%EC%84%B8%ED%8A%B8-1uts33mwnhb8/
30/04/2025,스토케트립트랩뉴본세트(그레이),"스토케 트립트랩 뉴본세트 판매합니다

직접 구매한 제품이고, 여아가 5개월 사용했습니다. 상태는 사진으로 보시다시피 얼룩이나 보풀 없이 깨끗합니다. 

본품, 모빌대, 상자, 설명서 포함이고 연장글라이더는 저희가 계속 사용할 예정이라 제외합니다. (인터넷에 검색하시면 1만원선에서 구매가능)

아기세제로 세탁후 비닐 씌워놓았으니 바로 사용하실수 있습니다.

행당한진아파트 문고리 거래 또는 행당역 직거래, cu편의점 반값택배 가능합니다.",2,0,118,120000,46.4,달이얌,판매완료,3,서울시 성동구 행당동,https://www.daangn.com/kr/buy-sell/%EC%8A%A4%ED%86%A0%EC%BC%80-%ED%8A%B8%EB%A6%BD%ED%8A%B8%EB%9E%A9-%EB%89%B4%EB%B3%B8%EC%84%B8%ED%8A%B8-%EA%B7%B8%EB%A0%88%EC%9D%B4-fkpgwfv1h638/
02/04/2026,스토케트립트랩뉴본세트(세탁완료),"스토케 트립트랩에 장착하여 신생아부터 사용할 수 있는 뉴본 세트입니다
아이의 편안한 자세를 위해 인체공학적으로 설계되었고, 트립트랩에 간편하게 탈부착이 가능합니다
안전벨트가 있어 아이를 안전하게 보호할 수 있습니다

커버와 고리들은 세탁완료된 상태이고, 
세탁불가한 부분은 소독티슈로 닦았습니다
육아중이라 문고리거래만 가능합니다",3,4,63,120000,47.8,마가린,판매완료,2,서울시 용산구 효창동,https://www.daangn.com/kr/buy-sell/%EC%8A%A4%ED%86%A0%EC%BC%80-%ED%8A%B8%EB%A6%BD%ED%8A%B8%EB%9E%A9-%EB%89%B4%EB%B3%B8-%EC%84%B8%ED%8A%B8-%EC%84%B8%ED%83%81%EC%99%84%EB%A3%8C-dq8jsp2dhom3/
08/12/2025,스토케트립트랩뉴본세트,"박스 있고 거의 안썼습니다. 
설치만 해놓고 실제로 10번도 안쓴거 같아요.
세탁만 하시고 바로 새거처럼 쓰실 수 있어요.

재당근 아니구요!
문고리만 가능합니다.",1,11,126,120000,57.6,사뿐핑,판매완료,2,서울시 용산구 효창동,https://www.daangn.com/kr/buy-sell/%EC%8A%A4%ED%86%A0%EC%BC%80-%ED%8A%B8%EB%A6%BD%ED%8A%B8%EB%9E%A9-%EB%89%B4%EB%B3%B8%EC%84%B8%ED%8A%B8-t1w23hye8pvt/
07/03/2025,"스토케트립트랩뉴본세트(세탁완료,모빌거치대/연장글라이더포함)","스토케 트립트랩 뉴본세트 (세탁완료, 박스/모빌거치대/연장글라이더 포함이에요

깨끗하게썼고 다 분해해서 세탁까지 깨끗이해뒀습니다~

시트랑 모두 다 깨끗해요 ㅎㅎ

효창공원인근 아파트 직거해원해요!",2,2,187,120000,42.8,katarina90,판매완료,3,서울시 용산구 효창동,https://www.daangn.com/kr/buy-sell/%EC%8A%A4%ED%86%A0%EC%BC%80-%ED%8A%B8%EB%A6%BD%ED%8A%B8%EB%9E%A9-%EB%89%B4%EB%B3%B8%EC%84%B8%ED%8A%B8-%EC%84%B8%ED%83%81%EC%99%84%EB%A3%8C-%EB%AA%A8%EB%B9%8C%EA%B1%B0%EC%B9%98%EB%8C%80-%EC%97%B0%EC%9E%A5%EA%B8%80%EB%9D%BC%EC%9D%B4%EB%8D%94-%ED%8F%AC%ED%95%A8-yqr5hdvx26fr/
28/04/2026,스토케트립트랩뉴본세트,"트립트랩 뉴본세트
커버 씌우고 사용했는데 
10회 미만으로 거의 안 썼어요
커버는 원하시면 드릴게요
 문고리거래 원함",3,6,132,120000,53.1,주민3,판매완료,1,경기 구리시 갈매동,https://www.daangn.com/kr/buy-sell/%EC%8A%A4%ED%86%A0%EC%BC%80-%ED%8A%B8%EB%A6%BD%ED%8A%B8%EB%9E%A9-%EB%89%B4%EB%B3%B8%EC%84%B8%ED%8A%B8-ewr6ap8arspx/
29/01/2026,스토케트립트랩뉴본세트그레이+발받침,"스토케 트립트랩 뉴본 세트 그레이 색상입니다
신생아부터 사용 가능하며, 아기가 식탁에서 가족과 함께 시간을 보낼 수 있도록 도와주는 제품이에요
안전벨트가 포함되어 있어 아기를 안전하게 고정할 수 있고, 인체공학적 디자인으로 아기에게 편안함을 제공합니다
사용감이 적고 깨끗한 상태로 보관되어 있습니다",1,2,130,120000,43.6,케로로로,판매완료,3,경기 구리시 갈매동,https://www.daangn.com/kr/buy-sell/%EC%8A%A4%ED%86%A0%EC%BC%80-%ED%8A%B8%EB%A6%BD%ED%8A%B8%EB%9E%A9-%EB%89%B4%EB%B3%B8-%EC%84%B8%ED%8A%B8-%EA%B7%B8%EB%A0%88%EC%9D%B4-%EB%B0%9C%EB%B0%9B%EC%B9%A8-yg9tgynkv2nh/
29/05/2025,스토케트립트랩뉴본(재당근×),"스토케 트립트랩 뉴본세트 판매합니다
작년 가을에 구매해서 작년 11월생 아기 잘 쓰고
동생 주려고 보관하다가 시기가 안맞아 못 주고 내놓아요

밥 먹을 때 눕혀놓으면 잘 있어줬어서 강추템입니다
여기서 수유한 적 없고 게운적 없어서 얼룩없이 깨끗합니다
세탁망에 넣어 세탁 후 박스 안에 넣어놨어요
갈매2단지 문고리거래 하겠습니다",1,2,130,120000,48.8,귀요미땡,판매완료,5,경기 구리시 갈매동,https://www.daangn.com/kr/buy-sell/%EC%8A%A4%ED%86%A0%EC%BC%80-%ED%8A%B8%EB%A6%BD%ED%8A%B8%EB%9E%A9-%EB%89%B4%EB%B3%B8-%EC%9E%AC%EB%8B%B9%EA%B7%BC-u4eqkfy55x4r/
30/05/2026,[재당근x]스토케트립트랩뉴본세트,"스토케 트립트랩 뉴본 세트

구매 후 깨끗하게 사용해서 상태 좋습니다.
문제 될 부분은 없으나 예민맘들은 피해주세여… 

자세히 보시라고 확대샷 같이 올려요~
박스도 보유하고 있습니다. 필요 하시면 같이 드릴게요… 

🤍문고리거래(입금 후 상세주소 알려드려요)
🤍육아중이라 답변 느릴수있습니다
❌중고거래 특성상 교환 환불 불가합니다",3,1,118,120000,49.4,꾸다,판매완료,2,경기 김포시 풍무동,https://www.daangn.com/kr/buy-sell/%EC%9E%AC%EB%8B%B9%EA%B7%BC-x-%EC%8A%A4%ED%86%A0%EC%BC%80-%ED%8A%B8%EB%A6%BD%ED%8A%B8%EB%9E%A9-%EB%89%B4%EB%B3%B8-%EC%84%B8%ED%8A%B8-nc6q6rm2td7c/
02/04/2026,스토케트립트랩뉴본세트,"스토케 트립트랩 뉴본 세트입니다
신생아부터 트립트랩에 장착하여 사용할 수 있습니다
안전벨트 포함되어 있습니다",3,2,177,120000,43.1,티바,판매완료,1,경기 김포시 풍무동,https://www.daangn.com/kr/buy-sell/%EC%8A%A4%ED%86%A0%EC%BC%80-%ED%8A%B8%EB%A6%BD%ED%8A%B8%EB%9E%A9-%EB%89%B4%EB%B3%B8-%EC%84%B8%ED%8A%B8-jbbo5xqauihs/
10/03/2026,스토케트립트랩뉴본세트,"스토케 트립트랩 의자에 장착하여 신생아부터 사용할 수 있는 뉴본 세트입니다
사진에 보이는 구성품 모두 드립니다


재당근 아니구요
구매해서 아이한명 사용하고 판매합니다
병적으로 깔끔떨어서 정말 깔끔하게 쓰고 판매합니다.

박스는 없어요ㅠ",3,3,90,120000,44.2,Gogo,판매완료,4,경기 김포시 풍무동,https://www.daangn.com/kr/buy-sell/%EC%8A%A4%ED%86%A0%EC%BC%80-%ED%8A%B8%EB%A6%BD%ED%8A%B8%EB%9E%A9-%EB%89%B4%EB%B3%B8-%EC%84%B8%ED%8A%B8-jttz5rrftxdt/
03/03/2026,스토케트립트랩뉴본세트,"스토케 트립트랩 뉴본 세트 판매합니다!
박스 포함이며, 신생아부터 9kg까지 사용 가능합니다.

자주 세탁하면서 사용했고 이제 졸업할 때가 되서 판매합니다. 
정말 유용하게 잘 쓴 아이템입니다! 
세탁 해뒀습니다.

육아 중으로 문고리 거래합니다
예민맘 x, 환불 x",3,6,313,120000,49.2,토끼와거북이,판매완료,3,경기 김포시 풍무동,https://www.daangn.com/kr/buy-sell/%EC%8A%A4%ED%86%A0%EC%BC%80-%ED%8A%B8%EB%A6%BD%ED%8A%B8%EB%9E%A9-%EB%89%B4%EB%B3%B8-%EC%84%B8%ED%8A%B8-a67u5bbi89no/
12/12/2025,스토케트립트랩뉴본세트,"실사용 10회 미만입니다.

재당근 아닙니다~! 
새제품이고, 시트 세탁해뒀습니다!

상태 보시다시피 최상이고
거치대 포함입니다 :) 

가격 네고는 어렵습니다.",2,2,73,120000,47.3,수박바쥬앙,판매완료,2,경기 김포시 풍무동,https://www.daangn.com/kr/buy-sell/%EC%8A%A4%ED%86%A0%EC%BC%80-%ED%8A%B8%EB%A6%BD%ED%8A%B8%EB%9E%A9-%EB%89%B4%EB%B3%B8%EC%84%B8%ED%8A%B8-u4nea1274mtt/
08/12/2025,🤍스토케트립트랩뉴본풀세트(연장글라인더+박스포함)🤍,"🤍스토케 트립트랩 뉴본 풀 세트
+연장글라인더 박스 포함🤍

연장글라인더, 모빌거치대, 박스, 설명서 포함입니다.

뉴본이 뭔지도 몰랐는데 남편이
꼭 필요하다해서 새상품 구매하신 분께
당근해서 신생아~3개월까지 잘 사용했어요!

아기가 뉴본에서 잘 있는 편이라
식탁에서 밥 먹을 때 같은 높이에서
케어할 수 있어서 좋더라구요!

머리쪽에는 손수건
엉덩이쪽에는 천기저귀 대고
깨끗하게 사용했습니다!

국민필수템, 저렴한 가격에 편하게 사용하세요~!
부품 하나하나 손세탁하고 햇볕에 건조했습니다.
바로 사용가능합니다!

보증기간은 사진 참고 부탁드려요!
내년 말까지 보증기간입니다.

- 신생아부터 9kg까지 사용 가능해요.
- 탈부착이 가능해서 편리하게 사용할 수 있어요.
- 3년 워런티가 제공됩니다.

✨구매 후 반품X
✨육아중으로 문고리 거래 (죄송하지만 택배X)
✨사진 참고하셔서 구매하실 분만 챗 부탁드려요!

#트립트랩 #뉴본 #트립트랩뉴본 #트립트랩뉴본세트",1,2,99,120000,60.7,현쓰감성,판매완료,8,경기 김포시 풍무동,https://www.daangn.com/kr/buy-sell/%EC%8A%A4%ED%86%A0%EC%BC%80-%ED%8A%B8%EB%A6%BD%ED%8A%B8%EB%9E%A9-%EB%89%B4%EB%B3%B8-%ED%92%80-%EC%84%B8%ED%8A%B8-%EC%97%B0%EC%9E%A5%EA%B8%80%EB%9D%BC%EC%9D%B8%EB%8D%94-%EB%B0%95%EC%8A%A4-%ED%8F%AC%ED%95%A8-ed8hy7myx4nd/
22/05/2025,스토케트립트랩뉴본세트,"스토케 트립트랩 뉴본세트 판매합니다!

- 신생아부터 9kg까지 사용 가능
- 편안한 시트와 안전벨트
- 분리 가능한 시트 커버로 세탁 용이
- 트립트랩 의자에 간편하게 장착 가능

박스도 같이 드려요~

애가 커서 내놓습니다. 매번 사용시 수건 한장 깔고 사용하였으나 세탁으로 인한 사용감 있으며, 애가 있어 문고리 선호합니다.",1,4,94,120000,60.8,Kdragon05,판매완료,3,경기 김포시 풍무동,https://www.daangn.com/kr/buy-sell/%EC%8A%A4%ED%86%A0%EC%BC%80-%ED%8A%B8%EB%A6%BD%ED%8A%B8%EB%9E%A9-%EB%89%B4%EB%B3%B8%EC%84%B8%ED%8A%B8-2633514vc2o3/
24/05/2026,스토케트립트랩뉴본그레이(+모빌대),"신생아부터 사용 가능한 스토케 트립트랩 뉴본입니다
깨끗한 상품 당근해와서 사용했어요. 
당근해올때부터 박스는 없었어요~!
아이가 뒤집기 시작하여 판매합니다.

문고리 거래만 가능합니다.

✔️예민하신분x
✔️환불x
✔️선입금 후 주소전달
✔️당근페이선호
✔️육아 중으로 답변 늦을 수 있습니다.",0,8,193,120000,38.6,숀비미,판매중,1,경기 수원시 장안구 파장동,https://www.daangn.com/kr/buy-sell/%EC%8A%A4%ED%86%A0%EC%BC%80-%ED%8A%B8%EB%A6%BD%ED%8A%B8%EB%9E%A9-%EB%89%B4%EB%B3%B8-%EA%B7%B8%EB%A0%88%EC%9D%B4-%EB%AA%A8%EB%B9%8C%EB%8C%80-uk4uujej5h3q/
04/02/2026,스토케트립트랩뉴본세트(재당근x),"스토케 트립트랩 뉴본 세트 입니다

신생아부터 사용 가능했고 
베이비세트로 넘어가면서 판매합니다.

재당근X, 박스X

직거래, 문고리가능 ",4,3,68,120000,40.4,파랑파랑,판매완료,5,경기 수원시 장안구 파장동,https://www.daangn.com/kr/buy-sell/%EC%8A%A4%ED%86%A0%EC%BC%80-%ED%8A%B8%EB%A6%BD%ED%8A%B8%EB%9E%A9-%EB%89%B4%EB%B3%B8-%EC%84%B8%ED%8A%B8-%EC%9E%AC%EB%8B%B9%EA%B7%BCx-t38pkky3a2bc/
13/08/2025,스토케트립트랩뉴본세트,"스토케 트립트랩 뉴본세트 판매합니다.
1월생 애기 혼자 썻어요",1,4,108,120000,40.3,그루트,판매완료,2,충남 당진시 당진1동,https://www.daangn.com/kr/buy-sell/%EC%8A%A4%ED%86%A0%EC%BC%80-%ED%8A%B8%EB%A6%BD%ED%8A%B8%EB%9E%A9-%EB%89%B4%EB%B3%B8%EC%84%B8%ED%8A%B8-gwh32jm1ng8x/
25/11/2025,스토케트립트랩뉴본세트,"스토케 트립트랩 뉴본 세트입니다

거의 새상품 당근해와서 4개월 정도 사용했습니다
여자아이가 사용했고 저희 밥먹을때 누워만 있던 곳이라 오염없고 깨끗합니다
상태는 사진과 같습니다
(세탁은 울세탁으로 3번정도 했습니다)

박스도 같이 드립니다

비대면 거래 원합니다",1,1,53,120000,51.7,인탱,판매완료,9,경기 성남시 분당구 야탑3동,https://www.daangn.com/kr/buy-sell/%EC%8A%A4%ED%86%A0%EC%BC%80-%ED%8A%B8%EB%A6%BD%ED%8A%B8%EB%9E%A9-%EB%89%B4%EB%B3%B8-%EC%84%B8%ED%8A%B8-tt1twqghvi99/
17/10/2025,스토케트리트랩뉴본세트,"늦게 앉히기 시작해서 엄빠 밥먹을때만 앉혔어요
잠깐 사용해서 상태 좋고 구성 다 있어요~!
이거 없으면 식사시간 어떻게 보냈을지…
일본 오사카 다이마루 백화점에서 사왔고 
재당근 아닙니다~",1,0,94,120000,69.2,말랑토끼,판매완료,1,서울시 영등포구 당산동2가,https://www.daangn.com/kr/buy-sell/%EC%8A%A4%ED%86%A0%EC%BC%80-%ED%8A%B8%EB%A6%AC%ED%8A%B8%EB%9E%A9-%EB%89%B4%EB%B3%B8-%EC%84%B8%ED%8A%B8-194d26ntk65y/
15/08/2025,스토케트립트랩뉴본,"스토케 트립트랩 뉴본 세트 판매합니다

뉴본세트 재당근입니다
새 제품 당근하였고
집에서는 친정엄마가 아이를 안고있고 
저도 바닥에서 앉아있는게 편하여
몇번 사용 안해서 깨끗합니다",5,0,297,120000,39.6,경이,판매완료,1,대구 동구 방촌동,https://www.daangn.com/kr/buy-sell/%EC%8A%A4%ED%86%A0%EC%BC%80-%ED%8A%B8%EB%A6%BD%ED%8A%B8%EB%9E%A9-%EB%89%B4%EB%B3%B8-5hkso2ib2hj7/
21/04/2026,스토케트립트랩뉴본세트그레이,"스토케 트립트랩 뉴본 세트 그레이 색상이에요
박스와 구성품 모두 포함되어 있어요
연장 글라이더에 얼룩 있습니다 사진 확인해주세요 ! 
작년에 구매해 신생아때만 잠깐 썼습니다 
상태 좋아요 
그래도 중고거래 특성상 예민맘은 피해주세요 
비대면 거래 원합니다",2,0,71,120000,42.8,빗살무늬토기,판매완료,4,경남 밀양시 교동,https://www.daangn.com/kr/buy-sell/%EC%8A%A4%ED%86%A0%EC%BC%80-%ED%8A%B8%EB%A6%BD%ED%8A%B8%EB%9E%A9-%EB%89%B4%EB%B3%B8-%EC%84%B8%ED%8A%B8-%EA%B7%B8%EB%A0%88%EC%9D%B4-nob5owt9rrco/
19/04/2025,스토케트립트랩뉴본세트팔아요,"정품입니다 
작년 7월에 샀습니다
",1,0,70,120000,43.2,낚시공부,판매완료,2,충북 영동군 영동읍,https://www.daangn.com/kr/buy-sell/%EC%8A%A4%ED%86%A0%EC%BC%80-%ED%8A%B8%EB%A6%BD%ED%8A%B8%EB%9E%A9-%EB%89%B4%EB%B3%B8%EC%84%B8%ED%8A%B8-%ED%8C%94%EC%95%84%EC%9A%94-pzej3u8zw3sj/
26/03/2026,스토케트립트랩뉴본세트,"25.9월에 새상품 구매해서 썻습니다
구성품 모두 있고 보풀 이염 등 하자 없습니다
모두 분리하여 세탁 후 다시 조립해 두었습니다",3,1,61,120000,48.4,디오니,판매완료,5,충남 천안시 서북구 성거읍,https://www.daangn.com/kr/buy-sell/%EC%8A%A4%ED%86%A0%EC%BC%80-%ED%8A%B8%EB%A6%BD%ED%8A%B8%EB%9E%A9-%EB%89%B4%EB%B3%B8-%EC%84%B8%ED%8A%B8-r5km2khu1atr/
24/03/2026,스토케트립트랩뉴본세트아이보리,"스토케 트립트랩 뉴본 세트 새상품 당근구매했고,
10번이하 사용했습니다
*뉴본세트만 판매하는거에요(의자제외)
아이가 열이많아 엔젤앤비 텐셜에어쿠션 바꿔줬어요 
본품 그레이 커버도 있습니다
아이보리 텐셜세트도 같이드려요
체리딸랑이는 제외입니다
박스는 버렸습니다

*중고제품특성상 교환환불 어렵습니다",4,6,126,120000,47.3,신당동떡볶이,판매완료,3,서울시 중랑구 신내1동,https://www.daangn.com/kr/buy-sell/%EC%8A%A4%ED%86%A0%EC%BC%80-%ED%8A%B8%EB%A6%BD%ED%8A%B8%EB%9E%A9-%EB%89%B4%EB%B3%B8-%EC%84%B8%ED%8A%B8-%EC%95%84%EC%9D%B4%EB%B3%B4%EB%A6%AC-96hz5266ks7b/
09/02/2026,스토케트립트랩뉴본세트풀박,"스토케 트립트랩 뉴본세트 판매합니다
새제품 구입 후 사용.


박스 풀박
연장글라이더
모빌대 포함



당근페이 입금 받고 주소 공유합니다.
네고X
찔러보기 사절",2,2,176,120000,53.9,팔쟈,판매완료,4,서울시 중랑구 신내1동,https://www.daangn.com/kr/buy-sell/%EC%8A%A4%ED%86%A0%EC%BC%80-%ED%8A%B8%EB%A6%BD%ED%8A%B8%EB%9E%A9-%EB%89%B4%EB%B3%B8-%EC%84%B8%ED%8A%B8-%ED%92%80%EB%B0%95-36mz3z7n4kiu/
03/07/2025,"스토케트립트랩뉴본세트(풀세트,상태좋음)","스토케 트립트랩 뉴본세트 팝니다.

24년 5월 새상품구입했어요.

✔️끈포함 아기세제로 전체 세탁⭕
    (바로사용가능)
✔️장난감걸이대 잠깐 껴보고 사용❌
✔️실사용 3개월(아이가 거부가 심했어요ㅠ)
✔️사용설명서 및 박스⭕ (깨끗)

육아중으로 문고리거래 가능해요.
예민맘 사양합니다.",0,1,33,120000,51.4,벼락,판매완료,10,서울시 중구 을지로5가,https://www.daangn.com/kr/buy-sell/%EC%8A%A4%ED%86%A0%EC%BC%80-%ED%8A%B8%EB%A6%BD%ED%8A%B8%EB%9E%A9-%EB%89%B4%EB%B3%B8%EC%84%B8%ED%8A%B8-%ED%92%80%EC%84%B8%ED%8A%B8-%EC%83%81%ED%83%9C%EC%A2%8B%EC%9D%8C-si3ozybq153g/
03/03/2026,스토케트립트랩뉴본세트,"스토케 트립트랩 뉴본 세트 판매합니다
트립트랩에 장착해서 신생아부터 아기를 편안하게 앉힐 수 있어요

사고서 신생아때부터 아기가 잘 안있어했어요..ㅜ
2-3번 눕혀보고 안쓰다보니 벌써 아기가 커서
사이즈가 안 맞네요..ㅜㅎㅎㅎ
그래서 사진처럼 아주 깨끗하고 기스하나없고 뜯어진곳도 없습니다~~
필요하신분 바로 연락주세요~~

아기가 있어서 문고리 거래로 원해요~~",4,4,119,120000,46.8,다블리,판매완료,4,인천 남동구 장수서창동,https://www.daangn.com/kr/buy-sell/%EC%8A%A4%ED%86%A0%EC%BC%80-%ED%8A%B8%EB%A6%BD%ED%8A%B8%EB%9E%A9-%EB%89%B4%EB%B3%B8-%EC%84%B8%ED%8A%B8-o1hhb5cj9789/
19/12/2024,스토케트립트랩뉴본,"13만원에 당근에서 구매후 
사용하려했으나 아이가 싫어해서 사용한 시간은 10분도 남짓입니다. 
",2,1,277,120000,50.6,당근당근이지,판매완료,1,강원 춘천시 동내면,https://www.daangn.com/kr/buy-sell/%EC%8A%A4%ED%86%A0%EC%BC%80-%ED%8A%B8%EB%A6%BD%ED%8A%B8%EB%9E%A9-%EB%89%B4%EB%B3%B8-9h5th24iy64z/
25/03/2026,스토케트립트랩뉴본세트,"3개월 사용했습니다 
아기가 누워있을걸 안좋아해서
거의 사용안했어요 ~!",2,2,41,120000,41.4,밍밍,판매완료,1,울산 중구 태화동,https://www.daangn.com/kr/buy-sell/%EC%8A%A4%ED%86%A0%EC%BC%80-%ED%8A%B8%EB%A6%BD%ED%8A%B8%EB%9E%A9-%EB%89%B4%EB%B3%B8-%EC%84%B8%ED%8A%B8-n7az739517j2/
16/02/2026,스토케트립트랩뉴본세트그레이,"스토케 트립트랩 뉴본 세트입니다.
트립트랩 의자에 장착하여 신생아부터 사용할 수 있어요.
- 안전벨트가 있어서 안전하게 아기를 눕힐 수 있습니다.
- 편안한 쿠션감으로 아기가 편안하게 쉴 수 있어요.

저희는 새상품 구매하여 4개월간 사용했습니다. 
아기 성장이 빨라 의자로 교체하게되어 뉴본 세트 판매합니다. 

상태는 사진과 같이 양호합니다.",4,5,177,120000,43.2,바니바니,판매완료,2,울산 중구 태화동,https://www.daangn.com/kr/buy-sell/%EC%8A%A4%ED%86%A0%EC%BC%80-%ED%8A%B8%EB%A6%BD%ED%8A%B8%EB%9E%A9-%EB%89%B4%EB%B3%B8-%EC%84%B8%ED%8A%B8-%EA%B7%B8%EB%A0%88%EC%9D%B4-u2wjz93zz8qj/
18/09/2025,스토케트립트랩뉴본세트,"스토케 트립트랩 뉴본세트입니다.

필수템이라 생각됩니다 

어른 밥먹을때만 눕혀놓았는데 너무 편했어요~

사진속에 때탄거같은 부분은 주름입니다

쿨거래부탁드립니다",1,1,137,120000,50,착한거래,판매완료,3,울산 중구 태화동,https://www.daangn.com/kr/buy-sell/%EC%8A%A4%ED%86%A0%EC%BC%80-%ED%8A%B8%EB%A6%BD%ED%8A%B8%EB%9E%A9-%EB%89%B4%EB%B3%B8%EC%84%B8%ED%8A%B8-srczda4bujid/
02/09/2025,스토케트립트랩뉴본풀세트,"스토케 트립트랩 뉴본 풀세트 판매합니다~

정품등록 안했어요. 세척해뒀어요.

- 뉴본 시트
- 토이행거 포함
- 박스 및 설명서 모두 있습니다

아기가 있어서 비대면 문고리 거래 원해요
당근페이 및 계좌 이체 하실분만 연락주세요.

중고라서 물건에 큰 하자 없으면 교환, 환불은 어려운 점 이해 부탁드려요~",2,0,72,120000,50.3,자전거살거야,판매완료,4,울산 중구 태화동,https://www.daangn.com/kr/buy-sell/%EC%8A%A4%ED%86%A0%EC%BC%80-%ED%8A%B8%EB%A6%BD%ED%8A%B8%EB%9E%A9-%EB%89%B4%EB%B3%B8-%ED%92%80%EC%84%B8%ED%8A%B8-hib2hzcwk33n/
09/09/2024,스토케트리트랩뉴본,뉴본 아이가커서판매합니다 깨끗함,7,1,321,120000,39.7,콩이,판매완료,2,울산 중구 태화동,https://www.daangn.com/kr/buy-sell/%EC%8A%A4%ED%86%A0%EC%BC%80-%ED%8A%B8%EB%A6%AC%ED%8A%B8%EB%9E%A9-%EB%89%B4%EB%B3%B8-wh3fu4bojgzr/
21/03/2026,스토케트립트랩뉴본세트,"스토케 트립트랩 뉴본 세트 판매합니다
아기가 편안하게 사용할 수 있도록 설계되었고, 안전벨트도 포함되어 있습니다
사진에 보이는 구성품이 다입니다.(연장 글라이더 없습니다.)
물려받아서 사용후 판매하는것입니다.",9,11,791,120000,39.6,천우신조,판매완료,1,경기 수원시 권선구 오목천동,https://www.daangn.com/kr/buy-sell/%EC%8A%A4%ED%86%A0%EC%BC%80-%ED%8A%B8%EB%A6%BD%ED%8A%B8%EB%9E%A9-%EB%89%B4%EB%B3%B8-%EC%84%B8%ED%8A%B8-t6cdumkes63p/
08/02/2026,스토케트립트랩뉴본세트,"스토케 트립트랩 뉴본 세트 판매합니다
신생아부터 사용 가능한 제품이에요
색상은 회색이며, 사진에 보이는 구성품 모두 드립니다
(본체, 연장 글라이더, 모빌대)

트립트랩에 장착해서 정말 유용하게 사용했습니다
문고리 거래 희망합니다. 

구매후 반품 및 교환은 불가합니다.
",2,8,109,120000,40.9,오목당근,판매완료,4,경기 수원시 권선구 오목천동,https://www.daangn.com/kr/buy-sell/%EC%8A%A4%ED%86%A0%EC%BC%80-%ED%8A%B8%EB%A6%BD%ED%8A%B8%EB%9E%A9-%EB%89%B4%EB%B3%B8-%EC%84%B8%ED%8A%B8-6tkjqp292quu/
21/01/2026,스토케트립트랩뉴본세트그레이,"스토케 트립트랩 뉴본 세트 그레이 색상입니다
신생아부터 사용 가능하며, 아기가 편안하게 앉을 수 있도록 인체공학적으로 디자인되었어요
5점식 안전벨트가 있어 아기를 안전하게 고정할 수 있고, 세탁 가능한 패브릭 시트로 위생적으로 관리하기 좋습니다
연장글라이더, 모빌대, 박스도 함께 드립니다

새상품 당근해서 여자아이 잠깐 썼습니다 
상태 좋고 오염은 없지만 중고이니 감안해주세요
정품등록 가능합니다 

당근페이 ,문고리로만 가능합니다",4,3,158,120000,47.1,도비3,판매완료,4,서울시 노원구 월계3동,https://www.daangn.com/kr/buy-sell/%EC%8A%A4%ED%86%A0%EC%BC%80-%ED%8A%B8%EB%A6%BD%ED%8A%B8%EB%9E%A9-%EB%89%B4%EB%B3%B8-%EC%84%B8%ED%8A%B8-%EA%B7%B8%EB%A0%88%EC%9D%B4-w7phsda4gud5/
10/01/2026,스토케트립트랩뉴본세트,"스토케 트립트랩 뉴본 세트 판매합니다
상태는 사진과 같이 좋습니다
토이행거 포함입니다",2,4,130,120000,50.2,주륵,판매완료,2,서울시 노원구 월계3동,https://www.daangn.com/kr/buy-sell/%EC%8A%A4%ED%86%A0%EC%BC%80-%ED%8A%B8%EB%A6%BD%ED%8A%B8%EB%9E%A9-%EB%89%B4%EB%B3%B8-%EC%84%B8%ED%8A%B8-8on3eyzc78wq/
27/07/2025,스토케트립트랩뉴본세트,"스토케 트립트랩 뉴본세트 판매합니다
아기가 편안하게 사용할 수 있어요

- 신생아부터 사용 가능
- 인체공학적 디자인으로 척추 지지
- 부드러운 패브릭 소재
- 탈부착 용이, 세탁 편리

아기 85일차이고 쌍둥이 중 한 아기가 금방 커서 생각보다 빨리팝니다. ssg에서 새상품 구입해서 깨끗하게 사용했습니다. 조리원가고 니큐가고해서 실사용은많지 않습니다.

월계동 삼호아파트 택배보관실에서 거래합니다.",4,7,274,120000,55.9,슘이,판매완료,2,서울시 노원구 월계3동,https://www.daangn.com/kr/buy-sell/%EC%8A%A4%ED%86%A0%EC%BC%80-%ED%8A%B8%EB%A6%BD%ED%8A%B8%EB%9E%A9-%EB%89%B4%EB%B3%B8%EC%84%B8%ED%8A%B8-usa929qemhjk/
29/12/2025,스토케트립트랩뉴본세트,"스토케 트립트랩 뉴본 세트입니다.(본품, 연장글라이더, 모빌거치대) 박스만 없어요.
25년 6월에 평촌 베네피아에서 새제품샀고, 뒤집기 시작해서 내놔요.  잠시 눕혀놓는 용도로쓰고 주로 바닥에 눕혀서 실제 사용은 얼마 안했습니다. 
육아중으로 문고리 원해요.",3,21,211,120000,41.1,파울러너,판매완료,1,경기 군포시 산본동,https://www.daangn.com/kr/buy-sell/%EC%8A%A4%ED%86%A0%EC%BC%80-%ED%8A%B8%EB%A6%BD%ED%8A%B8%EB%9E%A9-%EB%89%B4%EB%B3%B8-%EC%84%B8%ED%8A%B8-cnugwao8pc8a/
15/05/2025,스토케트립트랩뉴본세트,"스토케 트립트랩 뉴본세트(박스 + 모빌대 1개 포함)

재당근이나 쌍둥이 있는 집이라 정신이없어 개시를 못했어요
세탁만 하고 다시 박스에 넣어두었습니다~

✔️설악주공 8단지 문고리 거래만 가능합니다",3,7,225,120000,81,팈탘쌍둥이맘,판매완료,1,경기 군포시 산본동,https://www.daangn.com/kr/buy-sell/%EC%8A%A4%ED%86%A0%EC%BC%80-%ED%8A%B8%EB%A6%BD%ED%8A%B8%EB%9E%A9-%EB%89%B4%EB%B3%B8%EC%84%B8%ED%8A%B8-c78c3ifb6x6m/
09/02/2026,스토케트립트랩뉴본세트,"스토케 트립트랩 뉴본 세트 판매합니다
재당근 아니고 작년에 구매하여
아기 5개월까지 사용했습니다.
여자아이 혼자 사용했으며
모빌대 포함되어 있습니다.(보이는 구성 전부)
(박스는 없습니다..)
중고거래 특성 상
환불 및 교환 금지이며 
아가가있어 문고리거래만 가능합니다.
필요하시면 차량등록가능합니다.
사진 자세하게 보고싶으시면 채팅주세요!",1,6,206,120000,40.4,뿡이언니,판매완료,1,인천 미추홀구 숭의4동,https://www.daangn.com/kr/buy-sell/%EC%8A%A4%ED%86%A0%EC%BC%80-%ED%8A%B8%EB%A6%BD%ED%8A%B8%EB%9E%A9-%EB%89%B4%EB%B3%B8-%EC%84%B8%ED%8A%B8-ozk7fue91p5w/
19/02/2026,스토케트립트랩뉴본세트2개,"스토케 트립트랩 뉴본 세트 2개 판매합니다!
✨ 개당 12만원 입니다^_^
✨ 세탁까지 완료하여 바로 사용가능합니다!
✨ 그래도 사용했던 제품이라 예민한분들은 피해주세요
✨ 뉴본 양면커버도 같이 드립니다!

작년 7월쯤 구매해서 사용했고 항상 커버하고 사용해서 깨끗하게 사용했습니다☺️
신생아부터 최대 9kg까지 사용 가능합니다
트립트랩 의자에 장착하여 아기를 편안하게 돌볼 수 있습니다",4,2,134,120000,61.1,땅콩맘,판매완료,8,대구 달성군 구지면,https://www.daangn.com/kr/buy-sell/%EC%8A%A4%ED%86%A0%EC%BC%80-%ED%8A%B8%EB%A6%BD%ED%8A%B8%EB%9E%A9-%EB%89%B4%EB%B3%B8-%EC%84%B8%ED%8A%B8-2%EA%B0%9C-3f8empob2e7h/
23/12/2024,스토케트립트랩뉴본신생아세트판매,"스토케 트립트랩 뉴본 신생아 세트 판매합니다.
네이버스토어 소오행에서 해외직배송으로 판매하는 제품입니다.
본체+커버+5점식 하네스 및 어깨 패드+장남감 걸이대+확장 글라이더+설명서+제품포장비닐 및 박스 등 초기 구성품 모두 있습니다. 초기 구성품 그대로 재포장하여 판매합니다.
아무 이상없이 잘 사용하다가 이번에 베이비세트로 넘어가면서 판매하게 되었고, 고장 및 오염된 부분 없이 상태 매우 좋습니다.


*비대면 문고리 거래 
*당근페이 가능
*예약 완료 후 주소 알려드립니다",1,1,126,120000,46.8,belle,판매완료,5,대구 달성군 구지면,https://www.daangn.com/kr/buy-sell/%EC%8A%A4%ED%86%A0%EC%BC%80-%ED%8A%B8%EB%A6%BD%ED%8A%B8%EB%9E%A9-%EB%89%B4%EB%B3%B8-%EC%8B%A0%EC%83%9D%EC%95%84-%EC%84%B8%ED%8A%B8-%ED%8C%90%EB%A7%A4-gubkzvt77j5y/
08/01/2026,스토케트립트랩뉴본세트,"스토케 트립트랩 뉴본 세트 판매합니다.
직접 구매했고, 천기저귀를 깔고 써서 깨끗하게 사용했습니다.
얼룩 없고 사용감 적습니다.
세탁 완료했고, 프레임도 소독해뒀습니다.
바로 사용하셔도 됩니다.
모빌대는 있지만 연장 글라이더는 사용중이라
감안하여 올립니다.

중고거래 특성상 교환×, 환불×
육아중이라 채팅이 늦을 수 있습니다.",2,0,146,120000,41,스티치,판매완료,3,경남 창원시 성산구 사파동,https://www.daangn.com/kr/buy-sell/%EC%8A%A4%ED%86%A0%EC%BC%80-%ED%8A%B8%EB%A6%BD%ED%8A%B8%EB%9E%A9-%EB%89%B4%EB%B3%B8-%EC%84%B8%ED%8A%B8-kb8dj2bwuw13/
27/03/2026,스토케트립트랩뉴본세트그레이,"스토케 트립트랩 뉴본 세트 그레이 색상 판매합니다
모빌거치대도 함께드려요❤️

이염•오염• 찢어짐 등 얼룩 전혀없고 깨끗합니다

저희아기는 안좋아해서 실사용횟수는 10회미만으로 사용감 없어요

- 육아중이므로 비대면 방문 부탁드려요❤️
- 세척한상태로 바로 사용할수 있어요 ❤️",4,1,76,120000,40.6,서생댁,판매완료,1,울산 울주군 서생면,https://www.daangn.com/kr/buy-sell/%EC%8A%A4%ED%86%A0%EC%BC%80-%ED%8A%B8%EB%A6%BD%ED%8A%B8%EB%9E%A9-%EB%89%B4%EB%B3%B8-%EC%84%B8%ED%8A%B8-%EA%B7%B8%EB%A0%88%EC%9D%B4-2vcaqfjgwbce/
23/02/2026,스토케트립트랩뉴본세트그레이,"스토케 트립트랩 뉴본 세트 그레이 색상 판매합니다(모빌대, 연장글라이더 포함)
- 25년 8월 오프라인매장 구입 후 9월생 사용
- 정품등록은 안했는데 시리얼넘버 홈페이지 입력해서 하시면 되세요(거래 후 구매영수증도 드릴게요)
- 세탁해뒀습니다. 깨끗하지만 사용감은 있을 수 있어요
- 1개당 가격이며 구매 후 환불x

****1개 남았습니다",2,2,54,120000,43.9,happy,판매완료,2,울산 울주군 서생면,https://www.daangn.com/kr/buy-sell/%EC%8A%A4%ED%86%A0%EC%BC%80-%ED%8A%B8%EB%A6%BD%ED%8A%B8%EB%9E%A9-%EB%89%B4%EB%B3%B8-%EC%84%B8%ED%8A%B8-%EA%B7%B8%EB%A0%88%EC%9D%B4-y6p81ed17gaq/
03/08/2024,스토케트립트랩뉴본,"센텀 신세계백화점에서 구매했어요
1월 중순에 배송받았고 신생아때는 얼마못쓰다가
80일쯤부터 엄청 잘썼어요!

100일부터 200일까지
눈높이에 맞춰 식탁에서
분유도 먹이고, 소화도 시키고,
육아템중에 제일 활용도가 좋았습니다👍
상태 좋구요~ 박스도 깨끗합니다
비대면문고리거래 원합니다 :)",1,1,145,120000,42.6,치치,판매완료,3,울산 울주군 서생면,https://www.daangn.com/kr/buy-sell/%EC%8A%A4%ED%86%A0%EC%BC%80-%ED%8A%B8%EB%A6%BD%ED%8A%B8%EB%9E%A9-%EB%89%B4%EB%B3%B8-bi59ro7vrwad/
04/11/2025,스토케트립트랩뉴본세트+셀프수유쿠션재당근아님,"스토케 트립트랩 뉴본 세트 장난감걸이대(미사용) 같이 있어요
같이 사용하면 좋은 셀프수유쿠션 같이 판매합니다
새상품 구입해서 사용했어요
박스도 있습니다",3,8,352,120000,48.1,니니,판매완료,2,경기 양주시 덕계동,https://www.daangn.com/kr/buy-sell/%EC%8A%A4%ED%86%A0%EC%BC%80-%ED%8A%B8%EB%A6%BD%ED%8A%B8%EB%9E%A9-%EB%89%B4%EB%B3%B8-%EC%84%B8%ED%8A%B8-%EC%85%80%ED%94%84%EC%88%98%EC%9C%A0%EC%BF%A0%EC%85%98-%EC%9E%AC%EB%8B%B9%EA%B7%BC%EC%95%84%EB%8B%98-mftu3hitb8p5/
06/06/2025,스토케트립트랩뉴본세트,"스토케 트립트랩 뉴본 세트
여아 3개월 정도 사용하였으며, 박스만 없을뿐 컨디션 최상
(뉴본, 모빌거치대, 연장글라이더 포함)
문고리 거래",3,1,81,120000,50.2,한종석,판매완료,5,경기 양주시 덕계동,https://www.daangn.com/kr/buy-sell/%EC%8A%A4%ED%86%A0%EC%BC%80-%ED%8A%B8%EB%A6%BD%ED%8A%B8%EB%9E%A9-%EB%89%B4%EB%B3%B8%EC%84%B8%ED%8A%B8-sgr9hio9zwfo/
28/08/2025,스토케트립트랩뉴본신생아세트,"스토케 트립트랩 뉴본 세트입니다.
일본에서 사서 박스는 버리고 왔습니다.
정품 큐알 다 있습니다.
저희 아가는 뒤집기를 하고, 이유식 준비를 하고 있어 한달간 쓰지 않아 분리해서 모두 세탁하고 흰색받침도 세척해서 소독스프레이 뿌리고 보관 중입니다.
박스가 없어서 조금 저렴히 드릴께요!
아기가 있어 비대면 거래 원합니다.
당근페이 하시면 주소 알려드릴께요!

구성품:
- 트립트랩 뉴본 시트
- 베이스",1,0,79,120000,40.4,호비부부,판매완료,2,강원 춘천시 퇴계동,https://www.daangn.com/kr/buy-sell/%EC%8A%A4%ED%86%A0%EC%BC%80-%ED%8A%B8%EB%A6%BD%ED%8A%B8%EB%9E%A9-%EB%89%B4%EB%B3%B8-%EC%8B%A0%EC%83%9D%EC%95%84-%EC%84%B8%ED%8A%B8-phm4yti3do8n/
21/02/2026,스토케트립트랩뉴본세트팝니다,"트립트랩 뉴본 세트 팝니다

새제품 구매해서 사용해서 상태 좋아요

아기를 거의 안고 생활해서 사용감 거의 없어요

당근페이 원하고 네고안되요ㅠ
환불×",5,3,138,120000,39.2,진토닉,판매완료,1,경남 진주시 정촌면,https://www.daangn.com/kr/buy-sell/%EC%8A%A4%ED%86%A0%EC%BC%80-%ED%8A%B8%EB%A6%BD%ED%8A%B8%EB%9E%A9-%EB%89%B4%EB%B3%B8-%EC%84%B8%ED%8A%B8-%ED%8C%9D%EB%8B%88%EB%8B%A4-1y6c7t6on6dm/
04/01/2026,스토케트립트랩뉴본세트,"스토케 트립트랩 뉴본 세트입니다
박스 포함이고, 사진에 보이는 모든 구성품 함께 드립니다
여자아이 혼자 사용했습니다
사용할때 천기저귀깔고 사용해서 얼룩은 없습니다

- 트립트랩에 장착하여 신생아부터 사용 가능합니다
- 최대 9kg까지 아기를 안전하게 지지합니다
- 분리 가능한 시트 커버로 세탁이 용이합니

실물보고 구매하셔도 됩니다
대면 비대면 다 가능합니다",1,5,160,120000,37.4,광복이,판매완료,3,경남 진주시 정촌면,https://www.daangn.com/kr/buy-sell/%EC%8A%A4%ED%86%A0%EC%BC%80-%ED%8A%B8%EB%A6%BD%ED%8A%B8%EB%9E%A9-%EB%89%B4%EB%B3%B8-%EC%84%B8%ED%8A%B8-ozpc4tx4zc5u/
01/11/2025,스토케트립트랩뉴본시트,"스토케 트립트랩 뉴본 시트입니다
상태는 사진과 같이 좋습니다
박스에 보관되어 있습니다
신생아때부터 아기와 함께 식탁에서 편안하게 식사할 수 있어요",2,4,158,120000,40.5,벙토벅수,판매완료,3,경남 진주시 정촌면,https://www.daangn.com/kr/buy-sell/%EC%8A%A4%ED%86%A0%EC%BC%80-%ED%8A%B8%EB%A6%BD%ED%8A%B8%EB%9E%A9-%EB%89%B4%EB%B3%B8-%EC%8B%9C%ED%8A%B8-sjadz528e9rg/
13/11/2025,스토케트립트랩뉴본거의새것,"스토케 트립트랩 뉴본 그레이컬러

저희집은 아기가 안눕더라구요.
몇번 못쓰고 뒤집기시작해서
당근합니다. ㅠㅠㅎㅎ............
글라이더 미포함입니당.
공식사이트 판매가격 21만원이에요!


-교환환불반품 X
-당근페이합니다.
-입금 후 주차등록 , 상세주소 알려드립니다.
-육아중이라 비대면문고리거래 합니다.",2,5,208,120000,66.5,공주밤최고,판매완료,3,인천 미추홀구 용현5동,https://www.daangn.com/kr/buy-sell/%EC%8A%A4%ED%86%A0%EC%BC%80-%ED%8A%B8%EB%A6%BD%ED%8A%B8%EB%9E%A9-%EB%89%B4%EB%B3%B8-%EA%B1%B0%EC%9D%98%EC%83%88%EA%B2%83-vq9iymnjddtk/
27/04/2026,스토케트립트랩뉴본세트그레이,"스토케 트립트랩 뉴본세트 재당근 상품입니다.
3개월 사용한 새제품 구매했고 저는 2개월 사용했습니다.
거의 새상품급으로 깨끗하고 구성품은 사진에 보이는대로 본체와 모빌대, 정품인증서, 사용설명서, 박스입니다. (연장 글라이더❌️)

현재 시트 다 세탁해서 패킹해놓았고 바로 사용하셔도 되세요 🙂
저는 아가 2개월차에 구매해서 사용기간이 짧지만 신생아부터 사용하시는걸 추천합니다.
신생아 육아 중 밥먹을때 정말 필수품입니다!
육아중이라 문고리 비대면 거래 부탁드려요😊

✅️육아중이라 비대면 거래 원해요👶
✅️당근페이 가능해요🥕
✅️ 입금 후 동호수 알려드릴게요🔔
✅️ 개인간 거래이므로 반품/환불 안돼요🙅‍♀️",1,3,117,120000,45.3,밍봄준,판매완료,3,부산 기장군 정관읍,https://www.daangn.com/kr/buy-sell/%EC%8A%A4%ED%86%A0%EC%BC%80-%ED%8A%B8%EB%A6%BD%ED%8A%B8%EB%9E%A9-%EB%89%B4%EB%B3%B8%EC%84%B8%ED%8A%B8-%EA%B7%B8%EB%A0%88%EC%9D%B4-ufbadhfjtjub/
06/03/2026,스토케트립트랩뉴본세트,"뉴본세트 살까말까 고민하다가 샀는데 아기 분유먹일때 눕혀서 먹이면 허리랑 고개도 안아프고 엄마아빠 밥먹을때도 옆에 눕혀놓으면 편해요! 
깨끗하게 사용했어요 커버도 같이 드립니다",3,4,160,120000,38,푸딩,판매완료,1,부산 기장군 정관읍,https://www.daangn.com/kr/buy-sell/%EC%8A%A4%ED%86%A0%EC%BC%80-%ED%8A%B8%EB%A6%BD%ED%8A%B8%EB%9E%A9-%EB%89%B4%EB%B3%B8-%EC%84%B8%ED%8A%B8-ruir7nwk63ry/
06/01/2026,스토케트립트랩뉴본세트,"스토케 트립트랩 뉴본 세트입니다
작년에 일본에서 직접 사와서 애기 3개월까지 썼어요
큰오염없이 깨끗합니다 
모빌 거치대와 연장 글라이더는 안써서 거의 새거예요
박스도 있습니다",1,10,225,120000,37.8,뀨뀨,판매완료,2,부산 기장군 정관읍,https://www.daangn.com/kr/buy-sell/%EC%8A%A4%ED%86%A0%EC%BC%80-%ED%8A%B8%EB%A6%BD%ED%8A%B8%EB%9E%A9-%EB%89%B4%EB%B3%B8-%EC%84%B8%ED%8A%B8-fcy782uz82dz/
04/12/2025,스토케트립트랩뉴본세트(새상품급✨),"24년도 작년에 신세계 백화점에서 구매했어요

그런데 저희 아기는 안겨있기 좋아해서
잘 사용하지도 못해서 깨끗합니다✨",2,3,83,120000,57.4,오늘도당근해,판매완료,5,부산 기장군 정관읍,https://www.daangn.com/kr/buy-sell/%EC%8A%A4%ED%86%A0%EC%BC%80-%ED%8A%B8%EB%A6%BD%ED%8A%B8%EB%9E%A9-%EB%89%B4%EB%B3%B8-%EC%84%B8%ED%8A%B8-%EC%83%88%EC%83%81%ED%92%88%EA%B8%89-bjgtv79gun4k/
03/11/2025,스토케트립트랩뉴본세트,"스토케 트립트랩 뉴본 세트 판매합니다

- 탈부착이 가능하여 편리합니다
아기가 편안함을 느낄 수 있도록 설계되었습니다

3개월 사용했고 깔끔하게 세탁까지 다 해놓고 비닐 씌워둔 상태입니다. 문고리 거래 원합니다",3,1,91,120000,57,ravlye,판매완료,6,부산 기장군 정관읍,https://www.daangn.com/kr/buy-sell/%EC%8A%A4%ED%86%A0%EC%BC%80-%ED%8A%B8%EB%A6%BD%ED%8A%B8%EB%9E%A9-%EB%89%B4%EB%B3%B8-%EC%84%B8%ED%8A%B8-7vjimo36wh4z/
21/06/2025,스토케트립트랩뉴본세트판매합니다.,"아기가 신생아 시절에 잠깐 사용했던 스토케 트립트랩 뉴본세트입니다. 트립트랩 의자에 장착해서 신생아부터 사용할 수 있는 제품이에요.

✅ 사용기간: 약 3개월
✅ 상태: 전체적으로 깨끗하며 사용감 거의 없습니다
✅ 구성: 뉴본세트 본체 + 안전벨트
✅ 별도로 구매한 전용 커버를 씌우고 사용했습니다. 원하시면 커버도 함께 드릴게요.
✅ 세탁 완료, 모빌대 및 연장 글라이더 포함

정관 문고리 거래 희망합니다.
예민맘 사절 / 반품은 어렵습니다.
예쁜 아기에게 잘 이어졌으면 좋겠어요 :)

💰 가격: 12만원
📍 거래 장소: 기장 정관",2,2,295,120000,45.7,슈돌아,판매완료,3,부산 기장군 정관읍,https://www.daangn.com/kr/buy-sell/%EC%8A%A4%ED%86%A0%EC%BC%80-%ED%8A%B8%EB%A6%BD%ED%8A%B8%EB%9E%A9-%EB%89%B4%EB%B3%B8%EC%84%B8%ED%8A%B8-%ED%8C%90%EB%A7%A4%ED%95%A9%EB%8B%88%EB%8B%A4-4xe4sb7smzis/
14/03/2025,스토케트립트랩뉴본세트,"스토케 트립트랩 뉴본세트 판매합니다. (세탁완료)

롯백에서 새 상품 구매했고요 8월생인데
체어 배송 이슈로 10월 하순부터 최근까지 사용했어요

중고 특성상 미세한 보풀 등 사용감은 있습니다. 
하지만 깨끗해요 박스포장 되어있습니다!

예민하신 분 X 중고로 교환환불 어려워요
선입금 계좌이체 후 문고리 거래 원합니다.",1,0,170,120000,41.3,낙서금지,판매완료,6,부산 기장군 정관읍,https://www.daangn.com/kr/buy-sell/%EC%8A%A4%ED%86%A0%EC%BC%80-%ED%8A%B8%EB%A6%BD%ED%8A%B8%EB%9E%A9-%EB%89%B4%EB%B3%B8%EC%84%B8%ED%8A%B8-8e4zkd6k4si1/
11/08/2024,스토케트립트랩뉴본세트,"스토케 트립트랩 뉴본 세트 팝니다
사진처럼 모빌대, 연장글라이더까지 풀박스 구성입니다

2024년 2월생 아가 직구로 구매하여 사용기간 짧습니다
친구한테 육아 꿀템으로 추천받아서 샀는데
저희 아가는 뉴본에서 수유하고 잠자는걸 안좋아해서
제가 밥먹을때만 잠깐씩 눕혀 사용한게 전부에요

비대면 문고리 거래/교환 환불 불가",12,1,250,120000,47.9,샐리,판매완료,3,부산 기장군 정관읍,https://www.daangn.com/kr/buy-sell/%EC%8A%A4%ED%86%A0%EC%BC%80-%ED%8A%B8%EB%A6%BD%ED%8A%B8%EB%9E%A9-%EB%89%B4%EB%B3%B8-%EC%84%B8%ED%8A%B8-ui7nw3ddpwah/
03/06/2026,스토케트립트랩뉴본세트팝니다😊,"스토케 트립트랩 뉴본세트 12만원에 판매합니다.

’25년 6월경 구매했고, 9월생 아기가 6개월까지 사용 후 세탁하여 보관해뒀습니다! (재당근X) 
박스는 없으나 모빌거치대, 확장 글라이더, 설명서 포함입니다.

깨끗하게 사용했으나, 아무래도 사용감이 있을수 있으니 예민하신분들은 피해주세요🥹

* 아크포레자이위브 1단지 문고리거래입니다.",1,4,81,120000,40.7,고주망탱,판매완료,3,경기 광명시 광명동,https://www.daangn.com/kr/buy-sell/%EC%8A%A4%ED%86%A0%EC%BC%80-%ED%8A%B8%EB%A6%BD%ED%8A%B8%EB%9E%A9-%EB%89%B4%EB%B3%B8-%EC%84%B8%ED%8A%B8-%ED%8C%9D%EB%8B%88%EB%8B%A4-jttdcgjqvi4d/
22/04/2026,[재당근]스토케트립트랩뉴본세트그레이,"[재당근] 신생아부터 사용할 수 있는 스토케 트립트랩 뉴본 세트 판매합니다.

아기가 편안하게 누워있을 수 있도록 도와주는 제품이에요🩵

그레이 색상이고 안전벨트와 추가 구성품(안전벨트커버, 모빌대, 연장그라인더) 모두 포함되어 있어요.
그라인더에 스크래치 좀 있으나(사진참고)
사용하는데는 지장없이 잘 사용했습니다.
실사용 횟수 많지 않아요.

✅문고리거래만 가능
✅당근페이 입금 후 상세주소 안내
✅교환, 환불 불가",2,5,116,120000,42.7,웰시없인못살아,판매완료,4,경기 광명시 광명동,https://www.daangn.com/kr/buy-sell/%EC%9E%AC%EB%8B%B9%EA%B7%BC-%EC%8A%A4%ED%86%A0%EC%BC%80-%ED%8A%B8%EB%A6%BD%ED%8A%B8%EB%9E%A9-%EB%89%B4%EB%B3%B8-%EC%84%B8%ED%8A%B8-%EA%B7%B8%EB%A0%88%EC%9D%B4-cxs3amxbiqw3/
20/03/2026,스토케트립트랩뉴본세트(본품+연장글라이더+모빌대),"스토케 트립트랩에 장착하여 신생아부터 사용할 수 있는 뉴본 세트입니다 (체어는 판매 안합니다.)

아기가 잘 안누워있어서 실사용 횟수 10회도 안될것같아요
상태 좋습니다~",6,2,66,120000,53.4,내일도캐럿퀸,판매완료,4,경기 광명시 광명동,https://www.daangn.com/kr/buy-sell/%EC%8A%A4%ED%86%A0%EC%BC%80-%ED%8A%B8%EB%A6%BD%ED%8A%B8%EB%9E%A9-%EB%89%B4%EB%B3%B8-%EC%84%B8%ED%8A%B8-%EB%B3%B8%ED%92%88-%EC%97%B0%EC%9E%A5%EA%B8%80%EB%9D%BC%EC%9D%B4%EB%8D%94-%EB%AA%A8%EB%B9%8C%EB%8C%80-aq7f1d2wn4xm/
10/03/2026,스토케트립트랩뉴본세트,"재당근입니다
재당근 아닌 제품 구매하여 썼기에 상태는 전체적으로 깨끗합니다
제가 보기엔 딱히 흠은 없어요
사용설명서 같이 드립니다
세탁해놓았습니다
연장 글라이더 빼고 나머지 구성품 다 있습니다
연장글라이더는 베이비 세트 있으시면 같은거라서 그거 쓰시면 됩니다

*당근페이가능
*문고리 거래
*중고거래인만큼 환불은 불가합니다
*육아중이라 확인이 늦을수도 있으나 확인후 최대한 빠르게 답변 드릴께요
*예민맘은 피해주세요",2,1,141,120000,44.5,하트만누르지말고사세요,판매완료,2,경기 광명시 광명동,https://www.daangn.com/kr/buy-sell/%EC%8A%A4%ED%86%A0%EC%BC%80-%ED%8A%B8%EB%A6%BD%ED%8A%B8%EB%9E%A9-%EB%89%B4%EB%B3%B8-%EC%84%B8%ED%8A%B8-ipnbshqrqau7/
08/11/2025,(재당근❌)스토케트립트랩뉴본,"스토케 트립트랩 뉴본 신생아 시트입니다
Hmall에서 작년 9월에 구입해서 여자아기가 약 6개월 깨끗하게 사용했습니다~

뉴본에서 낮잠도 잘 자고, 분유도 잘 먹었어요ㅎ
트립트랩은 뉴본부터 뽕을 뽑아야합니다😄

- 인체공학적 디자인으로 아기를 편안하게 지지해줍니다
- 안전벨트가 있어 더욱 안심하고 사용할 수 있어요
상태는 깨끗하게 관리되어 있습니다

육아 중으로 문고리 거래 원합니다
네고 및 환불 불가❌",1,3,58,120000,45,krm0219,판매완료,5,경기 광명시 광명동,https://www.daangn.com/kr/buy-sell/%EC%9E%AC%EB%8B%B9%EA%B7%BC-%EC%8A%A4%ED%86%A0%EC%BC%80-%ED%8A%B8%EB%A6%BD%ED%8A%B8%EB%9E%A9-%EB%89%B4%EB%B3%B8-kk6ihyyfb5ib/
05/08/2025,스토케트립트랩뉴본세트(박스포함),"스토케 트립트랩 뉴본이에요
올해 3월부터 7월까지 한 아이사용했고
하자없이 사진 컨디션입니다

이제 베이비세트 사용하게되어 판매해요
육아중이라 문고리 거래원해요 

🤍중고상품인만큼 환불 불가",1,1,67,120000,44.2,bigsun,판매완료,5,경기 광명시 광명동,https://www.daangn.com/kr/buy-sell/%EC%8A%A4%ED%86%A0%EC%BC%80-%ED%8A%B8%EB%A6%BD%ED%8A%B8%EB%9E%A9-%EB%89%B4%EB%B3%B8%EC%84%B8%ED%8A%B8-%EB%B0%95%EC%8A%A4%ED%8F%AC%ED%95%A8-jruipbiuvmhe/
04/05/2025,스토케트립트랩뉴본세트팔아영,"깨끗하게  사용했어요.
재당근 아닙니다.
아이가 커서 쓸일이 없어져서 팝니당.

문고리희망해영.",3,1,101,120000,46.1,간지님,판매완료,1,경기 수원시 장안구 정자3동,https://www.daangn.com/kr/buy-sell/%EC%8A%A4%ED%86%A0%EC%BC%80-%ED%8A%B8%EB%A6%BD%ED%8A%B8%EB%9E%A9-%EB%89%B4%EB%B3%B8%EC%84%B8%ED%8A%B8-%ED%8C%94%EC%95%84%EC%98%81-57yezd3nivtz/
14/02/2026,스토케트립트랩뉴본세트,"스토케 트립트랩 뉴본 세트입니다
신생아부터 9kg까지 사용 가능하며, 탈부착이 가능하여 아기에게 편안함을 제공합니다
3년 품질 보증이 적용됩니다


25년 예약대기로 백화점에서 구매했습니다.
25년 7월-25년 11월초까지 사용해서 총 실사용기간 약 4개월입니다.",1,3,116,120000,39.2,jaaaaaaaaaaa,판매완료,3,인천 미추홀구 주안3동,https://www.daangn.com/kr/buy-sell/%EC%8A%A4%ED%86%A0%EC%BC%80-%ED%8A%B8%EB%A6%BD%ED%8A%B8%EB%9E%A9-%EB%89%B4%EB%B3%B8-%EC%84%B8%ED%8A%B8-b6dovzv79b6f/
13/10/2025,스토케트립트랩뉴본,"스토케 트립트랩 뉴본 세트 그레이 색상 판매합니다
25년 1월 일본에서 구매 후 6월부터 4개월정도 사용했습니다 당근하려고 깨끗하게 사용했습니다 
모빌대와 연장 글라이더도 함께 드립니다(글라이더 새거로 드려요)

문고리거래만 가능합니다!",2,2,82,120000,47.2,서뤼,판매완료,2,인천 미추홀구 주안3동,https://www.daangn.com/kr/buy-sell/%EC%8A%A4%ED%86%A0%EC%BC%80-%ED%8A%B8%EB%A6%BD%ED%8A%B8%EB%9E%A9-%EB%89%B4%EB%B3%B8-o3gg2b2vsm77/
06/01/2026,스토케트립트랩뉴본시트,"스토케 트립트랩 뉴본 시트입니다!
아기가 편안하게 사용할 수 있도록 부드러운 소재로 제작되었어요
안전벨트도 포함되어 있어 안전하게 사용할 수 있습니다

새상품 구매해서 사용했고 모빌대 포함입니다.
풀박 상태로 보관중입니다.",2,11,96,120000,50.2,당그니야,판매완료,1,경기 안양시 동안구 비산3동,https://www.daangn.com/kr/buy-sell/%EC%8A%A4%ED%86%A0%EC%BC%80-%ED%8A%B8%EB%A6%BD%ED%8A%B8%EB%9E%A9-%EB%89%B4%EB%B3%B8-%EC%8B%9C%ED%8A%B8-zkdk7v44gvoz/
20/05/2025,스토케트립트랩뉴본재당근,"스토케 트립트랩 뉴본 세트 당근해왔지만
아기가 좋아하지 않아서 사용을 많이 못했습니다
이제 슬슬 앉는 연습을 시키려고 판매해요
중고이니 사용감은 있어요

모빌대, 연장글라이더 있고
박스도 같이 드려요

세탁완료
쿨거래시 5천원 네고

-문고리거래
-선입금 후 주소공개
-중고인만큼 예민하신 분 죄송합니다
-교환환불x",3,0,276,120000,54.9,써아,판매완료,4,경기 안양시 동안구 비산3동,https://www.daangn.com/kr/buy-sell/%EC%8A%A4%ED%86%A0%EC%BC%80-%ED%8A%B8%EB%A6%BD%ED%8A%B8%EB%9E%A9-%EB%89%B4%EB%B3%B8-%EC%9E%AC%EB%8B%B9%EA%B7%BC-2x7k574a6zqp/
26/08/2025,스토케트립트랩뉴본(커버포함풀셋)팝니다,"스토케 트립트랩 뉴본 (커버+모빌걸이대)팝니다. 
커버 벗기고 사용한적이 없어서 하자없이 깨끗하며 , 새것과 비슷한 컨디션 입니다. 
각도조절 가능 한 최근 모델입니다!",1,1,81,120000,53.3,오오밍,판매완료,2,서울시 종로구 창신동,https://www.daangn.com/kr/buy-sell/%EC%8A%A4%ED%86%A0%EC%BC%80-%ED%8A%B8%EB%A6%BD%ED%8A%B8%EB%9E%A9-%EB%89%B4%EB%B3%B8-%EC%BB%A4%EB%B2%84%ED%8F%AC%ED%95%A8-%ED%92%80%EC%85%8B-%ED%8C%9D%EB%8B%88%EB%8B%A4-35sczj7ms9ws/
03/06/2026,스토케트립트랩뉴본세트그레이,"트립트랩 뉴본세트입니다~
사놓고 별로 쓰지 않았네요 상태 훌륭하구요
필요하신분 구매하셔용~~^^",3,5,93,120000,43,하이온,판매완료,2,대구 동구 신천4동,https://www.daangn.com/kr/buy-sell/%EC%8A%A4%ED%86%A0%EC%BC%80-%ED%8A%B8%EB%A6%BD%ED%8A%B8%EB%9E%A9-%EB%89%B4%EB%B3%B8-%EC%84%B8%ED%8A%B8-%EA%B7%B8%EB%A0%88%EC%9D%B4-szrigv3q7796/
31/05/2026,스토케트립트랩뉴본세트그레이,"풀박입니다


신생아부터 사용 가능한 스토케 트립트랩 뉴본 세트예요
안정감 있는 디자인으로 아기가 편안함을 느낄 수 있어요
박스와 구성품 모두 포함되어 있어 선물용으로도 좋아요
아기에게 편안한 첫 의자 경험을 선물해주세요

육아로 문고리거래합니다",2,1,104,120000,46.2,뿌웅,판매완료,2,경기 성남시 분당구 이매1동,https://www.daangn.com/kr/buy-sell/%EC%8A%A4%ED%86%A0%EC%BC%80-%ED%8A%B8%EB%A6%BD%ED%8A%B8%EB%9E%A9-%EB%89%B4%EB%B3%B8-%EC%84%B8%ED%8A%B8-%EA%B7%B8%EB%A0%88%EC%9D%B4-macefg5v313c/
02/02/2026,스토케트립트랩뉴본세트(재당근),"스토케 트립트랩 뉴본 세트입니다
전에 쓰시던 분도 잠깐 1-2달 사용하셨다 했고,
저희도 뉴본에서 수유하거나 하지 않아 깨끗하게 사용했습니다.

모빌대와 연장 지지대 포함입니다!

애기가 모빌대에 걸린 인형 보고 진짜 좋아했습니다. 모빌대 필수에요!!

박스 포함되어 있으며, 아기세탁세제(무향)으로 세탁도 해둬서 바로 사용하셔도 됩니다!

트립트랩 있으면 무조건 구매하셔야합니도!",1,4,66,120000,43.6,콩떡맘,판매완료,4,경기 고양시 덕양구 신원동,https://www.daangn.com/kr/buy-sell/%EC%8A%A4%ED%86%A0%EC%BC%80-%ED%8A%B8%EB%A6%BD%ED%8A%B8%EB%9E%A9-%EB%89%B4%EB%B3%B8-%EC%84%B8%ED%8A%B8-%EC%9E%AC%EB%8B%B9%EA%B7%BC-bxafxyyumz13/
14/01/2026,스토케트립트랩뉴본세트(새상품급),"스토케 트립트랩 뉴본 세트입니다
저희 아기는 좋아하지않아서 2~3번정도 잠깐 앉혀본게 다인 새상품이나 마찬가지입니다 ~!! 
",1,11,100,120000,39.8,mini,판매완료,1,경기 고양시 덕양구 신원동,https://www.daangn.com/kr/buy-sell/%EC%8A%A4%ED%86%A0%EC%BC%80-%ED%8A%B8%EB%A6%BD%ED%8A%B8%EB%9E%A9-%EB%89%B4%EB%B3%B8-%EC%84%B8%ED%8A%B8-%EC%83%88%EC%83%81%ED%92%88%EA%B8%89-bvaj4md7r3fd/
07/09/2025,스토케트립트랩뉴본,"스토케 트립트랩 뉴본입니다
24년 10월 더현대에서 구입한후 올해 4월부터 사용했습니다. 세탁도 해두었어요
육아중이라 선입금 후 문고리 거래합니다 ",2,6,204,120000,39.6,haileyyy,판매완료,1,경기 고양시 덕양구 신원동,https://www.daangn.com/kr/buy-sell/%EC%8A%A4%ED%86%A0%EC%BC%80-%ED%8A%B8%EB%A6%BD%ED%8A%B8%EB%9E%A9-%EB%89%B4%EB%B3%B8-c9crskbz13en/
16/10/2025,스토케트립트랩뉴본세트(최상급상태),"스토케 트립트랩 뉴본 세트입니다
신생아부터 9kg까지 아기를 편안하게 사용할 수 있습니다.

늦게 산 바람에 거의 안 썼어요. 아기가 여기 앉아있었던 시간은 총 1시간도 안됐습니다 ㅠㅠ

상태 최상급이고 보풀도 없고, 오염 없지만, 예민하신 분들은 피해주세요.
모빌 거치대도 있고 박스도 있습니다.",7,2,277,120000,39.5,꾸리꾸리,판매완료,4,서울시 강남구 도곡2동,https://www.daangn.com/kr/buy-sell/%EC%8A%A4%ED%86%A0%EC%BC%80-%ED%8A%B8%EB%A6%BD%ED%8A%B8%EB%9E%A9-%EB%89%B4%EB%B3%B8-%EC%84%B8%ED%8A%B8-%EC%B5%9C%EC%83%81%EA%B8%89-%EC%83%81%ED%83%9C-nexk948b7s99/
17/03/2026,스토케트립트랩뉴본풀세트그레이,"스토케 트립트랩에 장착하여 신생아부터 아기를 편안하게 앉힐 수 있는 뉴본세트입니다
- 색상은 그레이입니다
- 트립트랩에 장착하여 아기와 함께 식사 시간을 가질 수 있습니다
- 분리 가능하여 세탁이 용이합니다
아이가 편안하게 사용할 수 있도록 도와줍니다

박스와 장난감 걸이 + 연장걸이까지 모두 포함입니다
깨끗하게 사용하였습니다!",1,0,62,120000,43.1,bluetete,판매완료,1,경기 화성시 병점구 안녕동,https://www.daangn.com/kr/buy-sell/%EC%8A%A4%ED%86%A0%EC%BC%80-%ED%8A%B8%EB%A6%BD%ED%8A%B8%EB%9E%A9-%EB%89%B4%EB%B3%B8-%ED%92%80%EC%84%B8%ED%8A%B8-%EA%B7%B8%EB%A0%88%EC%9D%B4-nsw4ynipfnzo/
08/01/2026,스토케트립트랩뉴본세트(재당근),"스토케 트립트랩 뉴본 세트👶🏻
모빌 거치대 포함입니다
아기가 금방커서 조금사용하고 판매해요!
사진보다시피 조금의 보풀잇고 얼룩도없고 깨끗합니다!",1,1,142,120000,39.1,여니,판매완료,2,경기 화성시 병점구 안녕동,https://www.daangn.com/kr/buy-sell/%EC%8A%A4%ED%86%A0%EC%BC%80-%ED%8A%B8%EB%A6%BD%ED%8A%B8%EB%9E%A9-%EB%89%B4%EB%B3%B8-%EC%84%B8%ED%8A%B8-%EC%9E%AC%EB%8B%B9%EA%B7%BC-fk7idaq4zbyo/
03/07/2025,스토케트립트랩뉴본세트풀박,"• 스토케 트립트랩 뉴본 풀박스 
• 새상품 구매 후 25년 3월 아가 씀
• 끈 쪽 작은 얼룩 (세탁하면 지워질 것 같아요)
• 미끄럼 방지 다리는 꺼내지도 않음.
• 반품 X 예민맘 X

• 병점역 근처",1,0,63,120000,64.8,야호,판매완료,6,경기 화성시 병점구 안녕동,https://www.daangn.com/kr/buy-sell/%EC%8A%A4%ED%86%A0%EC%BC%80-%ED%8A%B8%EB%A6%BD%ED%8A%B8%EB%9E%A9-%EB%89%B4%EB%B3%B8%EC%84%B8%ED%8A%B8-%ED%92%80%EB%B0%95-4c6b1c79o3cc/
30/04/2026,스토케트립트랩뉴본세트그레이,"신생아부터 사용할 수 있는 스토케 트립트랩 뉴본 세트예요
푹신한 쿠션감으로 아기가 편안함을 느낄 수 있어요
안정감 있는 디자인으로 안전하게 사용할 수 있답니다
재당근 아닌데 세탁을 많이해서 사용감이 있어요 
10월생아기 11-3월 썼어요
예민맘 피해주세요",5,6,237,120000,54.2,쪼리,판매완료,1,부산 연제구 연산제4동,https://www.daangn.com/kr/buy-sell/%EC%8A%A4%ED%86%A0%EC%BC%80-%ED%8A%B8%EB%A6%BD%ED%8A%B8%EB%9E%A9-%EB%89%B4%EB%B3%B8-%EC%84%B8%ED%8A%B8-%EA%B7%B8%EB%A0%88%EC%9D%B4-1r9xuwga6epo/
08/05/2026,스토케트립트랩뉴본세트그레이,"트립트랩 뉴본세트입니다. 
저희 아기가 역방쿠를 더 좋아해서 구매 후 거의 사용안했습니다. 
중고지만 사용감 거의 없는 상태입니다. 
박스, 설명서, 모빌대 다 있는데 연장 글라이더는 없어요.(사용에 전혀 지장은 없었습니다ㅎㅎ)  
사용을 안해 박스에 포장해서 보관해 놓았다가 
내놓으려고 세탁 후 자연건조 싹 다 해놨습니다. 

*문고리 거래만 희망합니다.
*교환, 환불은 불가합니다.",4,4,135,120000,42.3,sy,판매완료,6,경기 남양주시 별내동,https://www.daangn.com/kr/buy-sell/%EC%8A%A4%ED%86%A0%EC%BC%80-%ED%8A%B8%EB%A6%BD%ED%8A%B8%EB%9E%A9-%EB%89%B4%EB%B3%B8%EC%84%B8%ED%8A%B8-%EA%B7%B8%EB%A0%88%EC%9D%B4-hovv5ikrm6vj/
05/03/2026,스토케트립트랩뉴본(재당근x),"스토케 트립트랩 뉴본 판매합니다
3년 워런티 박스에 있습니다

사진처럼 항상 천기저귀 깔고 사용해서 깨끗합니다",4,4,122,120000,48.9,장카설달,판매완료,4,경기 남양주시 별내동,https://www.daangn.com/kr/buy-sell/%EC%8A%A4%ED%86%A0%EC%BC%80-%ED%8A%B8%EB%A6%BD%ED%8A%B8%EB%9E%A9-%EB%89%B4%EB%B3%B8-%EC%9E%AC%EB%8B%B9%EA%B7%BCx-14i7a3zmymfc/
03/01/2026,스토케트립트랩뉴본세트(재당근x),"스토케 트립트랩 뉴본 세트입니다
신생아부터 9kg까지 아기를 편안하게 지지해줍니다
트립트랩에 간편하게 탈부착이 가능합니다

신생아때부터 쓸수있는건데..
의자 원하는 색상이 오래걸려서 실사용은 4개월 미만입니다ㅜㅜ!
적은기간에 엄청 편하게 사용했습니다
뉴본없었으면 팔목이 떨어져나갔을수도…..

재당근 아니고 상태 좋습니다!
세탁후 박스에 넣어놨습니다(바로사용가능)
모빌거치대 넣어놨습니다

-문고리거래
-입금후 주소알려드려요
-교환x, 환불x",1,5,72,120000,63.3,쫀핱,판매완료,3,경기 남양주시 별내동,https://www.daangn.com/kr/buy-sell/%EC%8A%A4%ED%86%A0%EC%BC%80-%ED%8A%B8%EB%A6%BD%ED%8A%B8%EB%9E%A9-%EB%89%B4%EB%B3%B8-%EC%84%B8%ED%8A%B8-%EC%9E%AC%EB%8B%B9%EA%B7%BCx-f3nszsz55nnz/
26/12/2025,스토케트립트랩뉴본세트모빌대포함,"스토케 트립트랩 뉴본 세트입니다
모빌대 포함입니다
박스손잡이는 없는데 세탁해서 넣어뒀습니다

베이비빌리 바스락소리나는 촉감 놀이카드 2개도 같이 드려요 모빌대에 걸어두기 좋더라구요",1,4,107,120000,57.2,쑥쑥,판매완료,6,경기 남양주시 별내동,https://www.daangn.com/kr/buy-sell/%EC%8A%A4%ED%86%A0%EC%BC%80-%ED%8A%B8%EB%A6%BD%ED%8A%B8%EB%9E%A9-%EB%89%B4%EB%B3%B8-%EC%84%B8%ED%8A%B8-%EB%AA%A8%EB%B9%8C%EB%8C%80-%ED%8F%AC%ED%95%A8-119edg61paqq/
14/12/2025,스토케트립트랩뉴본세트,"스토케 트립트랩 뉴본 세트 판매합니다
모빌대, 연장 글라이더 포함입니다
아기가 뉴본에 있기 싫어해서 많이 사용하지 않았습니다ㅜㅜ

문고리 거래 원합니다",4,2,98,120000,43.5,포도,판매완료,2,경기 남양주시 별내동,https://www.daangn.com/kr/buy-sell/%EC%8A%A4%ED%86%A0%EC%BC%80-%ED%8A%B8%EB%A6%BD%ED%8A%B8%EB%9E%A9-%EB%89%B4%EB%B3%B8-%EC%84%B8%ED%8A%B8-47j63u1th7ie/
01/11/2025,스토케트립트랩뉴본세트,"스토케 트립트랩 뉴본세트 판매합니다

아기가 편안하게 사용할 수 있는 안전한 요람입니다

- 신생아부터 사용 가능
- 트립트랩 의자에 간편하게 장착 가능
- 분리 가능해서 세탁 용이

비대면 거래 희망합니다",1,2,65,120000,44.8,부자되자고고고,판매완료,1,대전 유성구 계산동,https://www.daangn.com/kr/buy-sell/%EC%8A%A4%ED%86%A0%EC%BC%80-%ED%8A%B8%EB%A6%BD%ED%8A%B8%EB%9E%A9-%EB%89%B4%EB%B3%B8%EC%84%B8%ED%8A%B8-5d91pqbih38p/
23/07/2025,스토케트립트랩뉴본세트팔아요🪑,"스토케 트립트랩 뉴본세트 판매합니다.
뉴본시트, 안전벨트, 토이행거, 사용설명서, 글라이더 포함되어있어요
오염없이 깨끗하게 사용했어요☺️
비대면문고리거래 원합니다🙂‍↕️
아무래도 중고이기때문에 사용감있습니다!",1,0,51,120000,51.2,송찌의하루,판매완료,3,대전 유성구 계산동,https://www.daangn.com/kr/buy-sell/%EC%8A%A4%ED%86%A0%EC%BC%80-%ED%8A%B8%EB%A6%BD%ED%8A%B8%EB%9E%A9-%EB%89%B4%EB%B3%B8%EC%84%B8%ED%8A%B8-%ED%8C%94%EC%95%84%EC%9A%94-a6a7wagsxzsn/
12/05/2026,스토케트립트랩뉴본세트그레이,"신생아부터 사용 가능한 트립트랩 뉴본세트예요
안정감 있는 디자인으로 아기가 편안함을 느껴요
그레이 색상으로 어떤 인테리어에도 잘 어울려요

한 아이 사용 후 세탁해 보관중이에요~
뭐 묻은거 없고 깨끗히 사용해서 상태 좋아요!
문고리거래
교환X,환불X",3,3,56,120000,53.1,당근당근,판매완료,1,경기 양주시 옥정동,https://www.daangn.com/kr/buy-sell/%EC%8A%A4%ED%86%A0%EC%BC%80-%ED%8A%B8%EB%A6%BD%ED%8A%B8%EB%9E%A9-%EB%89%B4%EB%B3%B8%EC%84%B8%ED%8A%B8-%EA%B7%B8%EB%A0%88%EC%9D%B4-cpxpapyji87m/
08/05/2026,스토케트립트랩뉴본세트그레이,"트립트랩 뉴본 세트입니다.
새상품 구매 후 4개월 가량 사용 후 내놓습니다. 
구성품 중 밑에 확장발판은 미사용입니다.
세탁해놨습니다.

아래는 AI 설명입니다.
신생아부터 사용 가능한 스토케 트립트랩 뉴본 세트예요
안정감 있는 디자인으로 아기가 편안함을 느껴요
모던한 그레이 색상으로 어떤 인테리어에도 잘 어울려요
아기에게 편안하고 안전한 첫 식탁 의자를 선물하고 싶으신 분들께 추천드려요",2,2,60,120000,53.8,키드,판매완료,1,경기 양주시 옥정동,https://www.daangn.com/kr/buy-sell/%EC%8A%A4%ED%86%A0%EC%BC%80-%ED%8A%B8%EB%A6%BD%ED%8A%B8%EB%9E%A9-%EB%89%B4%EB%B3%B8-%EC%84%B8%ED%8A%B8-%EA%B7%B8%EB%A0%88%EC%9D%B4-5ojdt4x8r5da/
21/03/2026,스토케노미뉴본세트grey/greysand새상품,"스토케 노미 뉴본 세트 미개봉 새상품입니다
색상은 Grey / Grey Sand 입니다

노미랑 트립트랩 차이를 몰라서
사서 끼우려고 개봉했는데 이게 다른거였네요

개봉만 한거라 박스도 그대로
내용물도 그대로 있습니다

문고리 거래
",2,5,370,120000,60.3,나주보리굴비,판매완료,2,경기 양주시 옥정동,https://www.daangn.com/kr/buy-sell/%EC%8A%A4%ED%86%A0%EC%BC%80-%EB%85%B8%EB%AF%B8-%EB%89%B4%EB%B3%B8-%EC%84%B8%ED%8A%B8-grey-grey-sand-%EC%83%88%EC%83%81%ED%92%88-9uy8qki5kaoi/
03/06/2025,스토케트립트랩뉴본,"스토케 트립트랩 뉴본입니다
신생아때 진짜 유용하게 썼어요!
3개월사용:) 이제졸업합니다.

찐필수육아템
상태 매우 좋습니다. 얼룩 하자없어요 세탁도 다 해놓았으니 바로 사용하셔도 됩니다!

마린시티직거래

",4,0,96,120000,57.2,부농부농이,판매완료,3,부산 해운대구 우제3동,https://www.daangn.com/kr/buy-sell/%EC%8A%A4%ED%86%A0%EC%BC%80-%ED%8A%B8%EB%A6%BD%ED%8A%B8%EB%9E%A9-%EB%89%B4%EB%B3%B8-kfiis3zuvjxo/
31/03/2026,스토케트립트랩뉴본세트(신생아용),"스토케 트립트랩 뉴본 세트입니다. 신생아부터 9kg까지 사용 가능하며, 트립트랩 체어에 쉽게 탈부착할 수 있습니다. 아기가 편안하게 앉을 수 있도록 디자인되었습니다. 구성품 모두 포함되어 있습니다.

- 거의 새상품 당근해서 사용했고, 정품등록 또한 제가 했습니다.
- 전구성품 다있고 밑 체어 받침대는 베이비세트 받침대 사용하여 새상품으로 드립니다.
- 전체적으로 깨끗하나 중고다보니 예민 맘은 패스해주시길 바랍니다.
- 비대면 거래 원하며, 선입금 후 상세주소, 공동현관비번 알려드립니다.",4,3,131,120000,50.9,포텐터진다,판매완료,4,전남 목포시 부주동,https://www.daangn.com/kr/buy-sell/%EC%8A%A4%ED%86%A0%EC%BC%80-%ED%8A%B8%EB%A6%BD%ED%8A%B8%EB%9E%A9-%EB%89%B4%EB%B3%B8-%EC%84%B8%ED%8A%B8-%EC%8B%A0%EC%83%9D%EC%95%84%EC%9A%A9-br9vkz7akt8c/
07/06/2026,스토케트립트랩뉴본세트,"150일 정도 사용했고 애기가 많이 안누워있었요 깨끗하긴한데 줄에 얼룩이 있어서 세탁하시면 지워질거 같아요
박스는 없어서 싸게 올립니다",1,4,74,120000,37.7,리유진,판매완료,6,충북 청주시 흥덕구 오송읍,https://www.daangn.com/kr/buy-sell/%EC%8A%A4%ED%86%A0%EC%BC%80-%ED%8A%B8%EB%A6%BD%ED%8A%B8%EB%9E%A9-%EB%89%B4%EB%B3%B8-%EC%84%B8%ED%8A%B8-yywq8cq8nr2u/
27/04/2026,스토케트립트랩뉴본세트그레이,"신생아부터 사용 가능한 스토케 트립트랩 뉴본 세트입니다. 재당근입니다.

사용감 거의 없는 중고 구매했고, 저도 바닥에 잘 있는 아기 늦은 개월에 구매해서 실사용 횟수 적어요. 구성품 커버 세탁도 2회고 다른 커버 씌워서 사용해 보풀 같은 거 없어요.

블랙/오렌지 양면 커버도 함께 드려요. 
트립트랩 블랙 색상이신 분 올블랙으로 하면 이뻐요 😄
어두운 색상 의자랑도 잘 어울려요. (사진 첨부합니다)

구매 원하시는 분 연락주세요.
문고리 거래고 반품 불가입니다.",1,0,63,120000,47.7,하히홍우,판매완료,6,충북 청주시 흥덕구 오송읍,https://www.daangn.com/kr/buy-sell/%EC%8A%A4%ED%86%A0%EC%BC%80-%ED%8A%B8%EB%A6%BD%ED%8A%B8%EB%9E%A9-%EB%89%B4%EB%B3%B8-%EC%84%B8%ED%8A%B8-%EA%B7%B8%EB%A0%88%EC%9D%B4-9p5mtmp2vgyz/
28/03/2026,스토케트립트랩뉴본세트(재당근),"신생아부터 사용 가능한 스토케 트립트랩 뉴본세트 재당근입니다.
첫번째 사진과 같이 박스와 구성품 모두 포함되어 있습니다. (4번째 사진에 있는 고리장난감은 불포함)
신생아 육아 필수템으로 강추합니다. 덕분에 옆에 눕혀두고 남편과 밥도 여유있게 먹었어요.
모빌에 고리장난감 걸어두면 가지고 잘 놀았습니다. 졸업이 아쉬울 정도예요ㅜ
깨끗하게 썼기 때문에 저렴하게 부담없이 데려가세요~ 세탁도 편합니다!
(아기세제로 세탁해두었습니다.)

ㅡ 아기가 있어 문고리 거래를 희망합니다.",4,1,127,120000,41.3,어오류로,판매완료,4,충북 청주시 흥덕구 오송읍,https://www.daangn.com/kr/buy-sell/%EC%8A%A4%ED%86%A0%EC%BC%80-%ED%8A%B8%EB%A6%BD%ED%8A%B8%EB%9E%A9-%EB%89%B4%EB%B3%B8%EC%84%B8%ED%8A%B8-%EC%9E%AC%EB%8B%B9%EA%B7%BC-5npkdt5o8msr/
03/02/2026,스토케트립트랩뉴본세트그레이,"스토케 트립트랩 뉴본 세트 그레이 색상입니다
25년도 8월 신세계백화점에서 구입해서 9월생 여자아기 한명 썼습니다 
아기가 사두가 있어 품에 안고수유해서 실 사용횟수는 적은편입니다

연장글라이더는 이유식할때 사용해야해서 구성품에는 없습니다 연장글라이더 뺀 가격으로 올린거니 
네고는 따로 어렵습니다 

박스0, 교환x , 반품x",2,3,102,120000,41.8,dlqhfka909,판매완료,3,충북 청주시 흥덕구 오송읍,https://www.daangn.com/kr/buy-sell/%EC%8A%A4%ED%86%A0%EC%BC%80-%ED%8A%B8%EB%A6%BD%ED%8A%B8%EB%9E%A9-%EB%89%B4%EB%B3%B8-%EC%84%B8%ED%8A%B8-%EA%B7%B8%EB%A0%88%EC%9D%B4-egxi2t7fjfkf/
05/06/2026,재당근스토케트립트랩뉴본세트,"아기에게 편안함을 선사하는 스토케 트립트랩 뉴본 세트예요
안정감 있는 디자인으로 신생아부터 사용하기 좋아요
사진에 보이는 구성품 모두 포함되어 있어요
아기 첫 의자로 선물하기 좋은 제품이랍니다

** 오염된 부분 없으며 설명서부터 박스까지 구성품 다 있습니다",2,6,123,120000,40.9,키캬요,판매완료,2,전북 전주시 완산구 삼천3동,https://www.daangn.com/kr/buy-sell/%EC%9E%AC%EB%8B%B9%EA%B7%BC-%EC%8A%A4%ED%86%A0%EC%BC%80-%ED%8A%B8%EB%A6%BD%ED%8A%B8%EB%9E%A9-%EB%89%B4%EB%B3%B8-%EC%84%B8%ED%8A%B8-saxfprkxi265/
08/04/2025,스토케트립트랩뉴본세트팝니다!,"작년 여름에 직접 구매했고
100일 이후부터 수유할 때 사용했어요!
실사용 기간 3개월 정도 됩니다.

커버랑 하네스는 세탁해 두었고
본체랑 모빌대, 연장 글라이더는
소독티슈로 닦아놨어요.

오염 없고 깨끗하지만
그래도 중고인 점 감안해주세요!

✔️비대면 문고리 거래🙆🏻‍♀️
✔️중고 거래 특성상 환불 안돼요🙅🏻‍♀️
✔️예민하신 분은 피해주세요🙅🏻‍♀️",2,1,104,120000,42.1,쫑쫑24,판매완료,3,경기 용인시 기흥구 상하동,https://www.daangn.com/kr/buy-sell/%EC%8A%A4%ED%86%A0%EC%BC%80-%ED%8A%B8%EB%A6%BD%ED%8A%B8%EB%9E%A9-%EB%89%B4%EB%B3%B8-%EC%84%B8%ED%8A%B8-%ED%8C%9D%EB%8B%88%EB%8B%A4-stf263z7zz9q/
09/04/2025,스토케트립트랩뉴본세트,"작년 11월 말 구매해서 3월까지 사용했어요.
아기가 커서 베이비세트로 갈아타면서 내놓아요. 
깨끗하게 사용해서 눈에 띄는 이염이나 얼룩은 없습니다만, 중고인 점 감안하시어 구매 부탁드리고 반품 환불은 어렵습니다. 
모빌대, 연장 글라이더 포함 박스까지 풀셋이고 쿠션은 유아용 세제로 세탁해두었어요. 
육아중이라 문고리 거래만 가능합니다! ",3,0,100,120000,49,버땡이,판매완료,3,경기 용인시 기흥구 상하동,https://www.daangn.com/kr/buy-sell/%EC%8A%A4%ED%86%A0%EC%BC%80-%ED%8A%B8%EB%A6%BD%ED%8A%B8%EB%9E%A9-%EB%89%B4%EB%B3%B8%EC%84%B8%ED%8A%B8-4k59yqk4igez/
10/02/2025,스토케tripptrapp뉴본세트,"애기세제로 세탁완료했구요
보시는것처럼 보풀없이 상태좋습니다~^^

사진에 보이는 구성이구요
바로사용하셔도 됩니다^^쿠션안쪽도
닦아놓았습니다",2,0,115,120000,51.6,꿀이맘,판매완료,4,경기 용인시 기흥구 상하동,https://www.daangn.com/kr/buy-sell/%EC%8A%A4%ED%86%A0%EC%BC%80-tripp-trapp-%EB%89%B4%EB%B3%B8-%EC%84%B8%ED%8A%B8-3aespq3i2c9q/
06/09/2025,스토케트립트랩뉴본(풀박스),"작년 7월생 아가, 신세계백화점 본점에서 어렵게 직접 구매했습니다. (구매내역 첨부, 21만원)

모든 부속품 다 있어요. (뉴본시트 외 부속품 미사용)
- 시트, 안전벨트, 모빌대, 연장글라이더 

𖤐 힐스테이트문정 문고리 or 직거래 
𖤐 당근페이 가능",0,3,83,120000,71.5,송파문정조셉,판매완료,8,서울시 성동구 성수2가제3동,https://www.daangn.com/kr/buy-sell/%EC%8A%A4%ED%86%A0%EC%BC%80-%ED%8A%B8%EB%A6%BD%ED%8A%B8%EB%9E%A9-%EB%89%B4%EB%B3%B8-%ED%92%80%EB%B0%95%EC%8A%A4-yvopo4j6bi75/
03/03/2026,스토케트립트랩뉴본세트(앤트러사이트)팝니다,"스토케 트리트랩 뉴본세트(색상:앤트러사이트) 팝니다.

100일정도까지 잘 사용하다가 졸업하면서 판매합니다.
깔끔하게 잘 사용해서 상태 좋습니다.

제가 쌍둥이 육아중이라 이동하기가 어려워서 거래장소는 저희 거주지로 와주시면 감사하겠습니다
구매 원하시면 연락주세요~",5,7,163,120000,37.9,호라,판매완료,5,경기 안산시 단원구 신길동,https://www.daangn.com/kr/buy-sell/%EC%8A%A4%ED%86%A0%EC%BC%80-%ED%8A%B8%EB%A6%BD%ED%8A%B8%EB%9E%A9-%EB%89%B4%EB%B3%B8-%EC%84%B8%ED%8A%B8-%EC%95%A4%ED%8A%B8%EB%9F%AC%EC%82%AC%EC%9D%B4%ED%8A%B8-%ED%8C%9D%EB%8B%88%EB%8B%A4-tiif64r68qka/
24/01/2026,스토케트립트랩뉴본세트그레이,"스토케 트립트랩 뉴본 세트 그레이 색상입니다
박스, 설명서, 모빌거치대 포함

세탁후 자연건조했고 본체는 소독티슈로 닦아놨어요 
눈에 보이는 오염은 없고 깨끗이 사용했지만 
중고 특성상 사용감은 있을수 있습니다",2,7,223,120000,51.2,감귤배,판매완료,3,울산 울주군 온산읍,https://www.daangn.com/kr/buy-sell/%EC%8A%A4%ED%86%A0%EC%BC%80-%ED%8A%B8%EB%A6%BD%ED%8A%B8%EB%9E%A9-%EB%89%B4%EB%B3%B8-%EC%84%B8%ED%8A%B8-%EA%B7%B8%EB%A0%88%EC%9D%B4-7i4wd6g1oy3p/
11/06/2025,스토케뉴본세트풀세트,"스토케 트립트랩 뉴본 세트입니다
연장글라이더는 있음 ! 한번 세탁은 하셔서 사용하셔야 해요~ 여아 한명 사용했어요~ ! 비대면 거래 하셔야해요",1,0,112,120000,54.3,꼬무링,판매완료,3,울산 울주군 온산읍,https://www.daangn.com/kr/buy-sell/%EC%8A%A4%ED%86%A0%EC%BC%80-%EB%89%B4%EB%B3%B8%EC%84%B8%ED%8A%B8-%ED%92%80%EC%84%B8%ED%8A%B8-ksbxqw3wunqp/
24/05/2026,스토케트립트랩뉴본세트그레이(박스있음),"신생아부터 사용 가능한 스토케 트립트랩 뉴본세트예요
박스와 설명서, 모빌대 포함입니다.
커버와 벨트는 세탁해서 조립해놨으니 바로사용하셔도 돼요! 얼룩없고 상태좋습니다.
밥먹을때 옆에 뉴본에 눕혀두고 먹기좋고 분유탈때도 눕혀놓고 옆에두면 안울어서 좋았어요.
수유할때도 편하구요! 여러모로 필수템이예요.
육아중이라 문고리거래하겠습니다 :)
",1,1,21,120000,44.5,수플레,판매완료,1,경기 고양시 일산서구 주엽동,https://www.daangn.com/kr/buy-sell/%EC%8A%A4%ED%86%A0%EC%BC%80-%ED%8A%B8%EB%A6%BD%ED%8A%B8%EB%9E%A9-%EB%89%B4%EB%B3%B8-%EC%84%B8%ED%8A%B8-%EA%B7%B8%EB%A0%88%EC%9D%B4-%EB%B0%95%EC%8A%A4%EC%9E%88%EC%9D%8C-hzxm7j27ppwf/
23/03/2026,스토케트립트랩뉴본세트,"스토케 트립트랩 뉴본 세트 판매합니다

완모중으로 뉴본에서 분유 먹이지는 않고 
모빌보여주는 용도로 사용해서 깨끗합니다

육아중으로 문고리 거래 하겠습니다",6,4,90,120000,46.6,하하하이,판매완료,2,경기 고양시 일산서구 주엽동,https://www.daangn.com/kr/buy-sell/%EC%8A%A4%ED%86%A0%EC%BC%80-%ED%8A%B8%EB%A6%BD%ED%8A%B8%EB%9E%A9-%EB%89%B4%EB%B3%B8-%EC%84%B8%ED%8A%B8-yr938wwy98pf/
11/06/2025,스토케트립트랩뉴본세트,"스토케 트립트랩 뉴본세트 판매합니다
3~4개월정도 사용했는데 토하거나 실수한적 없이 
최대한 깔끔하게 사용 했어요
사진에 보이는 구성품이 전부인데 글라이더 없이 잘 사용했어요 

깔끔하게 사용하였으나 사용감은 있을 수 있어요
입금 후 정확한 주소 공유 드리겠습니다
문고리거래만 가능합니다",1,2,227,120000,48.7,땡땡,판매완료,3,경기 고양시 일산서구 주엽동,https://www.daangn.com/kr/buy-sell/%EC%8A%A4%ED%86%A0%EC%BC%80-%ED%8A%B8%EB%A6%BD%ED%8A%B8%EB%9E%A9-%EB%89%B4%EB%B3%B8%EC%84%B8%ED%8A%B8-x35uakf8zsz2/
22/06/2025,스토케트립트랩뉴본세트,"스토케 트립트랩 뉴본세트 판매합니다
아기가 편안하게 사용할 수 있어요

- 신생아부터 9kg까지(6개월) 사용 가능해요
- 트립트랩 의자에 간편하게 장착 가능합니다
- 안전벨트 포함되어 있어 안전해요
- 박스도 같이 드려요",2,2,194,120000,47.6,소팔이,판매완료,4,서울시 서초구 서초4동,https://www.daangn.com/kr/buy-sell/%EC%8A%A4%ED%86%A0%EC%BC%80-%ED%8A%B8%EB%A6%BD%ED%8A%B8%EB%9E%A9-%EB%89%B4%EB%B3%B8%EC%84%B8%ED%8A%B8-xrhtxbijtc3u/
05/06/2025,스토케트립트랩뉴본세트,"✔️스토케 뉴본 세트 구성품 전부 있습니다.
      (박스도 있음, 박스 뒷부분 사진처럼 약간   
       뜯어짐)

✔️아기 세제로 깨끗하게 세탁해두었고, 플라.       
      스틱 부분 소독티슈로 닦아두었습니다.

✔️신생아때 수유 시에 허리안아프게 너무 잘
     썼습니다~아기가 9키로에 육박해져서 보
     냅니다.

✔️미세한 사용감은 있을수도 있어서 예민하신
     분들은 고려해주세요.

✔️왕지동 비대면 문고리거래입니다🩵",1,5,247,120000,73.8,린린장군,판매완료,3,전남 순천시 왕조1동,https://www.daangn.com/kr/buy-sell/%EC%8A%A4%ED%86%A0%EC%BC%80-%ED%8A%B8%EB%A6%BD%ED%8A%B8%EB%9E%A9-%EB%89%B4%EB%B3%B8%EC%84%B8%ED%8A%B8-x9fqtper34xg/
18/11/2025,[박스포함]스토케트립트랩뉴본세트,"스토케 트립트랩 뉴본 세트(박스 포함) 판매합니다!

여자 아이가 사용했고 상태는 좋은데 개개인 마다 기준이 다르니 사진 참고 부탁드립니다!!

직접 상태 확인하시고 구매하시길 추천합니다~

확장 글라이더는 비닐도 뜯지 않았고,  모빌 걸이대도 있습니다!",4,10,204,120000,55.2,여섯,판매완료,3,서울시 동대문구 휘경제1동,https://www.daangn.com/kr/buy-sell/%EB%B0%95%EC%8A%A4%ED%8F%AC%ED%95%A8-%EC%8A%A4%ED%86%A0%EC%BC%80-%ED%8A%B8%EB%A6%BD%ED%8A%B8%EB%9E%A9-%EB%89%B4%EB%B3%B8-%EC%84%B8%ED%8A%B8-w5co3zjeboj2/
02/06/2026,스토케트립트랩뉴본세트그레이,"신생아부터 사용 가능한 스토케 트립트랩 뉴본 세트입니다 아기 이유식 시작해서 내놓습니다



✔️중고거래특성상환불불가 
✔️육아중이라비대면거래원함
✔️가지러오셔야합니다",2,1,96,120000,45.8,단비비비,판매완료,1,부산 사하구 괴정제2동,https://www.daangn.com/kr/buy-sell/%EC%8A%A4%ED%86%A0%EC%BC%80-%ED%8A%B8%EB%A6%BD%ED%8A%B8%EB%9E%A9-%EB%89%B4%EB%B3%B8-%EC%84%B8%ED%8A%B8-%EA%B7%B8%EB%A0%88%EC%9D%B4-1awayib7owk1/
18/05/2025,스토케트립트랩뉴본세트,"스토케 트립트랩 뉴본세트 신생아 시기부터 뒤집기전까지 유용하게 잘썼어요~ 깨끗이 전부 세탁해서 두었습니다.
이염없고 깨끗하지만 중고인점 감안하신분만 구매부탁드립니다.",3,3,304,120000,45.7,매운솜사탕,판매완료,3,부산 사하구 괴정제2동,https://www.daangn.com/kr/buy-sell/%EC%8A%A4%ED%86%A0%EC%BC%80-%ED%8A%B8%EB%A6%BD%ED%8A%B8%EB%9E%A9-%EB%89%B4%EB%B3%B8%EC%84%B8%ED%8A%B8-t3syoeyg33o7/
03/03/2026,스토케트립트랩뉴본세트,"스토케 트립트랩 뉴본 세트입니다
박스 포함 모든 구성품 있습니다(연장 글라이더, 모빌대)
상태 매우 깨끗합니다!!
아기가 별로 안좋아해서 역방쿠에 주로 눕히고 실사용 10회 미만입니다
천은 깨끗하게 세탁해서 사진처럼 지퍼백에 넣어두어서 바로 사용 가능하십니다",4,8,121,120000,40.5,얌얌이,판매완료,4,경기 과천시 문원동,https://www.daangn.com/kr/buy-sell/%EC%8A%A4%ED%86%A0%EC%BC%80-%ED%8A%B8%EB%A6%BD%ED%8A%B8%EB%9E%A9-%EB%89%B4%EB%B3%B8-%EC%84%B8%ED%8A%B8-hiiqwuvfhiae/
18/02/2026,"스토케뉴본세트,아기세제세탁완료바로쓰세요","스토케 트립트랩 뉴본 세트입니다
-신생아부터 9kg까지

사용 시기가 3달? 정도로 짧아서
20만 원 주고 새 제품 사느니
반값에 깨끗히 쓴 중고 당근하세요~

무향 아기 세제로 세탁 마치고
햇빛에 뽀송하게 말려놓은 상태입니다.
바로 사용할 수 있어요~

오늘 구매하시면 2만 원 깎아서
10만 원에 해드릴게요.

**문고리 거래
(입금 후 상세 주소 알랴드려요)
",3,1,65,120000,44.7,오소리,판매완료,3,경기 과천시 문원동,https://www.daangn.com/kr/buy-sell/%EC%8A%A4%ED%86%A0%EC%BC%80-%EB%89%B4%EB%B3%B8-%EC%84%B8%ED%8A%B8-%EC%95%84%EA%B8%B0%EC%84%B8%EC%A0%9C-%EC%84%B8%ED%83%81-%EC%99%84%EB%A3%8C-%EB%B0%94%EB%A1%9C-%EC%93%B0%EC%84%B8%EC%9A%94-gwpgi3d4qwjk/
07/03/2026,스토케트립트랩뉴본세트,"스토케 트립트랩 뉴본 세트 판매합니다.

박스 포함되어 있고,
신생아부터 9kg까지 사용 가능합니다.

아이에게 편안함을 제공하고,
분리 가능한 디자인으로 세척이 용이합니다.

올림픽훼미리타운입니다.",2,2,101,120000,46.3,sitecats,판매완료,2,서울시 송파구 송파동,https://www.daangn.com/kr/buy-sell/%EC%8A%A4%ED%86%A0%EC%BC%80-%ED%8A%B8%EB%A6%BD%ED%8A%B8%EB%9E%A9-%EB%89%B4%EB%B3%B8-%EC%84%B8%ED%8A%B8-j74sq9bko6d2/
07/02/2026,스토케트립트랩뉴본세트앤트로사이트11월구매상자ㅇ,"스토케 트립트랩 뉴본 세트 
앤트러사이트 색 판매합니다
특히 블랙이나 다크브라운 색에 잘 어울리더라구요

작년 11월즈음에 직접구매했고
저희 아기는 잘 앉아있지 않아서 사용감이 적습니다
세탁도 지금까지 두번밖에 안돌렸어요 ..
구매하시면 세탁해서 저희아기 앉힐 수 있는 컨디션으로 드리겠습니다

모빌, 연장글라이더, 상자 다 있습니다
위에 체리 딸랑이 달면 너무 이뻐요
정품등록 안한 상태입니다

바로구매말고 직접 가져가시려면 말씀주세요
송리단길 근처입니다",1,2,162,120000,42.3,또랑,판매완료,3,서울시 송파구 송파동,https://www.daangn.com/kr/buy-sell/%EC%8A%A4%ED%86%A0%EC%BC%80-%ED%8A%B8%EB%A6%BD%ED%8A%B8%EB%9E%A9-%EB%89%B4%EB%B3%B8-%EC%84%B8%ED%8A%B8-%EC%95%A4%ED%8A%B8%EB%A1%9C%EC%82%AC%EC%9D%B4%ED%8A%B8-11%EC%9B%94%EA%B5%AC%EB%A7%A4-%EC%83%81%EC%9E%90-5fpchpbqek7w/
08/12/2025,스토케트립트랩뉴본세트재당근x,"스토케 트립트랩 뉴본 세트입니다
아기가 편안하게 쉴 수 있도록 도와주는 제품이에요
세탁사용만 있을정도로 깨끗히사용하였습니다
박스는없어요",3,5,90,120000,45.6,완박,판매완료,3,서울시 송파구 송파동,https://www.daangn.com/kr/buy-sell/%EC%8A%A4%ED%86%A0%EC%BC%80-%ED%8A%B8%EB%A6%BD%ED%8A%B8%EB%9E%A9-%EB%89%B4%EB%B3%B8-%EC%84%B8%ED%8A%B8-%EC%9E%AC%EB%8B%B9%EA%B7%BCx-rb883yc6q4ir/
01/12/2025,스토케트립트랩뉴본세트팝니다!,"스토케 트립트랩 뉴본 세트입니다!

여아 혼자 사용했고 오염, 이염, 보풀 없습니다. 
아기세제로 세탁하고 소독 티슈로 닦아서 보관 중입니다. 

벨트, 모빌 대, 연장글라이더 구성품 분실 없이 모두 다 있습니다. 

상태 좋은데 빨리 처분하고 싶어서 싸게 내놓습니다. 

🐥 육아 중이라 문고리 거래 부탁드립니다! (석촌역 부근)
🐥 교환, 환불은 어렵습니다!
🐥 예민하신 분들은 피해 주세요!
🐥 당근페이 보내주시면 주소 알려드리겠습니다.",4,3,118,120000,47.4,슈라기버,판매완료,10,서울시 송파구 송파동,https://www.daangn.com/kr/buy-sell/%EC%8A%A4%ED%86%A0%EC%BC%80-%ED%8A%B8%EB%A6%BD%ED%8A%B8%EB%9E%A9-%EB%89%B4%EB%B3%B8-%EC%84%B8%ED%8A%B8-%ED%8C%9D%EB%8B%88%EB%8B%A4-jugkg4f649k6/
20/08/2025,[재당근]스토케트립트랩뉴본(모빌대포함),"첫 구매자분이 24년도에 구입했다고 하셨고
저는 100일 넘어 사서 거의 못 썼어요
오염이나 보풀 없이 상태 좋아요
아기세제로 세탁했습니다.
*박스도 그대로 있습니다.
*뉴본세트만 판매합니다(연장 글라이더 미포함)

",8,9,541,120000,57.6,조르디,판매완료,2,서울시 송파구 송파동,https://www.daangn.com/kr/buy-sell/%EC%9E%AC%EB%8B%B9%EA%B7%BC-%EC%8A%A4%ED%86%A0%EC%BC%80-%ED%8A%B8%EB%A6%BD%ED%8A%B8%EB%9E%A9-%EB%89%B4%EB%B3%B8-%EB%AA%A8%EB%B9%8C%EB%8C%80-%ED%8F%AC%ED%95%A8-9nqaw2vmpzwt/
22/11/2025,스토케트립트랩뉴본세트,"스토케 트립트랩 뉴본 세트 판매합니다
처음부터 커버 씌우고 사용해서 상태 매우 좋아요!!

커버는 어텀31에서 28,900원씩 두 장 구매해서 번갈아 사용했는데 함께 드릴게요 (색상은 핑크/아이보리, 블랙/화이트 입니다 양면 사용 가능해요~)
 
**

- 육아중으로 답장이 늦을 수 있습니다.
- 환불은 불가능합니다. 신중하게 구매해주세요.
- 예민하신분은 사양합니다.
- 비대면 문고리거래합니다.
   ( 입금 후 주소 알려드려요 )
- 당근페이🥕 OK!",3,2,229,120000,50.4,빤짝이네,판매완료,7,경기 안성시 공도읍,https://www.daangn.com/kr/buy-sell/%EC%8A%A4%ED%86%A0%EC%BC%80-%ED%8A%B8%EB%A6%BD%ED%8A%B8%EB%9E%A9-%EB%89%B4%EB%B3%B8%EC%84%B8%ED%8A%B8-o6edosz9kq7v/
21/11/2025,스토케트립트랩뉴본세트,"스토케 트립트랩 뉴본 세트(재당근)
박스 구성품 다 있구요!
애기가 사용하질 않아서 상태 좋습니다!
직접 가지러 오셔야 해요~
예민맘사절, 구매후환불❌",1,4,198,120000,45.8,돌핀,판매완료,1,경기 안성시 공도읍,https://www.daangn.com/kr/buy-sell/%EC%8A%A4%ED%86%A0%EC%BC%80-%ED%8A%B8%EB%A6%BD%ED%8A%B8%EB%9E%A9-%EB%89%B4%EB%B3%B8-%EC%84%B8%ED%8A%B8-um7u5ni8ffo3/
13/02/2026,스토케트립트랩뉴본세트,"스토케 트립트랩 뉴본 세트 판매합니다
상태 좋습니다 박스없어요~~
중고니 예민한분은 사절",1,3,127,120000,45.9,헨리,판매완료,3,경남 김해시 장유1동,https://www.daangn.com/kr/buy-sell/%EC%8A%A4%ED%86%A0%EC%BC%80-%ED%8A%B8%EB%A6%BD%ED%8A%B8%EB%9E%A9-%EB%89%B4%EB%B3%B8-%EC%84%B8%ED%8A%B8-mihvdwv6ef65/
07/11/2025,스토케트립트랩뉴본세트,"스토케 트립트랩 뉴본 세트 판매합니다
신생아부터 안전하게 사용할 수 있어요
- 트립트랩 의자에 장착하여 사용
- 안전벨트 포함
상태는 사진과 같습니다
모빌걸이있어요
하실분만 연락주세요",2,2,131,120000,54.6,김2,판매완료,1,경남 김해시 장유1동,https://www.daangn.com/kr/buy-sell/%EC%8A%A4%ED%86%A0%EC%BC%80-%ED%8A%B8%EB%A6%BD%ED%8A%B8%EB%9E%A9-%EB%89%B4%EB%B3%B8-%EC%84%B8%ED%8A%B8-d64ugptg4ovv/
27/01/2025,(급처)스토케트립트랩뉴본세트,"스토케뉴본세트 팝니다~ 가격내렸습니다. 오염 얼룩없습니다. 
",3,0,216,120000,48.1,최두현,판매완료,1,경남 김해시 장유1동,https://www.daangn.com/kr/buy-sell/%EA%B8%89%EC%B2%98-%EC%8A%A4%ED%86%A0%EC%BC%80-%ED%8A%B8%EB%A6%BD%ED%8A%B8%EB%9E%A9-%EB%89%B4%EB%B3%B8-%EC%84%B8%ED%8A%B8-av1eojr3gh9a/
22/04/2026,스토케트립트랩뉴본세트,"뉴본 정말 유용하게 잘 썼어요 🤍  

✔ 연장 글라인더 + 박스 포함  
✔ 천기저귀 깔고 사용해서 상태 깨끗한 편이에요  


🐥육아중으로 비대면 문고리 거래 원합니다 💕
     위치는 개금골목시장 부근입니다~",6,2,239,120000,50.5,박두팔,판매완료,2,부산 부산진구 개금제2동,https://www.daangn.com/kr/buy-sell/%EC%8A%A4%ED%86%A0%EC%BC%80-%ED%8A%B8%EB%A6%BD%ED%8A%B8%EB%9E%A9-%EB%89%B4%EB%B3%B8-%EC%84%B8%ED%8A%B8-nwgdyyvgr9ym/
19/02/2026,스토케트립트랩뉴본세트,"스토케 트립트랩 뉴본 세트
사진엔 안나왔지만 모빌대 있습니다
추가 커버(사가)있어요
 베이지 그레이 양면커버에요

당근페이 문앞거래 희망합니다 오실 시간 남겨주시면
시간맞춰 문앞에 꺼내두겠습니다 주차등록 필요하시면 말씀주세요 😊
",5,17,375,120000,71.5,당근토끼,판매완료,6,경기 하남시 감이동,https://www.daangn.com/kr/buy-sell/%EC%8A%A4%ED%86%A0%EC%BC%80-%ED%8A%B8%EB%A6%BD%ED%8A%B8%EB%9E%A9-%EB%89%B4%EB%B3%B8-%EC%84%B8%ED%8A%B8-n4vnp8q2zxbb/
26/02/2025,(상태좋음)스토케트립트랩뉴본세트,"새상품 구입해서 둘째 아이만 사용했어요!
집에 트립트랩이 있어 그 위에 뉴본을
장착하려고 했더니....
첫째가 본인 의자라며 못쓰게 해요....

그래서 첫째 어린이집 갔을때만 탈부착하며
10회 미만으로 사용한 상태 좋은 뉴본세트입니다.
(뉴본에서 수유를 한적은 없고 단순히 눕혀만
놨지만.... 세탁은 그 사이에 3-4번 정도 한거
같아요)

구성품은 사진과 같구요
그 다리에 끼우는건 제가 사용하려고 제외했고 그래서 저렴하게 내놨습니다...!!

감일지구 문고리
",3,6,787,122000,52.3,쥬쥬,판매완료,4,경기 하남시 감이동,https://www.daangn.com/kr/buy-sell/%EC%83%81%ED%83%9C-%EC%A2%8B%EC%9D%8C-%EC%8A%A4%ED%86%A0%EC%BC%80-%ED%8A%B8%EB%A6%BD%ED%8A%B8%EB%9E%A9-%EB%89%B4%EB%B3%B8%EC%84%B8%ED%8A%B8-6mi5akjnmmo7/
13/11/2025,스토케트립트랩뉴본세트,"스토케 트립트랩 뉴본 세트입니다.

2024년 신세계 강남에서 구매했습니다.
세탁감 외에 특별한 고지사항 없습니다.

육아중이라 문고리 거래 원해요! 
반품 환불 어려워요. 
(우면동)",1,8,139,124000,45.1,서초구,판매완료,2,서울시 서초구 서초동,https://www.daangn.com/kr/buy-sell/%EC%8A%A4%ED%86%A0%EC%BC%80-%ED%8A%B8%EB%A6%BD%ED%8A%B8%EB%9E%A9-%EB%89%B4%EB%B3%B8-%EC%84%B8%ED%8A%B8-aubb76aufi16/
14/12/2025,스토케트립트랩뉴본세트(새제품사용),"현대백화점 판교점에서 배송된 새상품 6월생 아기 한명 사용했습니다
안아서 수유하고 소화까지 시킨 후에 뉴본에는 잠깐씩 눕혀놓는 용도로 사용했어요
뉴본+모빌대 구성이고 박스는 보관하다가 구겨졌는데 원하시면 함께 드릴게요!
문고리거래 하겠습니다",6,12,434,125000,41.1,코코야,판매완료,4,경기 수원시 장안구 파장동,https://www.daangn.com/kr/buy-sell/%EC%8A%A4%ED%86%A0%EC%BC%80-%ED%8A%B8%EB%A6%BD%ED%8A%B8%EB%9E%A9-%EB%89%B4%EB%B3%B8%EC%84%B8%ED%8A%B8-%EC%83%88%EC%A0%9C%ED%92%88-%EC%82%AC%EC%9A%A9-4uh2xbo8vw5p/
06/04/2026,스토케트립트랩뉴본세트팔아요,"스토케 트립트랩 뉴본 세트입니다
신생아부터 9kg까지 사용 가능하며, 재당근 상품 깨끗하게 사용해서 박스째로 판매합니다.

아이가 눕기를 꺼려해서 많이 사용 못했습니다.
상태 좋습니다
비대면 거래 희망해요. ",2,6,236,125000,40.5,사또밥,판매완료,3,울산 중구 태화동,https://www.daangn.com/kr/buy-sell/%EC%8A%A4%ED%86%A0%EC%BC%80-%ED%8A%B8%EB%A6%BD%ED%8A%B8%EB%9E%A9-%EB%89%B4%EB%B3%B8-%EC%84%B8%ED%8A%B8-%ED%8C%94%EC%95%84%EC%9A%94-evnxu7wc4pae/
05/09/2025,스토케트립트랩뉴본세트,"스토케 트립트랩 뉴본세트 판매합니다.

모빌대, 연장글라이더 등 구성품 전부 포함입니다.

상자에 넣어드리고 문고리 거래입니다.
반품 환불 불가합니다.
",2,2,119,125000,42.4,누루미,판매완료,4,경기 군포시 산본동,https://www.daangn.com/kr/buy-sell/%EC%8A%A4%ED%86%A0%EC%BC%80-%ED%8A%B8%EB%A6%BD%ED%8A%B8%EB%9E%A9-%EB%89%B4%EB%B3%B8%EC%84%B8%ED%8A%B8-1ew8i2ssi67v/
26/05/2026,스토케트립트랩뉴본앤트러사이트,"아기에게 편안함을 선사하는 스토케 트립트랩 뉴본 
푹신한 쿠션감으로 우리 아기가 편안함을 느낄 수 있어요
안전벨트와 함께 사용하면 더욱 안전하게 사용할 수 있답니다
신생아부터 사용 가능하여 활용도가 높아요

거의 사용 안했어요. 새상품급입니다.
거의 아기침대에 눕힌다고 사용을 못 했어요.",3,9,200,125000,44.9,하이팅팅,판매완료,3,대구 달성군 구지면,https://www.daangn.com/kr/buy-sell/%EC%8A%A4%ED%86%A0%EC%BC%80-%ED%8A%B8%EB%A6%BD%ED%8A%B8%EB%9E%A9-%EB%89%B4%EB%B3%B8-%EC%95%A4%ED%8A%B8%EB%9F%AC%EC%82%AC%EC%9D%B4%ED%8A%B8-kaeny2x6c9mb/
10/10/2025,스토케트립트랩뉴본,"거의 새상품 당근해서 5개월까지 잘 쓰고 이유식 시작해서 당근해요~
신생아때는 생각보다 안써지고 오히려 아기가 무거워지는 4-5개월 두달동안 유용하게 썼어요!

세탁 해놓아서 바로 쓰셔도 됩니다~

문고리 거래로 하고
가격제안은 받지 않겠습니당!",2,2,104,125000,41.5,yhsssu,판매완료,3,부산 기장군 정관읍,https://www.daangn.com/kr/buy-sell/%EC%8A%A4%ED%86%A0%EC%BC%80-%ED%8A%B8%EB%A6%BD%ED%8A%B8%EB%9E%A9-%EB%89%B4%EB%B3%B8-gdxicons16bi/
28/06/2025,스토케트립트랩뉴본세트팝니다!,"스토케 트립트랩 뉴본세트입니다.
설명서, 모빌대, 다리연장슬라이더, 상자 모두있습니다.
모빌대랑 다리연장슬라이더는 미사용입니다.
앉기전까지 아주 유용하게 사용했어요ㅎㅎ잘산템👍
아기세제로 세탁 꼼꼼히 완료했고 
사용감 거의 없습니다.

문고리거래 원합니다!
당근페이 좋아요!
중고인점 감안해주시고 예민맘은 피해주세요!
단순변심으로 인한 환불은 불가합니다!",1,3,165,125000,41.8,다미누나,판매완료,1,경기 안양시 만안구 호현동,https://www.daangn.com/kr/buy-sell/%EC%8A%A4%ED%86%A0%EC%BC%80-%ED%8A%B8%EB%A6%BD%ED%8A%B8%EB%9E%A9-%EB%89%B4%EB%B3%B8%EC%84%B8%ED%8A%B8-%ED%8C%9D%EB%8B%88%EB%8B%A4-9exntz8ybg1a/
27/12/2025,"스토케트립트랩뉴본세트(재당근x,박스o)","25년 4월 롯데 잠실에서 구매했던 스토케 트립트랩 뉴본세트입니다.

아기 50일 경부터 사용했는데,
100일에 뒤집기 후 답답해해서 실 사용 기간은 길지 않습니다.

세탁 완료하였으며, 모빌거치대와 상품 박스도 함께 드립니다.
워런티도 28년 4월 말까지 등록되어 있습니다.

✔️중고 상품으로 환불 불가
✔️매봉역 직거래 or 인근 아파트 문고리 거래 희망",1,10,177,125000,42,키키쿄쿄,판매완료,4,서울시 강남구 도곡2동,https://www.daangn.com/kr/buy-sell/%EC%8A%A4%ED%86%A0%EC%BC%80-%ED%8A%B8%EB%A6%BD%ED%8A%B8%EB%9E%A9-%EB%89%B4%EB%B3%B8%EC%84%B8%ED%8A%B8-%EC%9E%AC%EB%8B%B9%EA%B7%BCx-%EB%B0%95%EC%8A%A4o-x2gxy15vvdwy/
15/06/2025,(상태좋음)스토케트립트랩뉴본세트팝니다,"스토케 트립트랩 뉴본 판매해요
23년 제조 입니다.
✨✨아기세제 세탁완료✨✨

신생아부터 6개월까지 사용 가능합니다

여기서 분유 먹이면 너무 편해요~
신생아 때 잘 썼어요~
사용은 천기저귀 깔고 써서 상태는 양호합니다.

- 연장글라이드x
(의자 연장글라이드 사용하심 되요~
못움직이는 아이라 필요도 없긴 했네요)

-상태는  깨끗해요. 중고 제품이니 예민하신분은
패쓰해주세요~

-구성품은 사진과 같습니다.

✔️*선입금* 후 주소전달-> 문고리거래
✔️교환❌ 환불❌
✔️GS반값 택배가능✨✨✨
✔️착불택배/선불택배가능✨✨✨",1,2,99,125000,68.7,시그니쳐,판매완료,5,경기 화성시 병점구 안녕동,https://www.daangn.com/kr/buy-sell/%EC%83%81%ED%83%9C%EC%A2%8B%EC%9D%8C-%EC%8A%A4%ED%86%A0%EC%BC%80-%ED%8A%B8%EB%A6%BD%ED%8A%B8%EB%9E%A9-%EB%89%B4%EB%B3%B8-%EC%84%B8%ED%8A%B8-%ED%8C%9D%EB%8B%88%EB%8B%A4-kzeodrvj88gt/
11/02/2026,스토케트립트랩뉴본세트,"스토케 트립트랩 뉴본 세트입니다
신생아 육아 때 꿀템이었어요 👶
아기 밥먹을때나 평소에 잠시 눕혀서 모빌도 보여주고 놀아주고..! 
박스 설명서 모빌대 연장글라인더 포함 풀세트 입니다. 
상태 좋은 것 당근해와서 여아 5개월 정도 잘 썼어요:) 
아기세제로 세탁하며 사용해서 지금도 상태 좋습니다.",3,8,365,125000,48.2,다이앤,판매완료,3,경기 하남시 감이동,https://www.daangn.com/kr/buy-sell/%EC%8A%A4%ED%86%A0%EC%BC%80-%ED%8A%B8%EB%A6%BD%ED%8A%B8%EB%9E%A9-%EB%89%B4%EB%B3%B8-%EC%84%B8%ED%8A%B8-pvf3yd4n98w3/
02/10/2025,스토케트립트랩뉴본세트,"신세계백화점에서 구매한 스토케 트립트랩 뉴본세트예요. 25년생 아기가 썼어요. 
안쓰고 보관해둔 모빌 걸이대랑 
연장글라이더도 포함해서 드려요.

새상품같은 컨디션이예요!
육아중이라 문고리 거래해요!",8,16,304,125000,49.2,모찌,판매완료,1,경기 하남시 감이동,https://www.daangn.com/kr/buy-sell/%EC%8A%A4%ED%86%A0%EC%BC%80-%ED%8A%B8%EB%A6%BD%ED%8A%B8%EB%9E%A9-%EB%89%B4%EB%B3%B8%EC%84%B8%ED%8A%B8-ycf7ckhw318w/
20/05/2025,스토케트립트랩뉴본세트🍼🍼,"스토케 트립트랩 뉴본 세트 판매해요

아기가 잠깐 사용했던 거라 상태는 좋아요
정가는 210,000원이고 예약판매중이라 저도 몇개월 걸려서 받았었네요. 아기 지금 5개월 됬는데 누워있기를 거부하여서..ㅎㅎ 판매합니다 

거의 백일부터 누워있기 거부해서 범보의자만 썼어서 상태 좋아요!! 연장글라이더만 조금 기스있는데 의자 바닥에 끼우는거라 상관없을것같아요. 나머지는 아주아주 좋아요

- 신생아부터 6개월까지 사용 가능
- 크기: 59 x 38 x 17cm
- 무게: 2.3kg
- 최대 9kg까지 사용

연장글라이더, 모빌대 다 있음
설명서는 없네요

🍼서초래미안 105동 저희집앞 문고리 거래만 가능합니다",1,7,241,126000,48.3,물개물개,판매완료,6,서울시 서초구 서초4동,https://www.daangn.com/kr/buy-sell/%EC%8A%A4%ED%86%A0%EC%BC%80-%ED%8A%B8%EB%A6%BD%ED%8A%B8%EB%9E%A9-%EB%89%B4%EB%B3%B8-%EC%84%B8%ED%8A%B8-wpc4xqvfaxdg/
24/04/2025,스토케트립트랩뉴본세트(풀박스)깨끗해요!,"아기가 커서 내놓습니다!
보시다시피 얼룩없이 엄청 깨끗해용
아기세제로 빨래해놔서 바로 사용하셔도 됩니다!!
문고리 거래할게요 :)",3,0,283,128000,50,호두부맘,판매완료,5,경기 하남시 감이동,https://www.daangn.com/kr/buy-sell/%EC%8A%A4%ED%86%A0%EC%BC%80-%ED%8A%B8%EB%A6%BD%ED%8A%B8%EB%9E%A9-%EB%89%B4%EB%B3%B8%EC%84%B8%ED%8A%B8-%ED%92%80%EB%B0%95%EC%8A%A4-%EA%B9%A8%EB%81%97%ED%95%B4%EC%9A%94-5y8uu88zg1cq/
07/02/2026,스토케트립트랩뉴본세트,"스토케 트립트랩 뉴본 세트 판매합니다
선물 받은 제품 여아 혼자 썼어요
상태는 사진과 같이 양호합니다",2,5,110,130000,42.8,헤이쿠마,판매완료,3,서울시 서초구 서초동,https://www.daangn.com/kr/buy-sell/%EC%8A%A4%ED%86%A0%EC%BC%80-%ED%8A%B8%EB%A6%BD%ED%8A%B8%EB%9E%A9-%EB%89%B4%EB%B3%B8-%EC%84%B8%ED%8A%B8-5daewv1ypcm5/
18/05/2025,스토케트립트랩뉴본세트,"상태 좋습니다만 사용하던 물건이니 예민하신 분들께서는 피해주시면 감사하겠습니다.
연장글라이더랑 모빌대는 미사용입니다.",2,14,289,130000,64.1,biotene,판매완료,1,서울시 서초구 서초동,https://www.daangn.com/kr/buy-sell/%EC%8A%A4%ED%86%A0%EC%BC%80-%ED%8A%B8%EB%A6%BD%ED%8A%B8%EB%9E%A9-%EB%89%B4%EB%B3%B8-%EC%84%B8%ED%8A%B8-9st3uje7g454/
18/01/2025,스토케트립트랩뉴본세트,"24년 9월생 아기이고 친구한테 선물받아 깨끗하게 썼는데요. 

이유식 연습하려고 베이비본으로 넘어가서 뉴본세트는 필요하신 분이 쓰는게 좋을 것 같아 올립니다.

박스 갖고 있고 상태 보시고 거래 가능합니다.😄",3,2,206,130000,41.1,행복린지,판매완료,1,서울시 서초구 서초동,https://www.daangn.com/kr/buy-sell/%EC%8A%A4%ED%86%A0%EC%BC%80-%ED%8A%B8%EB%A6%BD%ED%8A%B8%EB%9E%A9-%EB%89%B4%EB%B3%B8%EC%84%B8%ED%8A%B8-dxkd9ig14jhb/
11/09/2025,스토케트립트랩뉴본세트,"스토케 트립트랩 뉴본 세트 판매합니다.
1월생 아이 잘 사용했습니다.

- 색상: Grey
- 구성품: 뉴본 세트, 토이행거, 박스
- 신생아부터 9kg까지 사용 가능",2,1,119,130000,46.2,또가스,판매완료,6,경남 거제시 거제면,https://www.daangn.com/kr/buy-sell/%EC%8A%A4%ED%86%A0%EC%BC%80-%ED%8A%B8%EB%A6%BD%ED%8A%B8%EB%9E%A9-%EB%89%B4%EB%B3%B8%EC%84%B8%ED%8A%B8-55ezpnoa4ny4/
02/06/2026,스토케트립트랩뉴본세트그레이(4개월사용),"스토케 트립트랩 뉴본 세트입니다. 
12월에 구매해서 1월 중순부터 5월 중순까지 사용했습니다. 
이제 아기가 뒤집어서 이제 잘 안쓰게 되어 판매합니다. 

맨날 뭐 깔아놓고 써서 깨끗하게 썼습니다. 
당근에 올리려고 새로 닦고 다 세탁해놨습니다. 
연장글라이더랑 모빌 걸이도 있습니다. 박스는 없고요. 

저기서 잘 자고 잘 놀고 밥도 잘 먹고 했는데 
새로 이 제품 쓰는 아기도 그랬으면 좋겠네요.",3,5,116,130000,40.3,애플파이,판매완료,2,서울시 성동구 행당동,https://www.daangn.com/kr/buy-sell/%EC%8A%A4%ED%86%A0%EC%BC%80-%ED%8A%B8%EB%A6%BD%ED%8A%B8%EB%9E%A9-%EB%89%B4%EB%B3%B8-%EC%84%B8%ED%8A%B8-%EA%B7%B8%EB%A0%88%EC%9D%B4-4%EA%B0%9C%EC%9B%94-%EC%82%AC%EC%9A%A9-6bukvbrgmtvp/
10/05/2026,스토케트립트랩뉴본세트그레이(재당근x),"트리트랩 뉴본세트 13만원에 판매합니다
박스를 소지하고있는줄 알았는데 안보여서 재당근은 아니지만 13만원에 올려요
- 구매 :베네피아 강북점에서 25년 8월 구매
-실사용: 25년 12월~ 26년 4월
여아 한명이 사용했고
연장글라인더와 모빌거치대는 미사용 상태입니다

거래희망장소: 롯데마트 행당역점 정문앞
시간: 평일 9시이후 or 주말 서로 협의하여 조정
금액:13만원
(육아중이라 교환이나 환불 등 어려습니다)",2,1,41,130000,38.1,당근합시다,판매완료,4,서울시 성동구 행당동,https://www.daangn.com/kr/buy-sell/%EC%8A%A4%ED%86%A0%EC%BC%80-%ED%8A%B8%EB%A6%BD%ED%8A%B8%EB%9E%A9-%EB%89%B4%EB%B3%B8-%EC%84%B8%ED%8A%B8-%EA%B7%B8%EB%A0%88%EC%9D%B4-%EC%9E%AC%EB%8B%B9%EA%B7%BCx-abxhsi6n1sv8/
12/04/2026,스토케트립트랩뉴본세트(거의새거상태),"26년 11월생 아기가 사용했고, 트트에 누워있는걸 싫어해서 실제로 사용한건 몇번 안되요. 
3월쯤 뒤집기 하면서부터 분리해서 보관해 놨었구요
토하거나 쉬야, 응가 묻은적 단한번도 없이 진짜 깨끗하게 사용했고 어저께 세탁, 살균건조도 싹 다 해놨습니당 ~ 

거래는 행당한진타운 아파트 문고리 거래 혹은 
저녁 8시반 이후에 가능하시면 제가 행당역까지는 나갈 수 있을거 같아요! 

가격 네고는 안받습니다!!",4,1,113,130000,42.2,토링,판매완료,3,서울시 성동구 행당동,https://www.daangn.com/kr/buy-sell/%EC%8A%A4%ED%86%A0%EC%BC%80-%ED%8A%B8%EB%A6%BD%ED%8A%B8%EB%9E%A9-%EB%89%B4%EB%B3%B8-%EC%84%B8%ED%8A%B8-%EA%B1%B0%EC%9D%98-%EC%83%88%EA%B1%B0-%EC%83%81%ED%83%9C-813uv496s9kx/
08/01/2026,스토케트립트랩뉴본세트(재당근x),"스토케 트립트랩 뉴본 세트입니다
재당근아니고 정품등록 가능합니다.

스토케 트립트랩 배송이 늦는바람에 뉴본은 일주일정도 밖에 못써서 아주 깨끗합니다!
비닐 포장, 설명서, 박스 함께드리고 모빌대, 연장글라이더 전부 있습니다.
(연장글라이더 트트에 계속사용하는 경우도 많아 구성품에 포함 안된것도 많아요! 잘보고 구매하세요)

행당대림아파트 문고리거래 가능합니다!
",1,4,73,130000,56.4,당당당근마켓,판매완료,1,서울시 성동구 행당동,https://www.daangn.com/kr/buy-sell/%EC%8A%A4%ED%86%A0%EC%BC%80-%ED%8A%B8%EB%A6%BD%ED%8A%B8%EB%9E%A9-%EB%89%B4%EB%B3%B8-%EC%84%B8%ED%8A%B8-%EC%9E%AC%EB%8B%B9%EA%B7%BCx-gyj8z3fheh9c/
05/12/2025,[상태최상]스토케트립트랩뉴본세트(재당근아님),"스토케 트립트랩 뉴본 세트 판매합니다
(재당근 X, 신세계 구매)

'25년생 출산 시 아기가 작았어서
커버 위에 천기저귀 깔고 눕혔던터라
오염없고 세탁도 다 해두었습니다.

모빌바 사용 안 했고 설명서/박스 포함 풀구성입니다!

🍀아기 육아로 문고리 거래만 가능합니다
(왕십리역 인근 라체르보푸르지오써밋)",5,8,77,130000,49.8,laSTARea,판매완료,2,서울시 성동구 행당동,https://www.daangn.com/kr/buy-sell/%EC%83%81%ED%83%9C%EC%B5%9C%EC%83%81-%EC%8A%A4%ED%86%A0%EC%BC%80-%ED%8A%B8%EB%A6%BD%ED%8A%B8%EB%9E%A9-%EB%89%B4%EB%B3%B8%EC%84%B8%ED%8A%B8-%EC%9E%AC%EB%8B%B9%EA%B7%BC-%EC%95%84%EB%8B%98-hq73zueoru6a/
03/12/2025,스토케트립트랩뉴본세트그레이(상태최상),"박스,사용설명서, 워런티 풀 세트

작년 10월 신세계백화점 예약 구매, 올해 4월 수령했어요

아기가 트립트랩에 누워있는 걸 안좋아해서 실사용 정말 몇번 안됩니당..(안겨있는걸 좋아하는 애기에요)

그래서 상태는 정말 좋습니다 !

제가 육아중이라 문고리가 좋고 , 그게
힘드시다면 평일 저녁 8시 이후 가능해요",1,9,138,130000,39.1,애플조아,판매완료,1,서울시 성동구 행당동,https://www.daangn.com/kr/buy-sell/%EC%8A%A4%ED%86%A0%EC%BC%80-%ED%8A%B8%EB%A6%BD%ED%8A%B8%EB%9E%A9-%EB%89%B4%EB%B3%B8-%EC%84%B8%ED%8A%B8-%EA%B7%B8%EB%A0%88%EC%9D%B4-%EC%83%81%ED%83%9C%EC%B5%9C%EC%83%81-xkkopm834mqx/
08/11/2025,스토케트립트랩뉴본세트,"스토케 트립트랩 뉴본세트입니다
- 탈부착이 가능하여 편리하게 사용 가능합니다
- 신생아부터 9kg까지 아기를 편안하게 지지해줍니다
- 아기가 편안함을 느낄 수 있도록 설계되었습니다



뉴본세트 롯데백화점에서 구매했어요 (재당근x)

여아 혼자썼구 역방쿠를 더 좋아해서 거의 사용 안했어요.

실사용기간은 6월부터 9월까지에요!

행당한진타운 거래희망해요",2,0,65,130000,45.5,쿠키파파,판매완료,2,서울시 성동구 행당동,https://www.daangn.com/kr/buy-sell/%EC%8A%A4%ED%86%A0%EC%BC%80-%ED%8A%B8%EB%A6%BD%ED%8A%B8%EB%9E%A9-%EB%89%B4%EB%B3%B8%EC%84%B8%ED%8A%B8-g1sjhonfhe7y/
11/10/2025,스토케트립트랩뉴본세트그레이(재당근x),"스토케 트립트랩 뉴본 세트(그레이 색상) 판매합니다.
백화점에서 구매했구요 25년 4월생 아기가 처음 사용한 제품으로 실사용 기간 짧고 전반적으로 매우 깨끗한 상태입니다.

모빌 걸이도 포함되어 있어 아기가 즐겁게 시간을 보낼 수 있습니다.

거래는 육아로 인해 문고리 거래 선호합니다!",1,1,116,130000,40.6,동동,판매완료,2,서울시 성동구 행당동,https://www.daangn.com/kr/buy-sell/%EC%8A%A4%ED%86%A0%EC%BC%80-%ED%8A%B8%EB%A6%BD%ED%8A%B8%EB%9E%A9-%EB%89%B4%EB%B3%B8-%EC%84%B8%ED%8A%B8-%EA%B7%B8%EB%A0%88%EC%9D%B4-%EC%9E%AC%EB%8B%B9%EA%B7%BCx-m8d6j89emap1/
07/06/2025,"스토케트립트랩뉴본세트(재당근x,여아1명사용)","제가 직접 구매해서 여아 1명 사용했습니다.

저는 뉴본에서 분유 먹이는 것보다 안아서 먹이는게 편해서 뉴본 세트는 책 읽어줄 때만 사용하고 다른 때는 거의 사용하지 못했습니다.

연장글라이더, 모빌걸이, 상자 포함입니다.
연장글라이더랑 모빌걸이는 사용하지 않았습니다.

문고리 거래 선호하며, 교환 환불 안하실 분만 구매 부탁드립니다.",2,3,215,130000,40.8,리겔,판매완료,4,서울시 성동구 행당동,https://www.daangn.com/kr/buy-sell/%EC%8A%A4%ED%86%A0%EC%BC%80-%ED%8A%B8%EB%A6%BD%ED%8A%B8%EB%9E%A9-%EB%89%B4%EB%B3%B8-%EC%84%B8%ED%8A%B8-%EC%9E%AC%EB%8B%B9%EA%B7%BC-x-%EC%97%AC%EC%95%84-1%EB%AA%85-%EC%82%AC%EC%9A%A9-9k6x6guxesqm/
26/05/2025,스토케트립트랩뉴본세트,"스토케 트립트랩 뉴본 세트 판매합니다.
(글라이더 모빌대) 전 구성품 다 있고 모빌대는
미사용입니다. 

작년 12월말에 구매하고 봄만 써서 상태 최상입니다
친정내려와서 팔아요

식탁의자에 앉히면 눈높이 딱 맞아서 옹알이하고
상호작용하기 좋습니다

박스도 같이 드려요!",3,3,143,130000,42.7,우니,판매완료,3,서울시 성동구 행당동,https://www.daangn.com/kr/buy-sell/%EC%8A%A4%ED%86%A0%EC%BC%80-%ED%8A%B8%EB%A6%BD%ED%8A%B8%EB%9E%A9-%EB%89%B4%EB%B3%B8-%EC%84%B8%ED%8A%B8-fanta5bjqb1j/
08/12/2025,스토케트립트랩뉴본세트,"올 해 3월에 구매해서 6월생아기 사용했어요!
거의 역방쿠에 눕혀키웠고
커버씌우고 사용해서 세탁 2~3번밖에 안할정도로
사용 많이하지않아서
상태 좋습니다!
커버도 같이 드릴게요^^",2,8,120,130000,47.6,gu,판매완료,1,충북 충주시 호암.직동,https://www.daangn.com/kr/buy-sell/%EC%8A%A4%ED%86%A0%EC%BC%80-%ED%8A%B8%EB%A6%BD%ED%8A%B8%EB%9E%A9-%EB%89%B4%EB%B3%B8-%EC%84%B8%ED%8A%B8-txzfjdw92w6c/
30/08/2025,스토케트립트랩뉴본세트,"스토케 트립트랩 뉴본세트 판매합니다~

스토케 트립트랩 뉴본 세트 그레이고 올해 3월부터 6월말까지 사용하였습니다!

글라이더, 하네스, 어깨끈, 장난감 걸이대 풀세트 다 있습니다. 구성품은 깨끗하게 사용하였고 최근에 깨끗하게 한번더 빨아두어서 가져가셔서 바로 사용하셔도 됩니다 :)  글라이더는 사용하지 않아 새상품이에요",1,3,84,130000,39.1,jk785,판매완료,2,서울시 용산구 효창동,https://www.daangn.com/kr/buy-sell/%EC%8A%A4%ED%86%A0%EC%BC%80-%ED%8A%B8%EB%A6%BD%ED%8A%B8%EB%9E%A9-%EB%89%B4%EB%B3%B8%EC%84%B8%ED%8A%B8-e52gou1sv9ji/
21/11/2025,"스토케트립트랩뉴본세트(쌍둥이,개별가능)","스토케 트립트랩 뉴본세트입니다
- 박스, 설명서, 구성품 모두 포함되어 있습니다
쌍둥이사용했고 시트 깔고사용했어요
개당가격입니다

육아중으로 문고리거래 원합니다
선입금후 상세주소알려드릴게요

한개남았습니다!",6,13,243,130000,40.3,소하,판매완료,4,경기 구리시 갈매동,https://www.daangn.com/kr/buy-sell/%EC%8A%A4%ED%86%A0%EC%BC%80-%ED%8A%B8%EB%A6%BD%ED%8A%B8%EB%9E%A9-%EB%89%B4%EB%B3%B8%EC%84%B8%ED%8A%B8-%EC%8C%8D%EB%91%A5%EC%9D%B4-%EA%B0%9C%EB%B3%84%EA%B0%80%EB%8A%A5-2vpg9gq2483e/
18/07/2025,스토케트립트랩뉴본세트,"스토케 트립트랩 뉴본 세트입니다

새상품구매해서 이유식할때되서 보냅니다

커버 따로씌우고 사용해서 상태좋아요

커버도같이드립니다",3,4,117,130000,44.4,나눔도사,판매완료,3,경기 구리시 갈매동,https://www.daangn.com/kr/buy-sell/%EC%8A%A4%ED%86%A0%EC%BC%80-%ED%8A%B8%EB%A6%BD%ED%8A%B8%EB%9E%A9-%EB%89%B4%EB%B3%B8-%EC%84%B8%ED%8A%B8-i2t6ixqaz1yb/
29/05/2025,스토케트립트랩뉴본세트(재당근아님),"스토케 트립트랩 뉴본 세트 판매합니다!

일본에서 직접 새상품 구매해왔는데
안겨있으려고만 하는 아기라 뉴본을 안좋아했어요. 
몇번 안눕혔는데 그때마다 속싸개 깔고 눕혔고,
사용시간 다 합쳐도 몇시간 안될것 같습니다.

아기세제로 세탁도 다 해둬서 바로 사용하시면 되고, 
컨디션 최상급 제품입니다.

✔️ 연장글라이더, 모빌대, 박스 전부 드립니다.
✔️ 직거래 갈매스타힐스주변 가능

❌❌교환, 환불, 반품 절대불가❌❌
❌❌네고, 찔러보기, 예민하신분들 사절❌❌",1,2,100,130000,48.5,룰룰루,판매완료,2,경기 구리시 갈매동,https://www.daangn.com/kr/buy-sell/%EC%8A%A4%ED%86%A0%EC%BC%80-%ED%8A%B8%EB%A6%BD%ED%8A%B8%EB%9E%A9-%EB%89%B4%EB%B3%B8%EC%84%B8%ED%8A%B8-%EC%9E%AC%EB%8B%B9%EA%B7%BC%EC%95%84%EB%8B%98-e7rqcr2bydz1/
05/04/2025,스토케트리트랩뉴본세트(재당근아님),"작년 10월 더현대에서 구매하고 딱 5개월썼습니다:) 아기가 키가 커서 다리부분이 너무 나와서 6개월까지는 못썼어요~세탁은 처음이랑 중간 마지막 3번해서 상태는 거의 새거랑 다름없습니다~ (배변 전혀안함)
 뉴본세트는 있으면 5,6개월 정말 좋은 육아템입니당😊 
육아하고 있어서 집근처(지하주차장,문앞)거래원합니다~",1,4,215,130000,54,바다바다,판매완료,3,경기 구리시 갈매동,https://www.daangn.com/kr/buy-sell/%EC%8A%A4%ED%86%A0%EC%BC%80-%ED%8A%B8%EB%A6%AC%ED%8A%B8%EB%9E%A9-%EB%89%B4%EB%B3%B8%EC%84%B8%ED%8A%B8-%EC%9E%AC%EB%8B%B9%EA%B7%BC%EC%95%84%EB%8B%98-fo8zibn8yqsj/
17/08/2024,스토케트립트랩뉴본세트풀구성,"
스토케 트립트랩 뉴본세트 2월에 해외직구로 구매하여 이제 이유식 시작해서 판매합니다.

뉴본용 발받침, 모빌걸이대 포함 가격입니다.

선입금 문고리 거래만 가능해요.",17,1,301,130000,54.5,호두두,판매완료,3,경기 구리시 갈매동,https://www.daangn.com/kr/buy-sell/%EC%8A%A4%ED%86%A0%EC%BC%80-%ED%8A%B8%EB%A6%BD%ED%8A%B8%EB%9E%A9-%EB%89%B4%EB%B3%B8%EC%84%B8%ED%8A%B8-%ED%92%80%EA%B5%AC%EC%84%B1-ezv5cqef46kq/
04/04/2026,스토케트립트랩뉴본세트,"12월에 도착했고 1~2번밖에 안썼어요. 
거의 새것 입니다!

아기 의자에 편안하게 앉혀줄 수 있는 스토케 트립트랩 뉴본 세트입니다
안전벨트가 있어 아기가 안전하게 앉아있을 수 있어요
신생아부터 사용 가능하며, 아기에게 편안한 환경을 제공합니다.

문거래 부탁드립니다 ~!
",4,3,61,130000,48.5,하루,판매완료,3,경기 김포시 풍무동,https://www.daangn.com/kr/buy-sell/%EC%8A%A4%ED%86%A0%EC%BC%80-%ED%8A%B8%EB%A6%BD%ED%8A%B8%EB%9E%A9-%EB%89%B4%EB%B3%B8-%EC%84%B8%ED%8A%B8-kd4ja8mun23h/
11/02/2026,(상태a/재당근x)스토케트립트랩뉴본,"스토케 트립트랩 뉴본세트 팝니다(하이체어 미포함)
뉴본 꼭 필요합니다. 추천드려요

따로 토하거나 대소변이 묻거나 한 적은 없습니다.
판매 생각하고 깨끗히 썼습니다.

여아 단독사용/박스X
25년 8월 구매",10,18,935,130000,41,율무,판매완료,3,경기 김포시 풍무동,https://www.daangn.com/kr/buy-sell/%EC%83%81%ED%83%9Ca-%EC%9E%AC%EB%8B%B9%EA%B7%BCx-%EC%8A%A4%ED%86%A0%EC%BC%80-%ED%8A%B8%EB%A6%BD%ED%8A%B8%EB%9E%A9-%EB%89%B4%EB%B3%B8-tctynk1nf32j/
21/01/2026,스토케트립트랩뉴본세트,"새상품으로 구매한 스토케 트립트랩 뉴본 세트!
눕혀서 수유한 적 없고 
사용감 없이 깨끗한 상태입니다.

구성품은 뉴본 시트, 모빌 걸이, 
연장 글라이더 2개 모두 포함되어 있습니다.",1,10,67,130000,39.8,데오,판매완료,5,경기 김포시 풍무동,https://www.daangn.com/kr/buy-sell/%EC%8A%A4%ED%86%A0%EC%BC%80-%ED%8A%B8%EB%A6%BD%ED%8A%B8%EB%9E%A9-%EB%89%B4%EB%B3%B8-%EC%84%B8%ED%8A%B8-qihnjsip7hzt/
09/01/2026,스토케트립트랩뉴본세트,"스토케 트립트랩 뉴본 세트 판매합니다
아기가 뉴본에는 잘 안 누워있었어서 상태 좋고 깔끔합니다. 
더현대백화점 스토케 매장에서 직접 구매하였습니다.",3,11,199,130000,48,미니멀,판매완료,5,경기 김포시 풍무동,https://www.daangn.com/kr/buy-sell/%EC%8A%A4%ED%86%A0%EC%BC%80-%ED%8A%B8%EB%A6%BD%ED%8A%B8%EB%9E%A9-%EB%89%B4%EB%B3%B8-%EC%84%B8%ED%8A%B8-egud6u8nrfbv/
04/05/2025,스토케트립트랩뉴본세트,"거의 사용안한제품 당근해서
여자 아이 혼자 썼고 역방쿠를 좋아해서
2개월동안 하루에 한번정도만 짧게 올려놔서  깨끗한 편입니다

세탁해서 사용했고 모빌거치대있습니다. 

박스도있는데 찌그러져있어서 필요없으시면 
제품만 쇼핑백에 담아드릴께요!

육아중이여서 집앞거래만 가능합니다.
교환,환불은 불가능합니다.
오셔서 상태확인하고 구매하셔도 좋습니다!",1,5,228,130000,53,이나룽,판매완료,5,경기 김포시 풍무동,https://www.daangn.com/kr/buy-sell/%EC%8A%A4%ED%86%A0%EC%BC%80-%ED%8A%B8%EB%A6%BD%ED%8A%B8%EB%9E%A9-%EB%89%B4%EB%B3%B8%EC%84%B8%ED%8A%B8-ech9c4fink3b/
07/02/2026,스토케트립트랩뉴본세트그레이(재당근x),"스토케 트립트랩 뉴본 세트 그레이 색상입니다
공홈에서 지난 여름 구매하였고 
아기세제로 세탁해놓았습니다

미사용 그라인더 같이 드려요",3,9,158,130000,43.4,열정맘,판매완료,2,경기 수원시 장안구 파장동,https://www.daangn.com/kr/buy-sell/%EC%8A%A4%ED%86%A0%EC%BC%80-%ED%8A%B8%EB%A6%BD%ED%8A%B8%EB%9E%A9-%EB%89%B4%EB%B3%B8-%EC%84%B8%ED%8A%B8-%EA%B7%B8%EB%A0%88%EC%9D%B4-%EC%9E%AC%EB%8B%B9%EA%B7%BCx-x7qoxws616nv/
01/01/2026,스토케트립트랩뉴본세트,"25.4월 새제품 구입. 의자+뉴본세트 5개월 대기후 9월에 수령하여 7월생 남자아기 3개월 사용했어요
이유식 시작해서 판매합니다(박스는없음)

뉴본에서 아기 수유한적도 없고 저희 밥먹을때 잠깐눕혀놓는정도로만 이용했어요

스토케 트립트랩 뉴본 세트 판매합니다
신생아부터 9kg까지 사용 가능하며, 아기가 편안하게 쉴 수 있도록 도와줍니다

*비대면 문 앞 거래
*입금 후 상세주소 전달",2,5,72,130000,39.7,어나더,판매완료,2,충남 당진시 당진1동,https://www.daangn.com/kr/buy-sell/%EC%8A%A4%ED%86%A0%EC%BC%80-%ED%8A%B8%EB%A6%BD%ED%8A%B8%EB%9E%A9-%EB%89%B4%EB%B3%B8-%EC%84%B8%ED%8A%B8-vmaos7visbiv/
28/04/2026,스토케트립트랩뉴본세트그레이,"아기 첫 의자로 사용하기 좋은 스토케 트립트랩 뉴본 세트예요
신생아부터 사용 가능하며, 편안한 쿠션감과 안전벨트로 아기를 안정감 있게 잡아줘요
사진에서 보이는 구성품 그대로 드려요
아기에게 편안한 첫 식사 시간을 선물하고 싶으신 분들께 추천드려요",4,1,60,130000,46.6,lilliliiiii,판매완료,1,경기 하남시 신장1동,https://www.daangn.com/kr/buy-sell/%EC%8A%A4%ED%86%A0%EC%BC%80-%ED%8A%B8%EB%A6%BD%ED%8A%B8%EB%9E%A9-%EB%89%B4%EB%B3%B8-%EC%84%B8%ED%8A%B8-%EA%B7%B8%EB%A0%88%EC%9D%B4-fdqq5q9w3af1/
13/02/2026,스토케트립트랩뉴본세트그레이(새제품//재당근x),"스토케 트립트랩 뉴본 세트 판매합니다.
새제품 구매하여 25년 8월생 아기 한명 사용했구요. 
많이 사용하지않아서 깨끗합니다.
커버는 세척 건조해두었습니다.

글라이더, 모빌대, 설명서 전부 있습니다.
박스는 이사오면서 버려서 없네요.

개인 거래라 교환, 환불 어렵구요~
매화주공3단지 문고리로 거래 가능합니다~",4,11,338,130000,41.3,배리더,판매완료,4,경기 성남시 분당구 야탑3동,https://www.daangn.com/kr/buy-sell/%EC%8A%A4%ED%86%A0%EC%BC%80-%ED%8A%B8%EB%A6%BD%ED%8A%B8%EB%9E%A9-%EB%89%B4%EB%B3%B8-%EC%84%B8%ED%8A%B8-%EA%B7%B8%EB%A0%88%EC%9D%B4-%EC%83%88%EC%A0%9C%ED%92%88-%EC%9E%AC%EB%8B%B9%EA%B7%BCx-a9vfo2e46hj8/
31/03/2026,스토케트립트랩뉴본세트,"스토케 뉴본세트
연장글라이더, 토이바 포함이구
여러번 세탁하면서 사용해서 사용감은 있는데 깔끔해요:-)",1,2,212,130000,51.8,당근은주황색,판매완료,1,대전 중구 선화동,https://www.daangn.com/kr/buy-sell/%EC%8A%A4%ED%86%A0%EC%BC%80-%ED%8A%B8%EB%A6%BD%ED%8A%B8%EB%9E%A9-%EB%89%B4%EB%B3%B8-%EC%84%B8%ED%8A%B8-m6ax561ogi6s/
24/01/2026,스토케트립트랩뉴본세트사가그레이,"스토케 트립트랩 뉴본 세트 사가 그레이 색상입니다. 신생아부터 9kg까지 사용 가능하며, 아기가 부모와 함께 식탁에 앉아 상호작용할 수 있도록 도와주는 제품이에요~~ 

박스 포함되어 있으며, 상태 깨끗합니다. 25.8.29일생 4개월 썼어요~~
커버 씌워서 사용해서 상태 좋습니당
커버 원하시면 함께드려용!",2,2,104,130000,60.8,100000000,판매완료,4,대전 중구 선화동,https://www.daangn.com/kr/buy-sell/%EC%8A%A4%ED%86%A0%EC%BC%80-%ED%8A%B8%EB%A6%BD%ED%8A%B8%EB%9E%A9-%EB%89%B4%EB%B3%B8-%EC%84%B8%ED%8A%B8-%EC%82%AC%EA%B0%80-%EA%B7%B8%EB%A0%88%EC%9D%B4-g3utoy1e42kd/
29/07/2025,스토케트립트랩뉴본세트,"스토케 트립트랩 뉴본세트 판매합니다
신세계백화점에서 구매했고 깨끗하게 사용해서 상태 좋아요~ 보풀 전혀 없으나 예민맘은 피해주세요

*영등포구청역 근처 직거래 원합니다",1,2,136,130000,39.9,춘순이,판매완료,2,서울시 영등포구 당산동2가,https://www.daangn.com/kr/buy-sell/%EC%8A%A4%ED%86%A0%EC%BC%80-%ED%8A%B8%EB%A6%BD%ED%8A%B8%EB%9E%A9-%EB%89%B4%EB%B3%B8%EC%84%B8%ED%8A%B8-xagmhrwxzir2/
04/07/2025,스토케트립트랩뉴본세트,"이유식 시작 해야 해서 내놓아요~
깨끗하게 잘 사용했어요^^
직접 구매한 구매처도 함께 올려 놓았으니 참고 하시구요
모빌 거치대 확장 글라이더는 사용하지 않았어요~
중고인점 구매 후 환불 불가입니다
꼭 하실분 시간 약속 잘 지키실분 연락 주세요^^",3,3,149,130000,75.1,bani,판매완료,3,대구 동구 방촌동,https://www.daangn.com/kr/buy-sell/%EC%8A%A4%ED%86%A0%EC%BC%80-%ED%8A%B8%EB%A6%BD%ED%8A%B8%EB%9E%A9-%EB%89%B4%EB%B3%B8%EC%84%B8%ED%8A%B8-uboqwz7b3xoe/
23/12/2024,스토케트립트랩뉴본세트,"7월쯤 선물받아서 쓴 제품인데 비닐은 다 버렸어요 구성품 모두 있구요
엄마아빠 밥먹을때 잠깐 눕혀놓는정도로만 사용해서 상태 깨끗합니다
저희아기는 몇번 사용 안했지만 아무래도 세탁 하고 그래서인지 사용감은 있을거에요
연장글라인더 바닥은 사용감 있는데 귀찮아서 안찍었네요ㅠㅠ 필요하신분은 따로 찍어서 보여드릴게요
뉴본은 잠깐 사용하는거라 아기가 어릴때 빨리 써야하는거같아요ㅎㅎ
필요하신분은 얼른 가져가세요~

❕중고거래특성상 교환환불 불가능 신중하게 구매해주세요
❕육아중 문고리거래 원합니다
❕예민하신 분들은 새제품 사용하세요
❕선입금 후 상세주소 알려드릴게요",1,2,242,130000,41.6,냠냠,판매완료,4,서울시 중랑구 신내1동,https://www.daangn.com/kr/buy-sell/%EC%8A%A4%ED%86%A0%EC%BC%80-%ED%8A%B8%EB%A6%BD%ED%8A%B8%EB%9E%A9-%EB%89%B4%EB%B3%B8-%EC%84%B8%ED%8A%B8-afjqxa8tuw84/
03/10/2025,스토케트립트랩뉴본세트,"스토케 트립트랩 뉴본 세트 판매합니다

구성품
박스
뉴본 시트
설명서
모빌대
연장글라이더(새상품)

항상 천기저귀 깔고 사용했습니다
예민맘 사절
찔러보기, 가격 후려치기 답장 안해요
사실 분만 연락주세요

육아중이라 비대면 문고리 거래만 가능해요
입금 후 주소 안내드리겠습니다",1,1,73,130000,76.7,페페로니,판매완료,3,울산 중구 태화동,https://www.daangn.com/kr/buy-sell/%EC%8A%A4%ED%86%A0%EC%BC%80-%ED%8A%B8%EB%A6%BD%ED%8A%B8%EB%9E%A9-%EB%89%B4%EB%B3%B8-%EC%84%B8%ED%8A%B8-qmard83fh17r/
25/05/2026,스토케트립트랩뉴본세트그레이,"여아 혼자 사용한 스토케 트립트랩 뉴본 세트입니다
박스와 구성품(모빌대, 글라이더, 설명서)모두 포함이며
아기소독제 및 소독티슈 및 아기세제로 세탁 완료했습니다
사용감 조금 있으나(보풀) 깨끗합니다

환불 및 반품 불가",1,1,47,130000,38.1,그채,판매완료,2,서울시 노원구 월계3동,https://www.daangn.com/kr/buy-sell/%EC%8A%A4%ED%86%A0%EC%BC%80-%ED%8A%B8%EB%A6%BD%ED%8A%B8%EB%9E%A9-%EB%89%B4%EB%B3%B8-%EC%84%B8%ED%8A%B8-%EA%B7%B8%EB%A0%88%EC%9D%B4-cgb1ot8ejfei/
08/03/2026,스토케트립트랩뉴본세트,"스토케 트립트랩 뉴본 세트 판매합니다!
아이의 편안함과 안전성을 위해 설계되었어요
- 신생아부터 사용 가능합니다
- 트립트랩 의자에 간편하게 장착할 수 있습니다
- 안전벨트랑 모빌거치대 포함되어 있습니다

신생아때 세번정도 눕히고 사용한 적 없습니다.
박스는 없으나 거의 새상품입니다!",1,1,159,130000,38.3,융뿡,판매완료,4,경기 군포시 산본동,https://www.daangn.com/kr/buy-sell/%EC%8A%A4%ED%86%A0%EC%BC%80-%ED%8A%B8%EB%A6%BD%ED%8A%B8%EB%9E%A9-%EB%89%B4%EB%B3%B8-%EC%84%B8%ED%8A%B8-a1nhth4kg5nh/
24/11/2025,스토케트립트랩뉴본세트(확장글라이더포함),"스토케 트립트랩 뉴본 세트 판매합니다
박스 있고, 확장 글라이더 있고 상태는 사진과 같습니다!!
(마지막사진음 모빌걸이대에요~~)

신생아부터 9kg까지 사용 가능합니다!
저는 5갤정도까지 사용했어요, 
식탁에서 이유식전에 어른들 식사 구경시키거나 눈마주치고 마사지 해줄때만 잠깐씩 사용했어요 !

커버분리 쉬워서 분리하셔서 세탁만 한번 하시면 될 것 같아요!

🙌🏼깨끗한 상태지만 당근제품임을 감안해주세요
🙌🏼 당근거래 특성상 거래 후 변심으로 인한 환불은 어렵습니다
🙌🏼 문고리거래 선호합니다 (수리중 인근)",1,4,71,130000,44.5,당긍,판매완료,5,경기 군포시 산본동,https://www.daangn.com/kr/buy-sell/%EC%8A%A4%ED%86%A0%EC%BC%80-%ED%8A%B8%EB%A6%BD%ED%8A%B8%EB%9E%A9-%EB%89%B4%EB%B3%B8-%EC%84%B8%ED%8A%B8-%ED%99%95%EC%9E%A5%EA%B8%80%EB%9D%BC%EC%9D%B4%EB%8D%94-%ED%8F%AC%ED%95%A8-qw4sht5jm85v/
11/12/2025,스토케트립트랩뉴본세트판매합니다,"스토케 트립트랩 뉴본세트 판매합니다.

아기가 신생아 눕길 거부해서 3개월쯤부터 6개월까지 사용기한은 3개월 정도로 짧아요.

풀박스랑 비닐 설명서 포함, 얼룩이나 흠없어요 
사진 더필요하시면 더찍어드릴게요 

비대면 거래 원하고, 당근페이로 선입금 해주시면 주소 알 려드릴게요!",13,32,581,130000,50.2,스치,판매완료,3,대구 중구 남산1동,https://www.daangn.com/kr/buy-sell/%EC%8A%A4%ED%86%A0%EC%BC%80-%ED%8A%B8%EB%A6%BD%ED%8A%B8%EB%9E%A9-%EB%89%B4%EB%B3%B8%EC%84%B8%ED%8A%B8-%ED%8C%90%EB%A7%A4%ED%95%A9%EB%8B%88%EB%8B%A4-fxscxh4v1f1p/
08/01/2026,스토케트립트랩뉴본세트그레이,"스토케 트립트랩 뉴본 세트입니다.
모유수유 아기여서 뉴본 위에서 분유 먹은적 없어 상태 좋아요. 박스도 깨끗하게 보관했습니다.
정품등록 되어있으며, 시리얼넘버 등 정보로 양도도 가능하다고 알고있어요. 
구매 후 스토케 문의 후 등록 하시면 될거같아요.",1,0,76,130000,65,유월의행복이,판매완료,3,경북 안동시 용상동,https://www.daangn.com/kr/buy-sell/%EC%8A%A4%ED%86%A0%EC%BC%80-%ED%8A%B8%EB%A6%BD%ED%8A%B8%EB%9E%A9-%EB%89%B4%EB%B3%B8-%EC%84%B8%ED%8A%B8-%EA%B7%B8%EB%A0%88%EC%9D%B4-2it63rr9sbjs/
18/09/2025,스토케트리트랩뉴본,"스토케 트리트랩 뉴본 판매합니다~ 
일본에서 새상품구매해서 사용했어요
저희 애기는 많이 사용안했고 개월수가 다되서
판매해요
아이 앉혀놓기 좋아요!",2,1,47,130000,43.4,앵글러,판매완료,3,경북 경산시 하양읍,https://www.daangn.com/kr/buy-sell/%EC%8A%A4%ED%86%A0%EC%BC%80-%ED%8A%B8%EB%A6%AC%ED%8A%B8%EB%9E%A9-%EB%89%B4%EB%B3%B8-6o8ye1nzbq3y/
13/05/2025,스토케트립트랩뉴본세트,"스토케 트립트랩 뉴본세트 판매합니다
신생아 때부터 트립트랩에 연결해서 사용할 수 있어요~ 
박스에 보관중입니다.

다들 분유 먹일 때 많이 쓰던데
완모 아기라 먹일때 사용안했고 아기가 혼자 잘 안누워있으려고 해서 거의 사용못했어요.

이유식 먹이게 되어 판매합니다.

덕계역 아파트 문고리 거래입니다.",2,1,105,130000,56.1,써니,판매완료,2,경기 양주시 덕계동,https://www.daangn.com/kr/buy-sell/%EC%8A%A4%ED%86%A0%EC%BC%80-%ED%8A%B8%EB%A6%BD%ED%8A%B8%EB%9E%A9-%EB%89%B4%EB%B3%B8%EC%84%B8%ED%8A%B8-var6m7mqkbdv/
25/03/2026,스토케트립트랩뉴본세트+모빌대+거북이인형,"스토케 트립트랩 뉴본 세트 판매해요

신생아부터 사용할 수 있는 뉴본 세트이고요
안전벨트와 쿠션 포함되어 있어요
사진에 보이는 그대로의 상태예요


모빌대와 거북이 인형도 드립니다 아기가 손을 잘 쓰기 시작하면 거북이 때리면서 놀아요 박스 있습니다.



육아 중 답이 느릴 수 있습니다.😊

바로구매 제품은 채팅을 먼저 주셨어도 다른 분이 바로구매 하시면 바로 판매되어 버립니다 🥲",2,1,177,130000,66.3,치즈고미,판매완료,1,강원 춘천시 퇴계동,https://www.daangn.com/kr/buy-sell/%EC%8A%A4%ED%86%A0%EC%BC%80-%ED%8A%B8%EB%A6%BD%ED%8A%B8%EB%9E%A9-%EB%89%B4%EB%B3%B8-%EC%84%B8%ED%8A%B8-%EB%AA%A8%EB%B9%8C%EB%8C%80-%EA%B1%B0%EB%B6%81%EC%9D%B4%EC%9D%B8%ED%98%95-9hxfr89ov8fu/
18/12/2025,스토케트립트랩뉴본세트,"스토케 트립트랩 뉴본 세트 판매합니다
박스에 신생아부터 9kg까지 사용 가능하다고 적혀있습니다!
박스있고 신생아때만 사용해서 상태 양호합니다.
아기가 있어서 문앞 비대면거래입니다!",3,1,154,130000,37.8,해바라기,판매완료,1,강원 춘천시 퇴계동,https://www.daangn.com/kr/buy-sell/%EC%8A%A4%ED%86%A0%EC%BC%80-%ED%8A%B8%EB%A6%BD%ED%8A%B8%EB%9E%A9-%EB%89%B4%EB%B3%B8-%EC%84%B8%ED%8A%B8-y54sejw1yfec/
31/10/2025,스토케트립트랩뉴본세트,"스토케 트립트랩 뉴본 세트 판매합니다.
신생아부터 9kg까지 사용 가능한 제품입니다.
상태양호하고 깨끗합니다.",1,5,97,130000,44.9,동글이파,판매완료,3,강원 춘천시 퇴계동,https://www.daangn.com/kr/buy-sell/%EC%8A%A4%ED%86%A0%EC%BC%80-%ED%8A%B8%EB%A6%BD%ED%8A%B8%EB%9E%A9-%EB%89%B4%EB%B3%B8-%EC%84%B8%ED%8A%B8-775zcxa7dw9k/
31/07/2025,스토케트립트랩뉴본세트,"스토케 트립트랩 뉴본 세트 판매합니다

스토케 트립트랩 뉴본세트 입니다

3개월정도 사용했고  깔끔하게  썼어요

필요하신분  연락주세요

문고리거래 희망합니다

박스도 같이 드려요~",2,0,142,130000,39,naO,판매완료,2,강원 춘천시 퇴계동,https://www.daangn.com/kr/buy-sell/%EC%8A%A4%ED%86%A0%EC%BC%80-%ED%8A%B8%EB%A6%BD%ED%8A%B8%EB%9E%A9-%EB%89%B4%EB%B3%B8-%EC%84%B8%ED%8A%B8-azniijcqwaun/
01/04/2026,스토케트립트랩뉴본세트,"스토케 트립트랩 뉴본 세트 판매해요

신생아부터 9kg까지 사용 가능한 뉴본 세트예요
박스 포함이고, 구성품 모두 갖춰져 있어요

사진에 보이는 그대로 상태 좋아요",2,6,173,130000,39.6,돈방귀,판매완료,1,경남 진주시 정촌면,https://www.daangn.com/kr/buy-sell/%EC%8A%A4%ED%86%A0%EC%BC%80-%ED%8A%B8%EB%A6%BD%ED%8A%B8%EB%9E%A9-%EB%89%B4%EB%B3%B8-%EC%84%B8%ED%8A%B8-1khcd43zadji/
26/01/2026,스토케트립트랩뉴본세트판매합니다.,"스토케 트립트랩 뉴본 세트 그레이 색상입니다

아기에게 편안하고 안전한 환경을 제공하며, 부드러운 패딩 시트와 5점식 안전벨트가 특징입니다

깨끗하게 사용했습니다. 사진으로 상태는 확인해주세요. 

모빌 걸이대, 설명서, 연장 글라이더 등 모든 구성품이 포함되어 있습니다.

세탁 완료한 상태로
본 박스에 그대로 넣어 드립니다.

위치는 왜관읍 평장길20 협성휴포레 입니다.

육아중이므로 문고리 비대면 거래 원해요.
",3,6,105,130000,47.4,라야,판매완료,3,경북 칠곡군 왜관읍,https://www.daangn.com/kr/buy-sell/%EC%8A%A4%ED%86%A0%EC%BC%80-%ED%8A%B8%EB%A6%BD%ED%8A%B8%EB%9E%A9-%EB%89%B4%EB%B3%B8-%EC%84%B8%ED%8A%B8-%ED%8C%90%EB%A7%A4%ED%95%A9%EB%8B%88%EB%8B%A4-dcrqh8awp57y/
02/01/2026,스토케트립트랩뉴본세트,"스토케 트립트랩 뉴본 세트 판매합니다
박스, 설명서 모두 포함되어 있습니다
아기가 편안하게 사용할 수 있도록 디자인되었고, 분리 가능해서 세탁도 용이합니다.

모유수유 아기사용으로 뉴본에서 수유나 게워낸적없어 오염도없습니다.
2주에한번 세탁망에넣고 세탁해서 사용감은 있습니다.

비대면문고리거래가능",2,3,116,130000,61,정리당근,판매완료,5,부산 동래구 사직동,https://www.daangn.com/kr/buy-sell/%EC%8A%A4%ED%86%A0%EC%BC%80-%ED%8A%B8%EB%A6%BD%ED%8A%B8%EB%9E%A9-%EB%89%B4%EB%B3%B8-%EC%84%B8%ED%8A%B8-eiwnksrv1qr3/
21/08/2025,스토케트립트랩뉴본세트,"스토케 트립트랩 뉴본세트 판매합니다
보시는 구성품대로입니다.
비대면 문고리 원해요
국내에서 새상품 구매했는데 아이가 누워있는걸 싫어해서 몇 번 사용 못했어요 ㅠㅠ
한 번 세탁은 해두고 뒀었는데 새로 한 번 세탁 하시기 바랍니다~",1,1,141,130000,42.3,희동동,판매완료,1,부산 동래구 사직동,https://www.daangn.com/kr/buy-sell/%EC%8A%A4%ED%86%A0%EC%BC%80-%ED%8A%B8%EB%A6%BD%ED%8A%B8%EB%9E%A9-%EB%89%B4%EB%B3%B8%EC%84%B8%ED%8A%B8-h4taazxj5ty8/
19/04/2026,스토케트립트랩뉴본세트그레이,"상태는 보시는것 처럼 깨끗한 편입니다.
그래도 중고인점 감안하시고 필요하신분은 구매해주시길 바라구요.
덤으로 방석과 등받이 쿠션도 같이드려요

🔥비매너 사절 , 예민맘 사절, 약속하고 잠수 금지
👌비대면거래👍 중고인점 ,  환불X, 네고사절!!",3,1,73,130000,40.6,단빵건빵,판매완료,6,부산 기장군 정관읍,https://www.daangn.com/kr/buy-sell/%EC%8A%A4%ED%86%A0%EC%BC%80-%ED%8A%B8%EB%A6%BD%ED%8A%B8%EB%9E%A9-%EB%89%B4%EB%B3%B8-%EC%84%B8%ED%8A%B8-%EA%B7%B8%EB%A0%88%EC%9D%B4-q4gx8audwps1/
16/12/2025,스토케트립트랩뉴본세트,"스토케 트립트랩 뉴본 세트 판매합니다

상태는 사진과 같습니다
여아 혼자 사용했고
세탁 후 보관중입니다
",1,9,104,130000,38.4,smyth11,판매완료,3,부산 기장군 정관읍,https://www.daangn.com/kr/buy-sell/%EC%8A%A4%ED%86%A0%EC%BC%80-%ED%8A%B8%EB%A6%BD%ED%8A%B8%EB%9E%A9-%EB%89%B4%EB%B3%B8-%EC%84%B8%ED%8A%B8-i5dfq3xbp2kw/
26/09/2025,스토케트립트랩뉴본(커버포함),"트립트랩 뉴본 판매합니다
커버 씌워서 사용해서 깨끗해요
세탁 다 해놓은 상태라 바로 사용하셔도 됩니다
사용하던 커버도 같이 드릴게요
연핑크/크림색 양면 입니다",2,6,232,130000,37.6,혜진,판매완료,1,부산 기장군 정관읍,https://www.daangn.com/kr/buy-sell/%EC%8A%A4%ED%86%A0%EC%BC%80-%ED%8A%B8%EB%A6%BD%ED%8A%B8%EB%9E%A9-%EB%89%B4%EB%B3%B8-%EC%BB%A4%EB%B2%84%ED%8F%AC%ED%95%A8-puqqd4ktdsma/
03/10/2025,스토케트립트랩뉴본세트판매,"스토케 트립트랩 뉴본세트 판매합니다

거의 저희 밥먹을때 애기
두는 용으로만 사용해서
상태는 양호합니다

2달정도 사용했고, 세탁,소독해서 포장해뒀습니다
구성품은 사진 그대로고,
스토케 스웨덴에서 사온 25년형입니다

정품등록도 안한거라 원하시면 하시면 됩니다~!",1,6,168,130000,43.6,삼왕,판매완료,3,부산 기장군 정관읍,https://www.daangn.com/kr/buy-sell/%EC%8A%A4%ED%86%A0%EC%BC%80-%ED%8A%B8%EB%A6%BD%ED%8A%B8%EB%9E%A9-%EB%89%B4%EB%B3%B8%EC%84%B8%ED%8A%B8-%ED%8C%90%EB%A7%A4-2tkgz46i5xo3/
09/07/2025,스토케트립트랩뉴본세트,"스토케 트립트랩 뉴본 세트 판매합니다
아기가 편안하게 사용할 수 있어요
새상품 구매하여 여아 한명 사용 하였어요.
토 잘 안하는 아기이고 여기서 토한적 없어요.
역방쿠 보다 더 잘 사용했습니다.
일본직구 제품입니다

- 신생아부터 9kg까지 사용 가능
- 인체공학적 디자인
- 분리형 시트 커버로 세탁 용이
- 박스 있습니다
- 다리 받침 사용하지 않음 (새상품)",3,9,803,130000,49.8,래빗,판매완료,3,부산 기장군 정관읍,https://www.daangn.com/kr/buy-sell/%EC%8A%A4%ED%86%A0%EC%BC%80-%ED%8A%B8%EB%A6%BD%ED%8A%B8%EB%9E%A9-%EB%89%B4%EB%B3%B8-%EC%84%B8%ED%8A%B8-p57kvo98a82u/
07/09/2025,스토케트립트랩뉴본세트,"스토케 트립트랩 뉴본 세트 판매합니다.
색상은 회색이고 상태는 좋아요!

구성품:
- 뉴본 세트 시트
- 사용 설명서
- 플라스틱 부품들

저희아이는 뒤집기를 너무 빨리해서 사용 3개월미만으로 썼어요!",2,5,257,130000,59.3,당당당근,판매완료,2,부산 기장군 정관읍,https://www.daangn.com/kr/buy-sell/%EC%8A%A4%ED%86%A0%EC%BC%80-%ED%8A%B8%EB%A6%BD%ED%8A%B8%EB%9E%A9-%EB%89%B4%EB%B3%B8%EC%84%B8%ED%8A%B8-8qxc3xf6jefh/
18/11/2024,스토케트리트랩뉴본세트,"뉴본세트 3개월 사용으로 상태 깨끗합니다
아기세제로 세탁 완료했어요",6,1,192,130000,49.2,키미킴,판매완료,1,부산 기장군 정관읍,https://www.daangn.com/kr/buy-sell/%EC%8A%A4%ED%86%A0%EC%BC%80-%ED%8A%B8%EB%A6%AC%ED%8A%B8%EB%9E%A9-%EB%89%B4%EB%B3%B8%EC%84%B8%ED%8A%B8-4fgbs19e7p1t/
02/06/2026,스토케트립트랩뉴본세트팝니다.,"새제품 사서 아이 한명이 사용했어요.

머리 부분, 팔걸이 부분에 항상 손수건 덧대서 사용하여 이염 없이 깨끗히 사용했습니다.

(글라인더는 미사용)

육아중이라 문고리 원해요",3,5,120,130000,41,소바,판매완료,1,경기 광명시 광명동,https://www.daangn.com/kr/buy-sell/%EC%8A%A4%ED%86%A0%EC%BC%80-%ED%8A%B8%EB%A6%BD%ED%8A%B8%EB%9E%A9-%EB%89%B4%EB%B3%B8-%EC%84%B8%ED%8A%B8-%ED%8C%9D%EB%8B%88%EB%8B%A4-cqdghka785f1/
10/12/2025,스토케트립트랩뉴본세트,"스토케 트립트랩 뉴본세트입니다~ 
회색 패브릭 시트와 안전벨트 포함입니다

새거 구매한거고 실사용 10번 미만입니다.
새것이라고 보시면 됩니다.",4,4,246,130000,40.8,오공,판매완료,4,경기 광명시 광명동,https://www.daangn.com/kr/buy-sell/%EC%8A%A4%ED%86%A0%EC%BC%80-%ED%8A%B8%EB%A6%BD%ED%8A%B8%EB%9E%A9-%EB%89%B4%EB%B3%B8%EC%84%B8%ED%8A%B8-gvyhvwh1q8ve/
30/08/2025,스토케트립트랩뉴본세트풀박스팝니다.,"스토케 트립트랩 뉴본세트 판매합니다.

구성품은 뉴본시트, 토이행거, 시트 커버, 박스 풀세트입니다
구매 후 깨끗이 사용했고, 세탁도 다 해놓은 상태입니다.
보시는 것과 같이 깨끗한 상태에요.

문고리 거래합니다.",1,3,75,130000,40.3,랄라,판매완료,5,경기 광명시 광명동,https://www.daangn.com/kr/buy-sell/%EC%8A%A4%ED%86%A0%EC%BC%80-%ED%8A%B8%EB%A6%BD%ED%8A%B8%EB%9E%A9-%EB%89%B4%EB%B3%B8%EC%84%B8%ED%8A%B8-%ED%92%80%EB%B0%95%EC%8A%A4-%ED%8C%9D%EB%8B%88%EB%8B%A4-rx8xyi13xqrk/
02/09/2025,스토케(stokke)트립트랩뉴본세트/거의새제품/미사용,"상품명: 스토케(Stokke) 트립트랩 뉴본 신생아 세트

해당상품 링크 : https://m.brand.naver.com/stokke/products/4867679615?nl-query=트립트랩+베이비세트&nl-ts-pid=j7S0pwqVWu4ssZfO%2F6Kssssssd8-389194&NaPm=ct%3Dmf0z5008%7Cci%3D8881d004195426c15515e9a99ff8c7ce6ffe6948%7Ctr%3Dsls%7Csn%3D1098122%7Chk%3D8cdc6ce39dfa3e80091568dcb59e5790365eeba2

시도만 몇 번 해보고 실제 사용은 한 번도 안했습니다. 사용 전 세탁 한 번 했고 실사용 없이 보관만 된 상태라 거의 새상품급입니다. 

상품 상태
• 사용 전 세탁 완료, 실제 사용 없이 보관만 한 거의 새제품
• 사용 흔적 전혀 없음
• 원래 박스는 없지만 제품과 구성품 모두 깨끗하게 보관

추가 혜택
• 필요하신 분께 신생아용 양말도 함께 드릴게요

특징
• 신생아부터 사용 가능한 안전한 베이비세트
• 스토케 의자에 바로 장착 가능
• 세척과 관리 용이

거래 정보
• 택배(착불) / 직거래 가능(철산역, 평일/주말 모두 가능)
• 중고 거래 특성상 환불은 어렵습니다.

참고
• 새 제품 구매를 고민 중인 분께 추천
• 관심 있으신 분은 먼저 연락 주세요. 빠른 거래 우선입니다.",4,0,55,130000,37.8,당근완두콩,판매완료,4,경기 광명시 광명동,https://www.daangn.com/kr/buy-sell/%EC%8A%A4%ED%86%A0%EC%BC%80-stokke-%ED%8A%B8%EB%A6%BD%ED%8A%B8%EB%9E%A9-%EB%89%B4%EB%B3%B8-%EC%84%B8%ED%8A%B8-%EA%B1%B0%EC%9D%98-%EC%83%88%EC%A0%9C%ED%92%88-%EB%AF%B8%EC%82%AC%EC%9A%A9-ovnociaghfzf/
12/07/2025,스토케트립트랩뉴본세트,"스토케 트립트랩 뉴본 모든 구성 가지고 있습니다.

- 트립트랩 뉴본 본품
- 모빌대
- 연장글라이더
- 설명서
- 박스

고장난 부분 없고 위에 천을 덮어 사용했기 때문에 제품 상태도 청결하며 유아용 세제로 세탁까지 완료하여 보관중이에요 🙂

문고리 거래 희망합니다.",4,8,298,130000,41.1,피스,판매완료,3,경기 광명시 광명동,https://www.daangn.com/kr/buy-sell/%EC%8A%A4%ED%86%A0%EC%BC%80-%ED%8A%B8%EB%A6%BD%ED%8A%B8%EB%9E%A9-%EB%89%B4%EB%B3%B8%EC%84%B8%ED%8A%B8-7dsws3qj677k/
14/05/2025,스토케트립트랩뉴본세트,"트립트랩 뉴본판매(박스포함) 

이유식 시작해서 판매합니다 .",4,9,428,130000,41.2,차니,판매완료,1,경기 수원시 장안구 정자3동,https://www.daangn.com/kr/buy-sell/%EC%8A%A4%ED%86%A0%EC%BC%80-%ED%8A%B8%EB%A6%BD%ED%8A%B8%EB%9E%A9-%EB%89%B4%EB%B3%B8%EC%84%B8%ED%8A%B8-ox9c7k45n4je/
19/05/2025,스토케트립트랩뉴본(재당근아님),"스토케 트립트랩 뉴본 판매해요

모빌대+연장글라이더(새것)+설명서,박스 포함입니다

작년11월 직접 구매해서  1월부터 사용했어요
깨끗하게 사용해서 사용감 거의 없습니다

아기무향세제로 세탁 다 하고
포장해둬서 바로 사용하셔도 무방합니다

- 아기에게 편안한 각도
- 분리형 시트 커버
- 5점식 안전벨트


오늘은세차(한신한진올라가는길)앞에서 거래합니다",2,3,87,130000,60,탁수,판매완료,7,서울시 성북구 동소문동1가,https://www.daangn.com/kr/buy-sell/%EC%8A%A4%ED%86%A0%EC%BC%80-%ED%8A%B8%EB%A6%BD%ED%8A%B8%EB%9E%A9-%EB%89%B4%EB%B3%B8-%EC%9E%AC%EB%8B%B9%EA%B7%BC%EC%95%84%EB%8B%98-gkusfcse96uv/
16/12/2025,스토케트립트랩뉴본세트,"스토케 트립트랩 뉴본 세트 판매해요 🪑

작년 4월생 여아가 사용했어요.
상태 정말 좋아요! 

✔ 구성품
	•	트립트랩 뉴본 세트
	•	연장 글라이더
	•	모빌대
	•	정품 박스 + 설명서 전부 보관

👉 모빌대랑 글라이더는 미사용 새상품이에요 😊",1,11,182,130000,38.7,정다힝,판매완료,4,인천 미추홀구 주안3동,https://www.daangn.com/kr/buy-sell/%EC%8A%A4%ED%86%A0%EC%BC%80-%ED%8A%B8%EB%A6%BD%ED%8A%B8%EB%9E%A9-%EB%89%B4%EB%B3%B8-%EC%84%B8%ED%8A%B8-nn16hwe7n3tf/
30/07/2025,스토케트립트랩뉴본세트,"ssg닷컴에서 구매했던 스토케 트립트랩 뉴본 세트 판매합니다. (의자 본품은 포함X) 구매내역 인증 가능하지만 구매내역만 받아보시고 구매 안 하시는 분이 계셨어서 구매내역 악용 방지를 위해 확실히 사실 분께만 보내드리려고 합니다.
모빌 보는 용도로만 사용해서 커버 오염된 부분 없습니다!
마지막 사진에 있는 연장 글라이더도 필요하시다면 함께 드릴게요.


- 육아 중인 관계로 문고리 거래 희망하지만 가격이 싼 물건은 아니다보니 대면 거래 희망하시는 분은 시간 조율이 된다면 거래 가능합니다.
- 입금 확인 후 상세 주소 알려드립니다.
- 중고거래 특성상 교환 및 환불은 불가합니다.",6,9,245,130000,57.2,뽀로리,판매완료,4,인천 미추홀구 주안3동,https://www.daangn.com/kr/buy-sell/%EC%8A%A4%ED%86%A0%EC%BC%80-%ED%8A%B8%EB%A6%BD%ED%8A%B8%EB%9E%A9-%EB%89%B4%EB%B3%B8-%EC%84%B8%ED%8A%B8-a4rgkmcs8fgf/
24/02/2026,스토케트립트랩뉴본세트,"스토케 트립트랩 뉴본 세트입니다
재당근 아니고 작년 5월에 오키나와로 간 태교여행에서 구매 후 여아 1명 사용 후 세탁해놓았습니다~
박스 포함 구성품 사용설명서 다 있습니다
육아 중이라 문고리거래만 가능합니다~
입금 후 상세주소 알려드릴게요
(깨끗하게 사용했지만 죄송하지만 예민맘은 사절드리고 교환 환불 안 됩니다)",2,6,120,130000,41.3,도담맘,판매완료,2,경기 안양시 동안구 비산3동,https://www.daangn.com/kr/buy-sell/%EC%8A%A4%ED%86%A0%EC%BC%80-%ED%8A%B8%EB%A6%BD%ED%8A%B8%EB%9E%A9-%EB%89%B4%EB%B3%B8-%EC%84%B8%ED%8A%B8-9wszju43nv91/
12/01/2025,스토케트립트랩뉴본팝니다(쿨거래시네고가능),"뉴본 졸업할때 되어 판매합니다.
박스 설명서 다있고, 보풀이나 이염 뜯어짐 없습니다.
저희애는 잘 안앉아있으려해서 실사용은 별로없습니다.
쿨거래시 네고가능합니다.",6,3,248,130000,40.1,만두,판매완료,3,대구 중구 태평로3가,https://www.daangn.com/kr/buy-sell/%EC%8A%A4%ED%86%A0%EC%BC%80-%ED%8A%B8%EB%A6%BD%ED%8A%B8%EB%9E%A9-%EB%89%B4%EB%B3%B8-%ED%8C%9D%EB%8B%88%EB%8B%A4-%EC%BF%A8%EA%B1%B0%EB%9E%98%EC%8B%9C-%EB%84%A4%EA%B3%A0%EA%B0%80%EB%8A%A5-c8qjsrj9fbit/
08/07/2025,스토케트립트랩뉴본(연장글라이더포함),"스토케 트립트랩 뉴본

애기가 뉴본에 대,소변 실수도 하지 않아
깨끗하게 사용했습니다.
쌍둥이라 뉴본 두개 있고
한개는 판매 완료, 하나 남아있습니다.
",6,10,519,130000,37.7,gg,판매완료,2,인천 남동구 만수3동,https://www.daangn.com/kr/buy-sell/%EC%8A%A4%ED%86%A0%EC%BC%80-%ED%8A%B8%EB%A6%BD%ED%8A%B8%EB%9E%A9-%EB%89%B4%EB%B3%B8-%EC%97%B0%EC%9E%A5-%EA%B8%80%EB%9D%BC%EC%9D%B4%EB%8D%94-%ED%8F%AC%ED%95%A8-hx74x4eeirq8/
24/10/2025,스토케트립트랩뉴본세트풀박스팝니다,"3개월정도 썼습니다 
상태좋고 풀박스입니다
아인병원근처 or 만수주공4단지에서 거래가능해요
감사합니다",0,2,96,130000,44.8,이것저것사볼래,판매완료,6,인천 남동구 만수3동,https://www.daangn.com/kr/buy-sell/%EC%8A%A4%ED%86%A0%EC%BC%80-%ED%8A%B8%EB%A6%BD%ED%8A%B8%EB%9E%A9-%EB%89%B4%EB%B3%B8-%EC%84%B8%ED%8A%B8-%ED%92%80%EB%B0%95%EC%8A%A4-%ED%8C%9D%EB%8B%88%EB%8B%A4-1vg1sra1sv2d/
25/11/2025,스토케트립트랩뉴본,"스토케 트립트랩 뉴본 세트 판매합니다
깨끗하게 썻고, 뉴본위에 천귀저기깔고 써서 상태 SSS급입니다
- 신생아부터 9kg까지 사용 가능합니다
- 아기가 편안하게 사용할 수 있도록 설계되었습니다
- 탈부착이 가능하여 편리합니다
박스도 같이 드립니다",2,5,90,130000,48.5,당근조앙,판매완료,6,대구 동구 신천4동,https://www.daangn.com/kr/buy-sell/%EC%8A%A4%ED%86%A0%EC%BC%80-%ED%8A%B8%EB%A6%BD%ED%8A%B8%EB%9E%A9-%EB%89%B4%EB%B3%B8-q5f4q19vrijd/
28/11/2025,스토케트립트랩뉴본신생아세트,"<스토케 트립트랩 뉴본 신생아 세트>
*스토케 공식 몰에서 구입했으며 [그레이] 색상입니다
*여자아이가 5개월 정도 사용했습니다
*아이가 앉기 시작하면서 내놓습니다.
*내놓기 전 깨끗이 세탁했고 파손 및 오염 없습니다
*모든 구성품 빠짐없이 있습니다",8,27,849,130000,41.1,토라타민,판매완료,3,전북 전주시 완산구 효자5동,https://www.daangn.com/kr/buy-sell/%EC%8A%A4%ED%86%A0%EC%BC%80-%ED%8A%B8%EB%A6%BD%ED%8A%B8%EB%9E%A9-%EB%89%B4%EB%B3%B8-%EC%8B%A0%EC%83%9D%EC%95%84-%EC%84%B8%ED%8A%B8-no3npqiqvsu6/
01/03/2026,"스토케트립트랩뉴본세트(재당근x,세탁완료)","스토케 트립트랩 뉴본세트 입니다
재당근 아니고 새제품 선물받아 사용했습니다
세탁한다고 분해해놨고, 세탁완료되어 바로 조립하여 사용하시면 됩니다

다른 물품과 함께 구매시 적극 네고해드립니다
•찾아주실 곳은 이매한신 입니다.
•""선입금"" 해주시면 상세주소 안내드립니다.
•비대면 문고리거래 합니다. 
•당근페이 사용중입니다.
•반품 환불 불가합니다.",2,7,171,130000,52.6,꿀떡,판매완료,1,경기 성남시 분당구 이매1동,https://www.daangn.com/kr/buy-sell/%EC%8A%A4%ED%86%A0%EC%BC%80-%ED%8A%B8%EB%A6%BD%ED%8A%B8%EB%9E%A9-%EB%89%B4%EB%B3%B8%EC%84%B8%ED%8A%B8-%EC%9E%AC%EB%8B%B9%EA%B7%BCx-%EC%84%B8%ED%83%81%EC%99%84%EB%A3%8C-vsfsyriz2g26/
21/11/2025,스토케트립트랩뉴본세트(재당근x),"스토케 트립트랩 뉴본 세트 판매합니다
모빌대 포함이고, 새상품 구입 후 여아 혼자 약 4개월 정도 사용해서 상태 아주 좋습니다!
다리에 끼워두는 연장대?같은건 개봉도 하지않은 새상품입니다

직접 가지러와주셔야하며 교환 및 환불은 불가합니다🙂",2,12,99,130000,71.5,아몬드몽몽,판매완료,2,경기 안양시 만안구 호현동,https://www.daangn.com/kr/buy-sell/%EC%8A%A4%ED%86%A0%EC%BC%80-%ED%8A%B8%EB%A6%BD%ED%8A%B8%EB%9E%A9-%EB%89%B4%EB%B3%B8-%EC%84%B8%ED%8A%B8-%EC%9E%AC%EB%8B%B9%EA%B7%BC-x-oabw55cu1kuw/
17/05/2025,스토케트립트랩뉴본세트(가격내림!),"스토케 트립트랩 뉴본세트 판매해요!
6개월기다려서 올해 25년 1월말에 배송와서 3개월정도 사용했어요 
엄마아빠 밥먹을때 옆에 같이 눕혀두기, 소화시키기만 해서 깨끗하게 사용했습니다
뉴본이랑 연장글라인더 모빌대 있으며 박스도 있어요

 130,000원에 판매할게요 

-당근페이 보내주시면 상세주소 알려드릴게요! 
-중고거래특성상 환불❌️🙏🏻 예민맘❌️🙏🏻
-육아중이라 문고리거래인점 양해부탁드려요",3,4,223,130000,48.5,누피,판매완료,5,경기 안양시 만안구 호현동,https://www.daangn.com/kr/buy-sell/%EC%8A%A4%ED%86%A0%EC%BC%80-%ED%8A%B8%EB%A6%BD%ED%8A%B8%EB%9E%A9-%EB%89%B4%EB%B3%B8%EC%84%B8%ED%8A%B8-%EA%B0%80%EA%B2%A9%EB%82%B4%EB%A6%BC-squvacd31xek/
18/07/2025,스토케트립트랩뉴본세트(재당근x),"스토케 트립트랩 뉴본 세트 판매합니다
아기가 편안하게 사용할 수 있어요
작년에 6개월 대기해서 9월 백화점에서 구매하고 
아기 7개월까지 정말 유용하게 사용했어요

트립트랩 의자에 쉽게 탈부착 가능합니다

박스는 x
깨끗하게 사용했어요.
예민맘은 메시지 사절입니다!",2,6,324,130000,45.1,파리엔느,판매완료,3,서울시 강남구 도곡2동,https://www.daangn.com/kr/buy-sell/%EC%8A%A4%ED%86%A0%EC%BC%80-%ED%8A%B8%EB%A6%BD%ED%8A%B8%EB%9E%A9-%EB%89%B4%EB%B3%B8-%EC%84%B8%ED%8A%B8-%EC%9E%AC%EB%8B%B9%EA%B7%BCx-wkqe4nizrf8z/
10/08/2025,[판매]스토케트립트랩뉴본세트,"✔️ 제품명: 스토케 트립트랩 뉴본세트
✔️ 구성: 뉴본시트, 연장글라이더, 모빌대, 보증서 (박스 포함)
✔️ 상태: 25년 2월 구매 (실사용 4개월 후 보관) / 사용감 적음 / 세탁 및 소독 완료
(속싸개를 항상 깔고 밥 먹을 때 앉혀 놓는 용도로 사용하여 상태 매우 좋습니다)

💡육아 중으로 도곡역 문고리 거래 희망합니다",2,1,127,130000,39.8,야니,판매완료,4,서울시 강남구 도곡2동,https://www.daangn.com/kr/buy-sell/%ED%8C%90%EB%A7%A4-%EC%8A%A4%ED%86%A0%EC%BC%80-%ED%8A%B8%EB%A6%BD%ED%8A%B8%EB%9E%A9-%EB%89%B4%EB%B3%B8%EC%84%B8%ED%8A%B8-zuhpnug2s4jw/
23/05/2026,스토케트립트랩뉴본새상품구매한거에용,"신생아부터 사용 가능한 스토케 트립트랩 뉴본 세트예요
본체와 시트, 안전벨트, 쿠션까지 모두 포함되어 있어요
사진에서 보이는 구성품 있습니당

아기가 많이 사용하진 않아 거의 새상품 급입니다

아이가 7개월이라 6개월 정도 사용했어용 많이 쓰진 않아 깨끗합니다

세탁은 다 해놓았습니다!

중고거래상 환불 반품 불가합니다

예민맘은 연락안주셔도 됩니당",0,3,75,130000,40.6,스키매니아,판매완료,6,경기 화성시 병점구 안녕동,https://www.daangn.com/kr/buy-sell/%EC%8A%A4%ED%86%A0%EC%BC%80-%ED%8A%B8%EB%A6%BD%ED%8A%B8%EB%9E%A9-%EB%89%B4%EB%B3%B8-%EC%83%88%EC%83%81%ED%92%88-%EA%B5%AC%EB%A7%A4-%ED%95%9C%EA%B1%B0%EC%97%90%EC%9A%A9-hn4q6dy667gt/
26/04/2026,스토케트립트랩뉴본세트그레이풀세트,"신생아부터 사용 가능한 스토케 트립트랩 뉴본 세트예요
박스와 구성품 모두 포함되어 있습니다.

여자 아이한명 잠깐 사용해서 깨끗하게 사용했어요!
머리쪽 항상 수건 받쳐서 사용했습니다^^
박스랑 구성품 모두 다 있고 
세탁도 완료된 상태입니다^^

깨끗하게 썼지만 약간의 사용감은 있으니 
예민맘은 피해주세요
아이가 있어서 문고리거래 희망하고
중고거래 특성상 환불불가입니다.",6,3,101,130000,42.9,긍정긍정긍정,판매완료,4,경기 화성시 병점구 안녕동,https://www.daangn.com/kr/buy-sell/%EC%8A%A4%ED%86%A0%EC%BC%80-%ED%8A%B8%EB%A6%BD%ED%8A%B8%EB%9E%A9-%EB%89%B4%EB%B3%B8-%EC%84%B8%ED%8A%B8-%EA%B7%B8%EB%A0%88%EC%9D%B4-%ED%92%80%EC%84%B8%ED%8A%B8-8e2gia78k6ro/
04/10/2025,스토케트립트랩뉴본세트(a급),"스토케 트립트랩 뉴본 세트 판매합니다

박스에 담겨있던 구성품 모두 포함되어 있으며, 
아기세제로 세탁 해두었습니다 

새상품 선물받아서 아기가 잘 눕지않아 
5번도 안눕혀본것같아요 

환불은 불가하고 문고리 거래 입니다",1,1,58,130000,44.6,똥양꿍,판매완료,1,경기 화성시 병점구 안녕동,https://www.daangn.com/kr/buy-sell/%EC%8A%A4%ED%86%A0%EC%BC%80-%ED%8A%B8%EB%A6%BD%ED%8A%B8%EB%9E%A9-%EB%89%B4%EB%B3%B8-%EC%84%B8%ED%8A%B8-a%EA%B8%89-ofyfgnpxj89j/
10/01/2026,스토케트립트랩뉴본세트,#NAME?,3,8,201,130000,52.5,딸찐기빵,판매완료,5,광주 북구 용봉동,https://www.daangn.com/kr/buy-sell/%EC%8A%A4%ED%86%A0%EC%BC%80-%ED%8A%B8%EB%A6%BD%ED%8A%B8%EB%9E%A9-%EB%89%B4%EB%B3%B8%EC%84%B8%ED%8A%B8-pbg511ixtv8q/
14/11/2025,스토케트립트랩뉴본세트,"스토케 트립트랩 의자에 장착하여 신생아부터 사용할 수 있는 뉴본 세트입니다
- 아이가 편안하게 쉴 수 있도록 부드러운 소재로 제작되었어요
- 인체공학적 디자인으로 아기를 안전하게 지지해줍니다
- 안전벨트가 있어 더욱 안심하고 사용할 수 있어요


아이가 이제 8개월이되서 사용을 못하네요

깨끗하게 사용했구여!

세탁은했는데 혹시 찝찝하시면 다시 세탁하셔서 사용하심되요😁",1,1,96,130000,42.4,랑카님,판매완료,4,광주 북구 용봉동,https://www.daangn.com/kr/buy-sell/%EC%8A%A4%ED%86%A0%EC%BC%80-%ED%8A%B8%EB%A6%BD%ED%8A%B8%EB%9E%A9-%EB%89%B4%EB%B3%B8-%EC%84%B8%ED%8A%B8-epabfnz5gcvq/
15/03/2026,스토케트립트랩뉴본세트,"스토케 트립트랩 뉴본 세트 판매합니다
박스 포함이고, 상태는 사진과 같습니다",1,4,258,130000,41.1,새댁,판매완료,1,경기 남양주시 별내동,https://www.daangn.com/kr/buy-sell/%EC%8A%A4%ED%86%A0%EC%BC%80-%ED%8A%B8%EB%A6%BD%ED%8A%B8%EB%9E%A9-%EB%89%B4%EB%B3%B8-%EC%84%B8%ED%8A%B8-c296z6czcgvm/
18/03/2026,스토케트립트랩뉴본세트(그레이),"스토케 트립트랩 뉴본 세트 판매합니다
아기가 편안하게 쉴 수 있도록 설계되었고, 트립트랩 의자에 간편하게 탈부착이 가능합니다
- 5점식 안전 벨트가 있어 안전합니다
- 신생아부터 6개월까지 사용 가능합니다

잘 게워내지 않은 아가라 전체적으로 깨끗하게 사용했고 이제는 누워있으려하지않아 판매해요 :)
직접 보고 구매하실 분은 오셔서 보시고 구매 안하셔도 괜찮으니 꼼꼼히 살펴보시고 연락주세요",1,3,165,130000,42.1,뽀롱뽀롱,판매완료,6,경기 남양주시 별내동,https://www.daangn.com/kr/buy-sell/%EC%8A%A4%ED%86%A0%EC%BC%80-%ED%8A%B8%EB%A6%BD%ED%8A%B8%EB%9E%A9-%EB%89%B4%EB%B3%B8-%EC%84%B8%ED%8A%B8-%EA%B7%B8%EB%A0%88%EC%9D%B4-8ob5yiretv21/
29/03/2026,스토케트립트랩뉴본세트,"스토케 트립트랩 뉴본 세트판매해요. 
새상품급 당근해서 깨끗하게 사용했습니다. 
(잠깐 앉혀두는 용도로만 사용)
박스도 같이 드릴 수 있고 모든 구성품 누락없이 있어요.
(모빌 거치대도 있음)
전체적으로 하자 없이 깨끗하며, 약간의 사용감은 있어 사진 참고 부탁드립니다.

육아 중이라 문고리 거래 원합니다.",2,4,111,130000,50.9,hehenana,판매완료,4,경기 남양주시 별내동,https://www.daangn.com/kr/buy-sell/%EC%8A%A4%ED%86%A0%EC%BC%80-%ED%8A%B8%EB%A6%BD%ED%8A%B8%EB%9E%A9-%EB%89%B4%EB%B3%B8-%EC%84%B8%ED%8A%B8-oz1v7rb4i154/
07/03/2026,스토케트립트랩뉴본세트,"스토케 트립트랩 뉴본 세트 판매합니다

박스 있음
설명서 있음
재당근 아님
2025년 4월 신세계 하남점 예약구매 후 10월 수령
정품등록 완료
반려동물 없는 집
맘가이드 A등급 아기세제로만 세탁
건조기 사용 안 함

여아 1번 사용 후 결국 뒤집기,
매트생활하여 방출(채팅 캡쳐 참고)

진리의 애바애 육아템
저희 애는 뉴본 1번 밖에 안 썼는데
지인은 잘 썼다고 하네요..

주변에 뉴본세트 후기 물어보시구
잘 쓰실 분 구매하세요.
근데 애바애라 예측이 어렵긴 해요ㅜㅠ

문고리 직거래 합니다.",5,3,173,130000,52.8,마틸다,판매완료,10,경기 남양주시 별내동,https://www.daangn.com/kr/buy-sell/%EC%8A%A4%ED%86%A0%EC%BC%80-%ED%8A%B8%EB%A6%BD%ED%8A%B8%EB%9E%A9-%EB%89%B4%EB%B3%B8-%EC%84%B8%ED%8A%B8-ivp1jap4v6ej/
28/09/2025,새상품사서25년도에잠깐쓰고팔아요스토케트립트랩뉴본[풀박스],"재당근아닙니다.
무역센터 현대백화점에서 구매하여  여아 한명만 사용 하였습니다.

별내동 문고리거래입니다!


",9,60,2116,130000,55.9,주민,판매완료,2,경기 남양주시 별내동,https://www.daangn.com/kr/buy-sell/%EC%83%88%EC%83%81%ED%92%88%EC%82%AC%EC%84%9C-25%EB%85%84%EB%8F%84%EC%97%90-%EC%9E%A0%EA%B9%90-%EC%93%B0%EA%B3%A0-%ED%8C%94%EC%95%84%EC%9A%94-%EC%8A%A4%ED%86%A0%EC%BC%80-%ED%8A%B8%EB%A6%BD%ED%8A%B8%EB%9E%A9-%EB%89%B4%EB%B3%B8-%ED%92%80%EB%B0%95%EC%8A%A4-nrkwjfdzfoot/
24/01/2026,스토케트립트랩뉴본세트(재당근x),"스토케 트립트랩 뉴본세트 판매합니다. 
상태 새상품급입니다

설명서, 연장글라이더, 모빌대, 설명서 모두 포함되어 있습니다. 

박스 포함 모든 구성품 있어 재당근하실 때 좋을거에요 (박스 뜯으면서 박스 접는 일부분 파손 됐으나 문제 없음)

네고 X",6,11,283,130000,46,멍뭉이,판매완료,1,경기 남양주시 별내동,https://www.daangn.com/kr/buy-sell/%EC%8A%A4%ED%86%A0%EC%BC%80-%ED%8A%B8%EB%A6%BD%ED%8A%B8%EB%9E%A9-%EB%89%B4%EB%B3%B8%EC%84%B8%ED%8A%B8-%EC%9E%AC%EB%8B%B9%EA%B7%BCx-8mk7b1wbm43z/
15/01/2026,"스토케트립트랩뉴본(상태좋음,하자x,연장글라이더o)","스토케 트립트랩 뉴본 세트입니다

여아 1명 사용했고 재당근아닙니다
많이 사용하지 않아 깨끗하고 하자 없습니다! 
박스 있어요 , 모빌거치대도 있습니다
당연히 정품입니다. 
연장글라이더도 있어요

문고리 거래할게요~! (네고 불가, 환불 불가)",2,6,138,130000,42.1,alsofirido,판매완료,1,경기 남양주시 별내동,https://www.daangn.com/kr/buy-sell/%EC%8A%A4%ED%86%A0%EC%BC%80-%ED%8A%B8%EB%A6%BD%ED%8A%B8%EB%9E%A9-%EB%89%B4%EB%B3%B8-%EC%83%81%ED%83%9C-%EC%A2%8B%EC%9D%8C-%ED%95%98%EC%9E%90-x-%EC%97%B0%EC%9E%A5%EA%B8%80%EB%9D%BC%EC%9D%B4%EB%8D%94o-m2dry3ku2j5a/
10/12/2025,스토케트립트랩뉴본+사가커버(재당근아님),"✅ 트트 뉴본 + 사가커버 + 모빌대
- 한 아이 6개월 사용 (커버 씌우고 계속 사용해서 뉴본시트에는 보풀거의 없어요)
- 5만원정도 주고 구매한 사가 뉴본 커버도 드려요 /지금 크리스마스 행사중이라 4만원초반 (커버는 미세보풀있음)
- 방금 아기세제로 세탁까지 완료해둬서 바로 가져가서 쓰시면 돼요

🎄쿨거래시 네고가능

✅ 문고리거래 : 별내자이더스타
- 택배/반값택배 안해요

✅ 당근페이로 진행 
- 선입금 후 상세주소 오픈",1,6,89,130000,68.6,시계는와치,판매완료,5,경기 남양주시 별내동,https://www.daangn.com/kr/buy-sell/%EC%8A%A4%ED%86%A0%EC%BC%80-%ED%8A%B8%EB%A6%BD%ED%8A%B8%EB%9E%A9-%EB%89%B4%EB%B3%B8-%EC%82%AC%EA%B0%80-%EC%BB%A4%EB%B2%84-%EC%9E%AC%EB%8B%B9%EA%B7%BC%EC%95%84%EB%8B%98-q652xq2r4ic2/
31/05/2026,스토케트리트랩뉴본세트a급,"새상품 구입후 깨끗하게 사용했습니다!
박스 포함입니다! 

비대면 문앞거래 희망",1,9,130,130000,51.1,꿀벌신사,판매완료,4,경기 양주시 옥정동,https://www.daangn.com/kr/buy-sell/%EC%8A%A4%ED%86%A0%EC%BC%80-%ED%8A%B8%EB%A6%AC%ED%8A%B8%EB%9E%A9-%EB%89%B4%EB%B3%B8-%EC%84%B8%ED%8A%B8-a%EA%B8%89-wfxgwoqywn3h/
12/03/2026,스토케트립트랩뉴본세트,"스토케 트립트랩 뉴본 세트 판매합니다
짧게 사용해서 상태 좋아요!
본체 소독 티슈로 닦고 커버는 세탁 후 자연건조했습니다~
모빌대, 연장글라이더 있어요~
12일 오늘 오후 4시 이후 가능합니다~

비대면 문고리 거래!!
택배, 네고 문의XXX
당근페이나 계좌이체 선입금 후 상세주소 알려드려요.
중고거래 특성상 교환, 환불 불가 입니다.",1,1,46,130000,53.7,복댕,판매완료,2,경기 양주시 옥정동,https://www.daangn.com/kr/buy-sell/%EC%8A%A4%ED%86%A0%EC%BC%80-%ED%8A%B8%EB%A6%BD%ED%8A%B8%EB%9E%A9-%EB%89%B4%EB%B3%B8-%EC%84%B8%ED%8A%B8-jqc8c462a1so/
10/03/2026,스토케트립트랩뉴본세트,"스토케 트립트랩 뉴본 세트  
아기가 잠깐 사용해서 상태는 좋아요
구성품은 사진에 보이는 대로 모두 드립니다
트립트랩에 장착하여 신생아부터 안전하게 사용할 수 있습니다
아기를 편안하게 감싸주는 디자인으로 안정감을 줍니다",0,4,81,130000,51.3,쩡s,판매완료,2,경기 양주시 옥정동,https://www.daangn.com/kr/buy-sell/%EC%8A%A4%ED%86%A0%EC%BC%80-%ED%8A%B8%EB%A6%BD%ED%8A%B8%EB%9E%A9-%EB%89%B4%EB%B3%B8-%EC%84%B8%ED%8A%B8-tr7f9pzwvbxb/
09/03/2026,스토케트립트랩뉴본세트그레이,"스토케 트립트랩 뉴본 세트 그레이 색상입니다
- 신생아부터 9kg까지 사용 가능합니다
박스에 보관되어 있으며, 상태 좋습니다
새재품구매하여 몇번사용안하였구 
사진에있는 구성품 모두 드립니다

문고리거래 원합니다.
",1,11,115,130000,47.8,하늘바라기,판매완료,2,경기 양주시 옥정동,https://www.daangn.com/kr/buy-sell/%EC%8A%A4%ED%86%A0%EC%BC%80-%ED%8A%B8%EB%A6%BD%ED%8A%B8%EB%9E%A9-%EB%89%B4%EB%B3%B8-%EC%84%B8%ED%8A%B8-%EA%B7%B8%EB%A0%88%EC%9D%B4-y6q8e1eqtg6q/
30/07/2025,스토케트립트랩뉴본세트,"비대면거래요망 
겉커버 한장더 추가
반품불가

스토케 트립트랩 뉴본 세트 판매합니다
아기가 편안하게 사용할 수 있어요

- 신생아부터 6개월까지 사용 가능
- 트립트랩 의자에 간편하게 장착 가능
- 분리하여 바닥에서도 사용 가능

원래커버에 겉커버 한장 더 드립니다",6,12,1400,130000,54.3,포도당,판매완료,1,대구 수성구 범어3동,https://www.daangn.com/kr/buy-sell/%EC%8A%A4%ED%86%A0%EC%BC%80-%ED%8A%B8%EB%A6%BD%ED%8A%B8%EB%9E%A9-%EB%89%B4%EB%B3%B8-%EC%84%B8%ED%8A%B8-vhdz5j3jotuk/
19/11/2025,스토케트립트랩뉴본세트,"스토케 트립트랩 뉴본 세트입니다
- 신생아부터 9kg까지 사용 가능합니다
- 모빌대와 연장 글라이더가 포함되어 있습니다
아이에게 편안함을 제공하고, 부모님에게는 편리함을 더해주는 제품입니다
- 깨끗하게 사용하였고 세탁완료했습니다!

중고특성상 환불 어려운점 양해부탁드립니다.",4,2,353,130000,39.9,뿡스시,판매완료,2,충북 청주시 흥덕구 오송읍,https://www.daangn.com/kr/buy-sell/%EC%8A%A4%ED%86%A0%EC%BC%80-%ED%8A%B8%EB%A6%BD%ED%8A%B8%EB%9E%A9-%EB%89%B4%EB%B3%B8-%EC%84%B8%ED%8A%B8-v219z1shato1/
18/05/2026,스토케트립트랩뉴본세트,"신생아부터 사용 가능한 스토케 트립트랩 뉴본 세트예요
구성품 모두 사진에 나와있고, 박스도 그대로 있어요!
(박스는 물에 젖어서 상태가 좋진 않아용)
25년에 새상품 구매해서 6개월 딱 쓰고 판매합니다!
자주 세탁해서 깨끗이 사용했어요~
상태는 매우 좋으나 중고인점 감안해주세요~

✔️환불 불가
✔️문고리 거래
✔️예민맘 사절",2,4,76,130000,43.7,muse24,판매완료,2,충북 청주시 흥덕구 오송읍,https://www.daangn.com/kr/buy-sell/%EC%8A%A4%ED%86%A0%EC%BC%80-%ED%8A%B8%EB%A6%BD%ED%8A%B8%EB%9E%A9-%EB%89%B4%EB%B3%B8-%EC%84%B8%ED%8A%B8-8ebzvn6c1u28/
24/04/2026,스토케트립트랩뉴본,"트립트랩 뉴본 새상품 여아 1명 사용했어요.
모빌거치대가 사라져서 저렴하게 내놓아요.
구성품은 사진 참고 바랍니다.",3,3,136,130000,43,기요미,판매완료,1,충북 청주시 흥덕구 오송읍,https://www.daangn.com/kr/buy-sell/%EC%8A%A4%ED%86%A0%EC%BC%80-%ED%8A%B8%EB%A6%BD%ED%8A%B8%EB%9E%A9-%EB%89%B4%EB%B3%B8-2835fwj3byct/
10/03/2026,스토케트립트랩뉴본세트,"스토케 트립트랩 뉴본 세트 판매합니다

구성품 다있습니다! 

현백에서 새상품 구매해서 저희 아기만 사용했고, 
기스나 오염없는 제품입니다 :) 

세탁했고 (블랑101세제사용) 뉴본상자에 담아 드릴게요 ~ 

아기와 있어서 직접 집앞으로 와주셔야해요 ! 
당근페이 가능합니다 :)",3,1,105,130000,39.3,vv,판매완료,3,충북 청주시 흥덕구 오송읍,https://www.daangn.com/kr/buy-sell/%EC%8A%A4%ED%86%A0%EC%BC%80-%ED%8A%B8%EB%A6%BD%ED%8A%B8%EB%9E%A9-%EB%89%B4%EB%B3%B8-%EC%84%B8%ED%8A%B8-hk5dr9dyq465/
28/03/2026,스토케트립트랩뉴본세트그레이,"스토케 트립트랩 뉴본 세트 그레이 색상이에요
박스 연장글라이더 모빌대 모두 포함 있습니다.

- 육아중이라 비대면거래만 가능합니다
- 선입금 후 주소 공유 합니다.
- 환불 불가능 합니다.",3,0,74,130000,50.8,다다,판매완료,1,충북 청주시 흥덕구 오송읍,https://www.daangn.com/kr/buy-sell/%EC%8A%A4%ED%86%A0%EC%BC%80-%ED%8A%B8%EB%A6%BD%ED%8A%B8%EB%9E%A9-%EB%89%B4%EB%B3%B8-%EC%84%B8%ED%8A%B8-%EA%B7%B8%EB%A0%88%EC%9D%B4-k12ciuebqzns/
21/03/2026,스토케트립트랩뉴본세트,"스토케 트립트랩 뉴본세트입니다
당근해왔는데 저희 아기는 거부가 심해서 설치만 하고 거의 사용하지 못했어요! 
상태 좋아요😊
오송2산단 대광2차 문고리 거래원합니다🙏",2,2,74,130000,52.5,당라당당근,판매완료,4,충북 청주시 흥덕구 오송읍,https://www.daangn.com/kr/buy-sell/%EC%8A%A4%ED%86%A0%EC%BC%80-%ED%8A%B8%EB%A6%BD%ED%8A%B8%EB%9E%A9-%EB%89%B4%EB%B3%B8%EC%84%B8%ED%8A%B8-p47cf14mtdku/
23/02/2026,스토케트립트랩뉴본세트,"스토케 트립트랩 뉴본 세트입니다
신생아부터 9kg까지 사용 가능합니다
아이와 함께 테이블에서 더 가까이 교감할 수 있도록 도와줍니다
척추 지지력이 약한 아기를 위해 인체공학적으로 설계되었습니다
얼룩이 조금 있습니다 (사진 참고)
연장 글라이더 포함입니다
25년 3월 새상품 구매했습니다.(정품등록 완료)

비대면 문고리 거래 할게요!",1,6,127,130000,65,짹짹이,판매완료,9,충북 청주시 흥덕구 오송읍,https://www.daangn.com/kr/buy-sell/%EC%8A%A4%ED%86%A0%EC%BC%80-%ED%8A%B8%EB%A6%BD%ED%8A%B8%EB%9E%A9-%EB%89%B4%EB%B3%B8-%EC%84%B8%ED%8A%B8-ie33smi2awjp/
25/01/2026,스토케트립트랩뉴본세트,"스토케 트립트랩 뉴본 세트 그레이 색상입니다
25년1월 대전신세계 스토케에서 주문 후 
9월에 받으나 아기가 거부가 심해 사용감이 전혀 없습니다
저희 아기는 8키로가 넘고 이유식을 해야해서 판매합니다
전반적으로 깨끗하고 양호한 상태입니다
xxxx(사진에 보이는 체리딸랑이는 미판매 )xxxxx

아기때문에 택배는 어렵고 
문고리거래하겠습니다",1,2,218,130000,44.8,바압,판매완료,3,충북 청주시 흥덕구 오송읍,https://www.daangn.com/kr/buy-sell/%EC%8A%A4%ED%86%A0%EC%BC%80-%ED%8A%B8%EB%A6%BD%ED%8A%B8%EB%9E%A9-%EB%89%B4%EB%B3%B8-%EC%84%B8%ED%8A%B8-kfz6hcpkdkz2/
27/07/2025,스토케트립트랩뉴본세트,"스토케 트립트랩 뉴본 세트 판매합니다

실사용 적고 사용감도 적어요~~
사용시기가 짧아 당근 추천드립니다!

아기 눕혀놓고 식사하는 용도로 써요~~
시선에 맞출수 있는 부분이 좋고
설거지나 간단한 집안일할 때 옆에 두기 좋아요

세탁은 금방 해뒀는데 찝찝하시면 재세탁하셔요~~

🩵비대면 / 환불 불가 / 삼천동",2,0,117,130000,41.9,쥬쥬,판매완료,5,전북 전주시 완산구 삼천3동,https://www.daangn.com/kr/buy-sell/%EC%8A%A4%ED%86%A0%EC%BC%80-%ED%8A%B8%EB%A6%BD%ED%8A%B8%EB%9E%A9-%EB%89%B4%EB%B3%B8-%EC%84%B8%ED%8A%B8-srcu24tsfr1q/
14/04/2026,스토케트립트랩뉴본세트(풀박),"신생아부터 사용 가능한 스토케 트립트랩 뉴본 세트예요
박스 구성 그대로 입니다.
연장글라이드 빼고 다 있어요~~",5,3,206,130000,39.1,haje,판매완료,1,경기 용인시 기흥구 상하동,https://www.daangn.com/kr/buy-sell/%EC%8A%A4%ED%86%A0%EC%BC%80-%ED%8A%B8%EB%A6%BD%ED%8A%B8%EB%9E%A9-%EB%89%B4%EB%B3%B8-%EC%84%B8%ED%8A%B8-%ED%92%80%EB%B0%95-e38n1wpok8oq/
07/05/2026,스토케트립트랩뉴본세트그레이,"신생아부터 사용 가능한 스토케 트립트랩 뉴본세트예요

구성품은 박스 / 뉴본 / 모빌 입니다.

트리트랩 다리에 끼는건 없네요",3,0,114,130000,41.9,붸뷔요다요다,판매완료,2,경기 용인시 기흥구 상하동,https://www.daangn.com/kr/buy-sell/%EC%8A%A4%ED%86%A0%EC%BC%80-%ED%8A%B8%EB%A6%BD%ED%8A%B8%EB%9E%A9-%EB%89%B4%EB%B3%B8%EC%84%B8%ED%8A%B8-%EA%B7%B8%EB%A0%88%EC%9D%B4-wz1nxnv66oib/
30/09/2025,스토케트립트랩뉴본세트(재당근x),"스토케 트립트랩 뉴본 세트 판매합니다.
현대백화점에서 구매하였고 남자아이 혼자 사용하였습니다. 뉴본에서 응가싸거나 게운적이 없어서 상태 엄청 좋습니다.
본체+커버+5점식하네스&어깨패드+장난감걸이대+확장글라이더 모두 다 있습니다.
박스에 같이 담아 드리겠습니다.

혹시 필요하시다면 똑게육아 책도 드릴까합니다😊 챗 주실때 말씀해주세요ㅎㅎ

아이가 어려서 문고리 거래 원합니다☺️",2,4,95,130000,40.8,청청,판매완료,3,경기 용인시 기흥구 상하동,https://www.daangn.com/kr/buy-sell/%EC%8A%A4%ED%86%A0%EC%BC%80-%ED%8A%B8%EB%A6%BD%ED%8A%B8%EB%9E%A9-%EB%89%B4%EB%B3%B8-%EC%84%B8%ED%8A%B8-%EC%9E%AC%EB%8B%B9%EA%B7%BCx-ynrotchum219/
28/12/2025,스토케트립트랩뉴본세트거의새것(재당근x),"강남 신세계에서 구매해서 올해 6월 말에 수령한
제품입니다
아기가 거의 사용을 안해서 상태도 좋고 세척도 완료하였습니다
필요하시면 박스도 함께 같이 드립니다

육아중이어서 문고리 거래 희망합니다",2,3,75,130000,40.9,코멜,판매완료,8,서울시 성동구 성수2가제3동,https://www.daangn.com/kr/buy-sell/%EC%8A%A4%ED%86%A0%EC%BC%80-%ED%8A%B8%EB%A6%BD%ED%8A%B8%EB%9E%A9-%EB%89%B4%EB%B3%B8%EC%84%B8%ED%8A%B8-%EA%B1%B0%EC%9D%98-%EC%83%88%EA%B2%83-%EC%9E%AC%EB%8B%B9%EA%B7%BCx-4j5c57z3xeyp/
29/05/2026,스토케트립트랩뉴본세트그레이,"뉴본 박스 연장글라이더 모빌대
다 있습니다

새상품 구매 후 6달 사용
깔끔떠는 엄마여서 깨끗하게 사용했습니다 
아기세재로 다 세탁해놓아서 바로 쓰셔도 되세요

6개월정도만 쓰니 당근이 좋은 것 같아요
새상품이랑 그냥 놓고 비교하셔도 
차이 없을 퀄리티입니다
그래도 중고이니 예민하신분들은 피해주세요!!

문고리거래
환불 불가
감사합니다",1,1,58,130000,41.5,요또,판매완료,5,경기 안산시 단원구 신길동,https://www.daangn.com/kr/buy-sell/%EC%8A%A4%ED%86%A0%EC%BC%80-%ED%8A%B8%EB%A6%BD%ED%8A%B8%EB%9E%A9-%EB%89%B4%EB%B3%B8-%EC%84%B8%ED%8A%B8-%EA%B7%B8%EB%A0%88%EC%9D%B4-an888v4vwp9o/
29/05/2026,스토케트립트랩뉴본세트그레이,"뉴본 박스 연장글라이더 모빌대
다 있습니다

새상품 구매 후 6달 사용
깔끔떠는 엄마여서 깨끗하게 사용했습니다 
아기세재로 다 세탁해놓아서 바로 쓰셔도 되세요

6개월정도만 쓰니 당근이 좋은 것 같아요
새상품이랑 그냥 놓고 비교하셔도 
차이 없을 퀄리티입니다
그래도 중고이니 예민하신분들은 피해주세요!!

문고리거래
환불 불가
감사합니다",2,3,37,130000,41.5,요또,판매완료,6,경기 안산시 단원구 신길동,https://www.daangn.com/kr/buy-sell/%EC%8A%A4%ED%86%A0%EC%BC%80-%ED%8A%B8%EB%A6%BD%ED%8A%B8%EB%9E%A9-%EB%89%B4%EB%B3%B8-%EC%84%B8%ED%8A%B8-%EA%B7%B8%EB%A0%88%EC%9D%B4-fddizxjvdpbc/
22/12/2025,"스토케트립트랩뉴본세트(박스o,재당근x)","스토케 트립트랩 뉴본 세트 그레이 색상입니다.
7월생 여자아이 직접 구매하여 사용했습니다.
뉴본이 늦게 배송와서 얼마 못쓰고 내놓습니다.
상태 좋은거 확인 가능하도록 상세하게 사진 첨부했습니다.
박스 설명서 모두 있고, 연장글라이더는 새상품입니다.


☑️ 문고리 선호하지만 오마초등학교 직거래도 가능합니다(시간조율필요)
☑️ 중고물품 특성 상 사용감 있으니 예민맘은 피해주세요 🙏🏻
☑️ 교환&환불&에눌 ❌
☑️ 당근페이 🙆🏼‍♀️
☑️ 입금후 주소 알려드릴게요!
☑️ 육아중으로 답변이 늦을 수 있습니다.",1,13,146,130000,50,쑤27,판매완료,7,경기 고양시 일산서구 주엽동,https://www.daangn.com/kr/buy-sell/%EC%8A%A4%ED%86%A0%EC%BC%80-%ED%8A%B8%EB%A6%BD%ED%8A%B8%EB%9E%A9-%EB%89%B4%EB%B3%B8-%EC%84%B8%ED%8A%B8-%EB%B0%95%EC%8A%A4o-%EC%9E%AC%EB%8B%B9%EA%B7%BCx-7vxmzwwrujre/
07/10/2025,스토케트립트랩뉴본세트(풀박스),"스토케 트립트랩 뉴본세트 입니다

밥먹을때 앉혀두면 좋대서 샀는데 저희 아기는 바운서에서 타이니 모빌보는걸 더 좋아해서 2개월동안 거의 못 써봤습니다 ㅠ 이제는 키가 커져서 내놓습니다

모빌 연장글라인더 설명서 모두 있습니다 
아기 세제로 세탁해 두었고 눈에보이는 오염이나 보풀은 없습니다

문고리 거래 원합니다 
당근페이 주시면 주소 알려드릴께요!",4,3,240,130000,46.9,슈붕팥붕,판매완료,1,경기 고양시 일산서구 주엽동,https://www.daangn.com/kr/buy-sell/%EC%8A%A4%ED%86%A0%EC%BC%80-%ED%8A%B8%EB%A6%BD%ED%8A%B8%EB%9E%A9-%EB%89%B4%EB%B3%B8%EC%84%B8%ED%8A%B8-%ED%92%80%EB%B0%95%EC%8A%A4-kffm7oggpe1q/
27/06/2025,스토케트립트랩뉴본세트(박스있고상태좋아요),"트립트랩 뉴본세트 여아 혼자 4개월가량 사용했고 이유식 준비를 위해 베이비세트로 변경하며 내놓습니다. 얼룩이나 보풀 없이 상태 좋습니다. 커버 전부 벗겨 깨끗하게 빨고 다시 박스 포장해 두었습니다.

아이가 있어 문고리 거래만 가능합니다.
물건 상태에 대해선 위에 기재해두었고 중고거래이므로 반품 및 환불은 불가합니다.",1,0,76,130000,59.2,붕뱅방봉,판매완료,4,경기 고양시 일산서구 주엽동,https://www.daangn.com/kr/buy-sell/%EC%8A%A4%ED%86%A0%EC%BC%80-%ED%8A%B8%EB%A6%BD%ED%8A%B8%EB%9E%A9-%EB%89%B4%EB%B3%B8%EC%84%B8%ED%8A%B8-%EB%B0%95%EC%8A%A4%EC%9E%88%EA%B3%A0-%EC%83%81%ED%83%9C%EC%A2%8B%EC%95%84%EC%9A%94-yrcs45hgimo2/
17/05/2026,스토케트립트랩뉴본세트그레이재당근x,"두달쯤 새상품 선물받아 6개월? 7개월까지 사용하였고 상태 깔끔합니다
구성품 박스채로 다 드립니다
마지막에 아기세제로 세탁은 한번 했는데 시간이 좀 지나 사용전에 세탁은 한번 하셔야 할 것 같아요",2,15,159,130000,43.3,느린졸개맨,판매완료,2,서울시 서초구 서초4동,https://www.daangn.com/kr/buy-sell/%EC%8A%A4%ED%86%A0%EC%BC%80-%ED%8A%B8%EB%A6%BD%ED%8A%B8%EB%9E%A9-%EB%89%B4%EB%B3%B8-%EC%84%B8%ED%8A%B8-%EA%B7%B8%EB%A0%88%EC%9D%B4-%EC%9E%AC%EB%8B%B9%EA%B7%BCx-7x24p2pdf6mr/
07/10/2025,스토케트립트랩뉴본세트,"스토케 트립트랩 뉴본 세트 풀박스 구성입니다.

친구들에게 새 상품 선물받아 여아 혼자 깨끗하게 사용했습니다. 배송을 좀 늦게 받아서 실사용은 4개월 정도이고, 이유식 시작해서 베이비세트로 바꾸게 되어 처분합니다. 세탁 완료된 제품으로 바로 사용하시면 됩니다.

신생아부터 최대 9kg까지 사용할 수 있어요.

뉴본세트는 잠깐만 쓰는거라 깨끗한 제품 당근하셔서 쓰는게 좋아요~

육아 중이라 선입금 문고리 거래 선호합니다!",2,1,81,130000,47.6,코묵,판매완료,2,서울시 서초구 서초4동,https://www.daangn.com/kr/buy-sell/%EC%8A%A4%ED%86%A0%EC%BC%80-%ED%8A%B8%EB%A6%BD%ED%8A%B8%EB%9E%A9-%EB%89%B4%EB%B3%B8-%EC%84%B8%ED%8A%B8-41yy4w5zbsmi/
30/08/2025,스토케트립트랩뉴본세트,"스토케 트립트랩 뉴본세트 판매합니다~

스토케 트립트랩 뉴본 세트 그레이고 올해 3월부터 6월말까지 사용하였습니다!

글라이더, 하네스, 어깨끈, 장난감 걸이대 풀세트 다 있습니다. 구성품은 깨끗하게 사용하였고 최근에 깨끗하게 한번더 빨아두어서 가져가셔서 바로 사용하셔도 됩니다 :)  글라이더는 사용하지 않아 새상품이에요",1,2,121,130000,39.1,jk785,판매완료,2,서울시 서초구 서초4동,https://www.daangn.com/kr/buy-sell/%EC%8A%A4%ED%86%A0%EC%BC%80-%ED%8A%B8%EB%A6%BD%ED%8A%B8%EB%9E%A9-%EB%89%B4%EB%B3%B8%EC%84%B8%ED%8A%B8-t1r1fydo55pg/
19/03/2026,스토케트립트랩뉴본세트블랙,"스토케 트립트랩 뉴본 세트 블랙 색상입니다.
아기가 잠깐 사용해서 상태는 양호합니다.

작년 4월에 대전 신세계에서 직접 구매 했고 아기 4개월까지 써서 총 3개월가량 썼습니다.
전체적으로 깨끗합니다.

마지막 사진에 약간 얼룩 있는데 자세히 보지않으면 보이지 않는 수준입니다.
모빌거치대 포함입니다.

세탁 해두었습니다. 바로 사용하셔도 됩니다.",1,1,40,130000,38.4,부창동,판매완료,6,충남 논산시 부창동,https://www.daangn.com/kr/buy-sell/%EC%8A%A4%ED%86%A0%EC%BC%80-%ED%8A%B8%EB%A6%BD%ED%8A%B8%EB%9E%A9-%EB%89%B4%EB%B3%B8-%EC%84%B8%ED%8A%B8-%EB%B8%94%EB%9E%99-3ohcftksn1jp/
13/11/2025,스토케트립트랩뉴본세트그레이,"올 3월에 새상품 구매해서 사용했습니다.
연장 글라이더와 모빌 거치대 포함입니다.(박스x)

글라이더는 성격상 약간 이염이 있고
나머지는 제 육안으로는 깨끗한거 같아요.

쿨거래시 12만원에 드립니다.
중고거래 성격상 반품은 안됩니다.",1,0,38,130000,43,금로,판매완료,1,경기 파주시 금촌2동,https://www.daangn.com/kr/buy-sell/%EC%8A%A4%ED%86%A0%EC%BC%80-%ED%8A%B8%EB%A6%BD%ED%8A%B8%EB%9E%A9-%EB%89%B4%EB%B3%B8%EC%84%B8%ED%8A%B8-%EA%B7%B8%EB%A0%88%EC%9D%B4-eu6562hj4b8c/
23/05/2026,스토케트립트랩뉴본세트그레이,"신생아부터 사용 가능한 스토케 트립트랩 뉴본 세트예요
박스와 구성품 모두 포함되어 있어요
사진에서 보이는 것처럼 깔끔한 상태랍니다
아기에게 편안한 첫 경험을 선물하고 싶으신 분들께 추천드려요",2,2,218,130000,42.8,우주,판매완료,1,경남 사천시 용현면,https://www.daangn.com/kr/buy-sell/%EC%8A%A4%ED%86%A0%EC%BC%80-%ED%8A%B8%EB%A6%BD%ED%8A%B8%EB%9E%A9-%EB%89%B4%EB%B3%B8-%EC%84%B8%ED%8A%B8-%EA%B7%B8%EB%A0%88%EC%9D%B4-tf3hkdme7m7c/
18/12/2025,스토케트립트랩뉴본세트,"스토케 트립트랩 뉴본 세트 판매합니다
박스에 있는 모든 구성품 다 있습니다
신생아부터 사용 가능하고, 분리해서 세탁도 가능해서 위생적으로 사용 가능합니다

세탁, 소독까지 다 해놨습니다
순천은 월요일에 시간 맞으면 가져다 드릴 수 있습니다",1,3,199,130000,39.3,메리쫑,판매완료,1,전남 순천시 왕조1동,https://www.daangn.com/kr/buy-sell/%EC%8A%A4%ED%86%A0%EC%BC%80-%ED%8A%B8%EB%A6%BD%ED%8A%B8%EB%9E%A9-%EB%89%B4%EB%B3%B8-%EC%84%B8%ED%8A%B8-9v4f6x14jm8q/
14/07/2025,(박스까지풀구성)스토케트립트랩뉴본세트,"스토케 트립트랩 뉴본세트 판매합니다.

- 색상은 그레이입니다.
- 박스 포함입니다.
- 아기가 거부해서 많이 쓰지 못해 깨끗합니다.
- 세탁완료 했으며 바로 사용 가능합니다.


*중고거래상 반품/환불 불가
*육아중이니 문고리 거래만 가능합니다",4,4,143,130000,53.6,신뢰도만프로,판매완료,4,서울시 종로구 창신제3동,https://www.daangn.com/kr/buy-sell/%EB%B0%95%EC%8A%A4%EA%B9%8C%EC%A7%80-%ED%92%80%EA%B5%AC%EC%84%B1-%EC%8A%A4%ED%86%A0%EC%BC%80-%ED%8A%B8%EB%A6%BD%ED%8A%B8%EB%9E%A9-%EB%89%B4%EB%B3%B8%EC%84%B8%ED%8A%B8-zjme8n2ce5z8/
14/06/2025,스토케트립트랩뉴본세트,"스토케 트립트랩 뉴본 세트 판매합니다!

작년에 구매하고
12월생이 여아가 사용했습니다
깨끗하고
하자없습니다
구성품 다 있습니다
박스도 같이 드려요

주말에 쿨거래해주시는분은
12만원에 드립니다

거래장소는
휘경1동 주민센터입니다
",2,1,95,130000,41.1,두릅,판매완료,3,서울시 동대문구 휘경제1동,https://www.daangn.com/kr/buy-sell/%EC%8A%A4%ED%86%A0%EC%BC%80-%ED%8A%B8%EB%A6%BD%ED%8A%B8%EB%9E%A9-%EB%89%B4%EB%B3%B8%EC%84%B8%ED%8A%B8-sbf8c78xpnm5/
31/03/2025,스토케트립트랩뉴본세트,"구성품 다 있습니다
아기가 누워만 있을때 사용한거라 오염은 없어요
세탁으로 인한 약간의 사용감은 있지만 깨끗해요

시간 맞추기가 어려워 비대면 거래 원합니다
동의 하시는 분만 연락 부탁드립니다",3,1,160,130000,52.3,토동토동,판매완료,7,부산 사하구 괴정제2동,https://www.daangn.com/kr/buy-sell/%EC%8A%A4%ED%86%A0%EC%BC%80-%ED%8A%B8%EB%A6%BD%ED%8A%B8%EB%9E%A9-%EB%89%B4%EB%B3%B8%EC%84%B8%ED%8A%B8-vwdi4mugk7ed/
11/03/2026,스토케트립트랩뉴본,"▪️스토케 트립트랩 뉴본▪️

사용감 거의 진짜 제로에요‼️
항상 천기저귀 깔고 사용해서
토나 응가 쉬 뭐 하나도 묻은적없음
실제로 봤는데 상태 별로면 100%환불가능

색상은 회색이고 안전벨트 포함되어 있습니다
신생아때부터~ 진짜 잘쓴템!
엄마 밥 먹을때 애기 눕혀놓기 너무 좋아요~
그리고 여기있어도 하나도 안울었어요!

강추강추💫
육아 중 이므로 문고리하겠습니다.",3,6,50,130000,42.7,승승장구,판매완료,4,경기 과천시 문원동,https://www.daangn.com/kr/buy-sell/%EC%8A%A4%ED%86%A0%EC%BC%80-%ED%8A%B8%EB%A6%BD%ED%8A%B8%EB%9E%A9-%EB%89%B4%EB%B3%B8-5isieg3qf3bg/
23/03/2026,스토케트립트랩뉴본세트,"스토케 트립트랩 뉴본 세트입니다
박스에 담겨 있으며, 신생아부터 9kg까지 아기를 편안하게 사용할 수 있습니다

패키지 구성품은 모두 포함되어 있으며,
거래는 문고리 거래 원합니다.",2,0,131,130000,45,WandererJH,판매완료,2,서울시 송파구 송파동,https://www.daangn.com/kr/buy-sell/%EC%8A%A4%ED%86%A0%EC%BC%80-%ED%8A%B8%EB%A6%BD%ED%8A%B8%EB%9E%A9-%EB%89%B4%EB%B3%B8-%EC%84%B8%ED%8A%B8-efptrhgexgjp/
23/04/2026,스토케트립트랩뉴본세트그레이,"뉴본 그레이 팔아요 ! 작년 구입이고 아기가 거부가 심해서 몇번 사용안했어요!! 재당근 아니애요!!!!!!박스는
없고 상태좋아요!!!",1,1,55,130000,43.7,완투차차차,판매완료,1,경기 안성시 공도읍,https://www.daangn.com/kr/buy-sell/%EC%8A%A4%ED%86%A0%EC%BC%80-%ED%8A%B8%EB%A6%BD%ED%8A%B8%EB%9E%A9-%EB%89%B4%EB%B3%B8-%EC%84%B8%ED%8A%B8-%EA%B7%B8%EB%A0%88%EC%9D%B4-12vewuwvck8t/
25/04/2026,스토케트립트랩뉴본세트그레이,"스토케 트립트랩 뉴본세트 입니다.
구성품 전부 있는 풀 세트 입니다.
아기세제로 세탁해둔 상태입니다.

직접 가지러 오셔야 합니다.
장소는 공도 쌍용플래티넘프리미어 아파트 입니다.",2,3,68,130000,42.8,누누,판매완료,1,경기 안성시 공도읍,https://www.daangn.com/kr/buy-sell/%EC%8A%A4%ED%86%A0%EC%BC%80-%ED%8A%B8%EB%A6%BD%ED%8A%B8%EB%9E%A9-%EB%89%B4%EB%B3%B8%EC%84%B8%ED%8A%B8-%EA%B7%B8%EB%A0%88%EC%9D%B4-wfzedym2htfo/
10/05/2026,스토케트립트랩뉴본세트,"신생아부터 사용할 수 있는 스토케 트립트랩 뉴본 세트예요

당근으로 구매해서 깨끗하게 사용했고 얼룩 하나 없이 깨끗합니다.
세탁해서 박스에 다시 보관중입니다.

문고리 가능해요",1,4,56,130000,40.6,bking7402,판매완료,1,경기 안성시 공도읍,https://www.daangn.com/kr/buy-sell/%EC%8A%A4%ED%86%A0%EC%BC%80-%ED%8A%B8%EB%A6%BD%ED%8A%B8%EB%9E%A9-%EB%89%B4%EB%B3%B8-%EC%84%B8%ED%8A%B8-3qfapdzchx1a/
20/12/2025,스토케트립트랩뉴본세트(커버포함),"신생아부터 사용하는 스토케 트립트랩 뉴본 세트 판매합니다.

수유용으로는 사용하지 않고, 식탁 옆에 아기 눕혀 놓는 용도로 주로 사용했어요. 
또 커버 따로 구매해서 사용해서 깨끗합니다. 세번째 사진이 커버 씌운 사진이에요.

구성품 모두 있고, 박스도 함께 드려요.
커버도 같이 드려요.(양면사용가능)",1,5,79,130000,42.6,일단던져,판매완료,3,경기 안성시 공도읍,https://www.daangn.com/kr/buy-sell/%EC%8A%A4%ED%86%A0%EC%BC%80-%ED%8A%B8%EB%A6%BD%ED%8A%B8%EB%9E%A9-%EB%89%B4%EB%B3%B8-%EC%84%B8%ED%8A%B8-%EC%BB%A4%EB%B2%84%ED%8F%AC%ED%95%A8-bqoy4wk2ppbb/
18/04/2026,스토케트립트랩뉴본세트그레이,"신생아부터 사용 가능한 스토케 트립트랩 뉴본 세트예요
박스와 구성품 모두 포함되어 있어요
사진에서 보이는 그대로 깨끗하게 사용했어요
아기가 편안하게 앉아있을 수 있도록 도와주는 제품이랍니다",4,4,101,130000,42,캐럿호,판매완료,1,경남 김해시 장유1동,https://www.daangn.com/kr/buy-sell/%EC%8A%A4%ED%86%A0%EC%BC%80-%ED%8A%B8%EB%A6%BD%ED%8A%B8%EB%9E%A9-%EB%89%B4%EB%B3%B8-%EC%84%B8%ED%8A%B8-%EA%B7%B8%EB%A0%88%EC%9D%B4-ruhamtjfg8um/
27/02/2026,스토케트립트랩뉴본세트,"당근으로 새상품 구입했는데 
아기가 거부해서 한두번 밖에 못눕혀봤어요 😭

스토케 트립트랩 뉴본 세트입니다
박스에 담겨 있고, 상태는 사진 참고해주세요 :)

세탁되어있으나 원하시면 세탁한번 더 하고 쓰셔도 좋습니다

쿨거래시 5천원 더 빼드려요.",12,3,148,130000,83.4,찌니,판매완료,4,경남 김해시 장유1동,https://www.daangn.com/kr/buy-sell/%EC%8A%A4%ED%86%A0%EC%BC%80-%ED%8A%B8%EB%A6%BD%ED%8A%B8%EB%9E%A9-%EB%89%B4%EB%B3%B8-%EC%84%B8%ED%8A%B8-aed129uncb7b/
22/02/2026,스토케트립트랩뉴본세트,"스토케 트립트랩 뉴본세트 판매해요.
김해 신세계에서 새제품 구입 후
여자아기 한명 사용했어요.
대기가 길어 아기를 낳고 
한참 뒤에 배송받아서 실사용 기간은 
얼마 안됩니다.
깨끗하게 썼지만 사용감 살짝 있어요.
예민한분x 쿨거래 부탁해요.",7,3,168,130000,48,리틀어피치,판매완료,2,경남 김해시 장유1동,https://www.daangn.com/kr/buy-sell/%EC%8A%A4%ED%86%A0%EC%BC%80-%ED%8A%B8%EB%A6%BD%ED%8A%B8%EB%9E%A9-%EB%89%B4%EB%B3%B8%EC%84%B8%ED%8A%B8-ip6a7i3wky5m/
29/06/2025,스토케트립트랩뉴본세트,"스토케 트립트랩 뉴본 세트 판매해요!
아기가 편안하게 사용할 수 있어요

- 신생아부터 6개월까지 사용 가능
- 트립트랩 의자에 간편하게 탈부착 가능
- 안전벨트 포함
- 모빌 홀더로 아기 시각 발달에 도움

정가는 20만원대 초반입니다",6,4,276,130000,36.8,gene0921,판매완료,4,경남 김해시 장유1동,https://www.daangn.com/kr/buy-sell/%EC%8A%A4%ED%86%A0%EC%BC%80-%ED%8A%B8%EB%A6%BD%ED%8A%B8%EB%9E%A9-%EB%89%B4%EB%B3%B8-%EC%84%B8%ED%8A%B8-cimfdnijrgbq/
21/12/2025,스토케트립트랩뉴본세트,"스토케 트립트랩 뉴본 세트 그레이 색상입니다
신세계백화점에서 새상품 구매했고 
여아 혼자 3개월 정도 사용했습니다!
보풀 등 미세한 사용감 있을 수 있으나 
눈에띄는 오염 등은 없이 깨끗해요.

세탁해두었습니다
필요하시면 상자도 드려요!

비대면거래합니다.",1,17,225,130000,56,mimi,판매완료,1,대구 동구 신천3동,https://www.daangn.com/kr/buy-sell/%EC%8A%A4%ED%86%A0%EC%BC%80-%ED%8A%B8%EB%A6%BD%ED%8A%B8%EB%9E%A9-%EB%89%B4%EB%B3%B8%EC%84%B8%ED%8A%B8-gj14t7xshmog/
07/03/2026,스토케트립트랩뉴본세트,"스토케 트립트랩 뉴본 세트 판매합니다.
커버 오염없고 깨끗한 편입니다.
(본체 소독티슈 청소/커버 세탁 완료)

구매: 2025년 8월
실사용: 2025년 10월~2026년 2월

✔️반품불가
✔️문고리 거래 가능",2,0,86,130000,39.2,유니,판매완료,4,경기 하남시 감이동,https://www.daangn.com/kr/buy-sell/%EC%8A%A4%ED%86%A0%EC%BC%80-%ED%8A%B8%EB%A6%BD%ED%8A%B8%EB%9E%A9-%EB%89%B4%EB%B3%B8-%EC%84%B8%ED%8A%B8-rgvfnj9xsbyn/
07/12/2025,스토케트립트랩뉴본세트,"스토케 트립트랩 뉴본 세트입니다!

색상은 회색이고, 깨끗하게 사용했습니다~ 박스도 같이 드려요!

상태최상이고 이염없어요 
아기가 바닥생활해서 많이 사용못했습니다

부속품 다 있어요

부피가있어 문고리거래만 가능합니다",2,5,116,130000,63.8,개포동쟁이,판매완료,2,경기 하남시 감이동,https://www.daangn.com/kr/buy-sell/%EC%8A%A4%ED%86%A0%EC%BC%80-%ED%8A%B8%EB%A6%BD%ED%8A%B8%EB%9E%A9-%EB%89%B4%EB%B3%B8%EC%84%B8%ED%8A%B8-2uwzprrrizxu/
19/11/2025,스토케트립트랩뉴본세트(박스포함),"스토케 트립트랩 뉴본 세트입니다
구성품 전부 포함이고 사진 참고부탁드립니다
 깨끗하게 사용 했고 커버 세척해두었으며 정품박스 포함입니다

",1,2,97,130000,50.4,asdf08,판매완료,5,경기 하남시 감이동,https://www.daangn.com/kr/buy-sell/%EC%8A%A4%ED%86%A0%EC%BC%80-%ED%8A%B8%EB%A6%BD%ED%8A%B8%EB%9E%A9-%EB%89%B4%EB%B3%B8-%EC%84%B8%ED%8A%B8-%EB%B0%95%EC%8A%A4%ED%8F%AC%ED%95%A8-7y2h44t4b77k/
08/06/2025,스토케트립트랩뉴본세트판매합니다,"스토케 트립트랩 뉴본 세트입니다.
일본 직구로 구입했었고, 여아 혼자 4개월 정도 사용했습니다. 
세탁은 해두었으며, 특별한 얼룩은 없으나 예민하신분은 피해주세요~

정품등록 안해둔 상태라, 따로 등록하실 수 있어요
받았던 상품설명서도 그대로 담아 박스채 드립니다.

뉴본 연장글라이더는 사용하다보니 더러워져서, 베이비세트 사면서 받은 다른 색 연장글라이더를 함께 드릴게요. 뜯기만 하고 사용하지 않은 새거입니다. (색상은 사진 참고해주세요)

- 육아중으로 문고리거래만 합니다.
- 중고물품으로 환불 불가합니다.",2,3,155,130000,44.9,jooly,판매완료,4,경기 하남시 감이동,https://www.daangn.com/kr/buy-sell/%EC%8A%A4%ED%86%A0%EC%BC%80-%ED%8A%B8%EB%A6%BD%ED%8A%B8%EB%9E%A9-%EB%89%B4%EB%B3%B8-%EC%84%B8%ED%8A%B8-%ED%8C%90%EB%A7%A4%ED%95%A9%EB%8B%88%EB%8B%A4-x6ckpi55ykvf/
07/06/2026,스토케트립트랩뉴본세트그레이,"트립트랩 뉴본 세트 정품입니다.

약 4개월 정도 사용했어요~

오염 없고 상태 좋아요!

문고리 거래 희망",2,2,80,130000,38.5,soo,판매완료,2,부산 남구 문현동,https://www.daangn.com/kr/buy-sell/%EC%8A%A4%ED%86%A0%EC%BC%80-%ED%8A%B8%EB%A6%BD%ED%8A%B8%EB%9E%A9-%EB%89%B4%EB%B3%B8-%EC%84%B8%ED%8A%B8-%EA%B7%B8%EB%A0%88%EC%9D%B4-95hi9uiuir73/
18/10/2025,스토케트립트랩뉴본세트,"스토케 트립트랩 뉴본세트입니다.
모빌대, 연장글라이더 모두 포함입니다.
박스에 넣어 드릴께요.

아기세탁세제로 모두 세탁해두어
바로 사용하시면 됩니다.

역방쿠를 너무 좋아하는 아기라
많이 사용하지 않았어요~
네고×, 문현동 비대면거래 할께요 !",1,0,138,130000,75.6,당근이지이지,판매완료,2,부산 남구 문현동,https://www.daangn.com/kr/buy-sell/%EC%8A%A4%ED%86%A0%EC%BC%80-%ED%8A%B8%EB%A6%BD%ED%8A%B8%EB%9E%A9-%EB%89%B4%EB%B3%B8%EC%84%B8%ED%8A%B8-3eepr5ansv5f/
02/09/2025,스토케트립트랩뉴본세트,"스토케 트립트랩 뉴본세트 판매합니다. (의자X)
친구네 아기가 몇번 안쓴 새상품급 받아서 4개월 썼어요.
시트 오염되는게 싫어서 항상 천기저귀 깔아서 사용했고 포장해두기 전에 아기세제로 세탁해놨습니다.
박스에 설명서, 연장글라이더, 모빌대 같이 넣어드려요!

🤍선입금해주시면 상세주소 알려드려요.
🤍아기가 있어 비대면 문고리거래 선호합니다.
🤍중고인 점 감안해주시고, 반품 환불 안됩니다.",2,2,152,130000,43.7,젠이,판매완료,3,부산 남구 문현동,https://www.daangn.com/kr/buy-sell/%EC%8A%A4%ED%86%A0%EC%BC%80-%ED%8A%B8%EB%A6%BD%ED%8A%B8%EB%9E%A9-%EB%89%B4%EB%B3%B8%EC%84%B8%ED%8A%B8-k3ys3ybqpk97/
09/07/2025,스토케트립트랩뉴본세트판매합니다.,"스토케 트립트랩 뉴본 세트 판매합니다.

매장구입 및 예약해서 2025년 1월에 배송받았고 1월달에 출산후 사용하였습니다.

밥먹을때 아기 옆에다가 눕혀두고 먹어서 그런지 이유식도 거부감 없이 잘먹고 초반에는 적응하기 힘들어했으나 50일 넘어가면서부터 잘 사용하였습니다.

이제 이유식 시기라서 이유식의자를 설치해서 뉴본세트는 판매하려고 합니다.

깨끗하게 사용했고, 쿠션은 세탁해두었습니다.

구성품은 사진과 같습니다.

- 뉴본 시트
- 뉴본 쿠션 (회색)
- 기타 부속품(모빌걸이대, 의자 뒤 발받침)
- 사용설명서 

자세한 상태는 사진 참고해주세요~
육아중이라서 문고리 거래 선호합니다!

네고X

- 교환/환불 불가
- 오목천역에서 직거래 가능
- 당근페이 가능
- 선입금시 문고리거래 가능",3,3,164,133000,41.5,oar,판매완료,5,경기 수원시 권선구 오목천동,https://www.daangn.com/kr/buy-sell/%EC%8A%A4%ED%86%A0%EC%BC%80-%ED%8A%B8%EB%A6%BD%ED%8A%B8%EB%9E%A9-%EB%89%B4%EB%B3%B8%EC%84%B8%ED%8A%B8-%ED%8C%90%EB%A7%A4%ED%95%A9%EB%8B%88%EB%8B%A4-giju38n1jtcb/
17/03/2025,스토케트립트랩뉴본세트(재당근x),"24년 6월생 아이 한명만 사용 했습니다. 

구성품 다 있고, 새거 사서  가족이나 지인 물려줄 생각으로 깨끗하게 사용 했는데 지금 당장 물려줄데가 없어서 당근합니다. 세탁해서 보관해뒀어요. 

뉴본세트 9kg까지만 사용가능한데, 
아이가 좀 큰편이라 몇개월 사용 못했습니다. 

궁금한 점 있으면 톡 주세요. 
문고리거래 합니다.",2,7,430,133000,44.1,마틸다,판매완료,1,경기 군포시 산본동,https://www.daangn.com/kr/buy-sell/%EC%8A%A4%ED%86%A0%EC%BC%80-%ED%8A%B8%EB%A6%BD%ED%8A%B8%EB%9E%A9-%EB%89%B4%EB%B3%B8-%EC%84%B8%ED%8A%B8-%EC%9E%AC%EB%8B%B9%EA%B7%BCx-b8hj91tc7cge/
25/07/2025,스토케트립트랩뉴본세트,"스토케 트립트랩 뉴본세트 판매합니다
올해 1월생 여아가 2월부터 깨끗하게 사용했습니다
눈에 띄는 오염은 없는 것 같은데 중고인점 감안해주세요
커버 분리해서 세탁 가능합니다",1,7,204,135000,41.2,토미,판매완료,1,서울시 서초구 서초동,https://www.daangn.com/kr/buy-sell/%EC%8A%A4%ED%86%A0%EC%BC%80-%ED%8A%B8%EB%A6%BD%ED%8A%B8%EB%9E%A9-%EB%89%B4%EB%B3%B8%EC%84%B8%ED%8A%B8-gidddk7w9o31/
16/02/2025,"스토케트립트랩뉴본세트,알프레미오슈유시트","구매하고 의자에 결합시켜 놓고 보관만 했네여~
새상품 컨디션이라고 보시면 됩니다! 모빌대, 연장글라이더 , 설명서 다 있습니다.
박스는 없습니다!
알프레미오 슈유시트 함께 드립니다! 깨끗하지만 미세이염 있습니다. 세탁하심 잘 지워져요^^",1,1,128,135000,54.5,푸우부인,판매완료,6,서울시 서초구 서초동,https://www.daangn.com/kr/buy-sell/%EC%8A%A4%ED%86%A0%EC%BC%80-%ED%8A%B8%EB%A6%BD%ED%8A%B8%EB%9E%A9-%EB%89%B4%EB%B3%B8%EC%84%B8%ED%8A%B8-%EC%95%8C%ED%94%84%EB%A0%88%EB%AF%B8%EC%98%A4-%EC%8A%88%EC%9C%A0%EC%8B%9C%ED%8A%B8-dir28n4z5e1p/
29/10/2025,"스토케트립트랩뉴본세트(재당근x,박스0)","스토케 트립트랩 뉴본 세트입니다.

여아 한명 2월에 새상품 구매후 5월부터 8월까지 사용하였고 등센서가 있어얼마 사용 못하고 베이비세트로 넘어가서 판매합니다.

아기세제로 세탁까지 했으니 가져가셔서 바로 사용하시면 됩니다.

새상품과 같이 깨끗하고 비닐,설명서,박스까지 풀세트로 있습니다.
오염,이염없이 깨끗하나 예민한분은 삼가주세요!!

🥕문고리 거래로 선입금후 주소 알려드립니다!!
🥕 반값택배가능 +2,000원

❌ 중고물품, 개인간 거래로 반품,환불 금지
❌ 찔러보기 금지",2,10,215,135000,44.7,도토리,판매완료,2,서울시 성동구 행당동,https://www.daangn.com/kr/buy-sell/%EC%8A%A4%ED%86%A0%EC%BC%80-%ED%8A%B8%EB%A6%BD%ED%8A%B8%EB%9E%A9-%EB%89%B4%EB%B3%B8-%EC%84%B8%ED%8A%B8-%EC%9E%AC%EB%8B%B9%EA%B7%BCx-%EB%B0%95%EC%8A%A40-crt3weta223u/
10/01/2026,스토케트립트랩뉴본세트(재당근x),"스토케 트립트랩 뉴본세트 판매해요.(재당근X)

25년 3월 구매 후 6월생아기 2개월 사용했어요.
항상 방수매트 사용하여 오염이나 변색 없고 깨끗해요.
(상세사진과 동일 컨디션)

정품등록 가능하며, 구성품 모두 같이 드려요.

구성품 : 뉴본본체, 어깨패드, 모빌대, 연장글라이더, 설명서, 박스

🥕육아중으로 마포구청역 인근 문고리거래 선호해요.",1,1,34,135000,47.7,초롱이,판매완료,6,서울시 용산구 효창동,https://www.daangn.com/kr/buy-sell/%EC%8A%A4%ED%86%A0%EC%BC%80-%ED%8A%B8%EB%A6%BD%ED%8A%B8%EB%9E%A9-%EB%89%B4%EB%B3%B8%EC%84%B8%ED%8A%B8-%EC%9E%AC%EB%8B%B9%EA%B7%BCx-x8zypwu7vuwn/
29/12/2025,스토케트립트랩뉴본세트(재당근x),"스토케 트립트랩 뉴본세트 판매해요. (개당가격)

6월생아기 2개월정도 사용하였어요.
항상 방수매트 사용하여 오염이나 변색 없고 깨끗해요.
(상세사진과 동일 컨디션)

정품등록 가능하며, 구성품 모두 같이 드려요.

구성품 : 뉴본본체, 어깨패드, 모빌대, 연장글라이더, 설명서, 박스

🥕쌍둥이 사용가능해요.
🥕2개구매시 27만원 입니다.
🥕육아중으로 문고리거래 선호해요.",1,0,38,135000,47.7,초롱이,판매완료,6,서울시 용산구 효창동,https://www.daangn.com/kr/buy-sell/%EC%8A%A4%ED%86%A0%EC%BC%80-%ED%8A%B8%EB%A6%BD%ED%8A%B8%EB%9E%A9-%EB%89%B4%EB%B3%B8%EC%84%B8%ED%8A%B8-%EC%9E%AC%EB%8B%B9%EA%B7%BCx-cpoqw37rcikk/
21/07/2025,스토케트립트랩뉴본세트(재당근x),"스토케 트립트랩 뉴본세트 판매합니다 (뉴본세트만 판매)
새상품 구매하고 아기가 2번정도 앉아봤어요
엄마아빠가 식탁생활을 잘 안하다보니 사용할 일이 없더라구요
깨끗합니다

박스는 없고 체어와 모빌대, 사진엔 없지만 연장글라이더 까지입니다 !",8,13,547,135000,46.1,닉네임,판매완료,3,대전 중구 선화동,https://www.daangn.com/kr/buy-sell/%EC%8A%A4%ED%86%A0%EC%BC%80-%ED%8A%B8%EB%A6%BD%ED%8A%B8%EB%9E%A9-%EB%89%B4%EB%B3%B8%EC%84%B8%ED%8A%B8-%EC%9E%AC%EB%8B%B9%EA%B7%BCx-6afkj5mmpzh5/
02/09/2025,스토케트립트랩신생아뉴본세트(재당근x)최종가격내림,"(최종 내렸어요!) 

스토케 트립트랩 뉴본 세트 판매합니다~
박스랑 설명서 다 있어요.
25년 4월생 여아가 깨끗하게 사용했어요
강남신세계에서 새상품 구입했고요. 
신생아때 유용하게 사용했어요!
석계역쪽아파트 직거래 아니면 차로오시면 주소 알려드립니다. 
구매하실분만 연락주세요. 매너거래 했으면 합니다. 이미 저렴하게 내놓는거라서요. 
환불 ❌반품 ❌불가합니다.",1,10,330,135000,49.3,잼잼,판매완료,2,서울시 노원구 월계3동,https://www.daangn.com/kr/buy-sell/%EC%8A%A4%ED%86%A0%EC%BC%80-%ED%8A%B8%EB%A6%BD%ED%8A%B8%EB%9E%A9-%EC%8B%A0%EC%83%9D%EC%95%84-%EB%89%B4%EB%B3%B8-%EC%84%B8%ED%8A%B8-%EC%9E%AC%EB%8B%B9%EA%B7%BCx-%EC%B5%9C%EC%A2%85%EA%B0%80%EA%B2%A9%EB%82%B4%EB%A6%BC-jee23x7b789r/
21/06/2025,스토케트립트랩뉴본세트,"스토케 트립트랩 뉴본세트 판매합니다.
범계 롯데백화점에서 새상품으로 구입했는데, 아기가 베이비뵨 바운서랑 역방쿠를 주로 좋아해서 몇번 사용안했어요. (그만큼 안써서 세탁도 한번도 안했습니다.)
세탁은 한번 하셔야 할 것 같아요.
모든 부품도 다 있습니다

문고리 거래 원합니다.
박스랑 비닐, 설명서도 같이드려요!",2,6,333,135000,43,이겨내,판매완료,2,경기 군포시 산본동,https://www.daangn.com/kr/buy-sell/%EC%8A%A4%ED%86%A0%EC%BC%80-%ED%8A%B8%EB%A6%BD%ED%8A%B8%EB%9E%A9-%EB%89%B4%EB%B3%B8%EC%84%B8%ED%8A%B8-x92snndu6ti6/
28/10/2025,스토케트립트랩뉴본세트,"스토케 트립트랩 뉴본 세트입니다
깨끗하게 사용했습니다",3,4,281,135000,46.8,나우아,판매완료,1,대구 중구 남산1동,https://www.daangn.com/kr/buy-sell/%EC%8A%A4%ED%86%A0%EC%BC%80-%ED%8A%B8%EB%A6%BD%ED%8A%B8%EB%9E%A9-%EB%89%B4%EB%B3%B8-%EC%84%B8%ED%8A%B8-bzfo4yrz97xh/
03/04/2025,스토케트립트랩뉴본세트(5개월사용),"11월 부터 5개월간 사용했습니다. 
상태 깨끗하고 첫 애라 더 신경 써서 관리 잘 하면서 사용했습니다. 그래도 중고제품이니 예민하신분은 피해 주세요.
모빌 거치대, 연장 글라이더(미사용) 있습니다. 

* 부피가 있어 택배는 어렵습니다. 육아로 인해 선입금 후 문고리만 가능합니다. 
* 자세한 위치는 거래 후 공유 드리겠습니다. 
* 중고거래 특성상 반품/환불 안됩니다.",2,2,138,135000,46.4,뷰바뷰,판매완료,2,경기 광명시 광명동,https://www.daangn.com/kr/buy-sell/%EC%8A%A4%ED%86%A0%EC%BC%80-%ED%8A%B8%EB%A6%BD%ED%8A%B8%EB%9E%A9-%EB%89%B4%EB%B3%B8%EC%84%B8%ED%8A%B8-5%EA%B0%9C%EC%9B%94-%EC%82%AC%EC%9A%A9-agmzewd49w3m/
10/01/2025,스토케트립트랩뉴본세트팝니다,"2024년 8월 신품 구매 후 판매합니다.

최대한 깔끔하게 사용했는데 사진 많이 올려뒀으니 참고하사면 될거같습니다!

밥 먹을때 뉴본눕혀서 옆에 두면 얌전하니 짱짱입니다!

아기세제로 세탁해뒀습니다!

중고거래 특성상 환불 불가합니다!

채팅주세요!",0,2,92,135000,46,테롱,판매완료,6,경기 광명시 광명동,https://www.daangn.com/kr/buy-sell/%EC%8A%A4%ED%86%A0%EC%BC%80-%ED%8A%B8%EB%A6%BD%ED%8A%B8%EB%9E%A9-%EB%89%B4%EB%B3%B8%EC%84%B8%ED%8A%B8-%ED%8C%9D%EB%8B%88%EB%8B%A4-8crgab8hkg6e/
30/01/2026,스토케트립트랩뉴본세트그레이새상품급,"스토케 트립트랩 뉴본 세트
독일직구


사진과 같이 깨끗한 상태이며, 풀박입니다
상태 그냥 새상품급이에용~ 거의 사용 못하고 판매해요 상태 조아용🍒🩷",7,6,136,135000,49.7,수돌아빠,판매완료,1,경기 안양시 동안구 비산3동,https://www.daangn.com/kr/buy-sell/%EC%8A%A4%ED%86%A0%EC%BC%80-%ED%8A%B8%EB%A6%BD%ED%8A%B8%EB%9E%A9-%EB%89%B4%EB%B3%B8-%EC%84%B8%ED%8A%B8-%EA%B7%B8%EB%A0%88%EC%9D%B4-%EC%83%88%EC%83%81%ED%92%88%EA%B8%89-9fm14pmwxr8x/
11/11/2025,스토케트립트랩뉴본,"올 초에 새상품 구매해서 6월부터 10월까지
깨끗하게 썼습니다
모빌대는 사용아예안했구요
상태좋아요
연장글라이더는 없습니다",1,3,197,135000,45.1,꼬미미,판매완료,2,대구 동구 신천4동,https://www.daangn.com/kr/buy-sell/%EC%8A%A4%ED%86%A0%EC%BC%80-%ED%8A%B8%EB%A6%BD%ED%8A%B8%EB%9E%A9-%EB%89%B4%EB%B3%B8-41436kwdwakb/
11/12/2025,스토케트립트랩뉴본세트,"스토케 트립트랩 뉴본 세트입니다

트립트랩 의자에 장착해서 신생아부터 아기를 편안하게 눕힐 수 있어요

회색 시트이고 실사용 5회 미만입니다.
세탁후 보관중이에요.",5,5,194,135000,42.9,팔고싶다,판매완료,1,경기 양주시 회천2동,https://www.daangn.com/kr/buy-sell/%EC%8A%A4%ED%86%A0%EC%BC%80-%ED%8A%B8%EB%A6%BD%ED%8A%B8%EB%9E%A9-%EB%89%B4%EB%B3%B8-%EC%84%B8%ED%8A%B8-nem92d6q5x6h/
01/03/2026,스토케트립트랩뉴본세트,"25년 3월생 아기가 사용하려고 2월에 백화점에서 구매했어요
아기가 안좋아해서 5번도 못쓰고 보관만 하고있었구요,
연장글라이더 있는데 계속 설치해놓은 상태로 둬서 사용감은 좀 있습니다!
박스는 없어서 쇼핑백에 담아드려요
육아중이라 문고리거래만 가능합니다☺️",2,8,172,135000,38.6,피글피글,판매완료,1,경기 남양주시 별내동,https://www.daangn.com/kr/buy-sell/%EC%8A%A4%ED%86%A0%EC%BC%80-%ED%8A%B8%EB%A6%BD%ED%8A%B8%EB%9E%A9-%EB%89%B4%EB%B3%B8-%EC%84%B8%ED%8A%B8-2pcmdbqakmv5/
18/12/2025,스토케트립트랩뉴본세트(박스포함풀구성)+제이앤제나역방쿠(속쿠션),"유명한 스토케 트립트랩 뉴본 세트입니다!
박스에 있는 그대로 드립니다.

신생아부터 9kg까지 사용 가능하며,
선물받아 조리원에서 집오자마자 썼는데
저희 아이는 백일 좀 넘으니 뉴본세트에서 일어나려고 해서 조금 빨리 당근해요🥕👼🏻

뉴본세트는 신생아시기~길면 6-7개월까지 사용가능하니 상태좋은 제품 당근으로 가져가심 좋을 거 같아요 !💗

✔️ 구성품 : 뉴본세트 풀박스(사용설명서, 모빌대, 연장글라이더 포함), 제이앤제나 역방쿠(속쿠션)

✔️엄마 편하게 밥먹게해주고 모빌대에 인형이랑 고리 걸어주면 뽕뽑는 육아템이에요! 

✔️오염없고 상태 좋습니다 ! 

✔️제이앤제나 역방쿠는 속통은 새거처럼 깨끗하고 쿠션 무너짐도 없어서 커버만 구매하셔서 사용하시면 새것 같이 사용하실 수 있으실 거예요!
(커버는 원하시면 드릴게요!)

✔️아기세제로 울세탁 후 자연건조 뽀송하게 해놓은 상태라 바로 사용하셔도 됩니다 (건조기 돌린적 없어요!)

✔️현관 앞에서 직접 보시고 가져가셔도 되고,
문고리 거래도 가능입니다 :) 

✔️네고는 정중히 사양합니다

✔️중고 특성 상 교환/환불 불가한 점 양해부탁드려요🙏🏻",1,2,61,135000,65.6,당근조앙,판매완료,6,경기 용인시 기흥구 상하동,https://www.daangn.com/kr/buy-sell/%EC%8A%A4%ED%86%A0%EC%BC%80-%ED%8A%B8%EB%A6%BD%ED%8A%B8%EB%9E%A9-%EB%89%B4%EB%B3%B8-%EC%84%B8%ED%8A%B8-%EB%B0%95%EC%8A%A4%ED%8F%AC%ED%95%A8-%ED%92%80%EA%B5%AC%EC%84%B1-%EC%A0%9C%EC%9D%B4%EC%95%A4%EC%A0%9C%EB%82%98-%EC%97%AD%EB%B0%A9%EC%BF%A0-%EC%86%8D%EC%BF%A0%EC%85%98-9bomyse3dcxc/
18/02/2026,스토케트립트랩뉴본세트(재당근아님),"스토케 트립트랩 뉴본 세트입니다(재당근 아님)
신세계백화점에서 구입했어요 
여자아기 6개월정도 사용했고 깨끗이 사용했습니다
눈에 보이는 얼룩은 하나도 없어요
물론 커버는 아기세제로 세탁해서 드립니다

여기서 수유도 많이 하시더라구요 (수유시트로도 유명)
저는 모유수유라서 여기선 수유 많이 안했고 
식사할때 저희 눈높이에 둘때 많이 이용했어요!! 

아이가 편하게 누워있어서 너무 유용했습니다
박스는 사자마자 버려서 없습니당 ㅠ

거래는 문고리거래 원합니다
거래하시는 분께 주소 알려드립니다
쿨거래하시는 분 네고 가능합니당 ☺️",1,5,132,135000,42.8,쑤쑤,판매완료,6,서울시 성동구 성수2가제3동,https://www.daangn.com/kr/buy-sell/%EC%8A%A4%ED%86%A0%EC%BC%80-%ED%8A%B8%EB%A6%BD%ED%8A%B8%EB%9E%A9-%EB%89%B4%EB%B3%B8-%EC%84%B8%ED%8A%B8-%EC%9E%AC%EB%8B%B9%EA%B7%BC-%EC%95%84%EB%8B%98-ywxu4rh7y2dc/
05/01/2026,스토케트립트랩뉴본세트,"스토케 트립트랩 뉴본 세트입니다.
색상은 그레이색입니다.
신생아부터 9kg까지 사용 가능하며, 탈부착이 가능합니다.",1,4,116,135000,62.3,꽃조화혜,판매완료,2,울산 울주군 온산읍,https://www.daangn.com/kr/buy-sell/%EC%8A%A4%ED%86%A0%EC%BC%80-%ED%8A%B8%EB%A6%BD%ED%8A%B8%EB%9E%A9-%EB%89%B4%EB%B3%B8-%EC%84%B8%ED%8A%B8-3bf4z9rwwvej/
24/08/2025,스토케트립트랩뉴본세트,"스토케 트립트랩 뉴본세트입니다. (상태최상

- 트립트랩 의자에 장착하여 신생아부터 사용할 수 있어요.
- 색상은 은은한 회색입니다.
- 모빌걸이와 연장글러이더는 사용하지않았고
박스도 함께 드려요~ (박스는 뒷면 뜯김 있음)",3,5,196,135000,86.2,다정다감당근,판매완료,6,경기 고양시 일산서구 주엽동,https://www.daangn.com/kr/buy-sell/%EC%8A%A4%ED%86%A0%EC%BC%80-%ED%8A%B8%EB%A6%BD%ED%8A%B8%EB%9E%A9-%EB%89%B4%EB%B3%B8%EC%84%B8%ED%8A%B8-zphnv9a9wpxu/
28/04/2025,스토케트립트랩뉴본세트,"스토케 트립트랩 뉴본 세트입니다

새상품 SSG에서 사서 썼고 모든 구성 다 있어요 거의 새상품 받는 느낌일거에요
상태 보시고 구매하셔도 됩니다 ~ 
박스까지 풀구성입니다",2,5,163,135000,65.8,그니그니,판매완료,4,서울시 동대문구 휘경제1동,https://www.daangn.com/kr/buy-sell/%EC%8A%A4%ED%86%A0%EC%BC%80-%ED%8A%B8%EB%A6%BD%ED%8A%B8%EB%9E%A9-%EB%89%B4%EB%B3%B8-%EC%84%B8%ED%8A%B8-tmmfrtej6846/
17/08/2025,스토케트립트랩뉴본세트(재당근❌),"스토케 트립트랩 뉴본 세트 판매합니다.
작년에 직구로 21만에 구매해서 썼는데 저는 역방쿠 위주로 생활해서 사용을 거의 못했어요ㅠㅠ

재당근 아니며 상태 좋습니다.

아기세제뇨 세탁해서 포장해두었습니다.

구성품은 사진에 보이는 대로 전부 포함되어 있습니다. 박스도 있어요!

둥이 육아중이라 선입금 문고리거래 선호합니다만ㅠㅠ 집앞 직거래도 가능합니다~",2,13,538,135000,80.2,피치데이지,판매완료,4,서울시 성북구 정릉제2동,https://www.daangn.com/kr/buy-sell/%EC%8A%A4%ED%86%A0%EC%BC%80-%ED%8A%B8%EB%A6%BD%ED%8A%B8%EB%9E%A9-%EB%89%B4%EB%B3%B8-%EC%84%B8%ED%8A%B8-%EC%9E%AC%EB%8B%B9%EA%B7%BC-qkriya4mbbn9/
17/01/2026,스토케트립트랩뉴본세트,"스토케 트립트랩 뉴본 세트입니다
박스 포함이며, 신생아부터 최대 9kg까지
아기를 편안하게 앉힐 수 있습니다

새 상품 백화점 구매했고요 정품 등록 가능합니다
건조기 한 번도 사용한 적 없고
잠깐잠깐 눕히고 좌식생활해서 상태 진짜 좋아요
발받침? 도 있는데 사진에 안 나왔네요
세탁해 놓은 상태라 그냥 사용하시면 됩니다",1,4,313,135000,44.4,보라동,판매완료,3,경기 안성시 공도읍,https://www.daangn.com/kr/buy-sell/%EC%8A%A4%ED%86%A0%EC%BC%80-%ED%8A%B8%EB%A6%BD%ED%8A%B8%EB%9E%A9-%EB%89%B4%EB%B3%B8-%EC%84%B8%ED%8A%B8-mbzde6k8ek7z/
21/09/2025,스토케트립트랩뉴본세트,"스토케 트립트랩 뉴본세트 입니다.

올해 4월 선물 받았고, 많이 사용하진 않았어요.
가끔 엄마아빠 식사할 때 아가 앉혀두는 정도!

커버들은 이번주에 세탁도 한 번 해뒀어요.

문고리/직거래 모두 가능합니다.
중고거래 특성 상 반품/환불은 불가해요.

궁금하신 부분은 채팅으로 편히 문의주세요!",1,3,127,138000,40.7,류형,판매완료,4,서울시 서초구 서초동,https://www.daangn.com/kr/buy-sell/%EC%8A%A4%ED%86%A0%EC%BC%80-%ED%8A%B8%EB%A6%BD%ED%8A%B8%EB%9E%A9-%EB%89%B4%EB%B3%B8%EC%84%B8%ED%8A%B8-q3ia8fe9eod7/
30/08/2025,스토케트립트랩뉴본세트,"스토케 트립트랩 뉴본세트입니다.
색상은 그레이고, 박스에 있는 구성품 그대로 드립니다
(하네스 / 모빌거치대 / 하단 받침 / 개런티카드 등 )
모두 세탁해놓은 상태이며 사용시기가 짧아 깨끗합니다.
현대몰에서 구매한 상품이며 재당근 아닙니다.

거래는 문고리 거래이며 선입금 받은 후 주소 보내드리겠습니다.",2,3,122,138000,45.7,떡보끼끼,판매완료,4,경기 군포시 산본동,https://www.daangn.com/kr/buy-sell/%EC%8A%A4%ED%86%A0%EC%BC%80-%ED%8A%B8%EB%A6%BD%ED%8A%B8%EB%9E%A9-%EB%89%B4%EB%B3%B8%EC%84%B8%ED%8A%B8-mff43qjemekj/
03/10/2025,스토케트립트랩뉴본세트,"스토케 뉴본 세트 판매합니다!

25.2월생 여아 사용해서 깨끗합니다(재당근아님)

색상은 그레이입니다.
박스 포함, 모든 구성품 다 있어요~",13,58,1617,140000,48.9,YH,판매완료,4,서울시 서초구 서초동,https://www.daangn.com/kr/buy-sell/%EC%8A%A4%ED%86%A0%EC%BC%80-%ED%8A%B8%EB%A6%BD%ED%8A%B8%EB%9E%A9-%EB%89%B4%EB%B3%B8%EC%84%B8%ED%8A%B8-g96oo5e3dzra/
18/02/2026,스토케트립트랩뉴본세트그레이색상(재당근x),"스토케 트립트랩 뉴본 세트 그레이 색상입니다.
이미지와 같이 모빌 거치대와 연장 글라이더 포함입니다.

신세계백화점 강남점에서 25년 6월에 구매한 제품입니다.
아이가 좋아하지 않아 설치만 해놓고 실제 사용은 10번도 안 됩니다.
사진과 같이 깨끗하며 바로 사용 가능합니다.

✅ 서초역 2호선 도보 5분 거리 직거래 & 당근페이 희망합니다.
✅ 개인 간 거래로 교환, 환불 불가합니다.
✅ 구매하실 분만 연락 부탁드립니다.",1,7,89,140000,38.1,요니,판매완료,5,서울시 서초구 서초동,https://www.daangn.com/kr/buy-sell/%EC%8A%A4%ED%86%A0%EC%BC%80-%ED%8A%B8%EB%A6%BD%ED%8A%B8%EB%9E%A9-%EB%89%B4%EB%B3%B8%EC%84%B8%ED%8A%B8-%EA%B7%B8%EB%A0%88%EC%9D%B4-%EC%83%89%EC%83%81-%EC%9E%AC%EB%8B%B9%EA%B7%BCx-3tpbyvbn353c/
21/04/2025,스토케트립트랩뉴본세트,"작년 7월에 롯데백화점몰에서 구입해서 올초 한달가량 사용했습니다. 완전 신생아때는 안좋아해서 
4개월 때 한 달 사용해서 상태 좋고, 풀박입니다. 
연장 글라이더는 흰색을 모르고 의자에 써서 
민트가 새거로 있습니다 ㅎㅎㅎ 

정품 등록 안한 상품이라 등록 가능하세요
육아로 문고리 혹 직거래 원합니다",4,6,293,140000,42.3,니아,판매완료,2,서울시 서초구 서초동,https://www.daangn.com/kr/buy-sell/%EC%8A%A4%ED%86%A0%EC%BC%80-%ED%8A%B8%EB%A6%BD%ED%8A%B8%EB%9E%A9-%EB%89%B4%EB%B3%B8-%EC%84%B8%ED%8A%B8-xgx1gozk2kho/
02/03/2025,스토케트립트랩뉴본팝니다,"안녕하세요.

신품 구매하여 약 8개월 실사용하고 저렴히 내놓습니다. 상태 매우 좋으며 관심 있으신 분은 연락주세요~",1,0,177,140000,72.1,꾸리바,판매완료,4,서울시 서초구 서초동,https://www.daangn.com/kr/buy-sell/%EC%8A%A4%ED%86%A0%EC%BC%80-%ED%8A%B8%EB%A6%BD%ED%8A%B8%EB%9E%A9-%EB%89%B4%EB%B3%B8-%ED%8C%9D%EB%8B%88%EB%8B%A4-iq2dbzynsib2/
15/05/2026,스토케트립트랩뉴본세트(그레이),"스토케 트립트랩 뉴본 세트 그레이 색상입니다.
세재품으로 구매해서 여아 혼자 사용했고 오염 없습니다.
주기적으로 세탁해가며 사용해서 깨끗하고
현재도 세탁하여 보관해둔 상태입니다.
글라이더, 모빌걸이, 박스까지 모든 구성품 다 있습니다.",1,11,211,140000,41.2,침착,판매완료,1,서울시 성동구 행당동,https://www.daangn.com/kr/buy-sell/%EC%8A%A4%ED%86%A0%EC%BC%80-%ED%8A%B8%EB%A6%BD%ED%8A%B8%EB%9E%A9-%EB%89%B4%EB%B3%B8%EC%84%B8%ED%8A%B8-%EA%B7%B8%EB%A0%88%EC%9D%B4-sft42q8jmg6t/
04/04/2026,스토케트립트랩뉴본세트,"스토케 트립트랩 뉴본 세트 판매해요

신생아부터 사용할 수 있는 뉴본 세트이고, 안전벨트와 걸이 포함이에요
그레이 색상이고 부드러운 소재로 되어 있어요

사진에 보이는 그대로 구성품 포함되어 있어요

여자아기 1명이 깨끗하게 사용했고 뒤집기 시작하고 이유식 시작하게 되어 내놓습니다

사진에 보이는 대로 모빌거치대 포함해서 드립니다",1,3,72,140000,46.2,dhdbjs,판매완료,4,서울시 성동구 행당동,https://www.daangn.com/kr/buy-sell/%EC%8A%A4%ED%86%A0%EC%BC%80-%ED%8A%B8%EB%A6%BD%ED%8A%B8%EB%9E%A9-%EB%89%B4%EB%B3%B8-%EC%84%B8%ED%8A%B8-i123gruwftei/
23/10/2025,스토케트립트랩뉴본세트(박스포함),"25년 3월에 새상품 받아서
5월부터 사용했구요

구성품 모두 있고
박스, 설명서 다 있습니다

커버 씌우고 사용했는데
그마저도 아기가 별로 안좋아해서 많이 못 눕혔어요

거의 새상품급입니다

**박스 손잡이 조금 찢어져서 5천원 인하했어요**

서울숲더샵아파트
문고리거래만 가능합니다",5,13,354,140000,60.9,띠로리,판매완료,2,서울시 성동구 행당동,https://www.daangn.com/kr/buy-sell/%EC%8A%A4%ED%86%A0%EC%BC%80-%ED%8A%B8%EB%A6%BD%ED%8A%B8%EB%9E%A9-%EB%89%B4%EB%B3%B8-%EC%84%B8%ED%8A%B8-%EB%B0%95%EC%8A%A4-%ED%8F%AC%ED%95%A8-phxrnjhqxfpe/
19/02/2025,스토케트립트랩뉴본세트(재당근x),"육아 필수템 뉴본세트 판매합니다(개당 가격 140,000원) 
*(1개 판매완료, 1개 판매 가능)

2024년 5월생 쌍둥이 여아 7월부터 약 4개월간 사용했고 방수패드 또는 천기저귀 깔고 사용하여 깨끗합니다

모빌대, 연장글라이더는 미사용이고
구매당시 구성 그대로 박스에 넣어 보관해뒀습니다

정품등록 안한 상태라
구매하시는 분이 정품 등록 가능합니다

육아중이라 문고리거래 희망합니다",8,4,323,140000,46.5,꿀빵,판매완료,2,서울시 용산구 효창동,https://www.daangn.com/kr/buy-sell/%EC%8A%A4%ED%86%A0%EC%BC%80-%ED%8A%B8%EB%A6%BD%ED%8A%B8%EB%9E%A9-%EB%89%B4%EB%B3%B8-%EC%84%B8%ED%8A%B8-%EC%9E%AC%EB%8B%B9%EA%B7%BCx-w6ifw975ethn/
29/07/2025,스토케트립트랩뉴본세트,"스토케 트립트랩 뉴본 세트입니다

박스랑 설명서, 모빌걸이, 
따로 구매한 모빌인형 하나 포함입니다

작년 6월에 구매했고 깨끗하게 사용하고 올립니다
세탁해서 보관중이예요 

✨️ 육아중으로 문고리 전달드려요!",1,1,93,140000,46.2,당근좋아,판매완료,2,경기 구리시 갈매동,https://www.daangn.com/kr/buy-sell/%EC%8A%A4%ED%86%A0%EC%BC%80-%ED%8A%B8%EB%A6%BD%ED%8A%B8%EB%9E%A9-%EB%89%B4%EB%B3%B8-%EC%84%B8%ED%8A%B8-wjgom87v213d/
13/04/2025,스토케트트뉴본+모빌거치대상태최상/베이지커버,"스토케 트립트랩 뉴본세트

아기 140일쯤부터 200일까지 두달정도 사용했습니다

회색 안예뻐서 어텀31 베이지 커버 사서 같이 썼어요
커버는 베이지/브라운 양면으로 쓸 수 있습니다
확실히 베이지 커버 씌우면 사진도 예쁘게 잘 나와서 좋아요
뉴본이랑 커버 둘 다 깨끗하고 상태 좋습니다
마지막 사진이 커버 벗긴 회색 뉴본 상태에요

상자+본품+모빌거치대 구성품 다 있어요
커버는 세탁해둬서 바로 쓰실 수 있습니다

비대면 문고리거래 원해요",1,6,332,140000,43.2,토마토,판매완료,3,경기 구리시 갈매동,https://www.daangn.com/kr/buy-sell/%EC%8A%A4%ED%86%A0%EC%BC%80-%ED%8A%B8%ED%8A%B8-%EB%89%B4%EB%B3%B8-%EB%AA%A8%EB%B9%8C%EA%B1%B0%EC%B9%98%EB%8C%80-%EC%83%81%ED%83%9C%EC%B5%9C%EC%83%81-%EB%B2%A0%EC%9D%B4%EC%A7%80-%EC%BB%A4%EB%B2%84-8jaaftg1ez1m/
01/05/2026,스토케트립트랩뉴본세트그레이,"스토케 트립트랩 뉴본 세트 그레이  입니다.
25년 12월 현백에서 구매했고 아기가 민감해서 거의 눕히지 못했습니다.
토이바(장난감 걸이) 함께드리고 문고리 거래 합니다.",2,7,123,140000,40.6,하이에나,판매완료,2,경기 김포시 풍무동,https://www.daangn.com/kr/buy-sell/%EC%8A%A4%ED%86%A0%EC%BC%80-%ED%8A%B8%EB%A6%BD%ED%8A%B8%EB%9E%A9-%EB%89%B4%EB%B3%B8-%EC%84%B8%ED%8A%B8-%EA%B7%B8%EB%A0%88%EC%9D%B4-n4xdavuyqggo/
23/02/2026,스토케트립트랩뉴본세트(재당근아님),"스토케 트립트랩 뉴본 세트 판매합니다.

-25년8월에 롯데백화점에서 구매했습니다. 
-박스 포함이며 박스 손잡이부분 손상부분 있습니다.
-모빌대는 거의 사용 안했습니다.
-분유먹이거나 응아한적 없고 역방쿠를 많이 써서 사용량 많지 않습니다. 상태 좋습니다.

-트리트랩이 있다면 신생아부터 사용하는거 추천드려요
(신생아부터 9kg까지 사용 가능)

-사용기간이 짧고 가격이 비싸서 상태 좋은 제품 
당근해서 재당근하시는걸 추천합니다.

육아중으로 문고리거래원합니다.
당근페이 입금후 상세주소 알려드립니다.
중고상품인만큼 예민하신분은 피해주세요.
네고 불가, 환불 불가",2,4,186,140000,49.4,당근하세요,판매완료,3,경기 김포시 풍무동,https://www.daangn.com/kr/buy-sell/%EC%8A%A4%ED%86%A0%EC%BC%80-%ED%8A%B8%EB%A6%BD%ED%8A%B8%EB%9E%A9-%EB%89%B4%EB%B3%B8-%EC%84%B8%ED%8A%B8-%EC%9E%AC%EB%8B%B9%EA%B7%BC%EC%95%84%EB%8B%98-22ia5i652k1b/
07/02/2026,스토케트립트랩뉴본세트,"스토케 트립트랩 뉴본 세트 내추럴그레이

2025년 9월말 출생 아기가 쓰려고 새상품 구매했었고 아기가 바닥 생활을 좋아하고 키가 빨리 커서 거의 사용을 못했습니다 3~4번 눕혀봤을까요? ㅠㅠ
오염, 얼룩 전혀 없고 뭔가를 뭍힌적 자체가 없습니다.
박스는 바로 폐기해서 없지만 세탁해서 봉투에 잘 담아 보관하였습니다.

📍당근페이
📍예민하신 분들은 정중히 사양합니다.
📍교환환불 불가합니다.
📍직접 와서 픽업하여야 합니다.(비대면 문고리거래 희망합니다/ 입금해주시면 주소알려드려요)",3,7,180,140000,39,지이,판매완료,4,경기 김포시 풍무동,https://www.daangn.com/kr/buy-sell/%EC%8A%A4%ED%86%A0%EC%BC%80-%ED%8A%B8%EB%A6%BD%ED%8A%B8%EB%9E%A9-%EB%89%B4%EB%B3%B8-%EC%84%B8%ED%8A%B8-rjsnhrb23ko1/
29/10/2025,스토케트립트랩뉴본신생아세트(앤트러사이트),"스토케 트립트랩 뉴본 신생아 세트 앤트러사이트 컬러

- 새로 나온 앤트러사이트 컬러
(차분하고 고급스러운 그레이 컬러에요)
(어두운 톤의 트립트랩 의자에 어울려요)
(밝은 그레이보다 때가 덜 타는 장점이 있어요)

- 신생아부터 6개월까지 사용 가능
(9kg 아기까지 사용 가능해요)

- 상태는 사진과 같이 새것에 가까움
(얼룩이나 하자 없어요)
(신생아 시기 지나서 구매한거라 40일 정도로 사용기간이 짧아서 상태가 좋아요)

거래는 문고리거래 합니다.
풍무꿈에그린3단지이고, 당근페이 입금하시면 상세주소와 공동현관번호 알려드려요~!",5,9,359,140000,66.7,깜미,판매완료,6,경기 김포시 풍무동,https://www.daangn.com/kr/buy-sell/%EC%8A%A4%ED%86%A0%EC%BC%80-%ED%8A%B8%EB%A6%BD%ED%8A%B8%EB%9E%A9-%EB%89%B4%EB%B3%B8-%EC%8B%A0%EC%83%9D%EC%95%84-%EC%84%B8%ED%8A%B8-%EC%95%A4%ED%8A%B8%EB%9F%AC%EC%82%AC%EC%9D%B4%ED%8A%B8-u7u816m1rjpf/
30/11/2025,스토케트립트랩뉴본국내정품,"스토케 트립트랩 뉴본 세트 판매합니다
재당근이나 직구아니고 국내 매장에서 직접 구입하여 여아 한명 3개월정도 사용하였습니다
밥먹을때 옆에 잠깐 앉혀놓는 용도로만 써서 사용감 거의 없습니다
박스까지 같이 드립니다
문고리거래 희망합니다",2,5,100,140000,49.1,룰루랄라푸우,판매완료,3,경기 김포시 풍무동,https://www.daangn.com/kr/buy-sell/%EC%8A%A4%ED%86%A0%EC%BC%80-%ED%8A%B8%EB%A6%BD%ED%8A%B8%EB%9E%A9-%EB%89%B4%EB%B3%B8-%EA%B5%AD%EB%82%B4-%EC%A0%95%ED%92%88-3ynsd55pcv88/
20/08/2025,[정품등록완료]스토케트립트랩뉴본신생아세트,"스토케 트립트랩 뉴본 신생아 세트 판매합니다.

올해 2월에 네이버 스토케 스토어에서 직접 구매하였으며 스토케 공식 홈페이지에서 정품 인증하였습니다. 

보증기간은 3년으로 아직 많이 남았습니다.

구성품 모두 갖고 있으며 상자 그대로 보관하여 설명서와 함께 동봉해드리겠습니다.

아기가 모유수유를 해서 많이 사용하지 못하였고 잠깐씩 눕혀두거나 하여 실사용 횟수가 적습니다. 얼룩 없으며 제품 컨디션은 최상입니다. 

세탁완료 후 판매합니다.

육아중이라 문고리 거래합니다😊",8,18,736,140000,44.1,멍멍,판매완료,6,경기 김포시 풍무동,https://www.daangn.com/kr/buy-sell/%EC%A0%95%ED%92%88%EB%93%B1%EB%A1%9D%EC%99%84%EB%A3%8C-%EC%8A%A4%ED%86%A0%EC%BC%80-%ED%8A%B8%EB%A6%BD%ED%8A%B8%EB%9E%A9-%EB%89%B4%EB%B3%B8-%EC%8B%A0%EC%83%9D%EC%95%84-%EC%84%B8%ED%8A%B8-6uq5rw59k17t/
10/09/2025,스토케트립트랩뉴본풀세트(재당근아님),"스토케 트립트랩 뉴본세트 판매합니다!

작년12월에 직구로 샀고 좀 늦게 받아서 3월경부터 7월까지 4개월정도 썼어요! 수유할때 잘 썼습니다.
정품등록 안했으니 가려놓은 시리얼 넘버로 하시면 되요!

각종 부속품과 박스, 비닐까지 다 그대로 드립니다.
엄청 깨끗하게 써서 새것과 다름 없는 상태입니다.
문고리 거래만 가능해요!
교환이나 환불은 어려우니 신중하게 연락주세요~",3,7,331,140000,42.9,룰루랄라룰랄라,판매완료,8,경기 김포시 풍무동,https://www.daangn.com/kr/buy-sell/%EC%8A%A4%ED%86%A0%EC%BC%80-%ED%8A%B8%EB%A6%BD%ED%8A%B8%EB%9E%A9-%EB%89%B4%EB%B3%B8-%ED%92%80%EC%84%B8%ED%8A%B8-%EC%9E%AC%EB%8B%B9%EA%B7%BC-%EC%95%84%EB%8B%98-xbg2tdgp7t2z/
03/07/2025,스토케트립트랩뉴본세트(키링도드림),"스토케 트립트랩 뉴본 세트 판매해요
재당근 아니고 출산 전 미리 구매해서
3개월 정도 사용했어요!



세탁완료했습니다
그래도 중고제품이니 
예민맘 피해주세요



입금 완료 후 
문고리거래합니다
육아중이라 사실분만 연랃주세요




키링도 같이 드려요

상자 없음",2,9,407,140000,53.7,오복댁,판매완료,7,경기 김포시 풍무동,https://www.daangn.com/kr/buy-sell/%EC%8A%A4%ED%86%A0%EC%BC%80-%ED%8A%B8%EB%A6%BD%ED%8A%B8%EB%9E%A9-%EB%89%B4%EB%B3%B8-%EC%84%B8%ED%8A%B8-%ED%82%A4%EB%A7%81%EB%8F%84-%EB%93%9C%EB%A6%BC-p4ii2a8qsvx3/
07/03/2026,스토케트립트랩뉴본세트,"스토케 트립트랩 뉴본 세트입니다
아기가 편안하게 사용할 수 있도록 설계되었고,
트립트랩 의자에 쉽게 탈부착이 가능합니다
사진대로 풀세트입니다

아이가 좋아하지않아 사용횟수 적은 상품으로
세탁 후 포장해 두었습니다",4,2,126,140000,49.3,더블제이,판매완료,5,충남 당진시 당진1동,https://www.daangn.com/kr/buy-sell/%EC%8A%A4%ED%86%A0%EC%BC%80-%ED%8A%B8%EB%A6%BD%ED%8A%B8%EB%9E%A9-%EB%89%B4%EB%B3%B8-%EC%84%B8%ED%8A%B8-e64n3xd1krko/
22/12/2025,스토케트립트랩뉴본세트,"스토케 트립트랩 뉴본 세트 판매합니다

박스, 설명서, 구성품 모두 포함되어 있습니다
신생아부터 9kg까지 아기를 편안하게 사용할 수 있습니다
탈부착이 가능해서 편리합니다

🌟재당근 아님
🌟새 상품으로 한 아이만 사용(4개월, 실 사용 2개월)
🌟따로 구매한 커버도 드려요
🌟여아사용",8,18,333,140000,44.2,맹맹,판매완료,5,충남 당진시 당진1동,https://www.daangn.com/kr/buy-sell/%EC%8A%A4%ED%86%A0%EC%BC%80-%ED%8A%B8%EB%A6%BD%ED%8A%B8%EB%9E%A9-%EB%89%B4%EB%B3%B8-%EC%84%B8%ED%8A%B8-fgff8avio7m3/
22/09/2024,스토케트리트랩뉴본세트(2개월씀),"말해뭐해유 상태 좋습니다
세트 전부 있습니다",4,0,209,140000,50.1,태희,판매완료,1,대전 중구 선화동,https://www.daangn.com/kr/buy-sell/%EC%8A%A4%ED%86%A0%EC%BC%80-%ED%8A%B8%EB%A6%AC%ED%8A%B8%EB%9E%A9-%EB%89%B4%EB%B3%B8%EC%84%B8%ED%8A%B8-2%EA%B0%9C%EC%9B%94%EC%94%80-vijk5q5sr695/
25/03/2026,스토케트립트랩뉴본세트그레이,"스토케 트립트랩 뉴본 세트 그레이 판매해요
작년 초에 스토케 공식홈페이지에서 구매 후
4월부터 4-5개월 정도 사용하고 세탁하여 쇼핑백안에 넣어 보관하다 판매합니다

안전벨트와 연장글라이더 모빌대 모두 포함입니다

아이를 잠깐씩만 눕혀놓았던 용도라 제품 컨디션 좋아요

당근페이 해주시면 상세 주소 알려드릴게요
영등포구청역 인근 아파트에서 문고리 거래 희망해요",2,5,102,140000,48.9,라라랜드,판매완료,4,서울시 영등포구 당산동2가,https://www.daangn.com/kr/buy-sell/%EC%8A%A4%ED%86%A0%EC%BC%80-%ED%8A%B8%EB%A6%BD%ED%8A%B8%EB%9E%A9-%EB%89%B4%EB%B3%B8-%EC%84%B8%ED%8A%B8-%EA%B7%B8%EB%A0%88%EC%9D%B4-jnetdsqv54j2/
25/01/2026,스토케트립트랩뉴본세트풀박스,"스토케 트립트랩 뉴본 세트 입니다
25년 9월에 롯데백화점몰에서 정품 구매했어요.

사진에 보시는 구성품 그대로이고 사용설명서, 모빌대 포함, 비닐 씌워서 박스에 넣어서 드려요

신생아때 잠시 눕혀놓는 용도로 사용했고
뉴본에 앉는걸 싫어해서 거의 사용 안했어요.
오염도 없고 상태 최상입니다

상태는 좋으나 중고제품이니 예민하신 분은 피해주세요.

* 의자는 예시사진이에요! 뉴본세트만 판매해요

비대면 문고리 거래 원합니다",2,3,266,140000,44.2,도라미,판매완료,3,부산 서구 아미동,https://www.daangn.com/kr/buy-sell/%EC%8A%A4%ED%86%A0%EC%BC%80-%ED%8A%B8%EB%A6%BD%ED%8A%B8%EB%9E%A9-%EB%89%B4%EB%B3%B8%EC%84%B8%ED%8A%B8-%ED%92%80%EB%B0%95%EC%8A%A4-4uohkjmzpn5r/
19/12/2024,스토케트립트랩뉴본세트(재당근x)(2024년1월구매),"뉴본세트 2024년 1월에 직접 사서 8월에 개시했습니다. 아가가 답답해해서 많이 안 썼구요, 상태 아주 좋습니다. 

어깨보호패드가 하나 사라져서 지금 미친듯이 찾는중 입니다. 그런데 안 보이네요. 나중에 나타나면 반값택배로 보내드릴게요.

대신 저희가 스토케 디럭스 유모차에 있는 보호패드 같이 드릴게요.

지금 환율 1450원 찍어서 스토케 온라인스토어에 22만원에 거래되고 있습니다. 지금 온라인 스토어에는 재고가 없네요.

네고x 교환x 환불x
",2,0,115,140000,63.1,영원한가을78,판매완료,5,서울시 중랑구 신내1동,https://www.daangn.com/kr/buy-sell/%EC%8A%A4%ED%86%A0%EC%BC%80-%ED%8A%B8%EB%A6%BD%ED%8A%B8%EB%9E%A9-%EB%89%B4%EB%B3%B8%EC%84%B8%ED%8A%B8-%EC%9E%AC%EB%8B%B9%EA%B7%BCx-2024%EB%85%84-1%EC%9B%94-%EA%B5%AC%EB%A7%A4-iz885ou4r8jc/
02/06/2026,스토케트립트랩뉴본세트앤트러사이트,"신생아부터 사용할 수 있는 스토케 트립트랩 뉴본세트입니다
앤드러사이트 색상이고 모빌걸이대와 연장글라이더 포함입니다
새상품 구매해서 4개월 사용하다 판매합니다
세탁해놓은 상태인데 사용하시기 전에 한번 더 세탁해서 사용하시면 될 것 같아요
문고리 거래 원하고 환불불가입니다",1,1,57,140000,37.6,누누누,판매완료,3,강원 춘천시 동내면,https://www.daangn.com/kr/buy-sell/%EC%8A%A4%ED%86%A0%EC%BC%80-%ED%8A%B8%EB%A6%BD%ED%8A%B8%EB%9E%A9-%EB%89%B4%EB%B3%B8-%EC%84%B8%ED%8A%B8-%EC%95%A4%ED%8A%B8%EB%9F%AC%EC%82%AC%EC%9D%B4%ED%8A%B8-d7ku12vkfx25/
14/04/2026,스토케트립트랩뉴본세트그레이,"스토케 트립트랩 뉴본 세트 그레이 색상이에요
신생아부터 9kg까지 사용 가능해요
박스 및 구성품 모두 포함되어 있어요
아기에게 편안함을 선사하는 뉴본 세트랍니다",2,1,114,140000,37.7,에구궁,판매완료,1,강원 춘천시 동내면,https://www.daangn.com/kr/buy-sell/%EC%8A%A4%ED%86%A0%EC%BC%80-%ED%8A%B8%EB%A6%BD%ED%8A%B8%EB%9E%A9-%EB%89%B4%EB%B3%B8-%EC%84%B8%ED%8A%B8-%EA%B7%B8%EB%A0%88%EC%9D%B4-4oraog2vqb97/
02/02/2026,스토케트립트랩뉴본세트그레이,"스토케 트립트랩 뉴본 세트 그레이/블랙 색상입니다.
애가 얼마 누워있지 못하고 울어서 사용감 별로 없어요.
구매 후 6개월도 채 사용하지 못하고 당근합니다.
재당근 X",2,5,74,140000,40.4,JUSTDOIT,판매완료,1,경기 수원시 권선구 오목천동,https://www.daangn.com/kr/buy-sell/%EC%8A%A4%ED%86%A0%EC%BC%80-%ED%8A%B8%EB%A6%BD%ED%8A%B8%EB%9E%A9-%EB%89%B4%EB%B3%B8-%EC%84%B8%ED%8A%B8-%EA%B7%B8%EB%A0%88%EC%9D%B4-eyvm1pnnqaia/
21/10/2025,스토케트립트랩뉴본세트재당근x,"스토케 트립트랩 뉴본세트 
재당근 아니고 아이한명4개월 사용 후 
봉지에 담아 박스에 보관하여서 상태 깨끗합니다 
박스채 그대로 드려요

문고리 가능합니다 
반품x 네고x",2,4,158,140000,41.1,루이,판매완료,2,경기 수원시 권선구 오목천동,https://www.daangn.com/kr/buy-sell/%EC%8A%A4%ED%86%A0%EC%BC%80-%ED%8A%B8%EB%A6%BD%ED%8A%B8%EB%9E%A9-%EB%89%B4%EB%B3%B8%EC%84%B8%ED%8A%B8-%EC%9E%AC%EB%8B%B9%EA%B7%BCx-aftyi86f43fx/
21/01/2025,스토케트립트랩뉴본풀세트,"스토케 트립트랩 뉴본입니다 당근애서 새상품급 구매후
사용했는데 아기가 손을많이타서 몇번 못눕혀보고 급하게 집안일할때만 어쩔수없이 눕혔습니다 상태 깔끔하고 뉴본자체에 하자나 오염없어서 바로사용가능하십니다 상태좋으니 좋은물건 좋은가격에 가져가세요",0,1,43,140000,39.3,엘빌,판매완료,1,경기 수원시 권선구 오목천동,https://www.daangn.com/kr/buy-sell/%EC%8A%A4%ED%86%A0%EC%BC%80-%ED%8A%B8%EB%A6%BD%ED%8A%B8%EB%9E%A9-%EB%89%B4%EB%B3%B8-%ED%92%80%EC%84%B8%ED%8A%B8-m9w9yiuw8zin/
20/07/2025,스토케트립트랩뉴본세트판매합니다.(최상급),"스토케 트립트랩 뉴본세트입니다
아기가 편안하게 사용할 수 있어요
트립트랩 의자에 쉽게 탈부착 가능하고, 각도 조절도 됩니다
커버는 분리해서 세탁할 수 있어서 위생적이에요.

✔️ 하자 전혀 없으며 바로 사용 가능합니다.
✔️ 새제품 구매해서, 사용 후 판매입니다. (재당근X)
✔️ 박스는 없고, 나머지 부속품은 사진처럼 다 있습니다.
✔️ 거래가능시간 : 
     - 평일 : 오후 7~9시
     - 주말 : 오전 9시~오후 9시
✔️ 거래장소 : 월계미륭아파트 정문

세탁도 바로 해놓은 상태라 바로 사용 가능합니다.

관심 있으신 분 연락 주세요.

감사합니다 ",5,11,397,140000,39.4,닉뿡뿡,판매완료,4,서울시 노원구 월계3동,https://www.daangn.com/kr/buy-sell/%EC%8A%A4%ED%86%A0%EC%BC%80-%ED%8A%B8%EB%A6%BD%ED%8A%B8%EB%9E%A9-%EB%89%B4%EB%B3%B8%EC%84%B8%ED%8A%B8-%ED%8C%90%EB%A7%A4%ED%95%A9%EB%8B%88%EB%8B%A4-%EC%B5%9C%EC%83%81%EA%B8%89-5y2g67qqmqfh/
10/04/2025,스토케트립트랩뉴본세트,"안녕하세요.

스토케 재팬에서 직구한 트립트랩 뉴본세트 팝니다.

박스풀이며 본체(시트, 하네스, 어깨받침), 슬라이더, 모빌걸이대, 설명서로 구성되어있습니다.

쌍둥이 아기들이 별로 좋아하지 않아 실제 많이 사용하지는 않았어요.

아기전용 세탁기에서 깨끗이 세탁완료했습니다. 혹시 추가 상태 사진 필요하시면 메세지 주세요.

육아중인 관계로 석계역 그랑빌 정문 까지는 직거래 가능합니다.",3,6,223,140000,56.9,찰리,판매완료,4,서울시 노원구 월계3동,https://www.daangn.com/kr/buy-sell/%EC%8A%A4%ED%86%A0%EC%BC%80-%ED%8A%B8%EB%A6%BD%ED%8A%B8%EB%9E%A9-%EB%89%B4%EB%B3%B8%EC%84%B8%ED%8A%B8-a6aepgok8cdp/
04/04/2025,스토케트립트랩뉴본세트2ea,"안녕하세요.

스토케 트립트랩 뉴본세트 2개 팝니다.

하나는 스토케 재팬에서 직구한거고, 하나는 현백에서 샀습니다.

구성은 동일한데요, 
박스풀이며 본체(시트, 하네스, 어깨받침), 슬라이더, 모빌걸이대, 설명서로 구성되어있습니다.


쌍둥이 아기들이 별로 좋아하지 않아 실제 많이 사용하지는 않았어요.

아기전용 세탁기에서 깨끗이 세탁완료했습니다. 혹시 추가 상태 사진 필요하시면 메세지 주세요.


개당 14만원이구요, 일괄구매시 27만원까지 드립니다.

육아중인 관계로 석계역 그랑빌 정문 까지는 직거래 가능합니다.",1,6,274,140000,56.9,찰리,판매완료,4,서울시 노원구 월계3동,https://www.daangn.com/kr/buy-sell/%EC%8A%A4%ED%86%A0%EC%BC%80-%ED%8A%B8%EB%A6%BD%ED%8A%B8%EB%9E%A9-%EB%89%B4%EB%B3%B8%EC%84%B8%ED%8A%B8-2ea-5xmssi3xd2tn/
12/11/2025,스토케트립트랩뉴본세트(상태좋아요),"스토케 트립트랩 뉴본세트입니다!
현대백화점 온라인으로 새제품 구매해서 
25.2월부터 25.9월까지 사용하였습니다 
여아 혼자 사용하여 상태 좋고 

이염, 얼룩 없으며, 박스, 설명서, 구성품 모두 있습니다~
세탁까지 해두었습니다~

육아중으로 문고리 할게요
입금 후 상세주소 알려드리겠습니다~~^^
(교환, 환불x)",2,6,181,140000,61.2,띠롱,판매완료,3,경기 군포시 산본동,https://www.daangn.com/kr/buy-sell/%EC%8A%A4%ED%86%A0%EC%BC%80-%ED%8A%B8%EB%A6%BD%ED%8A%B8%EB%9E%A9-%EB%89%B4%EB%B3%B8-%EC%84%B8%ED%8A%B8-%EC%83%81%ED%83%9C%EC%A2%8B%EC%95%84%EC%9A%94-77fvqu8p7dk3/
04/10/2025,스토케트립트랩뉴본세트(상태좋아요),"스토케 트립트랩 뉴본세트입니다!
새제품 구매해서 25.2월부터 25.9월까지 사용하였습니다 
여아 혼자 사용하여 상태 좋고 

이염, 얼룩 없으며, 박스, 설명서, 구성품 모두 있습니다~
세탁까지 해두었습니다~

세트 하나 가격입니다 (두 세트 보유중)
육아중으로 문고리 할게요
입금 후 상세주소 알려드리겠습니다~~^^
(교환, 환불x)",3,12,323,140000,61.2,띠롱,판매완료,3,경기 군포시 산본동,https://www.daangn.com/kr/buy-sell/%EC%8A%A4%ED%86%A0%EC%BC%80-%ED%8A%B8%EB%A6%BD%ED%8A%B8%EB%9E%A9-%EB%89%B4%EB%B3%B8%EC%84%B8%ED%8A%B8-%EC%83%81%ED%83%9C%EC%A2%8B%EC%95%84%EC%9A%94-om5q92abhe7y/
18/10/2025,스토케트립트랩뉴본세트,"작년에 선물받아 25년 아가 사용했는데
아기가 별로 좋아하지 않아 5분씩만 눕혀놓고 
거의 사용 못해 상태 깨끗하고 하자 없습니다!
커버도 세탁해 놓았어요 !

✅구성품 : 뉴본세트 본체, 모빌 거치대, 설명서, 박스

✔️중고 물품 특성 상 환불,반품 불가 
✔️육아중인 관계로 문고리 거래합니다
✔️선입금 받은 후 상세주소 알려드립니다",1,2,86,140000,51.2,신디,판매완료,2,경기 군포시 산본동,https://www.daangn.com/kr/buy-sell/%EC%8A%A4%ED%86%A0%EC%BC%80-%ED%8A%B8%EB%A6%BD%ED%8A%B8%EB%9E%A9-%EB%89%B4%EB%B3%B8-%EC%84%B8%ED%8A%B8-h9jjz5jj9z3z/
04/02/2025,새제품사서쓴스토케트립트랩뉴본세트,여자아기 한명 새제품 직구로 사서 사용햇습니다 저희 아기는 토도안하고 머리쪽은 손수건대고 사용한만큼 상태 매우 좋아요!! 아기 키우고잇어서 문고리 거래 원합니다 구성품 모두 있고 박스에 넣어드릴게요~~!,3,2,193,140000,46,펭슈,판매완료,4,경기 군포시 산본동,https://www.daangn.com/kr/buy-sell/%EC%83%88%EC%A0%9C%ED%92%88%EC%82%AC%EC%84%9C-%EC%93%B4-%EC%8A%A4%ED%86%A0%EC%BC%80-%ED%8A%B8%EB%A6%BD%ED%8A%B8%EB%9E%A9-%EB%89%B4%EB%B3%B8-%EC%84%B8%ED%8A%B8-xys7tx9qqqvy/
11/05/2026,"스토케트립트랩뉴본세트(박스,연장글라인더,모빌대있음)","재당근 스토케 트립트랩 뉴본세트예요

28년 5월29일까지 보증기간 남아있습니다
모빌대, 연장글라인더 있습니다
세탁해두었는데 혹시 모르니 한번더 세탁해서 사용하세요😊
상태는 최상입니다!
",2,4,68,140000,44.6,두부두부,판매완료,3,인천 미추홀구 숭의4동,https://www.daangn.com/kr/buy-sell/%EC%8A%A4%ED%86%A0%EC%BC%80-%ED%8A%B8%EB%A6%BD%ED%8A%B8%EB%9E%A9-%EB%89%B4%EB%B3%B8%EC%84%B8%ED%8A%B8-%EB%B0%95%EC%8A%A4-%EC%97%B0%EC%9E%A5%EA%B8%80%EB%9D%BC%EC%9D%B8%EB%8D%94-%EB%AA%A8%EB%B9%8C%EB%8C%80-%EC%9E%88%EC%9D%8C-mqc999o7g677/
13/04/2026,스토케트립트랩뉴본신생아세트(그레이),"25.10.27 새제품 신상 바닐라화이트 구매했을때
뉴본세트도 같이 샀습니다

정말 이염 하나도 없이 깨끗합니다
상태 최최상이에요!
딱 4-5개월 잘 썼네요
이유식 시작하게 되어 졸업합니다!

저는 새제품 샀을때 커버 세탁을 까먹어서
그냥 썼는데 ...!! 아기세제로 세탁해놨어요

상태 최상이에요!

모빌걸이도 같이있어요~~

문고리거래",3,7,82,140000,61.2,이지이지유,판매완료,4,대구 달성군 구지면,https://www.daangn.com/kr/buy-sell/%EC%8A%A4%ED%86%A0%EC%BC%80-%ED%8A%B8%EB%A6%BD%ED%8A%B8%EB%9E%A9-%EB%89%B4%EB%B3%B8-%EC%8B%A0%EC%83%9D%EC%95%84-%EC%84%B8%ED%8A%B8-%EA%B7%B8%EB%A0%88%EC%9D%B4-6hndysfuzu2g/
07/07/2024,스토케트립트랩뉴본팝니다,"24년 4월부터 6월까지 3달 쓰고 팝니다~
9kg까지 쓸 수 있다곤 하는데 아기가 8kg 조금 넘어 팔아요.
3개월 너무 편하게 잘썼네요 ㅎㅎ

뉴본은 대구신세계에서 샀고 세탁은 손빨래로 해서 보풀이나 이염은 없어요.
다리는 안썼습니다~

거래는 구지에서 가능합니다.
아무래도 깨끗하게 썼지만 중고이다보니 환불은 안돼요~ 
박스에 넣어 드릴게요! ",2,0,116,140000,45.9,츄정,판매완료,4,대구 달성군 구지면,https://www.daangn.com/kr/buy-sell/%EC%8A%A4%ED%86%A0%EC%BC%80-%ED%8A%B8%EB%A6%BD%ED%8A%B8%EB%9E%A9-%EB%89%B4%EB%B3%B8-%ED%8C%9D%EB%8B%88%EB%8B%A4-2386kagwp8gg/
23/02/2026,스토케트립트랩뉴본세트,"스토케 트립트랩 뉴본 세트 판매합니다
풀박스 구성이구 다리연장발은 제가 소음방지 패드를 부착해두고 써서 베이비세트에 있는 새걸로 드릴게요.
컬러만 다르고 크기는 같네요.(마지막사진)

25년 4월에 미리 구매(롯데온) 10월말부터 사용했습니다. 여아 혼자 썼고 커버랑 담요 등을 위에 꼭 깔고 사용했어서 깨끗해요.
밥먹거나 잠시 집안일할때 진짜 잘썼습니다
이제 아기가 뒤집기를 시작해서 내놓습니다

깨끗하지만 중고인점 감안해주세요~
비대면 문고리 거래합니다😊",3,13,347,140000,53.1,pool39,판매완료,3,경북 경산시 하양읍,https://www.daangn.com/kr/buy-sell/%EC%8A%A4%ED%86%A0%EC%BC%80-%ED%8A%B8%EB%A6%BD%ED%8A%B8%EB%9E%A9-%EB%89%B4%EB%B3%B8-%EC%84%B8%ED%8A%B8-pnzmr2eksdqa/
07/03/2026,스토케트립트랩뉴본세트(그레이)새상품⭐️,"트리트랩 뉴본세트입니다!
모유수유 아기라 사용할 일이 없어 구매 후 보관만 한
⭐️새상품⭐️ 입니다!!!!

✔️ 문고리 거래 입니다
✔️ 당근페이 입금 후 상세주소 알려드려요
✔️ 새 상품이지만 예민하신 분은 피해주세요",2,2,76,140000,55,당근으로부자되기,판매완료,4,경북 경산시 하양읍,https://www.daangn.com/kr/buy-sell/%EC%8A%A4%ED%86%A0%EC%BC%80-%ED%8A%B8%EB%A6%BD%ED%8A%B8%EB%9E%A9-%EB%89%B4%EB%B3%B8-%EC%84%B8%ED%8A%B8-%EA%B7%B8%EB%A0%88%EC%9D%B4-%EC%83%88%EC%83%81%ED%92%88-7ep75jsojigx/
13/11/2025,스토케트립트랩뉴본세트,"스토케 트립트랩 뉴본 세트입니다

재당근 절대아닙니다! 제가 새상품 구매했어요

신생아부터 9kg까지 아기를 편안하게 해줘요

누워있는거 싫어하는 아가라 오래 못썼어요

모유 직수아기라 여기 누워서 먹은적도없어요 상태 좋습니다!

박스에 넣어드려요~

아기용품이라 민감하신거 잘알아서 더 상세한 사진 요청하시면 보내드립니다^^

중고거래 특성상 환불❌",4,2,83,140000,49.7,공주,판매완료,10,경북 경산시 하양읍,https://www.daangn.com/kr/buy-sell/%EC%8A%A4%ED%86%A0%EC%BC%80-%ED%8A%B8%EB%A6%BD%ED%8A%B8%EB%9E%A9-%EB%89%B4%EB%B3%B8-%EC%84%B8%ED%8A%B8-kp3q11urmpkf/
13/05/2026,스토케트립트랩뉴본세트그레이,"새상품 구입하여 3달정도 사용하였습니다.
깨끗이 사용하였습니다.
모빌거치대도 함께 드립니다.

아기에게 편안함을 선사하는 스토케 트립트랩 뉴본 세트예요
신생아부터 사용 가능하여 활용도가 높아요",2,2,140,140000,40.7,갈로아,판매완료,4,강원 춘천시 퇴계동,https://www.daangn.com/kr/buy-sell/%EC%8A%A4%ED%86%A0%EC%BC%80-%ED%8A%B8%EB%A6%BD%ED%8A%B8%EB%9E%A9-%EB%89%B4%EB%B3%B8-%EC%84%B8%ED%8A%B8-%EA%B7%B8%EB%A0%88%EC%9D%B4-odryk47s7yxo/
19/04/2026,스토케트립트랩뉴본세트,"신생아부터 사용할 수 있는 스토케 트립트랩 뉴본 세트예요

글라이더, 모빌거치대에 뉴본커버까지 구매한거예요.
뉴본커버만 빨아쓰면되서 편해요.

전부 세탁해둔거라 바로쓰셔도됩니다.",2,3,101,140000,52.5,강무니,판매완료,2,강원 춘천시 퇴계동,https://www.daangn.com/kr/buy-sell/%EC%8A%A4%ED%86%A0%EC%BC%80-%ED%8A%B8%EB%A6%BD%ED%8A%B8%EB%9E%A9-%EB%89%B4%EB%B3%B8-%EC%84%B8%ED%8A%B8-6qoaozuqfe6k/
24/01/2026,스토케트립트랩뉴본세트,"스토케 트립트랩 뉴본 세트 입니다.
2025년 새제품 구입하여 7월생 아기 4개월 정도 사용했습니다. 신생아때보다는 3개월 될 무렵부터 잘 사용했어요. 깨끗하게 사용해서 오염없고 상태 좋습니다. 

설명서와 부속품(모빌대,연장 글라이더) 포함이고 박스는 없습니다. 트립트랩 의자 바닥에 고정시키는 연장 글라이더는 사용하지 않은 새제품 입니다.",1,1,109,140000,41.4,sjsj,판매완료,2,강원 춘천시 퇴계동,https://www.daangn.com/kr/buy-sell/%EC%8A%A4%ED%86%A0%EC%BC%80-%ED%8A%B8%EB%A6%BD%ED%8A%B8%EB%9E%A9-%EB%89%B4%EB%B3%B8-%EC%84%B8%ED%8A%B8-5njf415iv9kf/
13/11/2025,스토케트립트랩뉴본세트,"스토케 트립트랩 뉴본 세트 판매(풀박스) 


- 신생아부터 사용 가능
- 트립트랩 의자에 간편하게 탈부착 가능
- 커버 분리 후 세탁 가능
-2025년3월 사용 (3년 워런티 있음 , 2025년2월 등록) 
- 처음 구성품 모빌대 까지 그대로 판매",7,3,153,140000,49.5,성실한레몬,판매완료,2,경남 진주시 정촌면,https://www.daangn.com/kr/buy-sell/%EC%8A%A4%ED%86%A0%EC%BC%80-%ED%8A%B8%EB%A6%BD%ED%8A%B8%EB%9E%A9-%EB%89%B4%EB%B3%B8-%EC%84%B8%ED%8A%B8-gq3u4vkb6b17/
01/06/2026,스토케트립트랩뉴본세트그레이,뉴본세트 아기가 25년 12월 태어나고 2월말부터 5월 중순까지 사용 했어요 새상품 구매했고 사용후 세탁하고 보관중입니다 따로 박스는 없고 상태 최상입니다!,1,18,180,140000,37.7,제이제이,판매중,4,부산 동래구 사직동,https://www.daangn.com/kr/buy-sell/%EC%8A%A4%ED%86%A0%EC%BC%80-%ED%8A%B8%EB%A6%BD%ED%8A%B8%EB%9E%A9-%EB%89%B4%EB%B3%B8-%EC%84%B8%ED%8A%B8-%EA%B7%B8%EB%A0%88%EC%9D%B4-qy1q1p3hqrow/
21/04/2026,스토케트립트랩뉴본세트그레이,"신생아부터 사용할 수 있는 스토케 트립트랩 뉴본 세트예요
그레이 색상으로 어떤 인테리어에도 잘 어울려요
안전벨트와 함께 구성되어 있어 아기를 안전하게 사용할 수 있어요
아기에게 편안한 첫 의자 경험을 선물해주세요

새상품입니다
사용×
비대면문고리",8,1,159,140000,42.4,찡찡,판매완료,3,부산 동래구 사직동,https://www.daangn.com/kr/buy-sell/%EC%8A%A4%ED%86%A0%EC%BC%80-%ED%8A%B8%EB%A6%BD%ED%8A%B8%EB%9E%A9-%EB%89%B4%EB%B3%B8-%EC%84%B8%ED%8A%B8-%EA%B7%B8%EB%A0%88%EC%9D%B4-fpyn82m7u9ga/
15/05/2026,스토케트립트랩뉴본세트박스포함(앤트럴),"세탁했습니다  박스도 있습니다

문고리 거래합니다

4개월 사용 생활이염 미세하게 있습니다 ",0,11,274,140000,39.4,강냉이두개,판매중,2,인천 미추홀구 용현5동,https://www.daangn.com/kr/buy-sell/%EC%8A%A4%ED%86%A0%EC%BC%80-%ED%8A%B8%EB%A6%BD%ED%8A%B8%EB%9E%A9-%EB%89%B4%EB%B3%B8-%EC%84%B8%ED%8A%B8-%EB%B0%95%EC%8A%A4%ED%8F%AC%ED%95%A8-%EC%95%A4%ED%8A%B8%EB%9F%B4-2t7deegazm6a/
18/12/2025,스토케트립트랩뉴본세트,"스토케 트립트랩 뉴본 세트 
애바애라더니..
저희애는 9.15일출산하고 집에와서 11월부터 쓰려고 세탁하고 했는데ㅠㅠ 정말 안쓰게되서
그냥 새상품이나 마찬가지예요…
박스에 그대로 다시 보관중입니다!",1,9,108,140000,45.6,유율,판매완료,1,인천 미추홀구 용현5동,https://www.daangn.com/kr/buy-sell/%EC%8A%A4%ED%86%A0%EC%BC%80-%ED%8A%B8%EB%A6%BD%ED%8A%B8%EB%9E%A9-%EB%89%B4%EB%B3%B8%EC%84%B8%ED%8A%B8-7wbfbpjiv5k4/
13/02/2026,스토케트립트랩뉴본세트(새상품급),"아기가 별로 안좋아해서 거의 보관만하다 베이비세트 넘어갑니다. 사용감 없어요✨
문고리 거래 O
쿨거래시 네고 O",2,7,81,140000,43.9,코코밀,판매완료,1,부산 기장군 정관읍,https://www.daangn.com/kr/buy-sell/%EC%8A%A4%ED%86%A0%EC%BC%80-%ED%8A%B8%EB%A6%BD%ED%8A%B8%EB%9E%A9-%EB%89%B4%EB%B3%B8-%EC%84%B8%ED%8A%B8-%EC%83%88%EC%83%81%ED%92%88%EA%B8%89-ce8h4mrpaokv/
30/10/2025,스토케트립트랩뉴본세트,"스토케 트립트랩 뉴본 세트입니다

- 색상은 회색입니다
- 안전벨트와 장난감 걸이 포함되어 있습니다

아기가 편안하게 사용할 수 있도록 설계되었고, 인체공학적 디자인으로 아기의 척추를 보호해줍니다

신세계 백화점에서 새제품 구매하여 아기 한명 사용했습니다 .
등센서 때문에 대부분을 안아서 케어한 아기라 실사용 적어요 ! 그래도 없었으면 아쉬웠을 템 이에요 !",0,3,56,140000,47.6,당근해요,판매완료,1,부산 기장군 정관읍,https://www.daangn.com/kr/buy-sell/%EC%8A%A4%ED%86%A0%EC%BC%80-%ED%8A%B8%EB%A6%BD%ED%8A%B8%EB%9E%A9-%EB%89%B4%EB%B3%B8-%EC%84%B8%ED%8A%B8-tw58hpjfotyb/
05/06/2026,스토케트립트랩뉴본세트그레이,"신생아부터 사용할 수 있는 스토케 트립트랩 뉴본 세트입니다
안전벨트와 구성품 모두 포함되어 있고 박스는 없습니다
아기가 잘 안누워있어서 거의 새상품 입니다!
롯데백화점 김포공항점에서 구입했습니다!",1,2,51,140000,37.3,다욤,판매완료,2,경기 광명시 광명동,https://www.daangn.com/kr/buy-sell/%EC%8A%A4%ED%86%A0%EC%BC%80-%ED%8A%B8%EB%A6%BD%ED%8A%B8%EB%9E%A9-%EB%89%B4%EB%B3%B8-%EC%84%B8%ED%8A%B8-%EA%B7%B8%EB%A0%88%EC%9D%B4-tjqp8ab3hnn1/
10/04/2026,스토케트립트랩뉴본세트그레이,"신생아부터 사용할 수 있는 스토케 트립트랩 뉴본 세트예요
안정감 있는 디자인으로 아기가 편안함을 느낄 수 있어요
구성품 모두 사진으로 확인 가능해요
아기에게 편안한 첫 의자를 선물하고 싶으신 분들께 추천드려요

현재 75일인 7키로 아가 
조리원에서 집에 오면서 사용했고
애기는 친정집으로 옮겨가서 
이제 필요 없게 됐네요~
짐이 많아서 트리트랩 의자는 못싣고 갔습니다

9키로아가 까지 쓸수 있다네요!

광명사거리 다이소뒷쪽 주택가
문고리 원해요!",1,2,78,140000,46.8,펭펭콩콩알,판매완료,2,경기 광명시 광명동,https://www.daangn.com/kr/buy-sell/%EC%8A%A4%ED%86%A0%EC%BC%80-%ED%8A%B8%EB%A6%BD%ED%8A%B8%EB%9E%A9-%EB%89%B4%EB%B3%B8-%EC%84%B8%ED%8A%B8-%EA%B7%B8%EB%A0%88%EC%9D%B4-45yawv8mbeac/
20/07/2025,스토케트립트랩뉴본,"스토케 트립트랩 뉴본 세트입니다.
새제품사서 사용했고, 저희 애기는 뉴본이 잘 안맞는지 눕히기만하면 울어서 대략 5회정도 사용한거 같네요.
기스나 오염없는 거의 새제품입니다! 연락주세요~",2,1,44,140000,38.1,신호노,판매완료,1,경기 광명시 광명동,https://www.daangn.com/kr/buy-sell/%EC%8A%A4%ED%86%A0%EC%BC%80-%ED%8A%B8%EB%A6%BD%ED%8A%B8%EB%9E%A9-%EB%89%B4%EB%B3%B8-5nf1jvujrh9z/
14/02/2026,스토케트립트랩뉴본진회색,"스토케 트립트랩 뉴본 세트 그레이 색상입니다
트립트랩 의자에 장착하여 신생아부터 사용할 수 있습니다
아이에게 편안한 환경을 제공하며, 분리하여 바닥에 놓고 사용할 수도 있습니다
완전 A급! 사용감 거의 없고, 깨끗하게 세탁된 상태입니다.",5,11,614,140000,40.9,gyooo,판매완료,2,경기 수원시 장안구 정자3동,https://www.daangn.com/kr/buy-sell/%EC%8A%A4%ED%86%A0%EC%BC%80-%ED%8A%B8%EB%A6%BD%ED%8A%B8%EB%9E%A9-%EB%89%B4%EB%B3%B8-%EC%A7%84%ED%9A%8C%EC%83%89-96pkhp94px2z/
17/01/2026,스토케트립트랩뉴본세트,"스토케 트립트랩 뉴본 세트입니다
방수시트 깔고 사용했어서 깨끗해요
새척 및 청소 완료했습니다
중고물품의 특성상 중대한 하자(파손)가 없으면 반품불가입니다.
네고문의, 진상, 예민 사절
직거래-중심상가, 천천롯데마트, 수원우체국",1,4,154,140000,54.9,당근카레,판매완료,3,경기 수원시 장안구 정자3동,https://www.daangn.com/kr/buy-sell/%EC%8A%A4%ED%86%A0%EC%BC%80-%ED%8A%B8%EB%A6%BD%ED%8A%B8%EB%9E%A9-%EB%89%B4%EB%B3%B8-%EC%84%B8%ED%8A%B8-9skcudtpw9gf/
22/02/2026,스토케트립트랩뉴본,"25.3월에 예약구매해서 8월말에 받아 9월부터 사용했습니다.
수유 후 소화시키는 
용으로 하루에 10분정도씩만 눕혀둬서 상태 깨끗합니다.
뱍스는 버려서 없고 설명서 연장 글라이더,걸이대 모두 포함입니다.
정품등록도 가능합니다.
세탁완료해서 바로 쓰시면 되요.

문고리거래
네고 불가",2,2,100,140000,64.8,꼬동자,판매완료,3,경기 안양시 동안구 비산3동,https://www.daangn.com/kr/buy-sell/%EC%8A%A4%ED%86%A0%EC%BC%80-%ED%8A%B8%EB%A6%BD%ED%8A%B8%EB%9E%A9-%EB%89%B4%EB%B3%B8-ofnof5pjbw8u/
21/12/2025,스토케트립트랩뉴본세트(25년8월에배송받은제품),"세탁 박스포장 다 해뒀어요 
25.3.25 생산 제품이고 8월에 받아서 4개월 정도 여아 혼자 깨끗이 썼어요 
아기가 누워있는걸 싫어해서 거의 못 써서 그런지 깨끗하고 새거같아요 
둘째 계획 있어서 저희가 쓸까 하다가 새거일때 그냥 팔기로 했습니다

*네고 문의는 죄송합니다 

*육아 중이라 비대면 거래만 가능해요
선입금 해주시면 상세주소 알려드려요 🙇🏻‍♀️
중고 특성상 교환 환불은 불가능하니 신중하게 구매해주세요!",1,9,195,140000,50.7,yeon,판매완료,3,광주 북구 건국동,https://www.daangn.com/kr/buy-sell/%EC%8A%A4%ED%86%A0%EC%BC%80-%ED%8A%B8%EB%A6%BD%ED%8A%B8%EB%9E%A9-%EB%89%B4%EB%B3%B8-%EC%84%B8%ED%8A%B8-25%EB%85%848%EC%9B%94%EC%97%90-%EB%B0%B0%EC%86%A1%EB%B0%9B%EC%9D%80-%EC%A0%9C%ED%92%88-bnus6ocg9pmz/
01/03/2026,스토케트립트랩뉴본세트,"스토케 트립트랩 뉴본 세트입니다.
신생아부터 9kg까지 아기를 편안하게 사용할 수 있어요.
탈부착이 가능해서 편리합니다.
박스도 같이 드려요.

ssg.com에서 2025년 6월에 구매했고 남자아이 혼자사용했어요. 백일전에는 앉히면 울어서 거의 못앉혔고 백일 이후부터 앉혀서 실사용기간은 3개월이 조금 넘습니다.  항상 손수건대고 사용했고, 게우거나 흘린적이 없어 아주 깨끗합니다. 모든 부품있구요. 세탁하여 박스에 잘 넣어놨습니다. 

창신역 부근에서 문고리 거래원합니다.",1,7,134,140000,44.7,초코초코,판매완료,3,서울시 종로구 창신동,https://www.daangn.com/kr/buy-sell/%EC%8A%A4%ED%86%A0%EC%BC%80-%ED%8A%B8%EB%A6%BD%ED%8A%B8%EB%9E%A9-%EB%89%B4%EB%B3%B8-%EC%84%B8%ED%8A%B8-7yih19p7mgo8/
16/01/2026,"스토케트립트랩뉴본세트풀박스(재당근x,정품등록o)","스토케 트립트랩 뉴본 세트 그레이 색상입니다.

일본에서 새상품 구매했고 여아 혼자 사용해서 상태 깨끗합니다. 식탁에 같이 앉힐때 잠깐씩 사용했어요!

박스, 설명서, 구성품 모두 포함되어 있습니다.
*3년 보증 적용 (2028년 6월 28일까지)

육아중이라 창신쌍용2단지 문고리거래로 가능합니다.",1,3,80,140000,55.1,rnfmals,판매완료,6,서울시 종로구 창신동,https://www.daangn.com/kr/buy-sell/%EC%8A%A4%ED%86%A0%EC%BC%80-%ED%8A%B8%EB%A6%BD%ED%8A%B8%EB%9E%A9-%EB%89%B4%EB%B3%B8-%EC%84%B8%ED%8A%B8-%ED%92%80%EB%B0%95%EC%8A%A4-%EC%9E%AC%EB%8B%B9%EA%B7%BCx-%EC%A0%95%ED%92%88%EB%93%B1%EB%A1%9Do-kyh9us7hxztc/
23/01/2025,"스토케트립트랩뉴본세트(모빌대,연장글라이더,박스포함)","일본직구 새상품사서 3개월간 사용했어요(24년8월말생) 조리원나와서 9월말부터사용
이유식넘어갈려고 정리합니다
스토케의자 연장글라이더 사용해서 뉴본세트 연장글라이더는 아예 미사용이에요
아기세제로 세탁까지 완료해놨습니다 바로쓰셔도되요
박스는 배송받았을때부터 일부찌그러져있고 찢김있었어요(사진참고해주세요)
그외 상태최상급입니다!! 신생아때 육아꿀템이였어요..🖤

맞벌이이고 부피가 있어서 문고리로만 거래하겠습니다

깨끗하긴하나 중고상품인만큼 예민하신분들은 패스해주세요~
환불X",1,2,127,140000,49.2,ssu,판매완료,4,서울시 종로구 창신동,https://www.daangn.com/kr/buy-sell/%EC%8A%A4%ED%86%A0%EC%BC%80-%ED%8A%B8%EB%A6%BD%ED%8A%B8%EB%9E%A9-%EB%89%B4%EB%B3%B8%EC%84%B8%ED%8A%B8-%EB%AA%A8%EB%B9%8C%EB%8C%80-%EC%97%B0%EC%9E%A5%EA%B8%80%EB%9D%BC%EC%9D%B4%EB%8D%94-%EB%B0%95%EC%8A%A4%ED%8F%AC%ED%95%A8-6a3od8ej1b6y/
30/01/2026,스토케트립트랩뉴본세트그레이,"스토케 트립트랩 뉴본세트 그레이 색상입니다
의자에 끼우는 안전장치, 모빌걸이 모두 있어요
직접 구매해서 사용 후 파는겁니다!
25년 8월부터 사용해서 6개월 사용했습니다

바로사용하실 수 있게 커버와 어깨끈 세탁해놓았습니다
오줌 응아 샌적 한번도 없고 항상 담요 깔아놓고 사용해서 넘 깨끗하게 잘 사용했어요
신생아부터 9kg까지 사용 가능합니다

직접 가지러오셔야합니다
너무 상태가 좋아서 좋은분께서 가져가셨으면 좋겠습니다❤️",1,0,71,140000,42.2,올리브,판매완료,4,대구 동구 신천4동,https://www.daangn.com/kr/buy-sell/%EC%8A%A4%ED%86%A0%EC%BC%80-%ED%8A%B8%EB%A6%BD%ED%8A%B8%EB%9E%A9-%EB%89%B4%EB%B3%B8%EC%84%B8%ED%8A%B8-%EA%B7%B8%EB%A0%88%EC%9D%B4-6731z8yi9kjf/
28/01/2026,[상태최상]스토케트립트랩뉴본세트(구성품모두포함),"스토케 트립트랩 뉴본 세트 그레이 색상입니다

25년 갤러리아백화점 구매 제품이에요.
너무 늦게 들이기도했고 아기가 별로 안좋아해서 실 사용 횟수 매우 적고 상태 최상입니다

구매했을때 받은 박스, 설명서, 모빌대, 비닐 모두 함께 드립니다

이사 예정으로 저렴하게 판매합니다
문고리거래 only
당근페이 주시면 상세주소 알려드립니다",3,3,147,140000,51,참치마요,판매완료,8,경기 성남시 분당구 이매1동,https://www.daangn.com/kr/buy-sell/%EC%83%81%ED%83%9C%EC%B5%9C%EC%83%81-%EC%8A%A4%ED%86%A0%EC%BC%80-%ED%8A%B8%EB%A6%BD%ED%8A%B8%EB%9E%A9-%EB%89%B4%EB%B3%B8-%EC%84%B8%ED%8A%B8-%EA%B5%AC%EC%84%B1%ED%92%88-%EB%AA%A8%EB%91%90%ED%8F%AC%ED%95%A8-453todknrm5c/
24/01/2026,스토케트립트랩뉴본세트앤트러사이트,"스토케 트립트랩 뉴본세트 앤트러사이트 색상 입니다
- 육아로 인해 답변이 늦을 수 있어요 ㅠ
- 신생아부터 9kg까지 사용 가능 해요
- 이거 없었으면 밥도 못 먹었습니다! 효자템이예요!
- 박스 O
- 25년 10월 4일 판교현대백화점에서 구매 했고
   약 2주 뒤 받았습니다
- 정품 등록 마쳤고 3년 보증입니다
- 10월 중순부터 한 3개월 쓴거 같아요, 새제품급입니다
- 세탁했으나 찜찜하시면 한 번 더 해주시면 돼요!
- 모빌은 아예 안 썼어요
- 문고리 하고 싶지만 도난 염려 있어서 직거래 하고 싶습니다
- 네고, 반품 안됩니다",2,9,161,140000,47.2,타마마,판매완료,10,경기 성남시 분당구 이매1동,https://www.daangn.com/kr/buy-sell/%EC%8A%A4%ED%86%A0%EC%BC%80-%ED%8A%B8%EB%A6%BD%ED%8A%B8%EB%9E%A9-%EB%89%B4%EB%B3%B8%EC%84%B8%ED%8A%B8-%EC%95%A4%ED%8A%B8%EB%9F%AC%EC%82%AC%EC%9D%B4%ED%8A%B8-4jdy3uiuguxw/
06/06/2026,스토케트립트랩뉴본세트그레이,"신생아부터 사용 가능한 스토케 트립트랩 뉴본 세트예요. 조립을 늦게해서 한번밖에 사용을 못해서 판매합니다.오염방지 베이지커버 포함 가격입니다
사진에서 보이는 구성품과 발판 고정기도 드려요
아기에게 편안한 첫 의자를 선물하고 싶으신 분들께 추천드려요",0,3,54,140000,38.2,무무,판매중,6,경남 김해시 동상동,https://www.daangn.com/kr/buy-sell/%EC%8A%A4%ED%86%A0%EC%BC%80-%ED%8A%B8%EB%A6%BD%ED%8A%B8%EB%9E%A9-%EB%89%B4%EB%B3%B8-%EC%84%B8%ED%8A%B8-%EA%B7%B8%EB%A0%88%EC%9D%B4-ai2dci2nsg8w/
01/12/2025,스토케트립트랩뉴본세트(재당근x)쌍둥이가능,"둥이들 태어나서 5월말에 구매해서 사용했어요.

중고물품이기에 예민하신분은 가급적 피해주세요

2세트있고 한세트당 가격입니다

거래후에는 교환 및 환불 불가하니 

신중한구매 부탁드립니다.





스토케 트립트랩 뉴본 세트입니다~ 
아기가 편안하게 사용할 수 있도록 설계되었고, 트립트랩 의자에 쉽게 장착할 수 있습니다
- 등받이 각도 조절 가능
- 분리 가능한 시트 커버로 세탁 용이",1,3,87,140000,48.5,야호,판매완료,2,경기 양주시 회천2동,https://www.daangn.com/kr/buy-sell/%EC%8A%A4%ED%86%A0%EC%BC%80-%ED%8A%B8%EB%A6%BD%ED%8A%B8%EB%9E%A9-%EB%89%B4%EB%B3%B8-%EC%84%B8%ED%8A%B8-%EC%9E%AC%EB%8B%B9%EA%B7%BCx-%EC%8C%8D%EB%91%A5%EC%9D%B4%EA%B0%80%EB%8A%A5-p6pcotvckcwt/
20/10/2025,스토케트립트랩뉴본세트(재당근),"스토케 트립트랩 뉴본 세트 판매합니다
세탁 완료했습니다

당근으로 받은 후 
아기를 대부분 친정에서 키워
저의 실사용은 20번이 채 되지 않을거예요~

비대면 문고리 거래 원해요",1,0,137,140000,44.8,로니,판매완료,1,광주 북구 용봉동,https://www.daangn.com/kr/buy-sell/%EC%8A%A4%ED%86%A0%EC%BC%80-%ED%8A%B8%EB%A6%BD%ED%8A%B8%EB%9E%A9-%EB%89%B4%EB%B3%B8-%EC%84%B8%ED%8A%B8-%EC%9E%AC%EB%8B%B9%EA%B7%BC-c6csk4q1ncgu/
01/04/2026,스토케트립트랩뉴본세트,"신생아부터 사용할 수 있는 스토케 트립트랩 뉴본 세트예요
안정감 있는 디자인으로 아기가 편안함을 느껴요
사진에서 보이는 구성품 그대로 드려요
여자아기 3개월 사용했습니다. ",1,1,90,140000,50.1,두부두부콩,판매완료,4,경기 양주시 옥정동,https://www.daangn.com/kr/buy-sell/%EC%8A%A4%ED%86%A0%EC%BC%80-%ED%8A%B8%EB%A6%BD%ED%8A%B8%EB%9E%A9-%EB%89%B4%EB%B3%B8-%EC%84%B8%ED%8A%B8-6d22pq65wk8x/
12/04/2026,스토케트립트랩뉴본세트그레이,"신생아부터 사용할 수 있는 스토케 트립트랩 뉴본 세트예요
구성품 모두 사진에 담아두었으니 확인해보세요
직접 구매 후 아이 한 명이 사용했어요 (20회 미만 사용)

중고상품이므로, 예민하신 분은 패스해 주세요
반품 불가하므로, 육아중이라 문고리 거래 합니다",3,1,79,140000,44.7,럭키,판매완료,1,경기 양주시 옥정동,https://www.daangn.com/kr/buy-sell/%EC%8A%A4%ED%86%A0%EC%BC%80-%ED%8A%B8%EB%A6%BD%ED%8A%B8%EB%9E%A9-%EB%89%B4%EB%B3%B8-%EC%84%B8%ED%8A%B8-%EA%B7%B8%EB%A0%88%EC%9D%B4-wci68zvf2eff/
09/02/2026,스토케트립트랩뉴본세트앤트러사이트실사용총30분도안됌,"스토케 트립트랩 뉴본 세트 앤트러사이트 색상입니다
아이에게 편안함을 제공하고, 아기가 가족과 함께 테이블에서 더 가까이 지낼 수 있도록 도와줍니다

25.8월생 여아 아기고 뉴본에만 눕히면 울어서
진짜 5회도 못눕혔어요..

박스는 다 버렸고 설명서랑 연장 글라이드 같이 챙겨드릴게요
원하시면 사진에 있는 딸랑이도 같이 드릴게요

완전 새상품급으로 상태 좋아요!!!!

문고리거래희망하고
입금 후 주소 알려드릴게요
반품x
의자xx뉴본세트만",2,3,130,140000,39,뚱보호돌,판매완료,6,경기 양주시 옥정동,https://www.daangn.com/kr/buy-sell/%EC%8A%A4%ED%86%A0%EC%BC%80-%ED%8A%B8%EB%A6%BD%ED%8A%B8%EB%9E%A9-%EB%89%B4%EB%B3%B8-%EC%84%B8%ED%8A%B8-%EC%95%A4%ED%8A%B8%EB%9F%AC%EC%82%AC%EC%9D%B4%ED%8A%B8-%EC%8B%A4%EC%82%AC%EC%9A%A9-%EC%B4%9D30%EB%B6%84%EB%8F%84-%EC%95%88%EB%90%8C-6thxqoqheo8e/
24/01/2026,스토케트립트랩뉴본세트그레이,"스토케 트립트랩 뉴본 세트 그레이 색상 판매합니다.
신생아부터 6개월 9kg까지 사용 가능하며, 아기에게 편안함을 제공하도록 디자인되었습니다. 
수유하거나 식탁에서 옆에두기 좋습니다. 
박스 포함되어 있으며, 사용감이 적어 상태가 매우 좋습니다. (신생아부터 4개월까지 사용)
연장 글라이더는 사용안한 새상품입니다.

*결제 후 상세주소 알려드려요
*당근페이 희망해요
*문고리 거래 희망해요
*환불 불가입니다",1,3,81,140000,41.3,지뭉,판매완료,1,경기 양주시 옥정동,https://www.daangn.com/kr/buy-sell/%EC%8A%A4%ED%86%A0%EC%BC%80-%ED%8A%B8%EB%A6%BD%ED%8A%B8%EB%9E%A9-%EB%89%B4%EB%B3%B8-%EC%84%B8%ED%8A%B8-%EA%B7%B8%EB%A0%88%EC%9D%B4-toz6du3edrr3/
26/05/2026,스토케트립트랩뉴본세트,"스토케 트립트랩 뉴본 세트입니다.

*모빌걸이 미포함*
작년 여름 일본에서 직접 사왔는데, 구버전 모빌걸이를 받아서 없이 사용 했어요.
저희는 실리콘스트랩에 오볼이나 치발기 걸어 써서 모빌걸이 없이 잘썼습니당!

실사용 올 1월-4월 초 이고,
둘째용으로 킵하려다 이사가서 올려보아요.

제가 오염에 예민한 편이라, 오염은 전혀 없습니다.
여아 토하는 아기 아니였고, 기저귀 샘 없었어요.

(사진에 손씻고 옮겨서 커버에 물 살짝 묻어있어요.
물이에요.. 마르면 안보여요.)",0,7,213,140000,39.4,쉐일라,판매중,3,부산 해운대구 우제3동,https://www.daangn.com/kr/buy-sell/%EC%8A%A4%ED%86%A0%EC%BC%80-%ED%8A%B8%EB%A6%BD%ED%8A%B8%EB%9E%A9-%EB%89%B4%EB%B3%B8-%EC%84%B8%ED%8A%B8-68op66gdtvzh/
11/01/2026,스토케트립트랩뉴본세트(앤트러사이트색상),"스토케 트립트랩 뉴본 세트입니다
신세계몰-신세계백화점 강남점에서 
새상품 구매해서 여아 아이 1명 사용했어요. 
잠깐 사용하던 제품이고 깨끗하게 사용했어요~ 

박스, 설명서, 모빌대, 연장 글라이더
모든 구성품 다 있습니다. 
(처음 받을때부터 모빌대 마감이 안좋은 부분있어서 스토케 공식몰에 문의해봤는데 제조과정에서 나올 수 있는 부분이라 문제 없다고 하네요.) 

색상은 앤트러사이트이고 
연장글라이더는 미사용제품입니다. 

비닐 포장해서 박스에 담아서 드릴께요.

✔️ 아기가 있어 비대면 문고리 거래합니다.
✔️ 중고 특성상 생활 스크래치 및 사용감 있을 수 있음
✔️ 구매 후 반품 및 환불 불가",2,16,268,140000,74.8,토리도리,판매완료,5,부산 해운대구 우제3동,https://www.daangn.com/kr/buy-sell/%EC%8A%A4%ED%86%A0%EC%BC%80-%ED%8A%B8%EB%A6%BD%ED%8A%B8%EB%9E%A9-%EB%89%B4%EB%B3%B8-%EC%84%B8%ED%8A%B8-%EC%95%A4%ED%8A%B8%EB%9F%AC%EC%82%AC%EC%9D%B4%ED%8A%B8-%EC%83%89%EC%83%81-bb373mdi3zuz/
03/12/2025,스토케트립트랩뉴본세트,"스토케 트립트랩 뉴본세트입니다
작년 11월 말에 신세계에서 구입, 2월 말에 배송 받고
6월부터 쓰다가 졸업해서 두고 있다가 세탁해서 내놓습니다!

박스도 같이 드립니다. 
설명서는 어딘가 있을 텐데 못찾겠네요. 찾으면 같이 드릴게요. 
정품등록 안했는데 하고싶으면 하실 수 있을 거에요! 
필요하시면 벨트 조립해서 드릴게요~

중고거래 반품/환불 불가
당근페이/문고리 거래 희망합니다☺️",1,6,93,140000,39.9,케이,판매완료,1,부산 해운대구 우제3동,https://www.daangn.com/kr/buy-sell/%EC%8A%A4%ED%86%A0%EC%BC%80-%ED%8A%B8%EB%A6%BD%ED%8A%B8%EB%9E%A9-%EB%89%B4%EB%B3%B8%EC%84%B8%ED%8A%B8-voj1umdd5eak/
23/05/2026,스토케트립트랩뉴본세트,"트립트랩 신생아 뉴본세트 판매합니다.
작년말 구매하여 깨끗하게 사용했습니다.
(오염, 이물자국 없음)
중고특성 상 세탁감 있을 수 있습니다.

✨️육아중으로 답장이 늦을 수 있습니다.
✨️문고리 비대면 예정이에요.
✨️환불불가",1,5,129,140000,54.2,당근당근,판매완료,2,충북 청주시 흥덕구 오송읍,https://www.daangn.com/kr/buy-sell/%EC%8A%A4%ED%86%A0%EC%BC%80-%ED%8A%B8%EB%A6%BD%ED%8A%B8%EB%9E%A9-%EB%89%B4%EB%B3%B8-%EC%84%B8%ED%8A%B8-8959i8w461ed/
24/05/2026,스토케트립트랩뉴본세트그레이,"11월에 새재품구매후 아이한명쓰고 내놓습니다. 역방쿠를많이 써서 한달정도 쓴거같아요.
깨끗하게사용했으나, 사용감이 아예없진않습니다. 
예민맘x 환불x 입니다. 문고리거래원해요",1,5,52,140000,43.1,오송당근원츄,판매완료,1,충북 청주시 흥덕구 오송읍,https://www.daangn.com/kr/buy-sell/%EC%8A%A4%ED%86%A0%EC%BC%80-%ED%8A%B8%EB%A6%BD%ED%8A%B8%EB%9E%A9-%EB%89%B4%EB%B3%B8-%EC%84%B8%ED%8A%B8-%EA%B7%B8%EB%A0%88%EC%9D%B4-599s3dawqmom/
21/03/2026,스토케트립트랩뉴본세트,"스토케 트립트랩 뉴본 세트 판매합니다
아기가 편안하게 사용할 수 있는 아기 요람입니다
안전벨트 모빌대 구성품있습니다

거의새상품 당근해서 짧게 사용했어요 
아기가 잘안누어있어서서 실사용횟수 적어요 
토함 게움 거의 없는 아기가 사용했습니다 
뉴본에서 수유한적 없습니다
",1,1,68,140000,43.4,김키키,판매완료,2,충북 청주시 흥덕구 오송읍,https://www.daangn.com/kr/buy-sell/%EC%8A%A4%ED%86%A0%EC%BC%80-%ED%8A%B8%EB%A6%BD%ED%8A%B8%EB%9E%A9-%EB%89%B4%EB%B3%B8-%EC%84%B8%ED%8A%B8-9rw1cde57znb/
02/03/2026,스토케트립트랩뉴본세트,"스토케 트립트랩 뉴본 세트입니다

천안 베네피아에서 직접 구매하였고
완분에 좋다해서 샀는데 그냥 쇼파에서 먹이는게 편해 잘 사용하진 않았습니다 

그마저도 손수건과 천귀저귀 덮어 사용해서 컨디션 좋습니다

연장글라이더와 모빌대, 박스까지 풀구성 드려요

",2,1,109,140000,47.2,히별,판매완료,2,충북 청주시 흥덕구 오송읍,https://www.daangn.com/kr/buy-sell/%EC%8A%A4%ED%86%A0%EC%BC%80-%ED%8A%B8%EB%A6%BD%ED%8A%B8%EB%9E%A9-%EB%89%B4%EB%B3%B8-%EC%84%B8%ED%8A%B8-o17do89gdiqo/
25/07/2025,스토케트립트랩뉴본세트,"스토케 트립트랩 뉴본 세트입니다
신생아부터 사용 가능하고, 트립트랩 의자에 부착해서 사용해요
아기랑 같이 식탁에서 편하게 밥 먹을 수 있어요
박스도 같이 드립니다

트리트랩 의자가 배송이 늦게와서 얼마 못썻어요ㅜ ㅎ 
예민맘 사절 환불안돼요 가지러오셔야합니다",2,3,94,140000,49.7,ba,판매완료,4,울산 울주군 온산읍,https://www.daangn.com/kr/buy-sell/%EC%8A%A4%ED%86%A0%EC%BC%80-%ED%8A%B8%EB%A6%BD%ED%8A%B8%EB%9E%A9-%EB%89%B4%EB%B3%B8-%EC%84%B8%ED%8A%B8-j7t6kt55r6w9/
02/11/2025,스토케트립트랩뉴본세트(재당근x),"스토케 트립트랩 뉴본 세트 판매합니다 (하이체어 미포함)
올해 직접 구매한 제품으로 신생아때부터 4개월정도까지 잘 사용했습니다.

박스 및 구성품 전부 포함이며 세탁 후 보관중입니다. 눈에 띄는 오염없이 상태 좋으며 사용감은 있으니 참고부탁드립니다.

문고리 거래 희망합니다.",3,2,141,140000,47.5,신모찌,판매완료,1,경기 고양시 일산서구 주엽동,https://www.daangn.com/kr/buy-sell/%EC%8A%A4%ED%86%A0%EC%BC%80-%ED%8A%B8%EB%A6%BD%ED%8A%B8%EB%9E%A9-%EB%89%B4%EB%B3%B8-%EC%84%B8%ED%8A%B8-%EC%9E%AC%EB%8B%B9%EA%B7%BC-x-uskgdx2dpzjd/
16/03/2026,"스토케트립트랩뉴본(재당근x,직접구매)","스토케 트립트랩 뉴본 시트 그레이 색상이에요
2025년 8월에 구매하여 3개월 사용했어요
세탁을 자주해서 원단 보풀이 있어요 

모빌대 포함이고 연장글라이더는 포장 뜯지 않은 새상태입니다

교대역 직거래나 교대역근처아파트 문고리 가능해요",1,5,106,140000,40.9,Jee,판매완료,3,서울시 서초구 서초4동,https://www.daangn.com/kr/buy-sell/%EC%8A%A4%ED%86%A0%EC%BC%80-%ED%8A%B8%EB%A6%BD%ED%8A%B8%EB%9E%A9-%EB%89%B4%EB%B3%B8-%EC%9E%AC%EB%8B%B9%EA%B7%BCx-%EC%A7%81%EC%A0%91%EA%B5%AC%EB%A7%A4-a2x36ifcmcmb/
09/11/2025,스토케트립트랩뉴본세트,"스토케 트립트랩 뉴본 세트입니다
- 신생아부터 사용 가능합니다
- 분리 가능한 액세서리가 있어 편리합니다
- 인체공학적 디자인으로 아기에게 편안함을 제공합니다",2,6,152,140000,55.4,화이트블랙핑크,판매완료,5,서울시 서초구 서초4동,https://www.daangn.com/kr/buy-sell/%EC%8A%A4%ED%86%A0%EC%BC%80-%ED%8A%B8%EB%A6%BD%ED%8A%B8%EB%9E%A9-%EB%89%B4%EB%B3%B8-%EC%84%B8%ED%8A%B8-opgvi3y1hiad/
06/01/2025,스토케트립트랩뉴본,"더 미리 살껄 싶었던 너무나 유용한 뉴본세트 판매해요. 첫째 때는 몰라서 못쓰고 둘째 때는 3개월 넘어 사서 벌써 6개월이 넘어 한 3개월 안되게 사용했지만 주말에 혼자 육아할 때 너무 잘 썼어요. 
연장 글라이더는 저는 안 써서 어디다 뒀는지 모르겠어요.. 미포함입니다.

서초동 저희 아파트에 오셔서 픽업하셔야 되요.",5,2,330,140000,43.5,carpediem,판매완료,2,서울시 서초구 서초4동,https://www.daangn.com/kr/buy-sell/%EC%8A%A4%ED%86%A0%EC%BC%80-%ED%8A%B8%EB%A6%BD%ED%8A%B8%EB%9E%A9-%EB%89%B4%EB%B3%B8-xwwq5tfed74s/
07/06/2026,스토케트립트랩뉴본세트그레이,"신생아부터 사용할 수 있는 
스토케 트립트랩 뉴본 그레이 색상입니다

박스와 구성품 모두 포함되어 있습니다

저희 아기는 주로 역방쿠 생활을 해서 
실 사용시간 얼마 안 되고 상태 좋습니다

비대면 문고리 거래 원합니다
선입금 주시면 상세주소 알려드리겠습니다",3,3,103,140000,38,딴딴이,판매완료,2,전남 순천시 왕조1동,https://www.daangn.com/kr/buy-sell/%EC%8A%A4%ED%86%A0%EC%BC%80-%ED%8A%B8%EB%A6%BD%ED%8A%B8%EB%9E%A9-%EB%89%B4%EB%B3%B8-%EC%84%B8%ED%8A%B8-%EA%B7%B8%EB%A0%88%EC%9D%B4-km18gf9z22df/
27/07/2025,스토케트립트랩뉴본만(재당근x),"스토케 트립트랩 뉴본 만 판매합니다

- 신생아부터 사용 가능해요
- 인체공학적 디자인으로 아기가 편안하게 사용할 수 있어요
- 5점식 안전 벨트가 있어서 안전합니다

25년에 2월에 출고받아서 사용했으며,
깨끗하게 사용했습니다",6,3,201,140000,53.9,퍼미,판매완료,2,전남 순천시 왕조1동,https://www.daangn.com/kr/buy-sell/%EC%8A%A4%ED%86%A0%EC%BC%80-%ED%8A%B8%EB%A6%BD%ED%8A%B8%EB%9E%A9-%EB%89%B4%EB%B3%B8-%EB%A7%8C-%EC%9E%AC%EB%8B%B9%EA%B7%BCx-mwyrngpzmdsg/
06/05/2026,스토케트립트랩뉴본세트그레이,"신생아부터 사용 가능한 스토케 트립트랩 뉴본 세트예요
안정감 있는 디자인으로 아기가 편안함을 느낄 수 있어요
구성품 모두 사진으로 확인 가능해요
아기에게 편안한 첫 의자 경험을 선물해주세요

사용량 두세번으로 손에 꼽습니다 (저희 아기가 눕는걸 싫어했어요)

재당근 아닙니다",3,8,101,140000,66.2,틈만나면,판매완료,5,서울시 동대문구 휘경제1동,https://www.daangn.com/kr/buy-sell/%EC%8A%A4%ED%86%A0%EC%BC%80-%ED%8A%B8%EB%A6%BD%ED%8A%B8%EB%9E%A9-%EB%89%B4%EB%B3%B8-%EC%84%B8%ED%8A%B8-%EA%B7%B8%EB%A0%88%EC%9D%B4-h1c2a16butnf/
14/01/2026,스토케트립트랩뉴본세트,"새제품 구매해서 6개월 잘썼습니다

천기저귀 깔고 깨끗하게 써서 오염자국없어요

박스,모빌대 다 있고 세탁해 두었습니다",8,14,280,140000,40.2,ittemchu,판매완료,1,경기 과천시 문원동,https://www.daangn.com/kr/buy-sell/%EC%8A%A4%ED%86%A0%EC%BC%80-%ED%8A%B8%EB%A6%BD%ED%8A%B8%EB%9E%A9-%EB%89%B4%EB%B3%B8%EC%84%B8%ED%8A%B8-whhdg1nybfeu/
03/11/2025,스토케트립트랩뉴본세트(박스있음),"스토케 트립트랩 뉴본세트입니다
올해 봄에 일본가서 직접 구매했고
아기를 보통 바닥에 두고 케어했었어서 한달에 한두번씩밖에 못 눕혔던것 같아요

박스 연장글라인더 모빌거치대 포함입니다",1,18,285,140000,45.7,미미,판매완료,2,서울시 송파구 송파동,https://www.daangn.com/kr/buy-sell/%EC%8A%A4%ED%86%A0%EC%BC%80-%ED%8A%B8%EB%A6%BD%ED%8A%B8%EB%9E%A9-%EB%89%B4%EB%B3%B8%EC%84%B8%ED%8A%B8-%EB%B0%95%EC%8A%A4%EC%9E%88%EC%9D%8C-p457d6kxb8kz/
10/07/2025,스토케트립트랩뉴본세트,"스토케 트립트랩 뉴본세트 판매합니다
아기가 편안하게 사용할 수 있어요!
2개월~6개월까지 사용 후 세탁했어요~

- 신생아부터 9kg까지 사용 가능
- 트립트랩 의자와 함께 사용
- 탈부착 가능

박스도 같이 드려요:)
송파동 문고리 희망합니다🥰",2,3,110,140000,47.4,한초코초코쵸,판매완료,2,서울시 송파구 송파동,https://www.daangn.com/kr/buy-sell/%EC%8A%A4%ED%86%A0%EC%BC%80-%ED%8A%B8%EB%A6%BD%ED%8A%B8%EB%9E%A9-%EB%89%B4%EB%B3%B8%EC%84%B8%ED%8A%B8-go956p5tbjoo/
23/11/2024,스토케트립트랩뉴본세트,"물려받아서 잠깐 사용했습미다!
오염이나 보풀 하나도 없구요!
깨끗하게 닦고 세탁해서 보관해뒀어요
바로 사용하시면되요!
연장글라인더 바닥면만 살짝 때가 탔네요
모빌대까지 구성 다 있습니다
박스는 없어요
그래도 중고인 점 감안해주시기를~


🤍당근페이환영
🩶송파동(일신여상후문쪽)문고리거래!",5,0,263,140000,61.1,사진못찍는똥손,판매완료,6,서울시 송파구 송파동,https://www.daangn.com/kr/buy-sell/%EC%8A%A4%ED%86%A0%EC%BC%80-%ED%8A%B8%EB%A6%BD%ED%8A%B8%EB%9E%A9-%EB%89%B4%EB%B3%B8%EC%84%B8%ED%8A%B8-m5ypmm56f512/
01/06/2026,스토케트립트랩뉴본세트,"트립트랩 뉴본 세트 
뉴본본체+커버+연장글라이더+모빌대+설명서 포함
(트립트랩 의자X)

새제품 사서 여아 한명 썼고 얼룩없고 사용감 많진 않아요. 저는 아기 낳고 되도록 입식생활 해서 잘 사용 했는데 신생아때 몇달 잠시 쓰는거라 변형은 없어요
뉴본 위주로 사용하고 역방쿠는 사놓고 별로 안썼네요

정품등록은 제가 귀찮아서 안했는데
판교 현대백화점 스토케에서 24년 10월 2일 결제했고 4개월 대기해서 받은 제품이에요

찾아보니 정품등록하면 구매일 기준 3년 보증 가능하다고 하니 정품등록하시면 AS기간에 포함 될듯하네요

관심 있으신 분 챗 주세요

거래장소는 안성공도 대림동산 입니다",1,2,58,140000,46.7,금강석,판매완료,4,경기 안성시 공도읍,https://www.daangn.com/kr/buy-sell/%EC%8A%A4%ED%86%A0%EC%BC%80-%ED%8A%B8%EB%A6%BD%ED%8A%B8%EB%9E%A9-%EB%89%B4%EB%B3%B8-%EC%84%B8%ED%8A%B8-77buj3zdiev8/
30/03/2026,스토케트립트랩뉴본세트,"스토케 트립트랩 뉴본 세트입니다.
사진에 보이는 구성품 모두 포함되어 있습니다.
육아중이라 문고리 거래 가능하신분 거래 부탁드려요.",6,5,139,140000,40.6,가리느께,판매완료,2,경남 김해시 장유1동,https://www.daangn.com/kr/buy-sell/%EC%8A%A4%ED%86%A0%EC%BC%80-%ED%8A%B8%EB%A6%BD%ED%8A%B8%EB%9E%A9-%EB%89%B4%EB%B3%B8-%EC%84%B8%ED%8A%B8-kvjxbetwvtam/
20/03/2026,스토케트립트랩뉴본세트그레이,"스토케 트립트랩 뉴본 세트입니다.
저희 아기는 잘 게워내지 않는 아기라
깨끗하게 6개월까지 잘 사용했습니다.",7,5,222,140000,38,clkgme,판매완료,1,경남 김해시 장유1동,https://www.daangn.com/kr/buy-sell/%EC%8A%A4%ED%86%A0%EC%BC%80-%ED%8A%B8%EB%A6%BD%ED%8A%B8%EB%9E%A9-%EB%89%B4%EB%B3%B8-%EC%84%B8%ED%8A%B8-%EA%B7%B8%EB%A0%88%EC%9D%B4-bt95qs4c42tx/
30/01/2026,스토케트립트랩뉴본세트그레이,"스토케 트립트랩 뉴본 세트 그레이 색상입니다
박스 포함되어 있으며, 모빌대도 함께 드려요

트립트랩 하이체어에 쉽게 장착하여 사용할 수 있어 편리해요

사용감 X
오염 X 
잠시 눕혀놓는 정도로만 사용해 정말 깨끗해요
선물받아사용했고 당근생각해 조심히 다뤘습니다^^

🫶육아중으로 비대면 문고리 거래 원해요
🫶중고물품이니 예민하시면 피해주세요
🫶반품환불 안됩니다",1,5,120,140000,42.2,모모시,판매완료,1,경남 김해시 장유1동,https://www.daangn.com/kr/buy-sell/%EC%8A%A4%ED%86%A0%EC%BC%80-%ED%8A%B8%EB%A6%BD%ED%8A%B8%EB%9E%A9-%EB%89%B4%EB%B3%B8-%EC%84%B8%ED%8A%B8-%EA%B7%B8%EB%A0%88%EC%9D%B4-wtwyfcavsp29/
04/10/2025,스토케트립트랩뉴본(여아1인사용),"올해 김해신세계백화점에서 구매하여
여아 1명 사용한 스토케 트립트랩 뉴본입니다.

박스 ⭕️, 모빌거치대 ⭕️, 연장글라인더(미사용) ⭕️

당근 계획으로, 
항상 천기저귀나 블랭킷깔고 사용하였습니다. 

고장이나 파손없는 정상제품입니다.",2,0,104,140000,56.6,가나다,판매완료,5,경남 김해시 장유1동,https://www.daangn.com/kr/buy-sell/%EC%8A%A4%ED%86%A0%EC%BC%80-%ED%8A%B8%EB%A6%BD%ED%8A%B8%EB%9E%A9-%EB%89%B4%EB%B3%B8-%EC%97%AC%EC%95%841%EC%9D%B8%EC%82%AC%EC%9A%A9-yj5bhsjzc3gf/
30/03/2025,스토케트립트랩뉴본세트,"작년 9월 구매 
아기한명이 사용하고 세탁해서 보관중입니다 
모빌걸이대, 발판받침(?) 새거 구성입니다~! 
비대면 거래입니다!",3,6,287,140000,40.8,무지계요,판매완료,3,경남 김해시 장유1동,https://www.daangn.com/kr/buy-sell/%EC%8A%A4%ED%86%A0%EC%BC%80-%ED%8A%B8%EB%A6%BD%ED%8A%B8%EB%9E%A9-%EB%89%B4%EB%B3%B8-%EC%84%B8%ED%8A%B8-nsknedeen7h2/
31/03/2026,스토케트립트랩뉴본세트,"스토케 트립트랩 뉴본 세트 판매해요

2개월 정도 쓴 것 같아요!
엄빠 밥 먹을때 식탁 옆에 트트 뉴본에 눕혀두고 편하게 먹었네요~~
커버랑 벨트 끈 아기 무향 세제로 세탁하여 잘 말린 후 커버 씌워놨어요!
바로 사용 하셔두 되고 한번 더 세탁 하셔도 되구요~
박스는 보관할 수가 없어서 버렸구요!
설명서는 보관해둬서 같이 드려요~
체어받침대는 미포함입니다~


문고리 거래 희망해요
환불은 어려운 점 양해 부탁드려요",5,4,97,140000,41.1,행쁨,판매완료,2,경기 하남시 감이동,https://www.daangn.com/kr/buy-sell/%EC%8A%A4%ED%86%A0%EC%BC%80-%ED%8A%B8%EB%A6%BD%ED%8A%B8%EB%9E%A9-%EB%89%B4%EB%B3%B8-%EC%84%B8%ED%8A%B8-1tqttk411rpf/
19/03/2026,스토케트립트랩뉴본세트그레이,"스토케 트립트랩 뉴본 세트입니다
색상은 그레이입니다제작년에  강남 신세계에서
예약하고 6개월 걸려 받앗어요 둘째낳으면 쓸려고 햇는데 
보관만 하다가 보냅니다 아기가 침대에서만
거진누워 잇어서 사용감이 많이 없어요",3,4,100,140000,50.3,쩡쩡이,판매완료,1,경기 하남시 감이동,https://www.daangn.com/kr/buy-sell/%EC%8A%A4%ED%86%A0%EC%BC%80-%ED%8A%B8%EB%A6%BD%ED%8A%B8%EB%9E%A9-%EB%89%B4%EB%B3%B8-%EC%84%B8%ED%8A%B8-%EA%B7%B8%EB%A0%88%EC%9D%B4-34f33o61npv5/
24/03/2025,스토케트립트랩뉴본세트,"24년 9월생으로 실사용기간 몇일되지 않습니다 

상태 최상급! 직접 보시면 압니다

박스 구성품 전부 다있습니다 

시간 장소 조율해서 직거래만 가능합니다",1,2,133,140000,44.5,딥망,판매완료,1,경기 하남시 감이동,https://www.daangn.com/kr/buy-sell/%EC%8A%A4%ED%86%A0%EC%BC%80-%ED%8A%B8%EB%A6%BD%ED%8A%B8%EB%9E%A9-%EB%89%B4%EB%B3%B8%EC%84%B8%ED%8A%B8-5iujpafonogc/
23/05/2026,스토케트립트랩뉴본세트그레이,"스토케 트립트랩 뉴본 세트 그레이 색상입니다

광교 갤러리아 백화점에서 구입하여 약 5개월 사용했습니다

여아가 깨끗하게 사용했고 상태 최상입니다",0,8,176,143000,42.6,달달구리,판매중,3,경기 수원시 장안구 파장동,https://www.daangn.com/kr/buy-sell/%EC%8A%A4%ED%86%A0%EC%BC%80-%ED%8A%B8%EB%A6%BD%ED%8A%B8%EB%9E%A9-%EB%89%B4%EB%B3%B8-%EC%84%B8%ED%8A%B8-%EA%B7%B8%EB%A0%88%EC%9D%B4-w1knp6rcm9f5/
20/07/2025,스토케트립트랩뉴본세트,"스토케 트립트랩 뉴본 세트입니다.
1월에 태어난 남자아기 혼자 썼어요
아기가 빨리 뒤집어서 3개월정도 썼네요
혹시 몰라 손수건 받쳐서 썼어요
손목 안좋을때 수유할때 많은 도움 됐어요
부산롯데백화점 스토케매장에서 직접 구매했습니다

세탁해 놓은 상태이니 소독스프레이 가볍게 뿌리고 사용 바로 하시면 되실것 같네요
- 구성품: 누본세트 패브릭 커버 (회색), 안전벨트모빌거치대
- 박스 포함

👀육아중이라 비대면 거래만 원해요
🫶🏻답변이 늦을 수도 있어요 조금만 기다려 주세요
🫣네고 환불 찔러 보기는 사양합니다
👍서로의 시간을 소중히 생각해주세요",1,6,329,143000,48.1,코랄블루,판매완료,7,부산 기장군 정관읍,https://www.daangn.com/kr/buy-sell/%EC%8A%A4%ED%86%A0%EC%BC%80-%ED%8A%B8%EB%A6%BD%ED%8A%B8%EB%9E%A9-%EB%89%B4%EB%B3%B8%EC%84%B8%ED%8A%B8-ot8rsmrfhq31/
11/08/2025,스토케트립트랩신생아세트,"스토케 트립트랩 뉴본 세트 판매합니다.

백화점에서 새상품 구입 후 3개월 사용했습니다! 
뉴본보다는 역방쿠를 좋아하는 아기라서 실사용이 적어 상태 좋아요 보풀 없고 게워내거나 응아한적도 없어 오염부분 없이 깨끗이 썼습니다! 

(그래도 중고인만큼 예민한 분은 피해주세요)
세탁 후 비닐에 보관중입니다! 

*박스, 설명서, 구성품 모두 포함입니다!",1,4,465,143000,44.1,나는나,판매완료,4,부산 해운대구 우제3동,https://www.daangn.com/kr/buy-sell/%EC%8A%A4%ED%86%A0%EC%BC%80-%ED%8A%B8%EB%A6%BD%ED%8A%B8%EB%9E%A9-%EC%8B%A0%EC%83%9D%EC%95%84-%EC%84%B8%ED%8A%B8-mspicc3bqejc/
09/03/2025,스토케트립트랩뉴본세트,"작년 9월 구매 후 최근 1회 세탁하였고 사용기간 매우 짧습니다. 설거지 할 때나 밥먹을 때 용이했지만 오래 누워있으려 하지 않아서 상태 최상입니다. 
박스에 넣어서 드립니다~",3,6,366,143000,48.6,shhh,판매완료,4,전남 순천시 왕조1동,https://www.daangn.com/kr/buy-sell/%EC%8A%A4%ED%86%A0%EC%BC%80-%ED%8A%B8%EB%A6%BD%ED%8A%B8%EB%9E%A9-%EB%89%B4%EB%B3%B8%EC%84%B8%ED%8A%B8-zpmr41dgqz24/
12/09/2025,스토케트립트랩뉴본신생아세트,"스토케 트립트랩 뉴본 세트 판매합니다~ 

색상은 그레이이고, 깨끗하게 사용했습니다.

- 뉴본 시트, 안전벨트 포함
- 연장 글라이더 포함
- 사용 설명서 포함

4월생 여아, 정품 등록 완료
안 사려다가 올해 6월 쯤 구매한거 같아요.
뉴본에서 분유 먹인적 없구요.
실사용 진짜 적어요!
네고x, 환불x",1,1,118,145000,46.6,장설탕냥,판매완료,4,대전 중구 선화동,https://www.daangn.com/kr/buy-sell/%EC%8A%A4%ED%86%A0%EC%BC%80-%ED%8A%B8%EB%A6%BD%ED%8A%B8%EB%9E%A9-%EB%89%B4%EB%B3%B8-%EC%8B%A0%EC%83%9D%EC%95%84-%EC%84%B8%ED%8A%B8-ov471684y37n/
24/07/2025,스토케트립트랩뉴본세트,"스토케 트립트랩 뉴본세트 판매합니다.

- 색상은 그레이입니다.
- 신생아부터 9kg까지 사용 가능합니다.
- 박스 포함입니다

작년12월에 구매해서 ,5회 미만 사용했습니다.
(그것도 눕혀보고 울어서 바로 내렸습니다ㅠㅠ)
상태 최상입니다. 풀박스 이고, 새상품같은 중고 당근해가세요~~

정가 21만원, 현재 구매해도 한참 기다려야한답니다ㅠ",1,1,175,145000,38.8,추추,판매완료,5,경기 이천시 장호원읍,https://www.daangn.com/kr/buy-sell/%EC%8A%A4%ED%86%A0%EC%BC%80-%ED%8A%B8%EB%A6%BD%ED%8A%B8%EB%9E%A9-%EB%89%B4%EB%B3%B8%EC%84%B8%ED%8A%B8-mzwd85t3uj8z/
10/01/2025,"스토케트리트랩뉴본세트/상태최상(직접구매,매트깔고사용)","해외직구로 24년 7월경 실구매했습니다.

이염 오염 하나도 없어요. 

✅맨 마지막 사진 처럼 쿨매트나 속싸개를 항상 깔고 사용해서 기본 뉴본 본체에 눕힌적은 한번도 없어요. 

당연히 토, 배변 등 오염 없습니다 ~ 

여아 1명 조리원 퇴소하고 집 와서부터 
지난 달 까지 꽉찬 4개월 정도 사용 했어요. 

뉴본은 필수 같아요… 
신생아때는 뉴본에서 낮잠 다 재웠고 

이후는 엄빠 식사 할때, 청소할 때, 설거지 할때 등등 
뉴본에 눕혀놓으면 눈 맞춤 되는 높이라 
아이가 보채거나 울지않고 엄빠 잘 관찰하며 놀았어요. 

너무 잘 사용했고, 출산 앞둔 친구들에게 
항상 추천 합니다. 

교환,환불,예민맘❌

✅문고리, 직거래 다 가능하지만 
육아중으로 가능한 문고리 선호하며, 
직거래 시에도 직접 와서 가져가주셔야 합니다 ~! 
외부에서 만남은 어렵습니다.",1,1,174,145000,77,냥냥,판매완료,3,경기 군포시 산본동,https://www.daangn.com/kr/buy-sell/%EC%8A%A4%ED%86%A0%EC%BC%80-%ED%8A%B8%EB%A6%AC%ED%8A%B8%EB%9E%A9-%EB%89%B4%EB%B3%B8-%EC%84%B8%ED%8A%B8-%EC%83%81%ED%83%9C%EC%B5%9C%EC%83%81-%EC%A7%81%EC%A0%91%EA%B5%AC%EB%A7%A4-%EB%A7%A4%ED%8A%B8%EA%B9%94%EA%B3%A0%EC%82%AC%EC%9A%A9-rak68c8zzvr4/
08/04/2025,스토케트립트랩뉴본세트,"새상품 구매해서 샀고
깨끗합니다 약간의 사용감은 있을 수 있겠지만
제가 보기엔 깨끗하네용
아기가 쓰는거라 세탁감만 약간 있는 정도..?
얼룩은 없어보여요
세탁한거라 바로 사용하시먄 됩니다
박스에 넣어서 드릴게요
모빌대랑 발받침대? 세트 그대로 입니다
반품은 안됩니다",1,2,294,145000,49.2,티티,판매완료,5,경남 창원시 성산구 사파동,https://www.daangn.com/kr/buy-sell/%EC%8A%A4%ED%86%A0%EC%BC%80-%ED%8A%B8%EB%A6%BD%ED%8A%B8%EB%9E%A9-%EB%89%B4%EB%B3%B8-%EC%84%B8%ED%8A%B8-21g93fcndykw/
07/05/2026,🍼스토케트립트랩뉴본세트(정품)판매합니다,"신생아 시기 짧게 사용 가능한 필수템,
스토케 트립트랩 뉴본 세트 깨끗한 제품 내놓습니다 😊

✔️ 백화점에서 구매한 정품
✔️ 신생아 ~ 9kg까지 사용 가능
✔️ 부드럽고 안정적인 소재로 아기에게 편안함 제공

👉 저희 아기는 아쉽게도 뉴본을 거부해서
실사용이 거의 없는 수준이라 상태 정말 좋아요!

👉 그래도 위생 걱정하실 수 있어 커버는
전문 세탁소에 맡겨 세탁 완료 후 보관 중입니다
(바로 사용하셔도 되는 컨디션이에요, 얼룩X)

👉 구성품 전부 포함 (사진 참고) / 상자포함

신생아 시기에
엄마·아빠 식탁 옆에서 함께하는 시간 만들어주는
정말 좋은 아이템이에요! 

💰 판매가: 15만원

필요하신 분께 좋은 가격으로 보내고 싶습니다 🙂
편하게 문의 주세요!",1,4,75,145000,41.9,데이븐,판매완료,5,경북 경산시 하양읍,https://www.daangn.com/kr/buy-sell/%EC%8A%A4%ED%86%A0%EC%BC%80-%ED%8A%B8%EB%A6%BD%ED%8A%B8%EB%9E%A9-%EB%89%B4%EB%B3%B8-%EC%84%B8%ED%8A%B8-%EC%A0%95%ED%92%88-%ED%8C%90%EB%A7%A4%ED%95%A9%EB%8B%88%EB%8B%A4-p57v91s8o5g2/
09/04/2025,"스토케트립트랩뉴본세트팝니다(의자x,재당근아님)","백화점에서 구매후
몇달 기다려서 받은 제품입니다
세탁 및 소독까지 싹 해놨습니다 : )",1,2,93,145000,50.3,Belita,판매완료,3,경북 경산시 하양읍,https://www.daangn.com/kr/buy-sell/%EC%8A%A4%ED%86%A0%EC%BC%80-%ED%8A%B8%EB%A6%BD%ED%8A%B8%EB%9E%A9-%EB%89%B4%EB%B3%B8-%EC%84%B8%ED%8A%B8-%ED%8C%9D%EB%8B%88%EB%8B%A4-%EC%9D%98%EC%9E%90x-%EC%9E%AC%EB%8B%B9%EA%B7%BC%EC%95%84%EB%8B%98-6m7qohjznh2f/
10/03/2025,스토케트립트랩뉴본세트,"모유 수유만 했던 아기라 뉴본에 누워만 있었습니다~
둘째 생기면 쓰려고 세탁해서 보관했었는데
집 정리를 위해 판매합니다.

비대면 거래 원합니다.
예민맘 거절합니다.",5,13,1087,145000,64.5,트리플씨,판매완료,2,강원 춘천시 퇴계동,https://www.daangn.com/kr/buy-sell/%EC%8A%A4%ED%86%A0%EC%BC%80-%ED%8A%B8%EB%A6%BD%ED%8A%B8%EB%9E%A9-%EB%89%B4%EB%B3%B8%EC%84%B8%ED%8A%B8-68zy3e144tap/
17/08/2025,스토케트립트랩뉴본세트(재당근x정품등록o),"스토케 뉴본 졸업하게되어 판매합니다!

새상품 구매하여 한아이 4개월 사용했습니다 

한 유튜버 콘텐츠 보니 뉴본도 가품이 있더라구요..
정품 등록한 메일 포워드 또는 캡쳐본 드릴게요
(뉴본 뒷면 시리얼 부분 가렸구요
제품등록 메일에 시리얼 넘버 등 확인 가능합니다.)

버클까지 탈거하여 세척해 둔 상태입니다
보풀 및 튿어짐 없고 상태 좋습니다! 

-연장글라이더 및 모빌거치대 미사용
-문고리 거래",1,2,146,145000,58.8,도트,판매완료,4,경기 광명시 광명동,https://www.daangn.com/kr/buy-sell/%EC%8A%A4%ED%86%A0%EC%BC%80-%ED%8A%B8%EB%A6%BD%ED%8A%B8%EB%9E%A9-%EB%89%B4%EB%B3%B8%EC%84%B8%ED%8A%B8-%EC%9E%AC%EB%8B%B9%EA%B7%BCx-%EC%A0%95%ED%92%88%EB%93%B1%EB%A1%9Do-hw3nwajfrwy5/
04/06/2025,스토케트립트랩뉴본세트,"스토케 트립트랩 뉴본 세트 판매합니다.
새상품 선물받아 썼는데 신생아 시기에 몇번 
누운거 외엔 사용하지 않았습니다!
아기가 편안하게 사용할 수 있어요.
블랙 시트를 씌워서 사용해서 뉴본 자체 시트 상태 좋습니다!
원하시면 블랙 시트도 함께 드려요!

- 권장 연령: 신생아 ~ 6개월 (최대 9kg)
- 시트는 분리하여 세탁 가능
- 트립트랩 의자에 쉽게 탈부착 가능
- 박스 포함
- 환불불가

*엘프라우드1단지 문고리 거래합니다.",2,0,142,145000,50.3,우기부기,판매완료,2,경기 안양시 동안구 비산3동,https://www.daangn.com/kr/buy-sell/%EC%8A%A4%ED%86%A0%EC%BC%80-%ED%8A%B8%EB%A6%BD%ED%8A%B8%EB%9E%A9-%EB%89%B4%EB%B3%B8-%EC%84%B8%ED%8A%B8-279k5hk8mogh/
22/04/2025,"스토케트립트랩뉴본세트상태최상(재당근x,부속품다있음,오염없음)","스토케 트랩트랩뉴본세트 상태 특A급 판매합니다 :)
24년중순쯤 현대백화점 무역센터점 스토케 매장에서 정가로 정품 구매하였고, 24년 말쯤 물건을 받았습니다. 저희 아기가 손을 탄 아기라 뉴본세트에 앉은 횟수가 손에 꼽아 최상급 상태로 판매하게되었네요..ㅎ

사진 속 보이는것처럼 박스도 구겨짐 없이 탄탄한 상태 그대로이고, 부속품 글라인더(사용안함), 모빌대 풀구성입니다.(의자는 불포함입니다)
뉴본시트에도 오염 보풀 없이 상태 매우 좋습니다!
상태 좋은 뉴본세트 찾으시는 분들 후회 없으실거에요

-부피가 커서 문고리거래 합니다.
-입금 확인되면 구체적인 주소 보내드려요.
-중고거래특성상 교환 환불 불가합니다.",1,3,82,145000,51,캬라멜,판매완료,3,경기 안양시 동안구 비산3동,https://www.daangn.com/kr/buy-sell/%EC%8A%A4%ED%86%A0%EC%BC%80-%ED%8A%B8%EB%A6%BD%ED%8A%B8%EB%9E%A9%EB%89%B4%EB%B3%B8%EC%84%B8%ED%8A%B8-%EC%83%81%ED%83%9C-%EC%B5%9C%EC%83%81-%EC%9E%AC%EB%8B%B9%EA%B7%BCx-%EB%B6%80%EC%86%8D%ED%92%88-%EB%8B%A4-%EC%9E%88%EC%9D%8C-%EC%98%A4%EC%97%BC-%EC%97%86%EC%9D%8C-o4wph93s6gr3/
03/03/2025,스토케트립트랩뉴본세트,"여아 혼자 너무 잘 사용했고 
망에 넣어 울코스로 세탁해서 사용했어요! 

수유는 뉴본에서 하지 않아서 얼룩은 없고
티 안나는 올트임 1-2개 있어요
모빌대, 연장글라이더(사용x), 설명서, 박스 다 있습니다~

아기세제로 세탁해서 박스에 넣어뒀어요!
깨끗하게 사용했으나 예민맘은 피해주세요

*중고거래 특성상 환불 불가합니다.
*아기가 있어 문고리거래 희망합니다☺️",2,1,122,145000,46.2,당근니,판매완료,4,경기 고양시 덕양구 신원동,https://www.daangn.com/kr/buy-sell/%EC%8A%A4%ED%86%A0%EC%BC%80-%ED%8A%B8%EB%A6%BD%ED%8A%B8%EB%9E%A9-%EB%89%B4%EB%B3%B8%EC%84%B8%ED%8A%B8-e1o8deronuse/
04/06/2025,스토케트립트랩뉴본세트,"스토케 트립트랩 뉴본 세트 풀박스

12월생 아기, 3~4개월 정도 사용 후 더이상 사용 안할 듯 하여 판매합니다 ^^ 
 
아기가 편안하게 사용할 수 있어요!
상태 좋으며, 아기전용세제로 세탁해 두어서
 바로 사용하셔도 될듯 해요 ^^ 

구매의사 있으신분만 톡 주세요!",8,7,637,145000,44.5,미츠하시,판매완료,1,광주 북구 용봉동,https://www.daangn.com/kr/buy-sell/%EC%8A%A4%ED%86%A0%EC%BC%80-%ED%8A%B8%EB%A6%BD%ED%8A%B8%EB%9E%A9-%EB%89%B4%EB%B3%B8%EC%84%B8%ED%8A%B8-wr2yc887aqj7/
24/05/2026,스토케트립트랩뉴본(의자포함x),"신생아부터 사용할 수 있는 스토케 트립트랩 뉴본세트예요
25.12월생 조리원퇴소 후 1월부터 사용, 4개월 정도 쓰다가 뒤집기 이후 처분합니다.
재당근x
의자포함 x",4,40,1095,145000,48.1,옥수수,판매중,2,대구 수성구 범어3동,https://www.daangn.com/kr/buy-sell/%EC%8A%A4%ED%86%A0%EC%BC%80-%ED%8A%B8%EB%A6%BD%ED%8A%B8%EB%9E%A9-%EB%89%B4%EB%B3%B8-%EC%9D%98%EC%9E%90%ED%8F%AC%ED%95%A8x-c644stxdxxfc/
03/06/2026,스토케트립트랩뉴본세트그레이,"신생아부터 사용 가능한 스토케 트립트랩 뉴본 세트예요
그레이 색상으로 어떤 인테리어에도 잘 어울려요
박스 구성품 그대로 보관되어 있어요
아기에게 편안함을 선물하고 싶으신 분들께 추천드려요

작년 구매하고 짧게 사용했습니다
비닐 박스 모빌거치대 그대로 있어요
트립트랩 의자 발 뒤쪽에 끼우는 글라이더?만
보관을 잘못해서 사진 확인해주세요
뉴본세트 쓰는덴 전혀 지장 없었습니다~

당근페이
교환환불x
문고리거래",0,9,151,145000,43.1,나리b,판매중,4,충북 청주시 흥덕구 오송읍,https://www.daangn.com/kr/buy-sell/%EC%8A%A4%ED%86%A0%EC%BC%80-%ED%8A%B8%EB%A6%BD%ED%8A%B8%EB%9E%A9-%EB%89%B4%EB%B3%B8-%EC%84%B8%ED%8A%B8-%EA%B7%B8%EB%A0%88%EC%9D%B4-x8r7jzpky1na/
13/05/2026,스토케트립트랩뉴본세트그레이,"신생아부터 사용 가능한 스토케 트립트랩 뉴본 세트예요
9kg까지 사용 가능하며, 부드러운 소재로 아기가 편안함을 느껴요
세탁이 용이하여 위생적으로 사용할 수 있어요
아기에게 편안한 첫 식사 경험을 선물해주세요",1,3,119,145000,41.2,토버리,판매완료,2,충북 청주시 흥덕구 오송읍,https://www.daangn.com/kr/buy-sell/%EC%8A%A4%ED%86%A0%EC%BC%80-%ED%8A%B8%EB%A6%BD%ED%8A%B8%EB%9E%A9-%EB%89%B4%EB%B3%B8-%EC%84%B8%ED%8A%B8-%EA%B7%B8%EB%A0%88%EC%9D%B4-p6g5trorhed9/
09/07/2025,스토케트립트랩뉴본세트,"스토케 트립트랩 뉴본 신생아 세트 판매합니다

본체, 커버, 5점식 하네스, 장난감 걸이대, 확장 글라이더까지 풀 구성이에요. 당근 고려해서 천기저귀 깔고 사용했어요. 첫째 트립트랩 의자에 사용할 예정이었으나, 거부(ㅎㅎㅎ)하셔서 실 사용은.. 몹시 적어요🥺

사진에 보이는 박스까지 있습니다.

검색해보니 현재 해외배송상품만 있더라고요. 
배송비 포함하면 20만원 언저리 되네요. 배송기한도 열흘 잡는다고 하네요. 

저렴하게 바로 쓰실 수 있는 것이 당근의 매력..🩵


상품 컨디션은 사진 참고해주세요☺️
주엽역 인근 아파트, 문고리거래 희망합니다
빨리 오실 수 있는 분께 우선 판매합니다👐🏻

중고거래이니 반품 교환 어려워요😂",2,2,142,145000,48.4,문해하다,판매완료,6,경기 고양시 일산서구 주엽동,https://www.daangn.com/kr/buy-sell/%EC%8A%A4%ED%86%A0%EC%BC%80-%ED%8A%B8%EB%A6%BD%ED%8A%B8%EB%9E%A9-%EB%89%B4%EB%B3%B8-%EC%84%B8%ED%8A%B8-dvs5m6um3bc9/
18/01/2025,스토케트립트랩뉴본세트(재당근❌),"7월에 새제품 구매해
아이 한 명 사용했어요!

깨끗히 사용했으며
오염 없습니다!!

연장글라인더?는 사용하지않고
보관만 했으며
박스도 있어요!

육아중으로
비대면 문고리거래 원해요
장소는 대림동산입니다

찔러보기❌",6,9,595,145000,55.1,스프,판매완료,5,경기 안성시 공도읍,https://www.daangn.com/kr/buy-sell/%EC%8A%A4%ED%86%A0%EC%BC%80-%ED%8A%B8%EB%A6%BD%ED%8A%B8%EB%9E%A9-%EB%89%B4%EB%B3%B8%EC%84%B8%ED%8A%B8-%EC%9E%AC%EB%8B%B9%EA%B7%BC-aq487hsrxitq/
05/09/2025,스토케트립트랩뉴본세트,"2월에 출산하며 구입했는데
활용법을 몰라 거의 방치만 하다가
이제 이유식할때 베이비로 넘어가야해서 판매합니다

모빌거치대 연장글라이더 박스 다있고
너무 안써서 거의 새제품인데 먼지쌓였을까봐
세탁은 해두었습니다

제품등록하면 3년보증 그런거있는데
전 등록안해서 가져가셔서 하실분 하시면될것같아요",1,7,92,145000,38.8,비느베느,판매완료,3,부산 남구 문현동,https://www.daangn.com/kr/buy-sell/%EC%8A%A4%ED%86%A0%EC%BC%80-%ED%8A%B8%EB%A6%BD%ED%8A%B8%EB%9E%A9-%EB%89%B4%EB%B3%B8%EC%84%B8%ED%8A%B8-vhr1c3wpk46n/
28/05/2026,스토케트립트랩뉴본세트그레이,"신생아부터 사용 가능한 스토케 트립트랩 뉴본 세트예요
그레이 색상에 패턴 커버가 포함되어 있어요
안전벨트와 구성품 모두 사진과 같이 준비되어 있답니다
아기 첫 의자로 편안하고 안전하게 사용해보세요

6개월정도 전 구매해서 여아 혼자 사용했는데, 울 아가가,, 뉴본 체질이 아니셔서.. 거의 사용 못했습니다,, 
상태 극상입니다. 따로 구매한 커버도 같이 드립니다 !

응봉대림1차 직거래 원합니다~~",0,4,70,150000,43.9,유사장,판매완료,1,서울시 서초구 서초동,https://www.daangn.com/kr/buy-sell/%EC%8A%A4%ED%86%A0%EC%BC%80-%ED%8A%B8%EB%A6%BD%ED%8A%B8%EB%9E%A9-%EB%89%B4%EB%B3%B8-%EC%84%B8%ED%8A%B8-%EA%B7%B8%EB%A0%88%EC%9D%B4-2pxq83ask52r/
10/05/2026,스토케트립트랩뉴본세트그레이,"신생아부터 사용 가능한 스토케 트립트랩 뉴본 세트예요.
새상품 구매후 3개월정도 사용했어요.
여아 1명이 사용하였고.
오염자국도없이 정말 깨끗합니다.
구성은 박스포함 풀패키징 입니다.
문의사항 연락주세요.",1,3,76,150000,52.3,수수쿠,판매완료,5,경기 양주시 회천1동,https://www.daangn.com/kr/buy-sell/%EC%8A%A4%ED%86%A0%EC%BC%80-%ED%8A%B8%EB%A6%BD%ED%8A%B8%EB%9E%A9-%EB%89%B4%EB%B3%B8-%EC%84%B8%ED%8A%B8-%EA%B7%B8%EB%A0%88%EC%9D%B4-6prp729m8hch/
10/05/2026,스토케트립트랩뉴본세트그레이(재당근x)팝니다,"25년 7월 대구 신세계에서 구매했습니다 
아기가 안겨있는거 좋아해서 짧게 사용했습니다 
그치만 눈높이에서 볼 수 있어 좋아요 
상태 아주 좋습니다 
처음 샀을때 사진에 보이는 구성품 다 있습니다 
세탁까지 완료한 상태이니 그대로 사용하시면 돼요 !

비대면거래",1,4,132,150000,53.2,조아,판매완료,4,대구 동구 효목1동,https://www.daangn.com/kr/buy-sell/%EC%8A%A4%ED%86%A0%EC%BC%80-%ED%8A%B8%EB%A6%BD%ED%8A%B8%EB%9E%A9-%EB%89%B4%EB%B3%B8-%EC%84%B8%ED%8A%B8-%EA%B7%B8%EB%A0%88%EC%9D%B4-%EC%9E%AC%EB%8B%B9%EA%B7%BCx-%ED%8C%9D%EB%8B%88%EB%8B%A4-mexpwueo2oix/
21/03/2026,스토케트립트랩뉴본세트,"스토케 트립트랩 뉴본세트 판매합니다
박스에 있는 설명에 따르면 신생아부터 9kg까지 사용 가능합니다. 상태는 사진에서 보시는 것처럼 좋습니다!

구매시기: 2025년 4월
제품 수령시기 : 25년 9월 말
사용시기 : 2025년 12월- 2026년 2월

깨끗하게 사용했습니다. 사진에 보이는 대로 풀구성이고 직접 신백에서 구매했고 정품등록 완료입니다. 뉴본은 육아에 필수에요😃
환불❌ 문고리거래 ⭕️ 당근페이⭕️",5,19,241,150000,42.8,Kuku,판매완료,1,대구 동구 효목1동,https://www.daangn.com/kr/buy-sell/%EC%8A%A4%ED%86%A0%EC%BC%80-%ED%8A%B8%EB%A6%BD%ED%8A%B8%EB%9E%A9-%EB%89%B4%EB%B3%B8%EC%84%B8%ED%8A%B8-ztbxeu4kfm6i/
30/01/2026,스토케트립트랩뉴본+양면커버(사가),"스토케 트립트랩 뉴본 입니다
구성품 및 사용감은 사진과 같아요

10월생 여아 한명 썼구요 이염 얼룩 없습니다
많이 사용하진 못했어요

트트 감성템으로 사가 커버까지 같이 드립니다
사진 찍을 때 너무예뻐요!

그레이/핑크 양면으로 쓸 수 있어서 남아여아 다 잘어울려요

커버 위에 항상 수건을 깔고 써서 깨끗하게 관리되어 새상품급이에요


https://naver.me/GMPSMA0r


기존 뉴본 회색 커버는 한번 세탁하기 정말 번거로워요 빼내기가ㅠㅠ 사가 커버는 벗기기 정말 쉬워서 4만원 대 커버 거져드립니다~

거제시 / 부산시 거래 가능합니다~

반품 환불 불가이며
예민하신분은 구매 피해주세요~",2,4,68,150000,49.5,치킨,판매완료,4,경남 거제시 거제면,https://www.daangn.com/kr/buy-sell/%EC%8A%A4%ED%86%A0%EC%BC%80-%ED%8A%B8%EB%A6%BD%ED%8A%B8%EB%9E%A9-%EB%89%B4%EB%B3%B8-%EC%96%91%EB%A9%B4-%EC%BB%A4%EB%B2%84-%EC%82%AC%EA%B0%80-tjg93cc1bbr4/
16/05/2026,"스토케트립트랩뉴본세트그레이(a급,재당근x,)","스토케 트립트랩 뉴본세트

새제품 사서 2개월 사용 후 졸업하여 당근합니다

연장글라이더와 박스는 없습니다

연장글라이더 없이 문제 없이 사용했구요

커버 세탁후 재 조립해두었으니 바로 사용도 가능합니다

자연건조하고 아기세제 사용했습니다.

행당대림아파트 105동 문고리거래 합니다",2,6,188,150000,51.9,딩동유치원,판매완료,2,서울시 성동구 행당동,https://www.daangn.com/kr/buy-sell/%EC%8A%A4%ED%86%A0%EC%BC%80-%ED%8A%B8%EB%A6%BD%ED%8A%B8%EB%9E%A9-%EB%89%B4%EB%B3%B8-%EC%84%B8%ED%8A%B8-%EA%B7%B8%EB%A0%88%EC%9D%B4-a%EA%B8%89-%EC%9E%AC%EB%8B%B9%EA%B7%BCx-wsbd8hzk4n71/
11/05/2026,"스토케트립트랩뉴본세트(a급박스구성품모두있음,재당근x)","스토케 트립트랩 뉴본세트

새제품 사서 사용했습니다

박스, 구성품 모두 있습니다

박스 깔끔하게 포장해두었습니다

커버 세탁후 보관해두었으니 바로 사용도 가능합니다

자연건조하고 아기세제 사용했습니다.

행당대림아파트 105동 문고리거래 합니다",2,6,138,150000,51.9,딩동유치원,판매완료,5,서울시 성동구 행당동,https://www.daangn.com/kr/buy-sell/%EC%8A%A4%ED%86%A0%EC%BC%80-%ED%8A%B8%EB%A6%BD%ED%8A%B8%EB%9E%A9-%EB%89%B4%EB%B3%B8-%EC%84%B8%ED%8A%B8-a%EA%B8%89-%EB%B0%95%EC%8A%A4-%EA%B5%AC%EC%84%B1%ED%92%88-%EB%AA%A8%EB%91%90-%EC%9E%88%EC%9D%8C-%EC%9E%AC%EB%8B%B9%EA%B7%BCx-87z5418n254k/
09/03/2026,스토케트립트립뉴본세트(거의새상품),"스토케 트립트랩 뉴본세트에요! 

아기가 좋아할 줄 알고 구매했는데, 
앉히면 바로 울어서 잠깐 2~3번 앉혀보고 
박스 포장해서 보관만 해둬서
새제품과 거의 같다고 보시면 됩니다!


* 의자미포함
* 에누리 불가 
* 찔러보기 금지",3,0,148,150000,46.3,yooooonhee,판매완료,6,서울시 성동구 행당동,https://www.daangn.com/kr/buy-sell/%EC%8A%A4%ED%86%A0%EC%BC%80-%ED%8A%B8%EB%A6%BD%ED%8A%B8%EB%A6%BD-%EB%89%B4%EB%B3%B8-%EC%84%B8%ED%8A%B8-%EA%B1%B0%EC%9D%98-%EC%83%88%EC%83%81%ED%92%88-av516x7spu51/
03/08/2025,스토케트립트랩뉴본세트(새상품급),"스토케 트립트랩 뉴본세트입니다. 

박스, 설명서, 워런티 포함되어 있습니다. 

Register는 하지 않아서 하시려면 직접 가능합니다. 

일본 스토케 제품이고 구매인증도 가능합니다.

육아 중이라 행당한진타운 직거래/문고리거래 합니다.",6,16,1137,150000,71.8,초로롱,판매완료,6,서울시 성동구 행당동,https://www.daangn.com/kr/buy-sell/%EC%8A%A4%ED%86%A0%EC%BC%80-%ED%8A%B8%EB%A6%BD%ED%8A%B8%EB%9E%A9-%EB%89%B4%EB%B3%B8%EC%84%B8%ED%8A%B8-%EC%83%88%EC%83%81%ED%92%88%EA%B8%89-b2hp3eccd61r/
12/05/2026,스토케트립트랩뉴본세트그레이,"신생아부터 사용 가능한 스토케 트립트랩 뉴본 세트예요! 

25년 8월에 신세계에서 구매하였습니다~
박스와 구성품 모두 포함되어 있습니다!

사진에서 보이는 그대로 깨끗하게 사용했어요 :)
아기세제로 한번 더 세탁해두었습니다!",0,2,53,150000,39.4,ShinyLee,판매완료,1,경기 구리시 갈매동,https://www.daangn.com/kr/buy-sell/%EC%8A%A4%ED%86%A0%EC%BC%80-%ED%8A%B8%EB%A6%BD%ED%8A%B8%EB%9E%A9-%EB%89%B4%EB%B3%B8-%EC%84%B8%ED%8A%B8-%EA%B7%B8%EB%A0%88%EC%9D%B4-uvtgxn4iw7yk/
05/01/2025,스토케트립트랩뉴본세트(24년5월구매),"트립트랩 뉴본세트 입니다.
스토케 하남 신세계백화점에서 24년 5월 구입했어요.
7월생이라 7월부터 12월까지 잘 사용했습니당
이제 이유식 먹을 시기라 베이비세트로 넘어가게되어 판매합니다. 

여아가 혼자 사용했구요. 
뉴본세트는 정말..모든 육아용품 통틀어 가장 들이길 잘했다 싶은 용품이었어요!ㅋㅋㅋ
5개월인 현재 몸무게 7kg로 가벼운 편이라 더더욱 사용감 없습니다. 
항상 위에 천 깔아두고 사용해서 오염없이 깨끗해요!
세탁 후 박스에 넣어 보관중입니다 :-)

구성품은 모빌거치대, 연장 글라이더, 스토케 박스 있습니다. 하이체어는 포함되어있지 않습니다😅

갈매동 문고리 희망해요",2,3,230,150000,67.2,와이와이,판매완료,5,경기 구리시 갈매동,https://www.daangn.com/kr/buy-sell/%EC%8A%A4%ED%86%A0%EC%BC%80-%ED%8A%B8%EB%A6%BD%ED%8A%B8%EB%9E%A9-%EB%89%B4%EB%B3%B8%EC%84%B8%ED%8A%B8-24%EB%85%845%EC%9B%94%EA%B5%AC%EB%A7%A4-pwcgbvunvj1u/
16/12/2024,스토케트립트랩뉴본세트(24년구매제품),"트립트랩 뉴본세트 입니다.
스토케 하남 신세계백화점에서 24년 5월 구입했어요.
신생아 시절부터 5개월까지 잘 사용하고 이제 이유식 준비하며 앉기 시작해서 베이비로 넘어가게되어 판매합니다. 

여아가 혼자 사용했구요. 
뉴본세트는 정말..모든 육아용품 통틀어 가장 들이길 잘했다 싶은 용품이었어요!ㅋㅋㅋ
5개월인 현재 몸무게 7kg로 가벼운 편이라 더더욱 사용감 없습니다. 
항상 위에 천 깔아두고 사용해서 오염없이 깨끗해요!

구성품은 
모빌거치대랑 구입할 때 당시 박스 있습니다.

📍하이체어 말고 뉴본세트만 판매중입니다!",4,16,340,150000,67.2,와이와이,판매완료,4,경기 구리시 갈매동,https://www.daangn.com/kr/buy-sell/%EC%8A%A4%ED%86%A0%EC%BC%80-%ED%8A%B8%EB%A6%BD%ED%8A%B8%EB%9E%A9-%EB%89%B4%EB%B3%B8%EC%84%B8%ED%8A%B8-24%EB%85%84-%EA%B5%AC%EB%A7%A4%EC%A0%9C%ED%92%88-bp63yqg7pcct/
08/06/2026,스토케트립트랩뉴본세트그레이,"트립트랩 뉴본 세트

등센서 심한 아이여서 한두번 눕혀본게 다였네요
상태 좋고, 박스 구성품 그대로 보관되어 있습니다.



🏷️ 비대면 문고리거래 (양도마을)
🏷️ 육아중. 답변늦어도 이해해주세요🙇🏻‍♀️
🏷️ 예민맘.반품.환불 NO!
🏷️ 당근페이/ 선입금 해주시면 주소상세 알려드릴게요!",0,5,51,150000,40.1,뇽이,판매중,2,경기 김포시 풍무동,https://www.daangn.com/kr/buy-sell/%EC%8A%A4%ED%86%A0%EC%BC%80-%ED%8A%B8%EB%A6%BD%ED%8A%B8%EB%9E%A9-%EB%89%B4%EB%B3%B8-%EC%84%B8%ED%8A%B8-%EA%B7%B8%EB%A0%88%EC%9D%B4-728ztie5xzkd/
18/05/2026,스토케트립트랩뉴본세트,"25년 2월생 새상품사서 5개월정도 쓰고 보관하다가 처분합니다!
깨끗하고 고장난 부분 없이 상태 좋아요!",2,15,245,150000,44.7,jwseyj,판매완료,3,경기 김포시 풍무동,https://www.daangn.com/kr/buy-sell/%EC%8A%A4%ED%86%A0%EC%BC%80-%ED%8A%B8%EB%A6%BD%ED%8A%B8%EB%9E%A9-%EB%89%B4%EB%B3%B8%EC%84%B8%ED%8A%B8-cnqg82fpquo1/
17/03/2026,"스토케트립트랩뉴본세트(모빌대,상자있음)","스토케 트립트랩 뉴본 세트 입니다
(25년 5월 구입)

완모 아기라 뉴본에서 수유 한 적 없음
백일에 8.5kg 라 사용 거의 못함

모빌대, 박스 있습니다",1,13,205,150000,41.7,헤일리원더랜드,판매완료,1,경기 김포시 풍무동,https://www.daangn.com/kr/buy-sell/%EC%8A%A4%ED%86%A0%EC%BC%80-%ED%8A%B8%EB%A6%BD%ED%8A%B8%EB%9E%A9-%EB%89%B4%EB%B3%B8-%EC%84%B8%ED%8A%B8-%EB%AA%A8%EB%B9%8C%EB%8C%80-%EC%83%81%EC%9E%90%EC%9E%88%EC%9D%8C-4quq8p4hz7ar/
08/03/2026,"스토케트립트랩뉴본세트,사각커버판매합니다","스토케 트립트랩 뉴본 세트입니다. 

박스 포함해서 팔고, 아이가 많이 사용하지
않았지만 사용할 때도 커버를 씌워 사용하여
S급의 상태입니다. 

중고거래 특성상 예민하신 분들은 피해주시고
환불은 불가합니다. 

문고리 거래 합니다",1,2,62,150000,42.6,마마마,판매완료,1,경기 김포시 풍무동,https://www.daangn.com/kr/buy-sell/%EC%8A%A4%ED%86%A0%EC%BC%80-%ED%8A%B8%EB%A6%BD%ED%8A%B8%EB%9E%A9-%EB%89%B4%EB%B3%B8-%EC%84%B8%ED%8A%B8-%EC%82%AC%EA%B0%81-%EC%BB%A4%EB%B2%84-%ED%8C%90%EB%A7%A4%ED%95%A9%EB%8B%88%EB%8B%A4-8b9cbhhadq8u/
26/10/2025,스토케트립트랩뉴본세트[풀박스],"스토케 트립트랩 뉴본 세트입니다.

여아 3개월동안 사용했어요.

사용 시, 항상 도우미분이 머리 닿는 부분과 
엉덩이 다리 닿는 부분을 수건 깔아 사용해서
상태 좋습니다.

박스, 뉴본 시트, 설명서, 연장글라인더, 모빌대 
전체 풀박스 구성입니다.

-아기가 있어 문고리거래 선호",2,12,319,150000,47.6,코랄빛,판매완료,4,경기 김포시 풍무동,https://www.daangn.com/kr/buy-sell/%EC%8A%A4%ED%86%A0%EC%BC%80-%ED%8A%B8%EB%A6%BD%ED%8A%B8%EB%9E%A9-%EB%89%B4%EB%B3%B8-%EC%84%B8%ED%8A%B8-%ED%92%80%EB%B0%95%EC%8A%A4-6up83jq2cqdc/
25/10/2025,스토케트립트랩뉴본세트,"스토케 트립트랩 뉴본 세트입니다.
모든 부속품 다 있고, 박스도 있어요.
잠깐 사용했고, 세탁해놔서 바로 사용할 수 있어요.
새상품처럼 깨끗해요!!",1,3,91,150000,47.5,윤스윤스,판매완료,1,경기 김포시 풍무동,https://www.daangn.com/kr/buy-sell/%EC%8A%A4%ED%86%A0%EC%BC%80-%ED%8A%B8%EB%A6%BD%ED%8A%B8%EB%9E%A9-%EB%89%B4%EB%B3%B8%EC%84%B8%ED%8A%B8-ku6hiycob8i5/
19/04/2026,스토케트립트랩뉴본세트+사가엔젤릭커버,"스토케 트립트랩 뉴본 세트와 사가 엔젤릭 커버 판매합니다!

아기에게 편안함을 주는 뉴본 세트와 커버까지 함께 드려요!

커버는 네이버에서 40,000원에 구매 했는데
세트+커버 해서 저렴하게 판매합니다! 
(사용감은 거의 없습니다!)",2,3,77,150000,40.9,커피조아,판매완료,1,경기 수원시 장안구 파장동,https://www.daangn.com/kr/buy-sell/%EC%8A%A4%ED%86%A0%EC%BC%80-%ED%8A%B8%EB%A6%BD%ED%8A%B8%EB%9E%A9-%EB%89%B4%EB%B3%B8-%EC%84%B8%ED%8A%B8-%EC%82%AC%EA%B0%80-%EC%97%94%EC%A0%A4%EB%A6%AD-%EC%BB%A4%EB%B2%84-3u9dpisdgd6i/
06/04/2026,스토케트립트랩뉴본세트,"스토케 트립트랩 뉴본 세트 판매해요

신생아부터 사용할 수 있는 뉴본 세트이고, 안전벨트와 걸이 포함이에요

다리고정부 소음방지스티거자국있어요 
뉴본 사용 10회미만이에요.. 등센서...",3,4,86,150000,51.4,손잡이,판매완료,4,충남 당진시 당진1동,https://www.daangn.com/kr/buy-sell/%EC%8A%A4%ED%86%A0%EC%BC%80-%ED%8A%B8%EB%A6%BD%ED%8A%B8%EB%9E%A9-%EB%89%B4%EB%B3%B8-%EC%84%B8%ED%8A%B8-v7ptxhj1i7z1/
04/04/2026,스토케트립트랩뉴본세트,"스토케 트립트랩 뉴본세트 판매합니다
25년 10월생 여아 혼자 사용하였습니다
판매 위해 세탁해두었습니다

본품
모빌거치대
글라이더
사용 설명서
박스
구성품 그대로 드려요

육아 관계로 문고리 거래합니다",2,5,78,150000,40.9,당그은,판매완료,1,경기 하남시 신장1동,https://www.daangn.com/kr/buy-sell/%EC%8A%A4%ED%86%A0%EC%BC%80-%ED%8A%B8%EB%A6%BD%ED%8A%B8%EB%9E%A9-%EB%89%B4%EB%B3%B8%EC%84%B8%ED%8A%B8-97a6yxuiko1w/
23/10/2025,스토케트립트랩뉴본세트(풀패키지저렴하게데려가세요),"스토케 트립트랩 뉴본세트입니다

- 아이에게 안락한 인체공학적 디자인
- 5점식 안전벨트로 안전하게 보호
- 신생아부터 9kg까지 사용 가능

저는 올해 4월에 판교 현백에서 21만원주고 구입했고 여아 혼자 사용했어요
직접 구매한 노키모어 콩제슬래드 체리딸랑이 모빌이랑 사가 트립트랩 커버까지 풀패키지 판매합니다

박스도 있고 상태 좋은 편이나 2개월 정도 매일 사용해서 당연히 사용감 있어요 
마지막 사용후 세탁해서 비닐에 잘 넣어놨습니다


네고 문의와 예민하신 분은 사양합니다
야탑3동 문고리거래합니다",4,1,183,150000,51.5,당근이열렸으면,판매완료,7,경기 성남시 분당구 야탑3동,https://www.daangn.com/kr/buy-sell/%EC%8A%A4%ED%86%A0%EC%BC%80-%ED%8A%B8%EB%A6%BD%ED%8A%B8%EB%9E%A9-%EB%89%B4%EB%B3%B8%EC%84%B8%ED%8A%B8-%ED%92%80%ED%8C%A8%ED%82%A4%EC%A7%80-%EC%A0%80%EB%A0%B4%ED%95%98%EA%B2%8C-%EB%8D%B0%EB%A0%A4%EA%B0%80%EC%84%B8%EC%9A%94-8wsnhxhn9gdg/
10/10/2025,스토케트립트랩뉴본세트(공홈구매),"스토케 트립트랩 뉴본 세트
공홈새상품구매 (정품등록 하시면됩니다)
박스 그대로 보관되어 있으며, 구성품 모두 깨끗하게 사용했습니다.

🥕당근페이 선입금 후 문고리 거래
장소 : 해모로더센트라",1,6,156,150000,42,Daily,판매완료,10,대전 중구 선화동,https://www.daangn.com/kr/buy-sell/%EC%8A%A4%ED%86%A0%EC%BC%80-%ED%8A%B8%EB%A6%BD%ED%8A%B8%EB%9E%A9-%EB%89%B4%EB%B3%B8%EC%84%B8%ED%8A%B8-%EA%B3%B5%ED%99%88%EA%B5%AC%EB%A7%A4-w97jsuv94y8m/
24/05/2025,스토케트립트랩뉴본세트(롯데백화점24.3구매/3년보증),"아기 0-8개월까지 썼습니다.
어른들 밥먹을 때, 집안일할 때, 화장실갈 때 등등 정말 요긴해요. 보관상태도 너무 좋아요.

직구상품 아니고, 롯데백화점 온라인 구매라서 백화점에서 a/s 가능합니다. (직구상품 국내 a/s 불가)

문고리거래합니다.",2,1,191,150000,48.6,시야,판매완료,4,대전 중구 선화동,https://www.daangn.com/kr/buy-sell/%EC%8A%A4%ED%86%A0%EC%BC%80-%ED%8A%B8%EB%A6%BD%ED%8A%B8%EB%9E%A9-%EB%89%B4%EB%B3%B8%EC%84%B8%ED%8A%B8-%EB%A1%AF%EB%8D%B0%EB%B0%B1%ED%99%94%EC%A0%90-24-3-%EA%B5%AC%EB%A7%A4-3%EB%85%84-%EB%B3%B4%EC%A6%9D-uazroez2yw2z/
01/05/2026,스토케트립트랩뉴본세트,"새상품 구매후 아기 한명만 사용!
사용기간 짧고 커버위에 블랭킷 깔고 사용해서
상태 좋아요~! 
아기가 뒤집기를 빨리해서 오래 못썼습니다.
커버세탁해서 지퍼백에 보관중 입니다~!

가격제안불가/직거래가능/당근페이가능/바로구매가능",1,2,117,150000,44.6,망고스무디,판매완료,2,충남 천안시 서북구 성거읍,https://www.daangn.com/kr/buy-sell/%EC%8A%A4%ED%86%A0%EC%BC%80-%ED%8A%B8%EB%A6%BD%ED%8A%B8%EB%9E%A9-%EB%89%B4%EB%B3%B8%EC%84%B8%ED%8A%B8-4rkq3tktt4by/
10/05/2025,스토케트립트랩뉴본세트,"스토케 트립트랩 뉴본 세트 입니다.
새상품 구매하여 신생아부터 3개월까지 잘 사용했어요.
사진에 있는 구성품 다 세탁후 보관중이며
바로 사용 가능합니다. 
박스는 조금 구겨졌지만 편안하게 가져가실수있게
제품 넣어놨습니다.


육아중이라 답변이 늦을 수 있습니다
비대면 문고리 거래 원해요
아이가있어서 직접가지러 오셔야해요
환불 안되니 신중히 결정해주세요
입금하시면 상세주소 알려드려요",0,0,6,150000,41.6,수지재훈,판매완료,9,충남 천안시 서북구 성거읍,https://www.daangn.com/kr/buy-sell/%EC%8A%A4%ED%86%A0%EC%BC%80-%ED%8A%B8%EB%A6%BD%ED%8A%B8%EB%9E%A9-%EB%89%B4%EB%B3%B8-%EC%84%B8%ED%8A%B8-aaejb32649rb/
21/02/2026,(재당근x)스토케트립트랩뉴본(그레이)세트+사가양면커버,"첫째라 롯데백화점 본점 스토케 매장에서 트립트랩 풀세트로 직접 구매하였고(25년 5월 구매, 8월 배송 받음)
사가 커버 씌우고 사용해 오염없이 사용했습니다.

사가 커버 위에서도 머리 부분에는 사진처럼 손수건이나 트림패드를 교체하며 사용했고요.

아기세제(레드루트)로 세탁했고 베이비세트로 교체하며 세탁기 돌린 후(레드루트 세제+빨래망) 햇빛에 말렸어요. 바로 사용 가능해요.

✔️구성품 모두 있음: 뉴본 커버, 확장 글라이더, 장난감걸이대, 5점식하네스, 어깨패드
✔️사가 커버(양면사용 가능): 원하면 같이
✔️깔끔한 상태

수유할때나 엄마아빠 식사할때 너무 유용하게 잘 썼어요!!
베이비세트로 넘어가며 뉴본 내놓습니다.

2/27부터 트트 인상된다고 하네요.
뉴본은 10% 인상으로 230,000원 된다고 합니다~



📢예민하신 분들은 구매 신중해주세요📢
[개인간 중고거래 특성상 교환/환불 ❌]

🥕육아중이라 문고리 거래(답변 느릴 수 있어요)
🥕거래시 당근페이 송금 후 위치 공유
🥕가격 내림 없음‼️",2,25,496,150000,47.3,JJ,판매완료,6,서울시 중랑구 신내1동,https://www.daangn.com/kr/buy-sell/%EC%9E%AC%EB%8B%B9%EA%B7%BCx-%EC%8A%A4%ED%86%A0%EC%BC%80-%ED%8A%B8%EB%A6%BD%ED%8A%B8%EB%9E%A9-%EB%89%B4%EB%B3%B8-%EA%B7%B8%EB%A0%88%EC%9D%B4-%EC%84%B8%ED%8A%B8-%EC%82%AC%EA%B0%80-%EC%96%91%EB%A9%B4-%EC%BB%A4%EB%B2%84-ptrc7wa9bfvg/
24/10/2025,"스토케트립트랩뉴본세트풀박스(모빌대,연장글라이더포함)","스토케 트립트랩 뉴본 세트 그레이 색상입니다
박스 및 모빌대와 연장글라이더 모두 포함되어있는 풀구성입니다
24년 6월 구입제품으로 정품등록 안했으니 등록해서 사용하시면 되요
아이가 우량아라 금방 크고 뒤집기도 빨리해서 거의 사용을 못해서 상태는 정말 좋습니다
중고특성상 연장글라이더 바닥부분에 생활기스 정도는 있습니다(심하지 않아요)
그외 특별한 흠집이나 문제는 전혀 없습니다
직접 보시고 확인 후 구입하셔도 되요
단 환불 불가합니다",2,17,538,150000,45.7,키위802,판매완료,3,인천 남동구 장수서창동,https://www.daangn.com/kr/buy-sell/%EC%8A%A4%ED%86%A0%EC%BC%80-%ED%8A%B8%EB%A6%BD%ED%8A%B8%EB%9E%A9-%EB%89%B4%EB%B3%B8-%EC%84%B8%ED%8A%B8-%ED%92%80%EB%B0%95%EC%8A%A4-%EB%AA%A8%EB%B9%8C%EB%8C%80-%EC%97%B0%EC%9E%A5%EA%B8%80%EB%9D%BC%EC%9D%B4%EB%8D%94-%ED%8F%AC%ED%95%A8-enekqu6pbo3r/
01/12/2025,스토케트립트랩뉴본세트,"스토케 트립트랩 뉴본세트입니다.

올해 8월 아기 출산에 대비해
부푼맘에 직구로 새제품 구입하여 준비해두었으나...
아기가 싫어해서 별로 사용을 못했어요

박스 포함이고, 
상태는 사진과 같습니다.(완전 새거)

구매 후 환불은 안돼요
비대면거래로 할게요~",3,4,102,150000,45.8,돌멩이,판매완료,5,강원 춘천시 동내면,https://www.daangn.com/kr/buy-sell/%EC%8A%A4%ED%86%A0%EC%BC%80-%ED%8A%B8%EB%A6%BD%ED%8A%B8%EB%9E%A9-%EB%89%B4%EB%B3%B8%EC%84%B8%ED%8A%B8-7futtm6je16t/
02/03/2025,스토케트립트랩뉴본세트,"트랩트랩 뉴본세트 판매합니다~

구성품 모두 있고 정품등록도 되어있습니다!

3개월 정도 사용하였고, 관리 잘해서 깨끗합니다

아기때매 나가기 힘들어서 비대면 거래 원합니다!

☆선입금 확인되면 주소 알려드릴께요☆

당근페이⭕️, 환불❌️
",1,1,228,150000,44.5,금뚱이,판매완료,2,강원 춘천시 동내면,https://www.daangn.com/kr/buy-sell/%EC%8A%A4%ED%86%A0%EC%BC%80-%ED%8A%B8%EB%A6%BD%ED%8A%B8%EB%9E%A9-%EB%89%B4%EB%B3%B8-%EC%84%B8%ED%8A%B8-nveoyq73punr/
08/02/2025,스토케트립트랩뉴본세트,"스토케 트립트랩 뉴본세트 입니다.
정.말.. 어렵게 구했는데,, 몇번 쓰지도 못했네요..
사용감 없고 깨끗합니다. 
박스,설명서도 있습니다^^",3,0,168,150000,42.2,감자소녀,판매완료,1,강원 춘천시 동내면,https://www.daangn.com/kr/buy-sell/%EC%8A%A4%ED%86%A0%EC%BC%80-%ED%8A%B8%EB%A6%BD%ED%8A%B8%EB%9E%A9-%EB%89%B4%EB%B3%B8%EC%84%B8%ED%8A%B8-2dx95o8gvtts/
25/09/2024,스토케트립트랩뉴본세트팝니다.(6개월사용),"스토케 트립트랩 뉴본세트 팝니다.

새상품 6개월동안 잘 쓰고 
이제 아기가 사용하지 않아 내놓습니다.

장난감걸이 포함이며,
겉에 씌우는 거는 살균세탁해서 넣어뒀습니다.

애기 분유 먹일때, 저도 밥먹을때 옆에 두면서 정말 잘 썼구요.
아기용품 중 후회없는 제품입니다!!


아기가 있어 문고리 거래 원합니다.
연락주세요~^^


",23,3,460,150000,47.4,따뜻한커피처럼,판매완료,2,경기 수원시 장안구 영화동,https://www.daangn.com/kr/buy-sell/%EC%8A%A4%ED%86%A0%EC%BC%80-%ED%8A%B8%EB%A6%BD%ED%8A%B8%EB%9E%A9-%EB%89%B4%EB%B3%B8%EC%84%B8%ED%8A%B8-%ED%8C%9D%EB%8B%88%EB%8B%A4-6%EA%B0%9C%EC%9B%94%EC%82%AC%EC%9A%A9-fbwoo5pe3eyn/
25/01/2026,스토케트립트랩뉴본세트어텀31포함,"신생아부터 9kg까지 사용 가능하며,
박스에 3년 보증 스티커도 붙어있습니다
박스째 보관 중이며, 구성품 모두 온전히 들어있습니다.
2025년7월생 아기가 사용했으며, 
어텀31 사용해서만 사용해서 이염없이 깨끗합니다",1,3,79,150000,41.1,용짱,판매완료,8,울산 중구 태화동,https://www.daangn.com/kr/buy-sell/%EC%8A%A4%ED%86%A0%EC%BC%80-%ED%8A%B8%EB%A6%BD%ED%8A%B8%EB%9E%A9-%EB%89%B4%EB%B3%B8%EC%84%B8%ED%8A%B8-%EC%96%B4%ED%85%8031-%ED%8F%AC%ED%95%A8-syuh49m4ono7/
10/04/2026,스토케트립트랩뉴본,"안녕하세요
스토케 트립트랩 뉴본 판매합니다

구매 후 세탁 1회, 사용 전 세탁 1회로 세탁만 두번 했구요. 
실사용은 아기가 1분정도 누워본게 전부입니다.. 아기가 거부해서 사용 못한 케이스.. 사용감이 아예 없는 거의 새제품 입니다.

쌍용더플래티넘 문고리 거래 가능합니다~~",2,4,242,150000,40.6,날아라이튼,판매완료,1,경기 수원시 권선구 오목천동,https://www.daangn.com/kr/buy-sell/%EC%8A%A4%ED%86%A0%EC%BC%80-%ED%8A%B8%EB%A6%BD%ED%8A%B8%EB%9E%A9-%EB%89%B4%EB%B3%B8-ktndeqwh686u/
03/05/2026,"스토케트립트랩뉴본세트(박스포함,설명서,구성품있음)","스토케 트립트랩 뉴본 세트 판매합니다.
박스 포함이고 상태 좋아요!
세탁하여 깨끗하게 보관중입니다~
구성품 다있습니다.

*문고리거래 선호합니다.
*가능하시면 당근페이로 입금 해주세요. 입금후 상세주소 공유하겠습니다.
*개인간 중고거래로 환불 불가합니다. 
신중한 구매 바랍니다.",2,6,104,150000,44.5,슈리수리슈,판매완료,4,경기 군포시 산본동,https://www.daangn.com/kr/buy-sell/%EC%8A%A4%ED%86%A0%EC%BC%80-%ED%8A%B8%EB%A6%BD%ED%8A%B8%EB%9E%A9-%EB%89%B4%EB%B3%B8-%EC%84%B8%ED%8A%B8-%EB%B0%95%EC%8A%A4%ED%8F%AC%ED%95%A8-%EC%84%A4%EB%AA%85%EC%84%9C-%EA%B5%AC%EC%84%B1%ED%92%88%EC%9E%88%EC%9D%8C-58cgycj17148/
18/04/2026,스토케트립트랩뉴본세트(재당근❌️),"스토케 트립트랩 뉴본 판매합니다.(재당근❌️)

새 제품 구매 후 25년 연말생 여자아기 한 명 사용했습니다. 사용 중 토하거나 소변·대변이 샌 적 없이 깨끗하게 사용했습니다.

모빌대 포함이며, 상자와 연장 글라이더는 없고 사진에 있는 구성품이 전부입니다.

육아 중이라 문고리 거래 희망합니다. 감사합니다.",1,9,193,150000,43.7,김토끼,판매완료,3,경기 군포시 산본동,https://www.daangn.com/kr/buy-sell/%EC%8A%A4%ED%86%A0%EC%BC%80-%ED%8A%B8%EB%A6%BD%ED%8A%B8%EB%9E%A9-%EB%89%B4%EB%B3%B8-%EC%84%B8%ED%8A%B8-%EC%9E%AC%EB%8B%B9%EA%B7%BC-qidg7q5r3pz4/
20/12/2025,"스토케트립트랩뉴본세트(상자o,재당근x)","스토케 트립트랩 뉴본 세트입니다🥳

✔️ 블랙컬러 (올 해 신상컬러)
✔️ 25년 7월에 배송받음(아이가 7월에 태어나서 조리원 갔다가 실 사용은 8월부터)
✔️모빌대와 연장 글라이더 포함
✔️사용설명서와 박스도 같이 드림
✔️교환, 반품X

아이가 좋아하질 않아서 많이 안 썼습니다. 여아가 사용했고 상태 좋습니다☺️ 깨끗히 사용했어요!

문고리거래 희망합니다🍀
지역: 산본",0,11,109,150000,41.2,부부붕뿡,판매완료,2,경기 군포시 산본동,https://www.daangn.com/kr/buy-sell/%EC%8A%A4%ED%86%A0%EC%BC%80-%ED%8A%B8%EB%A6%BD%ED%8A%B8%EB%9E%A9-%EB%89%B4%EB%B3%B8%EC%84%B8%ED%8A%B8-%EC%83%81%EC%9E%90o-%EC%9E%AC%EB%8B%B9%EA%B7%BCx-wtex72fn1ys8/
14/03/2026,스토케트립트랩뉴본세트풀박스(재당근x),"스토케 트립트랩 뉴본 세트 판매합니다
새제품 구매해서 두달정도 사용했으며 (재당근x)
제가 보기엔 깨끗한데 예민하신분 피해주세요
세탁 후 보관중이며 비대면 거래 원합니다

사실분만 채팅걸어주세요.",1,6,169,150000,41.9,소쨩,판매완료,3,대구 달성군 구지면,https://www.daangn.com/kr/buy-sell/%EC%8A%A4%ED%86%A0%EC%BC%80-%ED%8A%B8%EB%A6%BD%ED%8A%B8%EB%9E%A9-%EB%89%B4%EB%B3%B8-%EC%84%B8%ED%8A%B8-%ED%92%80%EB%B0%95%EC%8A%A4-%EC%9E%AC%EB%8B%B9%EA%B7%BCx-1kf6uxsuuqym/
18/06/2025,스토케트립트랩뉴본세트,"스토케 트립트랩 뉴본세트입니다
구성품 및 박스 다 있어요
잠깐 썼던거라 상태 좋아요

용상동 풍림 아이원 
비대면 거래입니다 🙂",1,3,134,150000,41.6,나닝구,판매완료,2,경북 안동시 용상동,https://www.daangn.com/kr/buy-sell/%EC%8A%A4%ED%86%A0%EC%BC%80-%ED%8A%B8%EB%A6%BD%ED%8A%B8%EB%9E%A9-%EB%89%B4%EB%B3%B8%EC%84%B8%ED%8A%B8-w8ynkcc89q6q/
30/05/2026,스토케트립트랩뉴본세트,"잘 쓰다가 졸업해서 내놓습니다
오염 손상 없이 상태 좋아요!

교환 환불 에눌 예민맘 사절
퇴계금호타운 문고리합니다",1,16,361,150000,53.2,뚱이,판매중,2,강원 춘천시 퇴계동,https://www.daangn.com/kr/buy-sell/%EC%8A%A4%ED%86%A0%EC%BC%80-%ED%8A%B8%EB%A6%BD%ED%8A%B8%EB%9E%A9-%EB%89%B4%EB%B3%B8-%EC%84%B8%ED%8A%B8-a2rvu3f7oto9/
30/11/2025,스토케트립트랩뉴본세트,"스토케 트립트랩 뉴본 세트입니다
사람 좋아하는 아기라 거의 사용하지 못했습니다 
박스도 보관하고 있어 판매 시 재포장해서 드릴 예정입니다",2,1,102,150000,44.9,무와,판매완료,1,강원 춘천시 퇴계동,https://www.daangn.com/kr/buy-sell/%EC%8A%A4%ED%86%A0%EC%BC%80-%ED%8A%B8%EB%A6%BD%ED%8A%B8%EB%9E%A9-%EB%89%B4%EB%B3%B8-%EC%84%B8%ED%8A%B8-yosksxfjzk92/
15/10/2025,스토케트립트랩뉴본세트,"새제품 구매해서 7월에 아기가 태어나, 두세번 눕혀보고 아예 사용을 안했어요 ㅠㅠ! 상태 최상**입니다.

새로나온 앤트러사이트 뉴컬러이구요.
박스는 버려서 없네요.

평일 6시 이후나 주말에는 대면거래 가능하고,
평일 6시 이전은 비대면 문고리 거래만 가능합니다!
원하시는 거래 방법 말씀해주시면 되세요 ^^!",1,2,71,150000,42.4,추추,판매완료,2,경남 진주시 정촌면,https://www.daangn.com/kr/buy-sell/%EC%8A%A4%ED%86%A0%EC%BC%80-%ED%8A%B8%EB%A6%BD%ED%8A%B8%EB%9E%A9-%EB%89%B4%EB%B3%B8%EC%84%B8%ED%8A%B8-xkoqzk2f9dtb/
13/07/2025,스토케트립트랩뉴본세트,"스토케 트립트랩 뉴본 세트 판매(풀박스) 


- 신생아부터 사용 가능
- 트립트랩 의자에 간편하게 탈부착 가능
- 커버 분리 후 세탁 가능
-2025년3월 사용 (3년 워런티 있음 , 2025년2월 등록) 
- 처음 구성품 모빌대 까지 그대로 판매",1,2,284,150000,49.5,성실한레몬,판매완료,2,경남 진주시 정촌면,https://www.daangn.com/kr/buy-sell/%EC%8A%A4%ED%86%A0%EC%BC%80-%ED%8A%B8%EB%A6%BD%ED%8A%B8%EB%9E%A9-%EB%89%B4%EB%B3%B8-%EC%84%B8%ED%8A%B8-ytig1r8465fo/
14/04/2025,스토케트립트랩뉴본세트,"트립트랩 뉴본세트입니다!

새상품 사서 3개월도 채 안쓴 제품 당근으로 구매했는데, 저희 애기는 등센서때문에 눕혀보지도 못하고 사진찍느라 개봉해본게 다에요ㅠㅠ

박스까지 다 있는 풀세트입니다.",2,1,175,150000,58.3,정리하자,판매완료,2,경남 진주시 정촌면,https://www.daangn.com/kr/buy-sell/%EC%8A%A4%ED%86%A0%EC%BC%80-%ED%8A%B8%EB%A6%BD%ED%8A%B8%EB%9E%A9-%EB%89%B4%EB%B3%B8-%EC%84%B8%ED%8A%B8-8qjkmx5odihn/
28/04/2026,스토케트립트랩뉴본세트그레이,"작년 9월 대구 신세계에서 구입
11월에 개시했는데 거의 사용 안 했어요
여아 혼자사용했고 세탁해 뒀어요
상태 아주 좋아요

⭐️비대면 문고리 거래 할게요
⭐️입금해 주시면 상세주소 드릴게요
⭐️깨끗하게 사용했지만 중고인 점 감안해 주세요
⭐️환불 안돼요",3,8,148,150000,42.4,뾰로로롱,판매완료,4,경북 칠곡군 왜관읍,https://www.daangn.com/kr/buy-sell/%EC%8A%A4%ED%86%A0%EC%BC%80-%ED%8A%B8%EB%A6%BD%ED%8A%B8%EB%9E%A9-%EB%89%B4%EB%B3%B8-%EC%84%B8%ED%8A%B8-%EA%B7%B8%EB%A0%88%EC%9D%B4-ov6xoqd4wtkr/
20/05/2026,스토케트립트랩뉴본세트블랙앤트러사이트,"✅마지막 가격내림
신생아부터 9kg까지 사용 가능한 스토케 트립트랩 뉴본 세트입니다.
25년 11월에 롯데백화점 부산본점에서 구매했어요.
박스와 구성품 모두 포함되어 있고 상태 새상품급입니다~!
✅정관동원로얄듀크2차아파트 입니다. (비대면 문고리거래 원해요.)",1,6,152,150000,43.6,빨강망토차차83,판매완료,5,부산 기장군 정관읍,https://www.daangn.com/kr/buy-sell/%EC%8A%A4%ED%86%A0%EC%BC%80-%ED%8A%B8%EB%A6%BD%ED%8A%B8%EB%9E%A9-%EB%89%B4%EB%B3%B8-%EC%84%B8%ED%8A%B8-%EB%B8%94%EB%9E%99-%EC%95%A4%ED%8A%B8%EB%9F%AC%EC%82%AC%EC%9D%B4%ED%8A%B8-48v6xj8fvgtv/
04/04/2026,스토케트립트랩뉴본세트그레이,"스토케 트립트랩 뉴본 세트입니다!
아기가 편안하게 쉴 수 있도록 도와주는 제품이에요


식탁에서 밥 먹을 때 진짜 소중해요ㅠㅠ
옆에 두고 모빌이나 치발기 같은거 두면
식사시간 확보할 수 있어요💕

태어나서 얼마안썻어요

미처 보지못한 얼룩이 있을 수도 있으니
예민하신분은 패스해주새요
세탁해서 사용해야해요",1,1,88,150000,42,미고니고니,판매완료,3,부산 기장군 정관읍,https://www.daangn.com/kr/buy-sell/%EC%8A%A4%ED%86%A0%EC%BC%80-%ED%8A%B8%EB%A6%BD%ED%8A%B8%EB%9E%A9-%EB%89%B4%EB%B3%B8-%EC%84%B8%ED%8A%B8-%EA%B7%B8%EB%A0%88%EC%9D%B4-ad91brty7tsq/
22/03/2026,스토케트립트랩뉴본세트,"스토케 트립트랩 뉴본 세트입니다
1. 구입일 : 25년 10월 20일
2. 구성품 : 박스 풀세트
생각보다 애기가 빨리 크는 바람에 거의
사용 을 안했습니다. 그래서 박스까지
다 있습니다.
주거는 정관이고 직장이 센텀시티라 두 장소애서 거래 가능합니다.",4,1,132,150000,37.4,느긋함,판매완료,2,부산 기장군 정관읍,https://www.daangn.com/kr/buy-sell/%EC%8A%A4%ED%86%A0%EC%BC%80-%ED%8A%B8%EB%A6%BD%ED%8A%B8%EB%9E%A9-%EB%89%B4%EB%B3%B8-%EC%84%B8%ED%8A%B8-3ecs91ed2jht/
30/12/2025,스토케트립트랩뉴본,"스토케 트립트랩 뉴본입니다(의자 제외) 
- 박스, 액세서리 포함, (스토퍼 미사용) 
- 신생아부터 최대 9kg까지 사용 가능
- 3년 워런티 제공

2025년 8월, 스토케 공홈 구매했구요
신상컬러입니다
아이가 주로 역방쿠에 누워있어서 
많이 사용하지 못했어요 
보풀이나 오염, 이염 전혀없이 깨끗한 컨디션이나
예민하신분은 피해주세요~",0,3,117,150000,43.8,마자용당근,판매완료,5,부산 기장군 정관읍,https://www.daangn.com/kr/buy-sell/%EC%8A%A4%ED%86%A0%EC%BC%80-%ED%8A%B8%EB%A6%BD%ED%8A%B8%EB%9E%A9-%EB%89%B4%EB%B3%B8-mmrkc2w38j1q/
01/10/2025,스토케트립트랩뉴본세트,"스토케 트립트랩 뉴본 세트 판매합니다.
새제품(직구)구매했습니다. 
등센서 아기 할머니 손에
계속 안겨있느라 거의 전시용으로 있었고
새제품이라 해도 무방한 정도 입니다. 
사용감 없음

- 박스 없음: 육아용품으로 집이 터져나가서.. 처분했어요 
- 고정발(?) 미사용입니당
- 당근페이 주시면 주소공유 드립니다. 
- 당근페이 거래만 합니다.
- 택배거래 안합니다.!",1,7,224,150000,43.6,소밍,판매완료,1,부산 기장군 정관읍,https://www.daangn.com/kr/buy-sell/%EC%8A%A4%ED%86%A0%EC%BC%80-%ED%8A%B8%EB%A6%BD%ED%8A%B8%EB%9E%A9-%EB%89%B4%EB%B3%B8%EC%84%B8%ED%8A%B8-696vo8gcakrg/
09/10/2025,스토케트립트랩뉴본세트(상태좋음),"스토케 트립트랩 뉴본세트입니다.

깨끗하게 사용했고 상태 좋습니다!
박스랑 구성품 모두 포함되어 있어요~
레드루트 아기세제로 세탁해놨습니다

5월 4일에 신세계백화점 센텀시티점에서 구매해서
9월까지 사용했고 천기저귀 씌워서 써서 깨끗하게 썼어요.

깨끗하게 사용했으나, 중고인 점 감안해주세요!

입금 후 상세주소 및 공동현관비번 안내드립니다.

네고, 환불 🙅🏻‍♂️❌️
",0,8,198,150000,46.3,슈슈,판매완료,4,부산 기장군 정관읍,https://www.daangn.com/kr/buy-sell/%EC%8A%A4%ED%86%A0%EC%BC%80-%ED%8A%B8%EB%A6%BD%ED%8A%B8%EB%9E%A9-%EB%89%B4%EB%B3%B8%EC%84%B8%ED%8A%B8-%EC%83%81%ED%83%9C-%EC%A2%8B%EC%9D%8C-ba26mu3yjyoj/
08/06/2026,스토케트립트랩뉴본세트(상태좋음_재당근아님),"트리트랩 뉴본세트 입니다 (재당근 아니에요)
광명베이비하우스 정품 구매 후 아기 5개월차까지 5개월정도 사용했구요
전부 커버 씌우고 사용해서  커버 세탁엔 천기저귀 깔고 사용해서 상태 깨끗합니다
세탁 후 잘 보관중입니다
아이 용품이다보니 세탁은 한달에 한번 꼴로 했어요 
모빌 아래쪽 끼우는 부분에 까만 얼룩이 있네요 사진 참고하세여
세탁으로 인한 사용감은 있을수 있습니다
구성품 다있어요

어텀 31 베이지/브라운 커버 같이 구매시 +15,000원 추가

문고리요! 
정품 등록 메일 필요하시면 거래시 보여드려요",0,0,17,150000,52.3,Gggggggg,판매중,4,경기 광명시 광명동,https://www.daangn.com/kr/buy-sell/%EC%8A%A4%ED%86%A0%EC%BC%80-%ED%8A%B8%EB%A6%BD%ED%8A%B8%EB%9E%A9-%EB%89%B4%EB%B3%B8-%EC%84%B8%ED%8A%B8-%EC%83%81%ED%83%9C%EC%A2%8B%EC%9D%8C-%EC%9E%AC%EB%8B%B9%EA%B7%BC%EC%95%84%EB%8B%98-7w62cx5s2zq3/
24/03/2026,스토케트립트랩뉴본세트(재당근x),연장글라이더(2번 째 사진) 생활기스 있고 이외에는 컨디션 좋습니다! 딱 3개월 사용했고 세탁도 해놓았습니다 육아중이라 답장느릴 수있고 문고리거래원합니다,2,5,172,150000,52.2,송이네,판매완료,8,경기 광명시 광명동,https://www.daangn.com/kr/buy-sell/%EC%8A%A4%ED%86%A0%EC%BC%80-%ED%8A%B8%EB%A6%BD%ED%8A%B8%EB%9E%A9-%EB%89%B4%EB%B3%B8-%EC%84%B8%ED%8A%B8-%EC%9E%AC%EB%8B%B9%EA%B7%BCx-agrxxshddvks/
29/05/2026,(재당근x)스토케트립트랩뉴본세트,"스토케 트립트랩 뉴본 그레이 판매합니다.

새제품사서 잘사용하고 판매합니다.
여자아기가 사용한 제품이고 세탁해뒀어요.",0,5,75,150000,43.6,에릭,판매중,2,경기 성남시 수정구 금토동,https://www.daangn.com/kr/buy-sell/%EC%9E%AC%EB%8B%B9%EA%B7%BCx-%EC%8A%A4%ED%86%A0%EC%BC%80-%ED%8A%B8%EB%A6%BD%ED%8A%B8%EB%9E%A9-%EB%89%B4%EB%B3%B8-%EC%84%B8%ED%8A%B8-3aqu7z7kcdwp/
15/05/2026,스토케트립트랩뉴본그레이,"스토케 트립트랩 뉴본세트 그레이 색상이에요
아기 의자에 편안하게 앉혀줄 수 있는 제품이에요
안전벨트와 쿠션이 포함되어 있어요
신생아부터 사용하기 좋아요
아기가 편안함을 느끼는 것은 물론, 부모님도 안심하고 사용할 수 있어요

새제품 구매해서 사용하였습니다 
뉴본이랑 모빌걸이대 팝니다
깨끗하게 세탁해두었습니다~",3,17,375,150000,45.2,찌니,판매중,6,대구 중구 태평로3가,https://www.daangn.com/kr/buy-sell/%EC%8A%A4%ED%86%A0%EC%BC%80-%ED%8A%B8%EB%A6%BD%ED%8A%B8%EB%9E%A9-%EB%89%B4%EB%B3%B8-%EA%B7%B8%EB%A0%88%EC%9D%B4-6uqcjfppm8nn/
02/11/2025,스토케트립트랩뉴본세트,"스토케 트립트랩 뉴본 세트입니다

- 신생아부터 9kg까지 사용 가능
- 박스 포함 구성품 모두 포함

여기서 맘마 먹이고 
엄마아빠 밥먹을 때 애 눕혀서 옆에 두면 그렇게 좋다는데..
저희 애기는 눕혔다하면 싫어해서 5번 미만으로 썼어요..
맘마는 두 번 겨우 먹여보고 끝났습니다😭

잘 맞는 아기주인 찾아가길 바래요

⚠️교환,환불 불가
⚠️비대면거래(문고리) 
⚠️선입금 후 주소 안내 드릴게요!",4,3,122,150000,47.1,뽀로리,판매완료,7,대구 중구 태평로3가,https://www.daangn.com/kr/buy-sell/%EC%8A%A4%ED%86%A0%EC%BC%80-%ED%8A%B8%EB%A6%BD%ED%8A%B8%EB%9E%A9-%EB%89%B4%EB%B3%B8-%EC%84%B8%ED%8A%B8-mos6kvwq32km/
12/10/2025,스토케트립트랩뉴본세트(커버포함),"스토케 트립트랩 뉴본 세트 판매합니다!(재당근)

사가 커버 사서 사용하여 이염없고 깨끗하나
세탁으로 인한 보풀감은 있어요
그래도 예민하신분은 피해주세요!
구성품은 사진과 같이 있어요 
저는 연장글라이더는 이미 있어서 사용 안했고 
모빌대도 사용안했어요
사가커버(양면_베이지/그레이)도 함께 드려요
사진찍으면 예쁘게 나와요 

세탁 모두 해두어서 바로 사용하시면 되세요 

👶🏻 답장이 조금 늦을 수 있어요 양해바랍니다.
❌ 환불 교환이 어려워요.
🥕당근페이 해요",1,3,246,150000,40.8,carrot,판매완료,7,광주 북구 건국동,https://www.daangn.com/kr/buy-sell/%EC%8A%A4%ED%86%A0%EC%BC%80-%ED%8A%B8%EB%A6%BD%ED%8A%B8%EB%9E%A9-%EB%89%B4%EB%B3%B8-%EC%84%B8%ED%8A%B8-%EC%BB%A4%EB%B2%84%ED%8F%AC%ED%95%A8-shmptt3j6t5e/
09/01/2026,스토케트립트랩뉴본세트25년신제품4개월(의자미포함),"‼️의자및딸랑이제외‼️

⚠️구매시기 : 2025년 7월수령(정품등록가능)
🗓사용기간 : 2025년 8월~11월(약4개월)
🎀구성 : 모빌걸이, 하네스,글라이더,설명서포함

▪️커버씌우고 여자아기가사용하여 사용흔적은
없는편입니다^^상태는아아주 좋아요
깨끗하지만 예민맘은 피해주세요


✅️비대면 문고리 거래합니다
✅️당근페이로 선입금 시 상세 주소 안내드립니다
✅️채팅 순이 아닌 입금 먼저하시는분에게 판매하겠습니다
❌️구매 후 교환, 환불 불가입니다

",4,13,477,150000,48.9,숑이,판매완료,5,대구 동구 신천4동,https://www.daangn.com/kr/buy-sell/%EC%8A%A4%ED%86%A0%EC%BC%80-%ED%8A%B8%EB%A6%BD%ED%8A%B8%EB%9E%A9-%EB%89%B4%EB%B3%B8%EC%84%B8%ED%8A%B8-25%EB%85%84%EC%8B%A0%EC%A0%9C%ED%92%88-4%EA%B0%9C%EC%9B%94-%EC%9D%98%EC%9E%90%EB%AF%B8%ED%8F%AC%ED%95%A8-3wwzxbh1h3u1/
06/08/2025,스토케트립트랩뉴본세트,"스토케 트립트랩 뉴본 세트입니다.
박스에 다 들어있고, 상태 좋습니다~
 
올초 판교현백 구매
아가 잠깐 쓰고 박스보관 중
오염없어요

선입금 문고리거래 원합니다.
당근페이 선호
이매동 삼성아파트",1,2,134,150000,54.7,마죠리카,판매완료,5,경기 성남시 분당구 이매1동,https://www.daangn.com/kr/buy-sell/%EC%8A%A4%ED%86%A0%EC%BC%80-%ED%8A%B8%EB%A6%BD%ED%8A%B8%EB%9E%A9-%EB%89%B4%EB%B3%B8-%EC%84%B8%ED%8A%B8-8tzwh3bsypgv/
11/04/2026,스토케트립트랩뉴본세트블랙,"s급! 

신생아부터 9kg까지 사용 가능한 스토케 트립트랩 뉴본 세트예요

박스와 구성품 모두 포함되어 있어요

아기가 편안하게 사용할 수 있도록 도와주는 제품이랍니다

신생아부터 편안한 자세를 잡아주고 싶은 부모님께 추천드려요

스토퍼 추가시 1만원 추가됩니당",3,6,181,150000,37.6,솔레,판매완료,4,전남 나주시 금천면,https://www.daangn.com/kr/buy-sell/%EC%8A%A4%ED%86%A0%EC%BC%80-%ED%8A%B8%EB%A6%BD%ED%8A%B8%EB%9E%A9-%EB%89%B4%EB%B3%B8-%EC%84%B8%ED%8A%B8-%EB%B8%94%EB%9E%99-ztegzuaena7p/
11/01/2025,"스토케트립트랩뉴본세트판매합니다(재당근x,박스포함)","스토케 트립트랩 뉴본 세트 판매합니다 (재당근x, 박스 포함)
집에서 매트 깔고 좌식 생활하다보니 사용을 잘 안 해서 판매해요!
완전 신생아 시절 실착용 5회 정도 사용하고 
사용할 때 항상 손수건 깔아 놓고 사용해서 
상태 정말 최상입니다


✔️육아중이라 문고리 거래 희망합니다 
✔️교환, 환불 불가합니다",1,5,292,150000,52.9,아현,판매완료,3,경기 안양시 만안구 호현동,https://www.daangn.com/kr/buy-sell/%EC%8A%A4%ED%86%A0%EC%BC%80-%ED%8A%B8%EB%A6%BD%ED%8A%B8%EB%9E%A9-%EB%89%B4%EB%B3%B8%EC%84%B8%ED%8A%B8-%ED%8C%90%EB%A7%A4%ED%95%A9%EB%8B%88%EB%8B%A4-%EC%9E%AC%EB%8B%B9%EA%B7%BCx-%EB%B0%95%EC%8A%A4%ED%8F%AC%ED%95%A8-mdqp2r68rr8p/
05/05/2026,"스토케트립트랩뉴본세트그레이(3번사용,박포)","신생아부터 사용 가능한 스토케 트립트랩 뉴본세트예요
박스 구성품 글라이더포함 그대로 모두 있어요
사진에서 보이는 것처럼 깔끔하게 보관했어요

아기가 불편해해서 거의 사용 못했습니다",3,14,258,150000,50.9,피글렛,판매완료,4,서울시 강남구 도곡2동,https://www.daangn.com/kr/buy-sell/%EC%8A%A4%ED%86%A0%EC%BC%80-%ED%8A%B8%EB%A6%BD%ED%8A%B8%EB%9E%A9-%EB%89%B4%EB%B3%B8%EC%84%B8%ED%8A%B8-%EA%B7%B8%EB%A0%88%EC%9D%B4-3%EB%B2%88-%EC%82%AC%EC%9A%A9-%EB%B0%95%ED%8F%AC-9admxyeyumqi/
18/06/2025,스토케트립트랩뉴본세트(상태최상),"스토케 트립트랩 뉴본세트입니다.

첨부파일 보시면 스토케 직영샵에서 21만원에 직접 구매했습니다. 아기는 25년 1월 초에 태어났으나, 100일 전에는 깨어있는 동안에도 등센서가 심한 아기여서 세탁만 해 두고 거의 제대로 사용해 본 적이 없습니다. 100일 후에 더 사용해 보고 싶었으나, 우량아여서 100일 직후에 9kg가 넘어서 사용할 수 없게 되어서 보관만 하다가 이제 내놓습니다. 

제 생각에는 실사용 횟수는 10회 미만인거 같아요. 정말 상태 좋습니다. 구매할 때 왔던 그대로 포장해서 설명서와 함께 박스세트로 드릴게요.

직거래 원하고, 장소는 도곡역 타워팰리스 입니다.",3,1,145,150000,42.2,MJ,판매완료,6,서울시 강남구 도곡2동,https://www.daangn.com/kr/buy-sell/%EC%8A%A4%ED%86%A0%EC%BC%80-%ED%8A%B8%EB%A6%BD%ED%8A%B8%EB%9E%A9-%EB%89%B4%EB%B3%B8%EC%84%B8%ED%8A%B8-%EC%83%81%ED%83%9C%EC%B5%9C%EC%83%81-egr4x2ajepad/
26/05/2026,스토케트립트랩뉴본세트,"신생아부터 사용할 수 있는 스토케 트립트랩 뉴본 세트예요
사진에 보다시피 사용흔적이 있어서 커버만 따로 교체하셔서 사용하시는게 좋을거같습니다
문고리거래입니다 
선입금후 상세주소 보내드립니다 
네고×
환불×",0,1,102,150000,43.4,송블리,판매중,2,경기 화성시 병점구 안녕동,https://www.daangn.com/kr/buy-sell/%EC%8A%A4%ED%86%A0%EC%BC%80-%ED%8A%B8%EB%A6%BD%ED%8A%B8%EB%9E%A9-%EB%89%B4%EB%B3%B8-%EC%84%B8%ED%8A%B8-29hfnb9ifiix/
12/03/2026,스토케트립트랩뉴본세트(재당근아님25년상품),"스토케 트립트랩 아기 식탁의자 뉴본 세트입니다
*25년 하반기 구매/트리트랩 정식사이트에 직구매한 상품 입니다.
*설명서,박스 같이 드려요
*아이가 많이 사용하지는 않았어요
*상품구성:뉴본(그레이),의자발 가드,모빌고리
신생아부터 바로사용 가능함(0~6개월)

아기가 편안하게 앉을 수 있도록 도와줍니다
안전벨트도 포함되어 있어 안전하게 사용할 수 있습니다(의자포함 아님)

*문고리 원합니다(입금해주시면 주소안내예정)
예민맘 사절",3,6,87,150000,49.2,목화송이,판매완료,8,경기 화성시 병점구 안녕동,https://www.daangn.com/kr/buy-sell/%EC%8A%A4%ED%86%A0%EC%BC%80-%ED%8A%B8%EB%A6%BD%ED%8A%B8%EB%9E%A9-%EB%89%B4%EB%B3%B8%EC%84%B8%ED%8A%B8-%EC%9E%AC%EB%8B%B9%EA%B7%BC%EC%95%84%EB%8B%98-25%EB%85%84%EC%83%81%ED%92%88-52rijk281419/
02/04/2026,스토케트립트랩뉴본세트(새제품한달사용),"구성품은 사진과 같습니다. 

2026년 2월 말에 배송 받아 한달 정도 사용하였습니다. 아이가 태어나고 주문된 터라 신생아 막바지 때 잠깐 쓰고 내놓습니다. 식탁에 둘러 앉아 가족이 함께 식사할 때 유용합니다.",3,4,102,150000,45,하늘과바다,판매완료,3,경기 화성시 병점구 안녕동,https://www.daangn.com/kr/buy-sell/%EC%8A%A4%ED%86%A0%EC%BC%80-%ED%8A%B8%EB%A6%BD%ED%8A%B8%EB%9E%A9-%EB%89%B4%EB%B3%B8-%EC%84%B8%ED%8A%B8-%EC%83%88%EC%A0%9C%ED%92%88-%ED%95%9C%EB%8B%AC%EC%82%AC%EC%9A%A9-1pcqcjbnrr9w/
22/03/2026,스토케트립트랩뉴본세트그레이,"스토케 트립트랩 뉴본 세트 그레이 색상입니다.

25년 10월생 아기, 25년 11월부터 26년 2월까지 사용했습니다.
수유 용도로는 사용하지 않았고, 타이니모빌 보여줄 때만 잠깐씩 사용해서 사용감 많지 않습니다.
대소변 실수 전혀 없었습니다.

25년 3월 새제품으로 구매했습니다.

신생아부터 사용 가능하며, 트립트랩 의자에 장착해 아기를 편안하게 앉힐 수 있습니다.
안전벨트가 있어 보다 안전하게 사용할 수 있고, 분리 및 세탁이 가능해 위생적으로 관리하기 좋습니다.

전체적으로 깨끗한 편이며, 실사용이 적어 컨디션 좋습니다.
다만 중고상품 특성상 예민하신 분은 구매를 피해주세요.

제 판매 내역 보시면 아시겠지만, 항상 깨끗하고 상태 좋은 제품만 양심적으로 판매하고 있습니다.

서류는 구매 인증용으로만 보관 중이며, 제품만 판매합니다.

우미린센트포레1단지 문고리 거래
아니면 정문에서 직거래도 가능합니다!",3,1,55,150000,54.4,고푸치,판매완료,9,경기 화성시 병점구 안녕동,https://www.daangn.com/kr/buy-sell/%EC%8A%A4%ED%86%A0%EC%BC%80-%ED%8A%B8%EB%A6%BD%ED%8A%B8%EB%9E%A9-%EB%89%B4%EB%B3%B8-%EC%84%B8%ED%8A%B8-%EA%B7%B8%EB%A0%88%EC%9D%B4-pbvgyk3cwhiz/
01/11/2024,스토케트립트랩뉴본세트풀셋박스있음,"새상품급 당근했는데 저희 아기는 잘 사용하지 않아 보관만 하다 내놓아요
그래서 상태는 좋아요 사진확인해주세요

박스, 본품, 모빌대, 연장글라이더, 설명서 다 있구요
정품등록 가능하다 하셨는데 따로 안했어요

커버는 세탁해놔서 바로 사용하셔도 됩니다


안녕동 문고리거래
환불불가",4,5,535,150000,59.7,바나나킥,판매완료,3,경기 화성시 병점구 안녕동,https://www.daangn.com/kr/buy-sell/%EC%8A%A4%ED%86%A0%EC%BC%80-%ED%8A%B8%EB%A6%BD%ED%8A%B8%EB%9E%A9-%EB%89%B4%EB%B3%B8%EC%84%B8%ED%8A%B8-%ED%92%80%EC%85%8B-%EB%B0%95%EC%8A%A4%EC%9E%88%EC%9D%8C-g42tyi9eytxv/
04/03/2026,스토케뉴본세트,"스토케 뉴본세트입니다
아기가 편안하게 사용할 수 있도록 설계되었고, 트립트랩에 장착하여 신생아도 함께 식탁에서 시간을 보낼 수 있어요
25년 구매 사용을 많이 안해서 
상태 양호 합니다.",2,2,99,150000,44,오리,판매완료,1,광주 북구 용봉동,https://www.daangn.com/kr/buy-sell/%EC%8A%A4%ED%86%A0%EC%BC%80-%EB%89%B4%EB%B3%B8%EC%84%B8%ED%8A%B8-fmp9j8rsitnm/
03/10/2025,스토케트립트랩뉴본세트,"스토케 트립트랩 뉴본세트 판매합니다~ 

새상품 구매해서 아이가 잠깐 사용했습니다!

- 뉴본 시트 포함
- 토이행거 포함
- 박스 O",1,5,315,150000,57.4,단비,판매완료,3,광주 북구 용봉동,https://www.daangn.com/kr/buy-sell/%EC%8A%A4%ED%86%A0%EC%BC%80-%ED%8A%B8%EB%A6%BD%ED%8A%B8%EB%9E%A9-%EB%89%B4%EB%B3%B8%EC%84%B8%ED%8A%B8-k995ot62eoiw/
18/05/2026,스토케트립트랩뉴본세트그레이,"해지거나 이염,보풀 없이 상태 좋아요
늦게 구매해서 얼마 사용 못했어서 상태 최상입니다  아기가 저기서 잠 잘자요 필수템!
두개 있고 개당 160000원 이고 두개 일괄 하시면 네고 해드릴게요  하나씩 구매 가능합니다!",1,2,93,150000,37.4,조구키,판매중,2,경기 남양주시 별내동,https://www.daangn.com/kr/buy-sell/%EC%8A%A4%ED%86%A0%EC%BC%80-%ED%8A%B8%EB%A6%BD%ED%8A%B8%EB%9E%A9-%EB%89%B4%EB%B3%B8-%EC%84%B8%ED%8A%B8-%EA%B7%B8%EB%A0%88%EC%9D%B4-rkpt84xu743i/
23/05/2026,(재당근x)스토케트립트랩뉴본세트그레이,"‼️25년 10월 하남 스타필드 스토케 구입
‼️26년 1월생 아이가 2월부터 사용했어요
‼️저희 아이는 뉴본보다 바운서를 더 좋아해서 많이 사용 못 했습니다.
‼️상태는 엄청 좋습니다. 
‼️정품등록 X , 당근 후 정품 등록하셔도 됩니다.
‼️육아 중이라 문고리거래 선호하고 저녁에는 만나서 거래 가능합니다.
‼️ 자세한 사진 더 필요하시면 더 보내드릴게요! 
‼️박스, 뉴본, 모빌, 연장글라이더 다 있어요!",1,1,53,150000,46.8,옴뇸뇸,판매완료,3,경기 남양주시 별내동,https://www.daangn.com/kr/buy-sell/%EC%9E%AC%EB%8B%B9%EA%B7%BCx-%EC%8A%A4%ED%86%A0%EC%BC%80-%ED%8A%B8%EB%A6%BD%ED%8A%B8%EB%9E%A9-%EB%89%B4%EB%B3%B8-%EC%84%B8%ED%8A%B8-%EA%B7%B8%EB%A0%88%EC%9D%B4-wwo4jgw7vai3/
09/04/2026,스토케트립트랩뉴본세트블랙,"스토케 트립트랩 뉴본 세트 블랙
25년 11월 구매

커버를 따로 구매하여 사용해서 상태 매우 좋습니다.
박스도 새 것 그대로 보관중이고
아기 세탁세제로 커버 세탁 완료하였습니다.

사진 구성 그대로 박스까지 다 챙겨드려요.
소중하게 사용해서 상태는 정말 자부합니다! 
깨끗한 제품 찾으시는 분이 가져가셨으면 좋겠어요.

별내동 직거래 또는 문고리 거래
교환, 환불 불가

의자는 포함되지 않습니다.",2,4,99,150000,64,엔조이,판매완료,1,경기 남양주시 별내동,https://www.daangn.com/kr/buy-sell/%EC%8A%A4%ED%86%A0%EC%BC%80-%ED%8A%B8%EB%A6%BD%ED%8A%B8%EB%9E%A9-%EB%89%B4%EB%B3%B8-%EC%84%B8%ED%8A%B8-%EB%B8%94%EB%9E%99-38f7mkorrnc3/
12/05/2026,스토케트립트랩뉴본,"새 상품 구매에서 한 아이만 사용하였습니다. 약간의 네고 가능하며 연락 주시기 바랍니다

박스 가지고 있습니다",2,3,74,150000,53.1,spooolit,판매완료,1,대전 유성구 계산동,https://www.daangn.com/kr/buy-sell/%EC%8A%A4%ED%86%A0%EC%BC%80-%ED%8A%B8%EB%A6%BD%ED%8A%B8%EB%9E%A9-%EB%89%B4%EB%B3%B8-rfx5n25jkk2w/
29/04/2025,스토케트립트랩뉴본세트,"트립트랩 뉴본 
재당근❌️ 
신세계백화점에서 구매
구성품 풀세트 
모빌은 사용도 안했어요

애기거의 바닥에 누워서 많이 사용못햇습니다

예민하신분❌️
환불❌️
문고리거래👌
네고❌️",1,2,107,150000,69.2,옥자,판매완료,1,대전 유성구 계산동,https://www.daangn.com/kr/buy-sell/%EC%8A%A4%ED%86%A0%EC%BC%80-%ED%8A%B8%EB%A6%BD%ED%8A%B8%EB%9E%A9-%EB%89%B4%EB%B3%B8%EC%84%B8%ED%8A%B8-r15y4k3jyqn9/
04/05/2026,스토케트립트랩뉴본세트,"신생아부터 사용할 수 있는 스토케 트립트랩 뉴본 세트예요
구성품 모두 사진에 나와있어요
아기가 편안하게 앉아있을 수 있도록 도와줘요
신생아 선물로도 좋은 제품이에요

재당근 아니에요~~",0,0,43,150000,55.6,근당근당,판매완료,1,경기 양주시 옥정동,https://www.daangn.com/kr/buy-sell/%EC%8A%A4%ED%86%A0%EC%BC%80-%ED%8A%B8%EB%A6%BD%ED%8A%B8%EB%9E%A9-%EB%89%B4%EB%B3%B8-%EC%84%B8%ED%8A%B8-qbw47tssrnhd/
01/05/2026,스토케트립트랩뉴본세트그레이,"이유식시작해서 판매합니다

네고x
반품x (상세사진원하시는 부분있으시면 보내드림)
비대면 문고리 거래만 o (옥정동로9길74)
당근페이만 o

*입금후에 예약+상세주소+차량등록",3,0,92,150000,58.1,까꿍이의당근,판매완료,3,경기 양주시 옥정동,https://www.daangn.com/kr/buy-sell/%EC%8A%A4%ED%86%A0%EC%BC%80-%ED%8A%B8%EB%A6%BD%ED%8A%B8%EB%9E%A9-%EB%89%B4%EB%B3%B8-%EC%84%B8%ED%8A%B8-%EA%B7%B8%EB%A0%88%EC%9D%B4-fcpxiurstfs3/
01/03/2026,스토케트립트랩뉴본세트앤트라사이트,"
스토케 트립트랩 뉴본 세트 앤트라사이트 색상입니다

- 사이즈는 59x40x15cm입니다
- 신생아부터 안전하게 사용할 수 있습니다
- 트립트랩에 호환되는 제품입니다

1월생이라 미리 사서
새제품 사고 커버씌어서 한번앉혀봤는데 아기가 안좋아해서 팝니다
커버벗기고는 한번도 안눕혀봐서
새거라고 보심됩니다

커버도 필요하면 드릴게요
연장글라이더, 모빌대,
박스랑 풀세트입니다",3,7,98,150000,41,아나바다운동,판매완료,4,경기 양주시 옥정동,https://www.daangn.com/kr/buy-sell/%EC%8A%A4%ED%86%A0%EC%BC%80-%ED%8A%B8%EB%A6%BD%ED%8A%B8%EB%9E%A9-%EB%89%B4%EB%B3%B8-%EC%84%B8%ED%8A%B8-%EC%95%A4%ED%8A%B8%EB%9D%BC%EC%82%AC%EC%9D%B4%ED%8A%B8-7a27ay8ofise/
04/06/2026,스토케트립트랩뉴본(+코자프리미엄역류방지아기침대덤드려요),"신생아부터 4개월경까지 썼어요
아주 깨끗하고 상태도 전체적으로 다 좋습니다
모빌대도 포함이고 달 수 있는 모빌도 드려요
직거래 마린시티에서 가능합니다
",3,8,152,150000,46.6,루루라라로로,판매중,2,부산 해운대구 우제3동,https://www.daangn.com/kr/buy-sell/%EC%8A%A4%ED%86%A0%EC%BC%80-%ED%8A%B8%EB%A6%BD%ED%8A%B8%EB%9E%A9-%EB%89%B4%EB%B3%B8-%EC%BD%94%EC%9E%90-%ED%94%84%EB%A6%AC%EB%AF%B8%EC%97%84-%EC%97%AD%EB%A5%98%EB%B0%A9%EC%A7%80-%EC%95%84%EA%B8%B0%EC%B9%A8%EB%8C%80-%EB%8D%A4-%EB%93%9C%EB%A0%A4%EC%9A%94-6z7umpjichzb/
08/06/2026,스토케트립트랩뉴본세트그레이,"바닥 생활 주로 했어서 거의 사용하지 않았어요 재당근 아닙니다

사진에 보이는 구성만이예요

(아기침대 o, 상자o, 의자x, 연장글라이더 x, 모빌대x) 세탁해놔서 바로 쓰실 수 있어요",0,0,59,150000,54.2,사고팔고,판매중,1,충북 청주시 흥덕구 오송읍,https://www.daangn.com/kr/buy-sell/%EC%8A%A4%ED%86%A0%EC%BC%80-%ED%8A%B8%EB%A6%BD%ED%8A%B8%EB%9E%A9-%EB%89%B4%EB%B3%B8-%EC%84%B8%ED%8A%B8-%EA%B7%B8%EB%A0%88%EC%9D%B4-j3aatgc2rvu3/
24/05/2026,스토케트립트랩뉴본세트그레이,"신생아부터 사용 가능한 스토케 트립트랩 뉴본 세트예요
작년 11월 현대백화점 충청점에서 구매했고 여자아기 한명 신생아때부터 150일까지 짧게 사용했습니다
사용기간 짧아서 깨끗하고 상태좋아요",0,10,152,150000,41.2,기니피그,판매중,2,충북 청주시 흥덕구 오송읍,https://www.daangn.com/kr/buy-sell/%EC%8A%A4%ED%86%A0%EC%BC%80-%ED%8A%B8%EB%A6%BD%ED%8A%B8%EB%9E%A9-%EB%89%B4%EB%B3%B8-%EC%84%B8%ED%8A%B8-%EA%B7%B8%EB%A0%88%EC%9D%B4-mwcu47ysayuu/
10/01/2026,스토케트립트랩뉴본세트,"스토케 트립트랩 뉴본 세트입니다
신생아부터 9kg까지 사용 가능한 제품이에요
탈부착이 가능해서 편리합니다

미개봉 제품 구매 후 얼마안쓰고 당근 합니다. 

* 트립트랩 미포함이며, 뉴본만 판매하는 겁니다. 
* 박스까지 다 포장해놨습니다.",2,5,211,150000,47.3,새로운목표,판매완료,5,경기 고양시 일산서구 주엽동,https://www.daangn.com/kr/buy-sell/%EC%8A%A4%ED%86%A0%EC%BC%80-%ED%8A%B8%EB%A6%BD%ED%8A%B8%EB%9E%A9-%EB%89%B4%EB%B3%B8-%EC%84%B8%ED%8A%B8-w7act9vwdj8d/
31/10/2025,스토케트립트랩뉴본세트,"스토케 트립트랩 뉴본세트 판매합니다

- 색상은 회색입니다
- 깨끗하게 사용했습니다
- 신생아부터 안전하게 사용할 수 있습니다
- 안전벨트 포함되어 있습니다
- 트립트랩에 장착하여 아기를 편안하게 돌볼 수 있습니다
- 아이와 함께 식사 시간을 즐길 수 있습니다

진짜 거의 사용하지 않았어요 ㅠㅠ 많이 쓰겠다 해서 미리 구매했는데 전 거의 사용을 하지 않아 사용감이 크게 없어요! 주변에서는 진짜 저 빼고 뉴본 엄청 잘 쓰시던데 구매하셔서 뽕뽑으세요",2,5,157,150000,44,낑낑하와이갈래,판매완료,1,경기 고양시 일산서구 주엽동,https://www.daangn.com/kr/buy-sell/%EC%8A%A4%ED%86%A0%EC%BC%80-%ED%8A%B8%EB%A6%BD%ED%8A%B8%EB%9E%A9-%EB%89%B4%EB%B3%B8%EC%84%B8%ED%8A%B8-w2dxj6bvj5ww/
10/08/2025,"스토케트립트랩뉴본세트(재당근x,상태좋음)","스토케 트립트랩 뉴본세트 판매합니다.

올해 2월 말 부터 한 아이만 약 100일간 사용하다가 보관 후 판매합니다!

뉴본, 모빌대, 연장 글라이더, 사용설명서, 박스

구성품 모두 있습니다.

사진과 같이 시트에 얼룩 없어요.

육아 중이어서 문고리 거래 할게요.",3,0,143,150000,53,고구마,판매완료,6,경기 고양시 일산서구 주엽동,https://www.daangn.com/kr/buy-sell/%EC%8A%A4%ED%86%A0%EC%BC%80-%ED%8A%B8%EB%A6%BD%ED%8A%B8%EB%9E%A9-%EB%89%B4%EB%B3%B8%EC%84%B8%ED%8A%B8-%EC%9E%AC%EB%8B%B9%EA%B7%BCx-%EC%83%81%ED%83%9C-%EC%A2%8B%EC%9D%8C-epgzo7bmwpts/
16/11/2025,스토케트립트랩뉴본세트,"스토케 트립트랩 뉴본 세트 판매합니다

올해 8월 갤러리아 백화점에서 배송받았는데, 아기가 눕는 것을 별로 안 좋아해서 거의 사용을 못 했어요. 얼룩도 하나도 없고, 정말 깨끗합니다.

구성품(하네스, 어깨 패드, 장난감 걸이대, 글라이더)과 박스, 설명서 전부 있어요.

- 신생아부터 9kg까지 사용 가능합니다
- 분리 가능한 시트 커버로 세탁이 용이하고, 아기를 편안하게 지지해 줍니다.

문고리 거래 희망합니다.",1,3,90,150000,43.1,당근먹는토끼,판매완료,5,서울시 서초구 서초4동,https://www.daangn.com/kr/buy-sell/%EC%8A%A4%ED%86%A0%EC%BC%80-%ED%8A%B8%EB%A6%BD%ED%8A%B8%EB%9E%A9-%EB%89%B4%EB%B3%B8-%EC%84%B8%ED%8A%B8-smgq6efh9dk8/
20/04/2025,스토케트립트랩뉴본세트(박스o),"둘째 때 구매해서 유용하게 잘 사용했습니다. 밥 먹일 때 옆에 두는 용도로만 사용해서 깨끗해요. 

모빌 걸이대랑 발받침대 있지만 사용하지는 않았어요. 뉴본은 당근으로 구매하는게 제일 좋은 것 같아요!

육아중이라 문고리 거래나 집 앞 거래만 하겠습니다. 먼저 입금 주시면 주소 알려드려요!",1,1,37,150000,50.2,Pandadada,판매완료,2,서울시 영등포구 문래동2가,https://www.daangn.com/kr/buy-sell/%EC%8A%A4%ED%86%A0%EC%BC%80-%ED%8A%B8%EB%A6%BD%ED%8A%B8%EB%9E%A9-%EB%89%B4%EB%B3%B8-%EC%84%B8%ED%8A%B8-%EB%B0%95%EC%8A%A4o-62nk6pyuwms2/
15/03/2026,스토케트립트랩뉴본세트그레이,"스토케 트립트랩 뉴본 세트입니다
신생아부터 9kg까지 사용 가능합니다
박스에 있는 사진처럼 트립트랩에 장착해서 사용합니다

여기서 수유한 적 없고 그래서 토한 적도 없고
소변 묻은 적도 없어요.
바닥생활하는 바람에 뉴본 잘 안써서 상태 좋습니다.
박스도 있어요 ~

비대면거래 희망해요.
직접 가지러 오셔야 하며 환불 x
상태 좋은데 예민하신 분은 패스해주세요.",3,7,166,150000,41,해피꿀꿀,판매완료,3,경남 사천시 용현면,https://www.daangn.com/kr/buy-sell/%EC%8A%A4%ED%86%A0%EC%BC%80-%ED%8A%B8%EB%A6%BD%ED%8A%B8%EB%9E%A9-%EB%89%B4%EB%B3%B8-%EC%84%B8%ED%8A%B8-%EA%B7%B8%EB%A0%88%EC%9D%B4-vyuaeyvaoocu/
12/03/2026,스토케트립트랩뉴본세트그레이,"스토케 트립트랩 뉴본 세트입니다
색상은 그레이이고, 상태는 양호합니다
모빌대 포함입니다
아이가 편안하게 사용할 수 있도록 설계되었고, 트립트랩 의자에 간편하게 장착하여 신생아부터 사용할 수 있습니다",4,6,296,150000,41.8,울랄라,판매완료,1,전남 순천시 왕조1동,https://www.daangn.com/kr/buy-sell/%EC%8A%A4%ED%86%A0%EC%BC%80-%ED%8A%B8%EB%A6%BD%ED%8A%B8%EB%9E%A9-%EB%89%B4%EB%B3%B8-%EC%84%B8%ED%8A%B8-%EA%B7%B8%EB%A0%88%EC%9D%B4-9by64cofa2am/
25/02/2026,스토케트립트랩뉴본세트(재당근x),"스토케 트립트랩 뉴본 세트 앤트러사이트 색상입니다. 
사진보시듯 새상품 구매해서 사용했고 
뉴본 사용할수있는 몸무게가 9키로까지라  3개월정도 사용했습니다. 
상태좋습니다. 
세탁해 두었습니다. 
비대면 거래 원합니다.",4,14,328,150000,40.4,민지옹,판매완료,4,전남 순천시 왕조1동,https://www.daangn.com/kr/buy-sell/%EC%8A%A4%ED%86%A0%EC%BC%80-%ED%8A%B8%EB%A6%BD%ED%8A%B8%EB%9E%A9-%EB%89%B4%EB%B3%B8-%EC%84%B8%ED%8A%B8-%EC%9E%AC%EB%8B%B9%EA%B7%BCx-hdtyqcpkfqkc/
03/07/2025,스토케트립트랩뉴본세트,"스토케 트립트랩 뉴본세트 판매합니다.
현대백화점 구매해서 24년 12월에 수령했고
25년 1월생 여아 한명 잠깐 썼어요.
세탁 후 조립해놨습니다.

신생아부터 9kg까지 사용 가능해요
- 인체공학적 디자인
- 분리형 시트 커버
- 5점식 안전벨트
- 흔들림 방지

설명서, 박스 같이 드려요~",1,1,192,150000,53,겸이,판매완료,3,전남 순천시 왕조1동,https://www.daangn.com/kr/buy-sell/%EC%8A%A4%ED%86%A0%EC%BC%80-%ED%8A%B8%EB%A6%BD%ED%8A%B8%EB%9E%A9-%EB%89%B4%EB%B3%B8%EC%84%B8%ED%8A%B8-ywf7usxy1giu/
22/03/2025,스토케트립트랩뉴본세트,"스토케 트립트랩 뉴본세트 판매합니다

2024년 6월 새상품 롯데백화점에서 구매
2024년 9월 출생한 아이 2025년 2월까지 사용하다가
세탁 후 보관해 놨어요~~

신생아 때는 못쓰고 3개월 정도 사용한 사용감 있어요 쿠션은 완전 빵빵해요
제품 구성 전부다 있고, 박스 포장해서 드립니다~~
트리마제 1단지 에서 거래해요!

거래 후 교환환불 불가합니다",3,3,175,150000,50.2,조톨톨,판매완료,5,전남 순천시 왕조1동,https://www.daangn.com/kr/buy-sell/%EC%8A%A4%ED%86%A0%EC%BC%80-%ED%8A%B8%EB%A6%BD-%ED%8A%B8%EB%9E%A9-%EB%89%B4%EB%B3%B8-%EC%84%B8%ED%8A%B8-fhf3644fedt8/
23/04/2026,스토케트립트랩뉴본세트그레이,"신생아부터 사용 가능한 스토케 트립트랩 뉴본 세트 풀세트 박스로 판매해요

새 제품 사서 여아 한명이 사용했어요
상태 최상입니다

아기세제로 다 세탁하고 소독티슈로 닦아놓았어요

문고리 거래 희망",3,1,167,150000,38.7,len,판매완료,1,서울시 동대문구 휘경제1동,https://www.daangn.com/kr/buy-sell/%EC%8A%A4%ED%86%A0%EC%BC%80-%ED%8A%B8%EB%A6%BD%ED%8A%B8%EB%9E%A9-%EB%89%B4%EB%B3%B8-%EC%84%B8%ED%8A%B8-%EA%B7%B8%EB%A0%88%EC%9D%B4-jo9n142m7crj/
04/02/2025,스토케트립트랩뉴본,"상태 깨끗하며 박스 있습니다

문앞 비대면 거래만 가능합니다
중고 특성상 사용감 있습니다
반품 환불 취소 안됩니다",1,4,424,150000,49.7,안녕,판매완료,3,부산 사하구 괴정제2동,https://www.daangn.com/kr/buy-sell/%EC%8A%A4%ED%86%A0%EC%BC%80-%ED%8A%B8%EB%A6%BD%ED%8A%B8%EB%9E%A9-%EB%89%B4%EB%B3%B8-bbf3x4ezhqjr/
24/03/2026,스토케트립트랩뉴본세트,"스토케 트립트랩 뉴본 세트입니다!
색상은 회색이며, 안전벨트 포함입니다
아기가 편안하게 사용할 수 있도록 부드러운 소재로 제작되었습니다
모빌대, 연장글라이드 다 있어요
(박스x)

새제품사서 잘 사용했어요 
어른밥먹을때 옆에 눕혀두기 유용해요
여아 혼자 사용하고 여기에서 수유도 거의 안하고 눕혀만 둬서 깨끗해요

아기세제로 세탁 다 해두었습니다

육아중으로 바로구매 혹은 문고리거래 가능합니다",1,3,258,150000,41.9,잭러셀,판매완료,2,서울시 성북구 정릉제2동,https://www.daangn.com/kr/buy-sell/%EC%8A%A4%ED%86%A0%EC%BC%80-%ED%8A%B8%EB%A6%BD%ED%8A%B8%EB%9E%A9-%EB%89%B4%EB%B3%B8%EC%84%B8%ED%8A%B8-dapo5t9uq1n7/
25/05/2026,스토케트립트랩뉴본세트그레이,"3개월 정도 사용하였고 다른 하이체어와 번갈아 써서 상태 최상 입니다! 
본체, 모빌대, 연장글라이더 
세탁해둬서 바로 쓰시면되요~ 
중고 상품으로 교환 / 환불은 안 됩니다🙅🏻‍♀️

육아중으로 문고리/ 🥕페이 할게요🙂",0,3,74,150000,39.1,지뇨,판매완료,4,서울시 송파구 송파동,https://www.daangn.com/kr/buy-sell/%EC%8A%A4%ED%86%A0%EC%BC%80-%ED%8A%B8%EB%A6%BD%ED%8A%B8%EB%9E%A9-%EB%89%B4%EB%B3%B8-%EC%84%B8%ED%8A%B8-%EA%B7%B8%EB%A0%88%EC%9D%B4-t8abx4a3tfze/
18/11/2025,"스토케트립트랩뉴본세트(재당근x,추가커버포함,택배가능)","스토케 트립트랩 뉴본 세트 판매합니다.

5월생 아기 3개월간 사용했고
재당근 아니에요:)

어텀 31 전용 커버(3만원)
덮어서 사용했어서 깨끗합니다.
어텀 31 커버도 함께 드릴게요~

문고리 거래합니다!
원하시면 착불 택배 가능해요.",1,4,111,150000,43.4,초코비,판매완료,6,서울시 송파구 송파동,https://www.daangn.com/kr/buy-sell/%EC%8A%A4%ED%86%A0%EC%BC%80-%ED%8A%B8%EB%A6%BD%ED%8A%B8%EB%9E%A9-%EB%89%B4%EB%B3%B8-%EC%84%B8%ED%8A%B8-%EC%9E%AC%EB%8B%B9%EA%B7%BC-x-%EC%B6%94%EA%B0%80%EC%BB%A4%EB%B2%84-%ED%8F%AC%ED%95%A8-%ED%83%9D%EB%B0%B0%EA%B0%80%EB%8A%A5-1b4z859g7713/
28/11/2024,스토케트립트랩뉴본(풀박),"신생아부터 사용하는 육아 꿀템
스토케 트립트랩 뉴본입니다!
모빌대 지지대 등 처음 구매했던 고대로 있고요
상태 엄청나게 좋습니다~
다만 사진에서와 같이 바닥 지지대 긁힘 조금 있습니다. (사용하는데 전혀 문제 없으나 확인해 주세요) 부피가 커서 직거래만 합니다. 송파동이에요!",4,1,302,150000,73.2,오당근,판매완료,4,서울시 송파구 송파동,https://www.daangn.com/kr/buy-sell/%EC%8A%A4%ED%86%A0%EC%BC%80-%ED%8A%B8%EB%A6%BD%ED%8A%B8%EB%9E%A9-%EB%89%B4%EB%B3%B8-%ED%92%80%EB%B0%95-rigxa6cn63w9/
17/05/2026,스토케트립트랩뉴본세트그레이,"2025년 6월말 새상품 구매하여 아기 한명이 사용했습니다. 재당근 아니고, 실사용 10회 미만으로 상태 좋습니다.

박스, 연장글라이더, 타이니흑백부엉이모빌 1개 포함입니다.

예민맘 사절이고, 선입금 문고리 거래 희망합니다.
육아중이라 밤 9시까지는 즉답이 어려우나 이후에는 빠르게 답장드립니다.",3,9,242,150000,37.4,포근한고소한인절미,판매완료,3,경기 안성시 공도읍,https://www.daangn.com/kr/buy-sell/%EC%8A%A4%ED%86%A0%EC%BC%80-%ED%8A%B8%EB%A6%BD%ED%8A%B8%EB%9E%A9-%EB%89%B4%EB%B3%B8-%EC%84%B8%ED%8A%B8-%EA%B7%B8%EB%A0%88%EC%9D%B4-zcf4h7nz572e/
29/03/2026,스토케트립트랩뉴본세트그레이(재당근x),"스토케 트립트랩 뉴본 세트입니다
색상은 그레이이고, 상태는 깨끗합니다!

재당근 아니고 거의사용 안했습니다~

문고리거래 원합니다",1,1,56,150000,40.1,뽀용,판매완료,1,경기 안성시 공도읍,https://www.daangn.com/kr/buy-sell/%EC%8A%A4%ED%86%A0%EC%BC%80-%ED%8A%B8%EB%A6%BD%ED%8A%B8%EB%9E%A9-%EB%89%B4%EB%B3%B8-%EC%84%B8%ED%8A%B8-%EA%B7%B8%EB%A0%88%EC%9D%B4-%EC%9E%AC%EB%8B%B9%EA%B7%BCx-npyjiwv1jpp3/
17/03/2026,(새상품급)스토케트립트랩뉴본세트그레이(정품등록o),"스토케 트립트랩 뉴본 세트 그레이 색상 판매합니다

스토케에서 새제품 구입했고, 
25년 10월 말 출산하여 여아 1명 사용했어요.
아이가 뉴본에 잘 안있어서 거의 사용하지 못했습니다.
새상품급이며, 세탁은 별도로 하시고 사용하시기를 권장드려요.

헤네스, 인형걸이 모두 포함 박스에 포장해 두었어요.
홈페이지 정품등록 되어있습니다. 


🥕 비대면 문고리 거래 원해요
🥕 교환 환불 불가합니다
🥕 중고입니다 예민하신 분은 피해주세요
🥕 아이가 있어 답변이 느릴 수 있어요",2,10,149,150000,47.6,짱구V,판매완료,5,경기 안성시 공도읍,https://www.daangn.com/kr/buy-sell/%EC%83%88%EC%83%81%ED%92%88%EA%B8%89-%EC%8A%A4%ED%86%A0%EC%BC%80-%ED%8A%B8%EB%A6%BD%ED%8A%B8%EB%9E%A9-%EB%89%B4%EB%B3%B8-%EC%84%B8%ED%8A%B8-%EA%B7%B8%EB%A0%88%EC%9D%B4-%EC%A0%95%ED%92%88%EB%93%B1%EB%A1%9Do-y9gkzx3igg22/
22/10/2025,스토케트립트랩뉴본세트,"스토케 트립트랩 뉴본세트입니다! 

역방쿠랑 같이 사용해서 사용감이 적습니다. 
커버 하나 더 사서 사용했고, 같이 드릴게요!",1,4,89,150000,40.1,챠챠,판매완료,1,경기 안성시 공도읍,https://www.daangn.com/kr/buy-sell/%EC%8A%A4%ED%86%A0%EC%BC%80-%ED%8A%B8%EB%A6%BD%ED%8A%B8%EB%9E%A9-%EB%89%B4%EB%B3%B8%EC%84%B8%ED%8A%B8-b58z684nzk4h/
20/09/2025,스토케트립트랩뉴본세트,"스토케 트립트랩 뉴본세트입니다

새상품 구매해서 4월생 아가 한명 사용했어요
(재당근X)

모빌거치대, 연장글라이더, 박스 구성품 다있구요

아기가 어릴때 누워서 사용하는거라
사용감은 별로 없어요
그래도 중고인점은 감안해주세요
예민맘은 사절 입니다


육아중이라 비대면 문고리거래 희망해요",1,1,97,150000,48.4,뱀뱀마미,판매완료,2,경기 안성시 공도읍,https://www.daangn.com/kr/buy-sell/%EC%8A%A4%ED%86%A0%EC%BC%80-%ED%8A%B8%EB%A6%BD%ED%8A%B8%EB%9E%A9-%EB%89%B4%EB%B3%B8%EC%84%B8%ED%8A%B8-x2cz6qz7q9m1/
20/07/2025,스토케트립트랩뉴본+양면커버,"스토케 트립트랩 뉴본세트입니다
재당근 아닙니다 
쌍둥이집이라 2개 사용햇고
하나는 판매완료 하나 남앗습니다
둘 다 거의 사용을 못해서 컨디션은 동일해요

등센서 붙은 아기들이라 사용횟수 손에 꼽습니다
커버 따로 구매해서 사용해서 컨디션 좋아요
모빌거치대와 다리는 사용 안햇습니다
커버도 같이 드리는 가격입니다
양면이고 한쪽은 그레이 한쪽은 베이지색입니다
 
. 쌍둥이 케어중으로 답변이 조금 늦습니다
. 중고특성상 반품교환환불 어렵습니다
. 당근페이 또는 입금확인 후 상세주소 드립니다
. 비대면 문고리거래 양해부탁드려요",2,1,117,150000,68,이안나,판매완료,5,경기 안성시 공도읍,https://www.daangn.com/kr/buy-sell/%EC%8A%A4%ED%86%A0%EC%BC%80-%ED%8A%B8%EB%A6%BD%ED%8A%B8%EB%9E%A9-%EB%89%B4%EB%B3%B8-%EC%96%91%EB%A9%B4%EC%BB%A4%EB%B2%84-ua9x4wwvcw82/
07/07/2025,스토케트립트랩뉴본+양면커버,"스토케 트립트랩 뉴본세트입니다
재당근 아닙니다 
쌍둥이집이라 2개 잇고 개당가격입니다
둘 다 거의 사용을 못해서 컨디션은 동일해요

등센서 붙은 아기들이라 사용횟수 손에 꼽습니다
커버 따로 구매해서 사용해서 컨디션 좋아요
모빌거치대와 다리는 사용 안햇습니다
커버도 같이 드리는 가격입니다
양면이고 한쪽은 그레이 한쪽은 베이지색입니다

 
. 쌍둥이 케어중으로 답변이 조금 늦습니다
. 중고특성상 반품교환환불 어렵습니다
. 당근페이 또는 입금확인 후 상세주소 드립니다
. 비대면 문고리거래 양해부탁드려요",3,1,195,150000,68,이안나,판매완료,5,경기 안성시 공도읍,https://www.daangn.com/kr/buy-sell/%EC%8A%A4%ED%86%A0%EC%BC%80-%ED%8A%B8%EB%A6%BD%ED%8A%B8%EB%9E%A9-%EB%89%B4%EB%B3%B8-%EC%96%91%EB%A9%B4%EC%BB%A4%EB%B2%84-zdkgrvgwh6kh/
26/05/2026,스토케트립트랩뉴본신생아세트,"엄마를 도와주는 최고의 아이템 스토케 트립트랩 뉴본세트입니다.
우리애기는 ..  엄마품이 좋아서 몇번사용을 못했지만 잘 사용하시면 육아의 질이 달라집니다.
오염 전혀 없는 새상품과 같은 컨디션입니다~^^
믿고 구매하셔도 됩니다~!!

구매: 롯데백화점 창원점 25년 8월
제품 수령 : 25년 12월
사용 : 25년 1월 ~ 현재(약 5개월)

박스 및 구성품 ○
아기가있어 비대면 거래 ○
네고 문의 연락 안 받습니다 
중고 거래라 교환, 환불 불가하니 신중히 구매해주세요",4,4,81,150000,40,달려야하니,판매완료,6,경남 김해시 장유1동,https://www.daangn.com/kr/buy-sell/%EC%8A%A4%ED%86%A0%EC%BC%80-%ED%8A%B8%EB%A6%BD%ED%8A%B8%EB%9E%A9-%EB%89%B4%EB%B3%B8-%EC%8B%A0%EC%83%9D%EC%95%84-%EC%84%B8%ED%8A%B8-emewj8c3w7ys/
02/03/2026,스토케트립트랩뉴본세트,"스토케 트립트랩 뉴본 세트입니다
- 신생아부터 9kg까지 사용 가능합니다",2,6,311,150000,39.5,서루,판매완료,1,경남 김해시 장유1동,https://www.daangn.com/kr/buy-sell/%EC%8A%A4%ED%86%A0%EC%BC%80-%ED%8A%B8%EB%A6%BD%ED%8A%B8%EB%9E%A9-%EB%89%B4%EB%B3%B8-%EC%84%B8%ED%8A%B8-iva6ozz6p9n5/
28/02/2026,스토케트립트랩뉴본세트,"스토케 트립트랩 뉴본 세트입니다
아이에게 편안함을 제공하고, 엄마 아빠와 눈높이를 맞춰 교감할 수 있도록 도와줍니다
탈부착 가능한 모빌대 포함되어 있습니다",1,3,107,150000,41.3,우쭈,판매완료,3,경남 김해시 장유1동,https://www.daangn.com/kr/buy-sell/%EC%8A%A4%ED%86%A0%EC%BC%80-%ED%8A%B8%EB%A6%BD%ED%8A%B8%EB%9E%A9-%EB%89%B4%EB%B3%B8-%EC%84%B8%ED%8A%B8-4m3xpbvaff51/
10/08/2025,스토케트립트랩뉴본세트(1인사용),"스토케 트립트랩 뉴본 세트 판매합니다!

김해 신세계백화점에서 구매했었고
애기 혼자 사용했어요
상태 좋습니다 세척 후 보관중이에요

박스와 비닐도 구입 시 포함된거 그대로 드립니다~",3,0,117,150000,39.1,얄라,판매완료,2,경남 김해시 장유1동,https://www.daangn.com/kr/buy-sell/%EC%8A%A4%ED%86%A0%EC%BC%80-%ED%8A%B8%EB%A6%BD%ED%8A%B8%EB%9E%A9-%EB%89%B4%EB%B3%B8%EC%84%B8%ED%8A%B8-1%EC%9D%B8-%EC%82%AC%EC%9A%A9-wsh1162mr8gw/
19/11/2024,스토케트립트랩뉴본세트,"3달 기다려서 10/26일에 택배 받았는데 
아기가 큰편이고 등센서가 너무 심해서 내놔요ㅠㅠ
실사용 3번 잠깐 앉은게 다에요~",1,1,207,150000,50.5,뚱땅이,판매완료,2,경남 김해시 장유1동,https://www.daangn.com/kr/buy-sell/%EC%8A%A4%ED%86%A0%EC%BC%80-%ED%8A%B8%EB%A6%BD%ED%8A%B8%EB%9E%A9-%EB%89%B4%EB%B3%B8%EC%84%B8%ED%8A%B8-xw68ezeh3rhe/
19/10/2025,스토케트립트랩뉴본세트미개봉새제품,"스토케 트립트랩 뉴본 세트입니다
- 신생아부터 9kg까지 사용 가능

미개봉 새제품이에요
뉴본세트만 올해 8월 미리 구입해서 배송받아뒀는데 지인한테 트트 풀세트를 받아쓰게 되서 안 쓰게 되었습니다 

육아중이라 문고리 거래 원해요",5,3,249,150000,41.6,말랑이,판매완료,1,부산 부산진구 개금제2동,https://www.daangn.com/kr/buy-sell/%EC%8A%A4%ED%86%A0%EC%BC%80-%ED%8A%B8%EB%A6%BD%ED%8A%B8%EB%9E%A9-%EB%89%B4%EB%B3%B8-%EC%84%B8%ED%8A%B8-%EB%AF%B8%EA%B0%9C%EB%B4%89-%EC%83%88%EC%A0%9C%ED%92%88-zv2natgh4s9z/
22/06/2025,스토케트립트랩뉴본세트,"24년 구매한 뉴본 세트이며 상태 좋습니다. 이염없고 깨끗하게 사용했어요. 전체 부품 다 있구요 상자도 같이 드려요

아기세제로 세탁해서 보관했어요.
비대면 거래만 가능합니다.

환불x 예민하신분x 택배x",1,2,150,150000,55.6,잘될거야,판매완료,2,대구 동구 신천3동,https://www.daangn.com/kr/buy-sell/%EC%8A%A4%ED%86%A0%EC%BC%80-%ED%8A%B8%EB%A6%BD%ED%8A%B8%EB%9E%A9-%EB%89%B4%EB%B3%B8-%EC%84%B8%ED%8A%B8-auhc7ngsyy5d/
25/05/2026,스토케트립트랩뉴본세트그레이,"3개월 정도 사용하였고 다른 하이체어와 번갈아 써서 상태 최상 입니다! 
본체, 모빌대, 연장글라이더 
세탁해둬서 바로 쓰시면되요~ 
중고 상품으로 교환 / 환불은 안 됩니다🙅🏻‍♀️

육아중으로 문고리/ 🥕페이 할게요🙂",1,0,35,150000,39.1,지뇨,판매완료,4,경기 하남시 감이동,https://www.daangn.com/kr/buy-sell/%EC%8A%A4%ED%86%A0%EC%BC%80-%ED%8A%B8%EB%A6%BD%ED%8A%B8%EB%9E%A9-%EB%89%B4%EB%B3%B8-%EC%84%B8%ED%8A%B8-%EA%B7%B8%EB%A0%88%EC%9D%B4-326ajefuixm2/
03/10/2025,스토케트립트랩뉴본세트(재당근x)풀셋,"스토케 트립트랩 뉴본세트 판매합니다.

25년 6월 구매 상품입니다 
아기가 어깨순이로.. 
누워있는걸 싫어해서 상태 S급입니다 

미개봉 연장글라이더+ 모빌걸이대 + 뉴본 + 상자+사용설명서 풀셋 구성입니다 :)",7,18,531,150000,43.5,밍구,판매완료,4,경기 하남시 감이동,https://www.daangn.com/kr/buy-sell/%EC%8A%A4%ED%86%A0%EC%BC%80-%ED%8A%B8%EB%A6%BD%ED%8A%B8%EB%9E%A9-%EB%89%B4%EB%B3%B8%EC%84%B8%ED%8A%B8-%EC%9E%AC%EB%8B%B9%EA%B7%BCx-%ED%92%80%EC%85%8B-1ox1daoak84x/
17/09/2025,스토케트립트랩뉴본세트(앤트러사이트),"스토케 트립트랩 뉴본세트 
이번년도 새로나온 색상 앤트러사이트 입니다 
* 당근에서도 구하기 힘든 색상입니다
이번년도에 나와서 품절이였던 색상이였습니다 

- 박스 포함
- 뉴본 시트 (비닐 포장 그대로 있습니다)
- 시트 커버 (아기세제로 세탁 하여 보관 중입니다)
- 액세서리 (발판 악세서리는 사용도 안한제품)

정가는 210,000원 입니다

비대면 문고리 거래 원합니다

새상품은 아닌점 감안해주세요 
하지만 사용은 3개월정도 했습니다 
거의 새상품 같아요 
(교환,반품 불가)",2,4,178,150000,44.8,하루강아지,판매완료,5,경기 하남시 감이동,https://www.daangn.com/kr/buy-sell/%EC%8A%A4%ED%86%A0%EC%BC%80-%ED%8A%B8%EB%A6%BD%ED%8A%B8%EB%9E%A9-%EB%89%B4%EB%B3%B8%EC%84%B8%ED%8A%B8-%EC%95%A4%ED%8A%B8%EB%9F%AC%EC%82%AC%EC%9D%B4%ED%8A%B8-ipgybhx3t3at/
18/05/2025,스토케트립트랩뉴본세트(풀세트)워런티기간가능,"24년9월에 박람회에서 구매해서 대기후에
25년 1월에 받았고 3년 워런티 가능합니다~~
여자아이 혼자서 깔끔하게 사용했고,
바닥에 누워서 타이니모빌 보는걸 좋아해서
실사용 10번도 채 안될 것 같네요..

아이가 있어서 문고리 거래 희망합니다


스토케 트립트랩 신생아 세트입니다
아기가 편안하게 사용할 수 있어요

- 인체공학적 디자인으로 제작됨
- 안전벨트 포함
- 분리형 시트 커버로 세탁 용이
- 5점식 안전벨트로 안전하게 사용 가능
- 흔들림 방지 기능

박스도 같이 드려요~",1,1,154,150000,38.8,츄메이로,판매완료,3,경기 하남시 감이동,https://www.daangn.com/kr/buy-sell/%EC%8A%A4%ED%86%A0%EC%BC%80-%ED%8A%B8%EB%A6%BD%ED%8A%B8%EB%9E%A9-%EB%89%B4%EB%B3%B8%EC%84%B8%ED%8A%B8-%ED%92%80%EC%84%B8%ED%8A%B8-%EC%9B%8C%EB%9F%B0%ED%8B%B0-%EA%B8%B0%EA%B0%84-%EA%B0%80%EB%8A%A5-zs91vepvmhzt/
11/05/2026,스토케트립트랩뉴본세트(재당근x),"신생아부터 사용 가능한 스토케 트립트랩 뉴본 세트입니다

트립트랩 체어에 쉽게 장착 가능하며, 박스까지 구성품 모두 포함되어있습니다

직접 새상품 구매하여 아기 어릴때 잠깐 쓰고 깨끗이 보관했던 상품입니다

아기가 아주어릴때 누워서 잠깐 놀기만해서 토하거나 그런적없이 깨끗이 써서 상태 매우 좋으나 중고인걸 감안해 예민하신분은 피해주세요

비대면거래 원합니다",1,4,146,150000,38.9,댜롱,판매완료,3,부산 남구 문현동,https://www.daangn.com/kr/buy-sell/%EC%8A%A4%ED%86%A0%EC%BC%80-%ED%8A%B8%EB%A6%BD%ED%8A%B8%EB%9E%A9-%EB%89%B4%EB%B3%B8-%EC%84%B8%ED%8A%B8-%EC%9E%AC%EB%8B%B9%EA%B7%BCx-gqq8a6o71sh2/
06/05/2025,스토케트립트랩뉴본세트,"스토케 트립트랩 뉴본 세트입니다.

올해 구매해서 거의 안쓴 새상품이나 다름 없어요😭
3회 앉았고 그마저도 5분이상 앉아있던적이 없네요..🥲
오염 당연히 없고 수유한적 없고 아이가 싫어해서 방출해요..

모빌대, 연장글라이더, 박스까지 전구성입니다.
새제품 컨디션 좋은가격에 가져가세요🙂
------------------------------------------
👶🏻 선입금 문고리 거래 원해요.
아가 육아중이라 답장이 늦을 수 있는점 양해 부탁드립니다 ◡̈

✔️ 당근페이 후 상세 주소 말씀 드려요
✔️ 단순 변심으로 인한 교환, 환불❌️  
✔️ 택배: CU반값택배 or 일반 택배 (구매자 부담)
      👉 무게가 많이 나가거나 부피가 클 경우 ❌️",2,7,248,155000,59.3,이오,판매완료,3,경기 김포시 풍무동,https://www.daangn.com/kr/buy-sell/%EC%8A%A4%ED%86%A0%EC%BC%80-%ED%8A%B8%EB%A6%BD%ED%8A%B8%EB%9E%A9-%EB%89%B4%EB%B3%B8-%EC%84%B8%ED%8A%B8-e4byght3mrs4/
14/02/2026,"(25.10/23타임빌라스구매,재당근x)스토케트립트랩뉴본세트앤트러사이트판매합니다.","스토케 트립트랩 뉴본세트 앤트러사이트 판매합니다.
* 풀 박스, 재당근 X, 실사용 적음

제품 - 스토케 트립트랩 뉴본세트
색상 - 엔트러사이트
사용연령 - 신생아 ~ 12개월
사용무게 - 신생아 ~ 9kg
구매일자 - 2025년 10월 23일
구매처 - 수원역 타임빌라스 스토케
사용기간 - 3.5개월
( 아기가 누워있는걸 좋아하지 않아 조금 사용 )
제품상태 - 상태가 매우 좋으며 ( 최상 )
                 아기세제로 세탁 후, 비닐 & 박스 보관.
구성품 - 본체, 커버, 모빌대, 5점식 하네스, 어깨패드
              확장 글라이더, 설명서, 보증서, 종이가방

교환 - 불가능
환불 - 불가능
네고 - 불가능

직거래 지역 - 수원시 권선구 오목천동 오목호수공원

오목천동 직거래만 가능합니다.
원하시면 문고리 거래도 가능합니다.
가격 제안 및 네고 정중히 거절합니다.",3,7,125,155000,39.9,꿀맥주,판매완료,1,경기 수원시 권선구 오목천동,https://www.daangn.com/kr/buy-sell/25-10-23-%ED%83%80%EC%9E%84%EB%B9%8C%EB%9D%BC%EC%8A%A4-%EA%B5%AC%EB%A7%A4-%EC%9E%AC%EB%8B%B9%EA%B7%BC-x-%EC%8A%A4%ED%86%A0%EC%BC%80-%ED%8A%B8%EB%A6%BD%ED%8A%B8%EB%9E%A9-%EB%89%B4%EB%B3%B8-%EC%84%B8%ED%8A%B8-%EC%95%A4%ED%8A%B8%EB%9F%AC%EC%82%AC%EC%9D%B4%ED%8A%B8-%ED%8C%90%EB%A7%A4%ED%95%A9%EB%8B%88%EB%8B%A4-678ewrv2uges/
29/04/2026,스토케트립트랩뉴본세트그레이,"신생아부터 사용 가능한 스토케 트립트랩 뉴본 세트예요
박스와 구성품 모두 포함되어 있어요
사진에서 보이는 그대로 깨끗하게 사용했어요
최대한 깨끗하게 사용했구요!
기능상, 구성품 문제없구 새제품 사용했어요.
아가가 잘 안써서 얼마 쓰지도 못하고 당근에 올려요.
커버 분리 후에 아기 세제로 세탁까지 완료했어요
애완견 애완묘 없구, 중고이니만큼 예민하신분들은 지나가주시면 감사하겠습니다!
문고리거래 가능하구,
중고거래 특성상 교환 및 환불 불가합니다 ㅠㅠ",2,3,372,155000,48.7,당근이얌,판매완료,7,인천 미추홀구 용현5동,https://www.daangn.com/kr/buy-sell/%EC%8A%A4%ED%86%A0%EC%BC%80-%ED%8A%B8%EB%A6%BD%ED%8A%B8%EB%9E%A9-%EB%89%B4%EB%B3%B8-%EC%84%B8%ED%8A%B8-%EA%B7%B8%EB%A0%88%EC%9D%B4-dnfegz6ocn9x/
01/09/2025,스토케트립트랩뉴본시트(+호환커버포함),"스토케 트립트랩 뉴본 시트 판매합니다.
신세계 본점 스토케 매장에서 구입했고 정품등록 완료되어 있습니다.
아기가 바운서에 있는걸 더 좋아해서 실사용 횟수 많지 
않아 깨끗하며 상태 좋습니다.
따로 구입한 호환커버랑 연장 글라이더, 박스도 함께 드립니다.
 
*구성품*

-뉴본시트
-연장 글라이더
-호환커버(29,400원에 구매)
-박스",6,8,490,155000,44.3,누룽지,판매완료,5,경기 양주시 옥정동,https://www.daangn.com/kr/buy-sell/%EC%8A%A4%ED%86%A0%EC%BC%80-%ED%8A%B8%EB%A6%BD%ED%8A%B8%EB%9E%A9-%EB%89%B4%EB%B3%B8%EC%8B%9C%ED%8A%B8-%ED%98%B8%ED%99%98%EC%BB%A4%EB%B2%84-%ED%8F%AC%ED%95%A8-zyik57ou1dg9/
31/01/2025,스토케트립트랩뉴본세트,"스토케 트립트랩 뉴본세트 판매합니다.

신생아 시기에 사용하기 좋다고하여
몇달 기다려 받은 새제품입니다만,
저희 아기 눕혀보니 너무 싫어하여
세탁만 진행한 새제품이라고 보시면 됩니다.

구입 시 받은 박스에 모든 구성품 넣어 드립니다.


- 비대면 문고리 거래
- 환불 X",2,6,856,155000,42.6,또기맘,판매완료,2,대구 동구 신천3동,https://www.daangn.com/kr/buy-sell/%EC%8A%A4%ED%86%A0%EC%BC%80-%ED%8A%B8%EB%A6%BD%ED%8A%B8%EB%9E%A9-%EB%89%B4%EB%B3%B8-%EC%84%B8%ED%8A%B8-rbsbhtpv6vto/
19/05/2026,스토케트립트랩뉴본세트그레이,"신생아부터 9kg까지 사용 가능한 스토케 트립트랩 뉴본 세트예요
편안한 쿠션감과 안전벨트로 아기가 안정감을 느낄 수 있어요
박스 구성품 모두 포함되어 있어요
아기에게 편안한 첫 식탁 의자 경험을 선물해주세요


정말 사용을 거의 안해서 세탁할 필요도 없고
그나마도 손수건 깔고 사용했어요.",1,0,83,155000,40.6,당근당근,판매완료,7,경기 하남시 감이동,https://www.daangn.com/kr/buy-sell/%EC%8A%A4%ED%86%A0%EC%BC%80-%ED%8A%B8%EB%A6%BD%ED%8A%B8%EB%9E%A9-%EB%89%B4%EB%B3%B8-%EC%84%B8%ED%8A%B8-%EA%B7%B8%EB%A0%88%EC%9D%B4-d8ayvbzkvvyt/
20/03/2026,[블랙/그레이]스토케트립트랩뉴본세트+saga커버,"스토케 트립트랩 뉴본 세트(블랙/그레이) 판매합니다
새 제품 구매 후 사가 방수 커버 착용 후 
정말 깔끔히 사용했습니다
박스, 설명서, 연장 글라이더, 모빌대 풀 구성 입니다
4만원 주고 산 SAGA 커버 제품도 포함해서 판매해요

신생아부터 9kg까지 사용 가능합니다
3년 품질 보증 제품입니다

빠른 판매를 위해 컨디션 대비 저렴하게 올려요~

육아 중으로 현관 비대면 거래 원해요
파라곤 1차 입니다! 🙃",5,3,128,159000,51.5,마라탕탕,판매완료,8,충북 청주시 흥덕구 오송읍,https://www.daangn.com/kr/buy-sell/%EB%B8%94%EB%9E%99-%EA%B7%B8%EB%A0%88%EC%9D%B4-%EC%8A%A4%ED%86%A0%EC%BC%80-%ED%8A%B8%EB%A6%BD%ED%8A%B8%EB%9E%A9-%EB%89%B4%EB%B3%B8-%EC%84%B8%ED%8A%B8-saga-%EC%BB%A4%EB%B2%84-vb4kdkcfmhq1/
25/04/2026,스토케트립트랩뉴본세트(재당근x),"신생아부터 사용 가능한 스토케 트립트랩 뉴본 세트예요 (그레이 색상이라 무척 깔끔하고 예뻐요)
사용횟수 많지 않아 깨끗합니다
안전벨트로 고정할 수 있어 안전하기도 하고 아기가 되게 편안하게 누워있어 잠깐이라도 다른 일을 할 수 있었어요!!

재당근 아니고 3월에 구입하고 9월에 받았어요
아기는 10월생 아기이구요 
조리원 퇴소 후에 11월부터 사용하기 시작했어요
모유수유해서 잠깐 화장실 갈때 등 다른 일을 해야 할 때 눕혀두고 타이니모빌 틀어주면 아기가 울지 않고 잘 있어서 넘 편했어요 🥰

잘 사용하다가 베이비뵨 바운서를 구매해서 바운서에 눕히다보니 사용횟수는 많지 않아요! 
한쪽에 모셔만 두다 정리합니다 

모빌 걸이 포함 구성입니다
신생아 아기에게 편안하고 안전한 잠자리를 만들어주고 싶으신 분들께 추천드려요
세탁도 다 해두어서 바로 사용하면 되요!

🥕 중고거래상 교환 환불 불가합니다.
🥕 깨끗한 상품이긴 하나 중고이신점 감안해서 구매해주시길 바랍니다.
🥕 고지할만한 오염 없으나 중고 특성상 발견될 수도 있습니다. 
🥕 육아 중으로 답변이 늦어질 수 있습니다.
🥕 육아 중으로 문고리거래 선호합니다.
🥕 반값,일반 편의점 택배 가능합니다. 택배비는 구매자 부담입니다.
🥕 예민하신 분들은 정중히 거래 사양하겠습니다.",0,5,273,160000,47,bbol,판매중,6,서울시 서초구 서초동,https://www.daangn.com/kr/buy-sell/%EC%8A%A4%ED%86%A0%EC%BC%80-%ED%8A%B8%EB%A6%BD%ED%8A%B8%EB%9E%A9-%EB%89%B4%EB%B3%B8-%EC%84%B8%ED%8A%B8-%EC%9E%AC%EB%8B%B9%EA%B7%BCx-g2uuvganm8ay/
29/04/2026,스토케트립트랩뉴본세트그레이(재당근x),"신생아부터 사용 가능한 스토케 트립트랩 뉴본 세트예요
편안하고 안전하게 아기를 지지해주며, 트립트랩 하이체어에 쉽게 부착하고 분리할 수 있어요
구성품 모두 포함되어 있으며, 사진에서 확인 가능해요
새 제품 가격보다 훨씬 합리적인 가격으로 만나보세요
아기에게 편안하고 안전한 식사 시간을 선물하고 싶으신 분들께 추천드려요


25년 11월생아기 새제품 구매해서 사용 후 판매합니다.
연장글라이더는 따로 있어서 한번도 사용 안했어요~ 

육아중으로 답변이 느릴 수 있습니다.
당근페이 입금 후 상세주소 알려드려요",2,6,130,160000,40.1,삐뽀,판매완료,6,경기 김포시 풍무동,https://www.daangn.com/kr/buy-sell/%EC%8A%A4%ED%86%A0%EC%BC%80-%ED%8A%B8%EB%A6%BD%ED%8A%B8%EB%9E%A9-%EB%89%B4%EB%B3%B8-%EC%84%B8%ED%8A%B8-%EA%B7%B8%EB%A0%88%EC%9D%B4-%EC%9E%AC%EB%8B%B9%EA%B7%BCx-hq9uzukwyrus/
15/03/2026,스토케트립트랩뉴본+사가양면커버(재당근×),"
작년에 구입해서실사용은 3개월도 안되고 싫어해서
 10번도 앉지 않은거 같아요ㅎㅎ

뉴본,커버.모빌대 이렇게 세트로  판매합니다.

풍무센트럴푸르지오 비대면 문고리거래합니다

",4,6,253,160000,43.2,주우,판매완료,5,경기 김포시 풍무동,https://www.daangn.com/kr/buy-sell/%EC%8A%A4%ED%86%A0%EC%BC%80-%ED%8A%B8%EB%A6%BD%ED%8A%B8%EB%9E%A9-%EB%89%B4%EB%B3%B8-%EC%82%AC%EA%B0%80-%EC%96%91%EB%A9%B4-%EC%BB%A4%EB%B2%84-%EC%9E%AC%EB%8B%B9%EA%B7%BC-yahssoxqpdm7/
10/10/2025,스토케트립트랩뉴본세트그레이,"스토케 트립트랩 뉴본 세트 그레이 색상입니다
신생아부터 9kg까지 사용 가능하며, 아기가 편안하게 앉을 수 있도록 디자인되었어요
박스에 담겨있고, 사용감이 거의 없는 새상품급 상태입니다
구성품 모두 깨끗하게 보관되어 있어요

네고 정중히 사절합니다 거의 새상품과 마찬가지에요~ 
문앞 비대면거래 할게요 ~",3,4,243,160000,62.6,스윗쥬,판매완료,7,대구 동구 사복동,https://www.daangn.com/kr/buy-sell/%EC%8A%A4%ED%86%A0%EC%BC%80-%ED%8A%B8%EB%A6%BD%ED%8A%B8%EB%9E%A9-%EB%89%B4%EB%B3%B8-%EC%84%B8%ED%8A%B8-%EA%B7%B8%EB%A0%88%EC%9D%B4-zvabg84pcq7i/
12/04/2026,스토케트립트랩뉴본세트그레이,"신생아부터 사용할 수 있는 스토케 트립트랩 뉴본 세트예요
안정감 있는 디자인으로 아기가 편안함을 느낄 수 있어요
안전벨트와 함께 구성되어 있어 안전하게 사용할 수 있답니다
아기에게 편안하고 안전한 첫 의자를 선물하고 싶으신 분들께 추천드려요




스토케 뉴본 25년도에 갤러리아백화점 구매후
10월생 아기 등센서가있어 (눕히기만 하면 울어서) 실사용이 거의 없어서 상태 좋아요!!",1,3,98,160000,39.9,몽키키키,판매완료,4,인천 남동구 장수서창동,https://www.daangn.com/kr/buy-sell/%EC%8A%A4%ED%86%A0%EC%BC%80-%ED%8A%B8%EB%A6%BD%ED%8A%B8%EB%9E%A9-%EB%89%B4%EB%B3%B8-%EC%84%B8%ED%8A%B8-%EA%B7%B8%EB%A0%88%EC%9D%B4-e9jnoecmh9ax/
15/04/2026,"스토케트립트랩뉴본세트박스,연장글라이더있습니다.","신생아부터 사용 가능한 스토케 트립트랩 뉴본 세트예요
안정감 있는 디자인으로 아기가 편안함을 느껴요
안전벨트와 함께 구성되어 있어 안전하게 사용할 수 있어요
구성품 전부있고 재당근아닙니다.
뉴본졸업해서 팝니다. 작년10월구매
박스 , 연장글라이더 있습니다. 상태최상",4,9,272,160000,42.2,빵꿍디,판매완료,2,경기 수원시 권선구 오목천동,https://www.daangn.com/kr/buy-sell/%EC%8A%A4%ED%86%A0%EC%BC%80-%ED%8A%B8%EB%A6%BD%ED%8A%B8%EB%9E%A9-%EB%89%B4%EB%B3%B8-%EC%84%B8%ED%8A%B8-%EB%B0%95%EC%8A%A4-%EC%97%B0%EC%9E%A5%EA%B8%80%EB%9D%BC%EC%9D%B4%EB%8D%94%EC%9E%88%EC%8A%B5%EB%8B%88%EB%8B%A4-7bhpztizvhua/
01/06/2025,"스토케트립트랩뉴본풀세트2개(쌍둥이가능,재당근x)","스토케 트립트랩 뉴본 풀세트 2개 (쌍둥이가능, 재당근X)

새 상품 구매해서 딸둥이들 5개월정도 사용했어요
당근할 것 감안하여 천기저귀 깔아서 사용해서 깨끗하고 배변실수 한 적 없습니다!

소독티슈로 닦아두었고 시트 세탁해놓았습니다
그래도 중고제품이니 예민하신분은 패스해주세요!

개당 16만원이고 2개 일괄시 개당 15만원에 드릴게요🫶🏻



✔️육아중이라 문고리 거래O
✔️중고제품이라 교환,환불은 불가능
✔️당근페이로 선입금 후 주소공유
✔️예민맘 사절 🙅‍♀️",1,0,144,160000,52.4,복둥씨,판매완료,5,경기 수원시 권선구 오목천동,https://www.daangn.com/kr/buy-sell/%EC%8A%A4%ED%86%A0%EC%BC%80-%ED%8A%B8%EB%A6%BD%ED%8A%B8%EB%9E%A9-%EB%89%B4%EB%B3%B8-%ED%92%80%EC%84%B8%ED%8A%B8-2%EA%B0%9C-%EC%8C%8D%EB%91%A5%EC%9D%B4%EA%B0%80%EB%8A%A5-%EC%9E%AC%EB%8B%B9%EA%B7%BCx-54k9wn1rcnqy/
05/04/2026,스토케트립트랩뉴본세트(두번앉혀봄),"스토케 트립트랩 뉴본 세트입니다
신생아부터 9kg까지 아기를 편안하게 앉힐 수 있어요

일본에서 사왔는데
아기가 안누워있어서 2번인가 앉혀만봤습니다. 
고대로 빼서 보관만했고, 박스 그대로 있어요.",3,5,237,160000,44.7,홍홍큐쿠,판매완료,1,대구 달성군 구지면,https://www.daangn.com/kr/buy-sell/%EC%8A%A4%ED%86%A0%EC%BC%80-%ED%8A%B8%EB%A6%BD%ED%8A%B8%EB%9E%A9-%EB%89%B4%EB%B3%B8-%EC%84%B8%ED%8A%B8-%EB%91%90%EB%B2%88-%EC%95%89%ED%98%80%EB%B4%84-3ipwovvde5tx/
04/07/2025,스토케트립트랩뉴본세트,"스토케 트립트랩 뉴본 세트 판매합니다.

제품은 2월에 받았고 아기가 잘 안누워있어서 거의 사용 못했어요.

현대백화점 인터넷주문했고 내수용 구매했어요 (직구아님) 정품 큐알등록은 아직안해서 구매하시고 등록하시면 3년 워런티 받으실 수있어요.

깨끗하게 써서 보풀이나 오염은 없어요 요청주시면 사진 더 보내드릴게요.

박스까지 풀세트로 있고 비대면 거래 원합니다.

네고 문의는 답변하지 않겠습니다.",2,3,160,160000,46.8,GoodGrief,판매완료,4,경남 진주시 정촌면,https://www.daangn.com/kr/buy-sell/%EC%8A%A4%ED%86%A0%EC%BC%80-%ED%8A%B8%EB%A6%BD%ED%8A%B8%EB%9E%A9-%EB%89%B4%EB%B3%B8-%EC%84%B8%ED%8A%B8-vz6e54hnfsmd/
21/04/2025,스토케트립트랩뉴본세트,"작년 9월에 구매했고
작년 12월부터 3개월정도 사용했어요
세탁 다 되어있고 사용할때 손수건 깔고 사용,
얼룩이나 훼손없음
사진 그대로 박스, 연장글라이더, 모빌거치대
구성품 다 있어요

구매하실 분 연락주세요
중고인점 감안해주시고 환불불가 입니다",1,2,381,160000,53.9,다정한싱크대,판매완료,3,부산 동래구 사직동,https://www.daangn.com/kr/buy-sell/%EC%8A%A4%ED%86%A0%EC%BC%80-%ED%8A%B8%EB%A6%BD%ED%8A%B8%EB%9E%A9-%EB%89%B4%EB%B3%B8-%EC%84%B8%ED%8A%B8-mf3hvb5sacfd/
13/04/2026,스토케트립트랩뉴본세트,"스토케 트립트랩 뉴본 세트

커버 씌워 사용해서 위생적이고 
이염 없이 깨끗하게 관리했습니다.

풀세트 + 커버 까지 같이 드립니다.
용현자이크레스트, 인하대역 부근 직거래 합니다.",4,6,158,160000,44.2,Gucciiiii,판매완료,6,인천 미추홀구 용현5동,https://www.daangn.com/kr/buy-sell/%EC%8A%A4%ED%86%A0%EC%BC%80-%ED%8A%B8%EB%A6%BD%ED%8A%B8%EB%9E%A9-%EB%89%B4%EB%B3%B8-%EC%84%B8%ED%8A%B8-dazk64bc14aw/
02/03/2026,스토케트립트랩뉴본세트그레이(재당근❌),"트립트랩 뉴본세트 팝니다!
2025년 9월 신세계백화점에서 직접 구매하였습니다.
이젠 아기가 뒤집고 이유식을 시작해서 내놓습니다.실착용 10회미만입니다.
깨끗하게 유지했고 빨래해서 두었습니다.
✔️육아중으로 비대면거래합니다
✔️사실 분만 글 읽고 챗 주세요
✔️네고 불가, 찔러보기 챗 사양합니다
✔️예민맘 피해주세요
✔️당근페이 입금 후 상세주소 드려요",1,2,144,160000,40.6,다라밍,판매완료,4,대구 동구 신천4동,https://www.daangn.com/kr/buy-sell/%EC%8A%A4%ED%86%A0%EC%BC%80-%ED%8A%B8%EB%A6%BD%ED%8A%B8%EB%9E%A9-%EB%89%B4%EB%B3%B8-%EC%84%B8%ED%8A%B8-%EA%B7%B8%EB%A0%88%EC%9D%B4-%EC%9E%AC%EB%8B%B9%EA%B7%BC-3gjziemjax8h/
02/04/2025,스토케트립트랩뉴본세트,"새상품 샀는데 1달 정도만 몇번 썼어요

쿠션감 살아있고 상태 최상입니다
2번째 사진과 같이 애기 눕힐때는 애기 수건 깔고 눕혀서 깔끔해요

- 사용감 거의 없음
- 아기 세제로 세탁완료
(의자 미포함)
문고리 거래 희망
중고거래 예민맘 x 교환환불 x
선입금후 상세주소 전달",1,3,320,160000,62.6,방울이,판매완료,2,경기 성남시 분당구 이매1동,https://www.daangn.com/kr/buy-sell/%EC%8A%A4%ED%86%A0%EC%BC%80-%ED%8A%B8%EB%A6%BD%ED%8A%B8%EB%9E%A9-%EB%89%B4%EB%B3%B8-%EC%84%B8%ED%8A%B8-72p6wrfh78yr/
15/08/2025,스토케트립트랩뉴본세트(풀박),"스토케 트립트랩 뉴본 세트 판매합니다!

아이가 신생아때 아주 잠깐 사용했어요.
커버 씌워 사용해서 상태 최상급이에요.
커버 SAGA 제품과 박스 함께 드립니다.

오염 전혀 없는 상품입니다.

육아중 문고리 거래합니다.",1,2,135,160000,42.6,cocoeico,판매완료,2,경기 화성시 병점구 안녕동,https://www.daangn.com/kr/buy-sell/%EC%8A%A4%ED%86%A0%EC%BC%80-%ED%8A%B8%EB%A6%BD%ED%8A%B8%EB%9E%A9-%EB%89%B4%EB%B3%B8-%EC%84%B8%ED%8A%B8-%ED%92%80%EB%B0%95-das4jstz2759/
08/06/2026,스토케트립트랩뉴본세트그레이,"신생아부터 사용 가능한 스토케 트립트랩 뉴본 세트예요
박스와 구성품 모두 포함되어 있어요.

아기가 뉴본에 누워있는걸 별로 안좋아해서 상태는
최상이고 공식 홈페이지에서 구매한 정품입니다.

세탁도 다 해놓은 상태라 바로 사용 가능하세요 !

문고리 거래 가능",0,0,35,160000,43.3,Zzimo,판매중,3,경기 남양주시 별내동,https://www.daangn.com/kr/buy-sell/%EC%8A%A4%ED%86%A0%EC%BC%80-%ED%8A%B8%EB%A6%BD%ED%8A%B8%EB%9E%A9-%EB%89%B4%EB%B3%B8-%EC%84%B8%ED%8A%B8-%EA%B7%B8%EB%A0%88%EC%9D%B4-6eiem7rpmhoq/
05/06/2026,스토케트립트랩뉴본세트그레이상태최상.박스포함,"신생아부터 사용할 수 있는 트립트랩 뉴본세트예요
그레이 색상이고 
박스 구성품 다 있어요 ! 
쌍둥이인데 조리원 퇴소후 친정에 오래있어서 
사용을 많이 하질 못해서 상태 진짜 좋아요 

안전벨트와 구성품 모두 포함되어 있어요

문고리거래합니다.",1,9,96,160000,53.1,멈춰맥시멀리스트,판매완료,7,경기 양주시 옥정동,https://www.daangn.com/kr/buy-sell/%EC%8A%A4%ED%86%A0%EC%BC%80-%ED%8A%B8%EB%A6%BD%ED%8A%B8%EB%9E%A9-%EB%89%B4%EB%B3%B8%EC%84%B8%ED%8A%B8-%EA%B7%B8%EB%A0%88%EC%9D%B4-%EC%83%81%ED%83%9C%EC%B5%9C%EC%83%81-%EB%B0%95%EC%8A%A4%ED%8F%AC%ED%95%A8-iv4okg32k9n9/
25/05/2026,스토케트립트랩뉴본세트그레이,"스토케 트립트랩 뉴본세트예요

신생아부터 사용 가능하며 올해1월생 아기가 사용했는데 실사용 3개월입니다..

새상품 작년에 백화점에서 구입했습니다  (25년12월에 받았어요)올해2월부터 사용했는데 아기가 여기 있는걸 별로 안좋아해서 사용을 거의 못했습니다 그래서 상태는 좋아요! 
그래도 아기가 썼던 제품이라 예민맘은 사절입니다!

모빌거치대 함께드려요",1,3,102,160000,38,찰리스,판매완료,2,경기 양주시 옥정동,https://www.daangn.com/kr/buy-sell/%EC%8A%A4%ED%86%A0%EC%BC%80-%ED%8A%B8%EB%A6%BD%ED%8A%B8%EB%9E%A9-%EB%89%B4%EB%B3%B8%EC%84%B8%ED%8A%B8-%EA%B7%B8%EB%A0%88%EC%9D%B4-mvx2ooagcbnh/
24/12/2025,"스토케트립트랩뉴본세트(매장구매,확장글라이더,장난감걸이대포함,재당근x)","스토케 트립트랩 뉴본 세트 판매합니다.
박스 포함이고, 신생아부터 사용 가능합니다!
매장에서 구매한 제품이구요 25.9월 출생한 아기입니다ㅎㅎ
2개월차까지 사용했고 그마저도 낮잠을 아기침대에서 재우는 습관을 들이려 하다보니 실사용이 얼마 안되네요!
오염 없고 닳은 부분도 없는 거의 새 상품이라고 보시면 됩니다~!",3,14,544,160000,37.6,lisian,판매완료,3,경기 양주시 옥정동,https://www.daangn.com/kr/buy-sell/%EC%8A%A4%ED%86%A0%EC%BC%80-%ED%8A%B8%EB%A6%BD%ED%8A%B8%EB%9E%A9-%EB%89%B4%EB%B3%B8-%EC%84%B8%ED%8A%B8-%EB%A7%A4%EC%9E%A5-%EA%B5%AC%EB%A7%A4-%ED%99%95%EC%9E%A5-%EA%B8%80%EB%9D%BC%EC%9D%B4%EB%8D%94-%EC%9E%A5%EB%82%9C%EA%B0%90-%EA%B1%B8%EC%9D%B4%EB%8C%80-%ED%8F%AC%ED%95%A8-%EC%9E%AC%EB%8B%B9%EA%B7%BCx-367qsnbxa1em/
14/04/2026,스토케트립트랩뉴본시트양면커버,"스토케 트립트랩 뉴본 시트 양면 커버예요
디자인이 등록된 사가 뉴본 양면 커버로
양면 모두 사용 가능해서 실용적이에요
신생아부터 사용하기 좋은 제품이랍니다
박스까지 있습니다.아기가 별로 좋아하지않아 사용감이 거의 없고 두달정도 사용해 아주 깨끗합니다.
사가 양면커버도 같이 드립니다.
구성품:딸랑이 걸이,뉴본본품,사가양변커버,(*글라이더는 있으나 사용감있고 헐거울수있어서 원하시면 같이 챙겨드립니다)*",3,2,117,160000,39.8,RM,판매완료,4,부산 해운대구 우제3동,https://www.daangn.com/kr/buy-sell/%EC%8A%A4%ED%86%A0%EC%BC%80-%ED%8A%B8%EB%A6%BD%ED%8A%B8%EB%9E%A9-%EB%89%B4%EB%B3%B8-%EC%8B%9C%ED%8A%B8-%EC%96%91%EB%A9%B4-%EC%BB%A4%EB%B2%84-bxhuyenyhc5b/
25/05/2026,스토케트립트랩뉴본세트그레이,"스토케 트립트랩 뉴본 세트입니다. 
새제품 구매하여 여자아이 1명 6개월 안되게 사용했어요. 아기가 여기 누워있는걸 좋아하지 않아 실사용 횟수 매우 적고 깔끔합니다. 거의 새상품이에요. 
모빌대랑 연장글라인더 모두 포함입니다. 

문고리 거래만 가능하고, 환불 불가능합니다.",1,5,83,160000,43.2,깨방정,판매완료,1,충북 청주시 흥덕구 오송읍,https://www.daangn.com/kr/buy-sell/%EC%8A%A4%ED%86%A0%EC%BC%80-%ED%8A%B8%EB%A6%BD%ED%8A%B8%EB%9E%A9-%EB%89%B4%EB%B3%B8-%EC%84%B8%ED%8A%B8-%EA%B7%B8%EB%A0%88%EC%9D%B4-cqm2hw1vyn75/
26/04/2026,스토케트립트랩뉴본앤트러사이트,"신생아부터 사용 가능한 스토케 트립트랩 뉴본 세트 판매합니다. 

작년 12월 새상품 구입하여 깨끗하게 사용했어요
아기가 생각보다 좋아하지 않아서 사용감 적습니다!

🥕 선입금 후 비대면 문고리 거래",1,1,80,160000,46.6,지구,판매완료,1,충북 청주시 흥덕구 오송읍,https://www.daangn.com/kr/buy-sell/%EC%8A%A4%ED%86%A0%EC%BC%80-%ED%8A%B8%EB%A6%BD%ED%8A%B8%EB%9E%A9-%EB%89%B4%EB%B3%B8-%EC%95%A4%ED%8A%B8%EB%9F%AC%EC%82%AC%EC%9D%B4%ED%8A%B8-9dpnpy8qtuja/
22/03/2026,스토케트립트랩뉴본(앤트러사이트),"스토케 트립트랩 뉴본 판매합니다. 

> 색상: 앤트러사이트 (그레이보다 약간 진하고 부품이 블랙입니다)

작년 12월 구입하여 사용기간 4개월 미만입니다.
하자 없고, 커버 세탁 완료했습니다. 

추가로 궁금한 부분있으면 채팅주세요!!

🥕 선입금 후 비대면 문고리 거래",3,4,125,160000,46.6,지구,판매완료,1,충북 청주시 흥덕구 오송읍,https://www.daangn.com/kr/buy-sell/%EC%8A%A4%ED%86%A0%EC%BC%80-%ED%8A%B8%EB%A6%BD%ED%8A%B8%EB%9E%A9-%EB%89%B4%EB%B3%B8-%EC%95%A4%ED%8A%B8%EB%9F%AC%EC%82%AC%EC%9D%B4%ED%8A%B8-bogdeny7q7ob/
03/07/2025,스토케트립트랩뉴본세트(새거급),"스토케 트립트랩 뉴본세트입니다
아기가 편안하게 사용할 수 있어요
박스도 같이 있어요
창원롯데백화점 구매해서 1월에 받아 2월부터 여아 사용했어요 ~
상태 아주 좋아요",1,2,129,160000,61.4,냉추,판매완료,1,경남 창원시 마산합포구 월포동,https://www.daangn.com/kr/buy-sell/%EC%8A%A4%ED%86%A0%EC%BC%80-%ED%8A%B8%EB%A6%BD%ED%8A%B8%EB%9E%A9-%EB%89%B4%EB%B3%B8%EC%84%B8%ED%8A%B8-%EC%83%88%EA%B1%B0%EA%B8%89-67q4e2eae1qx/
28/06/2025,스토케트립트랩뉴본세트(새거급),"스토케 트립트랩 뉴본세트입니다
아기가 편안하게 사용할 수 있어요
박스도 같이 있어요
창원롯데백화점 구매해서 1월에 받아 2월부터 여아 사용했어요 ~
상태 아주 좋아요",1,0,145,160000,61.4,냉추,판매완료,1,경남 창원시 마산합포구 월포동,https://www.daangn.com/kr/buy-sell/%EC%8A%A4%ED%86%A0%EC%BC%80-%ED%8A%B8%EB%A6%BD%ED%8A%B8%EB%9E%A9-%EB%89%B4%EB%B3%B8%EC%84%B8%ED%8A%B8-%EC%83%88%EA%B1%B0%EA%B8%89-bcrsw33m5q6j/
10/04/2026,스토케트립트랩뉴본세트팝니다,"스토케 트립트랩 뉴본세트 그레이 팝니다.

2025년 6월경 온라인으로 새상품 구매하였고, 2025년 8월부터 4개월정도 사용하였습니다.

본체 + 커버 + 5점식 하네스 & 어깨 패드 + 장난감 걸이대 + 확장 글라이더로 구성되어 있고 상자와 포장비닐까지 있습니다.

아이가 현재는 사용하지 않아 처분하게 되었으며, 상당히 깨끗하게 사용하였습니다.

참고로 가족 구성원 중 흡연자 없고 반려동물 없습니다.",5,7,134,160000,41.2,송이,판매완료,3,서울시 서초구 서초4동,https://www.daangn.com/kr/buy-sell/%EC%8A%A4%ED%86%A0%EC%BC%80-%ED%8A%B8%EB%A6%BD%ED%8A%B8%EB%9E%A9-%EB%89%B4%EB%B3%B8%EC%84%B8%ED%8A%B8-%ED%8C%9D%EB%8B%88%EB%8B%A4-c6t5imrta7po/
17/04/2025,스토케트립트랩뉴본세트,"신세계백화점에서 구매 후 3개월정도 사용했습니다.
깨끗히 사용했습니다. 
아이때문에 비대면거래로 진행할게요",1,3,338,160000,52.7,좋은거사자,판매완료,3,전남 순천시 왕조1동,https://www.daangn.com/kr/buy-sell/%EC%8A%A4%ED%86%A0%EC%BC%80-%ED%8A%B8%EB%A6%BD%ED%8A%B8%EB%9E%A9-%EB%89%B4%EB%B3%B8-%EC%84%B8%ED%8A%B8-buzu17y5qo1m/
21/01/2026,스토케트립트랩뉴본세트그레이(s급),"스토케 트립트랩 뉴본 세트 그레이 색상 S급제품입니다.
저희 아기는 뉴본세트를 거부하여 2번 눕혀보았는데 실패했습니다.
총 사용시간 30분이 안됩니다. 
박스 포장 그대로 드려요.
(저 같으면 새상품 사는대신 이거 살 것 같습니다^^)",1,3,68,160000,40,흑룡이,판매완료,6,서울시 동대문구 휘경제1동,https://www.daangn.com/kr/buy-sell/%EC%8A%A4%ED%86%A0%EC%BC%80-%ED%8A%B8%EB%A6%BD%ED%8A%B8%EB%9E%A9-%EB%89%B4%EB%B3%B8-%EC%84%B8%ED%8A%B8-%EA%B7%B8%EB%A0%88%EC%9D%B4-s%EA%B8%89-oarcnx2hp1di/
16/03/2026,스토케트립트랩뉴본세트그레이1개,"스토케 트립트랩 뉴본 세트 그레이 색상 2개입니다
제가 구매해서 25년 9월생 아이들이 사용 했습니다
거의 역방쿠에 눕혀놔서 사용감은 거의 없습니다!
거의 새상품이나 마찬가지에요
모빌대는 한번도 사용 안했고요 
발받침은 아주 조굼 사용감이 있습니다


-한개 남았습니다


개당 16만원


비대면거래",6,6,274,160000,55.5,당근당근하실래요,판매완료,10,부산 사하구 괴정제2동,https://www.daangn.com/kr/buy-sell/%EC%8A%A4%ED%86%A0%EC%BC%80-%ED%8A%B8%EB%A6%BD%ED%8A%B8%EB%9E%A9-%EB%89%B4%EB%B3%B8-%EC%84%B8%ED%8A%B8-%EA%B7%B8%EB%A0%88%EC%9D%B4-1%EA%B0%9C-88kujkwcdhuy/
19/11/2025,스토케트립트랩뉴본세트+박스포함,"스토케 트립트랩 뉴본 세트
본체+딸랑이고리+연장글라이더+상자
판매합니다

(연장글라이더는 트립트랩 다리에 설치해서
의자가 뒤로 안넘어가게 하는 안전장치예요)

저희 아기는 무조건 나 안아~😢😢
하는 아기라서 많이 쓰지는 못했어요ㅠㅠㅋ
상태 깨끗하고 좋아요

임신중이신 분들은
미리 구입해서 바로 쓰시면 좋아요
뉴본 사용하시구 꼭 허리 지키세요!!!

",3,13,323,160000,48.6,물고기,판매완료,6,광주 남구 송암동,https://www.daangn.com/kr/buy-sell/%EC%8A%A4%ED%86%A0%EC%BC%80-%ED%8A%B8%EB%A6%BD%ED%8A%B8%EB%9E%A9-%EB%89%B4%EB%B3%B8-%EC%84%B8%ED%8A%B8-%EB%B0%95%EC%8A%A4%ED%8F%AC%ED%95%A8-w4nr6bptwat9/
31/12/2024,풀박스a급)스토케트립트랩뉴본세트팝니다.,"스토케 트립트랩 뉴본세트 팝니다.

24년 5월 새상품구입했어요.


✔️끈포함 아기세제로 전체 세탁⭕
    (바로사용가능)
✔️장난감걸이대 잠깐 껴보고 사용❌
✔️확장글라이더 사용❌ 
✔️실사용 2개월
✔️사용설명서 및 박스⭕ (깨끗)

육아중으로 문고리거래 가능해요.
예민맘 사양합니다.",2,8,286,160000,44.4,도도,판매완료,6,서울시 성북구 정릉제2동,https://www.daangn.com/kr/buy-sell/%ED%92%80%EB%B0%95%EC%8A%A4a%EA%B8%89-%EC%8A%A4%ED%86%A0%EC%BC%80-%ED%8A%B8%EB%A6%BD%ED%8A%B8%EB%9E%A9-%EB%89%B4%EB%B3%B8%EC%84%B8%ED%8A%B8-%ED%8C%9D%EB%8B%88%EB%8B%A4-52t4y5rsr1et/
19/06/2024,스토케트립트랩뉴본세트,"안녕하세요. 앞집 뒷집 윗집 아가들 모두 잘 사용한다던데.. 저희 아이는 역방쿠에만 있어서 거의 쓸일이 없었네요 당연히 얼룩없고 세탁횟수도 적어 탭도 거의 새거수준이네요. 당연히 연장글라이더 모빌대 등등 박스,비닐까지 그대로 있으며 문고리 희망합니다. 문원도서관",9,0,206,160000,46,마포대로,판매완료,3,경기 과천시 문원동,https://www.daangn.com/kr/buy-sell/%EC%8A%A4%ED%86%A0%EC%BC%80-%ED%8A%B8%EB%A6%BD%ED%8A%B8%EB%9E%A9-%EB%89%B4%EB%B3%B8-%EC%84%B8%ED%8A%B8-6j719k7yvtao/
09/10/2024,스토케트립트랩뉴본세트(거의새상품),"스토케 트립트랩 뉴본 세트입니다. 
실사용 10회 미만의 거의 새 상품입니다.
사용 시에도 잠깐씩만 앉혀 사용감도 거의 없습니다. 아이가 커서 판매합니다.

시트, 커버, 연장글라이더(흰색), 모빌대까지 뉴본 세트로 함께 드려요. 문고리 거래 희망합니다.
",5,0,290,160000,41.3,jsmm,판매완료,5,서울시 송파구 송파동,https://www.daangn.com/kr/buy-sell/%EC%8A%A4%ED%86%A0%EC%BC%80-%ED%8A%B8%EB%A6%BD%ED%8A%B8%EB%9E%A9-%EB%89%B4%EB%B3%B8-%EC%84%B8%ED%8A%B8-%EA%B1%B0%EC%9D%98-%EC%83%88-%EC%83%81%ED%92%88-tkba5i43phdd/
30/05/2026,스토케트립트랩뉴본세트그레이,"- 25년 8원 창원 롯백 구매(영수증 첨부)
- 25년 10-11월 수령
- 실제 거치 기간: 26년 1월~26년 4월(3개월)
- 엄껌 아기라 실사용 적어요
- 모유 직수 아기라 수유 시 사용x(침, 토 흘린 적x)
- 글라이더+모빌대 포함입니다

📍가격 조정 어렵습니다 네고 문의 답장 안 드려요
📍가지러 와주셔야 해요
📍문 앞 비대면 거래 원합니다
📍컨디션 보고 구매 가능합니다",1,5,139,160000,39.8,샤론,판매완료,4,경남 김해시 장유1동,https://www.daangn.com/kr/buy-sell/%EC%8A%A4%ED%86%A0%EC%BC%80-%ED%8A%B8%EB%A6%BD%ED%8A%B8%EB%9E%A9-%EB%89%B4%EB%B3%B8-%EC%84%B8%ED%8A%B8-%EA%B7%B8%EB%A0%88%EC%9D%B4-uih8gd68j6sc/
03/05/2026,스토케트립트랩뉴본세트,"스토케 트립트랩 뉴본 세트입니다. 
김해 신세계백화점 구매 상품입니다. 재당근 아닙니다. 
한번도 커버 없이 사용한 적 없어서 상태 최상입니다. 
커버는 희망하시면 같이 드려요 (사가 트립트랩 양면커버)",4,2,76,160000,42.6,누눙,판매완료,3,경남 김해시 장유1동,https://www.daangn.com/kr/buy-sell/%EC%8A%A4%ED%86%A0%EC%BC%80-%ED%8A%B8%EB%A6%BD%ED%8A%B8%EB%9E%A9-%EB%89%B4%EB%B3%B8-%EC%84%B8%ED%8A%B8-hdwjwhdibru8/
25/03/2026,스토케트립트랩뉴본세트(상태a),"트립트랩 뉴본세트 팝니다 *상태 A*

남자아기 /  2025.10 신세계구입

토자국 등 하나도 없습니다
 ( 커버 분리 해 세탁 가능도 가능합니다 )
사실 많이 안고 있어서 일주일에 한번 누울까말까 해 판매합니다,, 

설명서, 보증서,모빌대, 연장글라이더,영수증,박스 다 있습니다!  

비대면거래 원합니다 

",3,7,165,160000,39.3,살곤,판매완료,2,대구 동구 신천3동,https://www.daangn.com/kr/buy-sell/%EC%8A%A4%ED%86%A0%EC%BC%80-%ED%8A%B8%EB%A6%BD%ED%8A%B8%EB%9E%A9-%EB%89%B4%EB%B3%B8-%EC%84%B8%ED%8A%B8-%EC%83%81%ED%83%9C-a-wqy8updu5igh/
04/11/2025,스토케트립트랩뉴본세트,"스토케 트립트랩 뉴본세트입니다
박스 포함이고, 상태는 사진과 같습니다.

올해 9월 22일 대구 신세계 스토케 매장에서 구입한 새상품입니다.(구성품 All, 영수증 첨부)

구입 직후 아기를 눕혔는데 맘에 안드는지 낑낑거려서 제대로 사용도 못하고ㅠㅠ
당근 올립니다.

아기세제로 한번 세탁하였습니다.

비대면거래○ 문고리거래○
가격제안X 예민맘X ",4,4,125,160000,38,몰랑이,판매완료,6,대구 동구 신천3동,https://www.daangn.com/kr/buy-sell/%EC%8A%A4%ED%86%A0%EC%BC%80-%ED%8A%B8%EB%A6%BD%ED%8A%B8%EB%9E%A9-%EB%89%B4%EB%B3%B8%EC%84%B8%ED%8A%B8-sqhaywwk3eu7/
04/08/2024,스토케트립트랩뉴본세트,"뉴본세트  
깨끗합니다 
세탁해놨어요
바로 사용하시면 됩니다
처음받을 때부터 부품  하나가  깨져있었어요
사진 참고 해주세요

사용하는데  전혀 지장 없습니다 
저게 굳이 왜 있나 싶어요

아이있어  문고리 거래합니다
",4,1,528,160000,36.5,크림이,판매완료,3,경기 하남시 감이동,https://www.daangn.com/kr/buy-sell/%EC%8A%A4%ED%86%A0%EC%BC%80-%ED%8A%B8%EB%A6%BD%ED%8A%B8%EB%9E%A9-%EB%89%B4%EB%B3%B8%EC%84%B8%ED%8A%B8-4hjuzg8x7os2/
10/04/2026,스토케트립트랩뉴본세트,"당근페이 / 문고리 
스토케 트립트랩 뉴본 세트 그레이
모빌대 포함",2,0,106,160000,44.7,라파,판매완료,3,부산 남구 문현동,https://www.daangn.com/kr/buy-sell/%EC%8A%A4%ED%86%A0%EC%BC%80-%ED%8A%B8%EB%A6%BD%ED%8A%B8%EB%9E%A9-%EB%89%B4%EB%B3%B8-%EC%84%B8%ED%8A%B8-1u55myq2fmmz/
17/02/2025,스토케트립트랩뉴본풀박스(새상품급),"본체+모빌대+연장글라이드+설명서+포장비닐 및 박스 풀구성입니다. 그냥 새상품이라 생각하셔도 될 정도로 사용감 없는 최상급입니다.

저희부부가 바닥생활(?)을 해서 ㅠㅠ
(식탁에서 밥안먹고 소파테이블에서만 먹거든요...) 우유먹일때도 수유시트 따로쓰고 먹고난뒤 역방쿠에만 눕혀서 

정작 뉴본에는 잠깐 몇번 눕혀서 사진만 찍은게 다고 아기가 뉴본에만 눕히면 울어서 사용을 못했어요 연장글라이드는 아예 사용안한 새상품입니다. 

아기세제로 세탁완료, 소독티슈로 다 닦았습니다 들고가셔서 바로 사용하시면 돼요~!! 

/비대면문고리거래",2,1,200,160000,53.8,끼야아아아앙,판매완료,8,부산 남구 문현동,https://www.daangn.com/kr/buy-sell/%EC%8A%A4%ED%86%A0%EC%BC%80-%ED%8A%B8%EB%A6%BD%ED%8A%B8%EB%9E%A9-%EB%89%B4%EB%B3%B8-%ED%92%80%EB%B0%95%EC%8A%A4-%EC%83%88%EC%83%81%ED%92%88%EA%B8%89-2q31otwtytzi/
18/05/2026,스토케트립트랩뉴본그레이(재당근x),"신생아부터 사용할 수 있는 스토케 트립트랩 뉴본 세트예요
작년에 서울 롯백에서 구입했고
모빌, 다리고정 추가 구성품 모두 포함되어 있어요

아기가 누어있는걸 그닥 좋아하지 않아서 상태 좋은편입니다.
직접와서 상태보고 구입도 가능해요:)",0,12,251,165000,44.8,쭌이마미,판매중,6,경남 창원시 성산구 사파동,https://www.daangn.com/kr/buy-sell/%EC%8A%A4%ED%86%A0%EC%BC%80-%ED%8A%B8%EB%A6%BD%ED%8A%B8%EB%9E%A9-%EB%89%B4%EB%B3%B8-%EA%B7%B8%EB%A0%88%EC%9D%B4-%EC%9E%AC%EB%8B%B9%EA%B7%BCx-bszbunhggwo6/
18/03/2025,"스토케트립트랩뉴본세트(풀구성,박스포함,상태최상)","현대백화점몰에서 새상품 구매하여 24년 12월에 수령하였습니다.

아이가 10월생인데 뒤집기를 일찍하는 바람에 2개월도 제대로 사용해보지 못하고 처분합니다!

어른들 밥먹을때나 화장실갈때 잠깐 눕히는 용도로 가끔 사용해서 게움 없고 보풀이나 흠집 없습니다.

상태 최상이며 구성품 모두 비닐에 넣어 박스에 보관 중입니다!

⭐️구성품- 본체/ 박스/ 모빌대/ 연장글라이더 /설명서/ 보증서

✔️비대면 문고리 거래
✔️당근페이 결제하시면 상세주소 보내드립니다!
✔️중고거래 특성 상 교환, 환불 불가 합니다",1,2,155,165000,54.8,별똥그리,판매완료,1,경기 용인시 기흥구 상하동,https://www.daangn.com/kr/buy-sell/%EC%8A%A4%ED%86%A0%EC%BC%80-%ED%8A%B8%EB%A6%BD%ED%8A%B8%EB%9E%A9-%EB%89%B4%EB%B3%B8%EC%84%B8%ED%8A%B8-%ED%92%80%EA%B5%AC%EC%84%B1-%EB%B0%95%EC%8A%A4%ED%8F%AC%ED%95%A8-%EC%83%81%ED%83%9C%EC%B5%9C%EC%83%81-8f4cnwjtkiaz/
31/12/2024,스토케트립트랩뉴본(박스o),"10월에 수령했던 뉴본이에요 
아이가 안좋아해서 실사용 거의 못했어요ㅜ

연장글라이더 미개봉 포함
모빌걸이대 포함입니다 

육아중이라 문고리 선호합니다!",1,5,180,168000,48.4,댕댕댕이,판매완료,4,서울시 서초구 서초4동,https://www.daangn.com/kr/buy-sell/%EC%8A%A4%ED%86%A0%EC%BC%80-%ED%8A%B8%EB%A6%BD%ED%8A%B8%EB%9E%A9-%EB%89%B4%EB%B3%B8-%EB%B0%95%EC%8A%A4o-f6wsdp5jybei/
28/12/2024,스토케트립트랩뉴본세트(백화점구매),"24년 신세계 백화점 직접 구매하였습니다.
9월에 배송 받아 10월부터 여아가 사용했는데
역방쿠 주로 사용해서 사용감 거의 없습니다.
뉴본 위에서 수유x, 소변x

박스는 없고 풀 구성입니다. (뉴본시트,모빌대,연장글라이드) 
시트는 세탁하여 보관중입니다.
새제품은 아니기에 예민하신 분은 지나가주세요.

직거래, 문고리거래만 가능
반품,환불 x",2,4,255,170000,61,이르미,판매완료,1,서울시 서초구 서초동,https://www.daangn.com/kr/buy-sell/%EC%8A%A4%ED%86%A0%EC%BC%80-%ED%8A%B8%EB%A6%BD%ED%8A%B8%EB%9E%A9-%EB%89%B4%EB%B3%B8%EC%84%B8%ED%8A%B8-%EB%B0%B1%ED%99%94%EC%A0%90%EA%B5%AC%EB%A7%A4-vzhxks72x1x1/
08/05/2026,스토케트립트랩뉴본세트,"스토케 트립트랩 뉴본 세트
확장글라이드, 장난감 걸이대, 박스있음  

신생아사용이라 깨끗이 사용했지만 
미쳐 발견못한 얼룩있을수있음(제가 확인시 없습니다) 
예민하인분x 환불x 

다른 육아상품도 많아요 
제 판매제품 보세요~ 
같이 구매시 네고가능해요 ",0,4,327,170000,46,BONBON,판매중,2,서울시 성동구 행당동,https://www.daangn.com/kr/buy-sell/%EC%8A%A4%ED%86%A0%EC%BC%80-%ED%8A%B8%EB%A6%BD%ED%8A%B8%EB%9E%A9-%EB%89%B4%EB%B3%B8%EC%84%B8%ED%8A%B8-6q3gdq36g2ut/
19/04/2026,스토케트립트랩뉴본세트(상태최상),"신생아부터 사용 가능한 스토케 트립트랩 뉴본 세트예요
박스와 구성품 모두 포함되어 있어요!
저는…새거사서 썼는데 당근 추천드려요 ㅎㅎ…
사자마자 정품 2025.6.27 기준으로 등록했고
구매하시면 시리얼넘버 등록 캡쳐해서 보내드릴게요!
구매등록 해놓고 여아 겨울아기라서 잠깐 써서 상태는 매우 좋아요 ~ 새상품급이에요😚

아기에게 편안함을 선물하고 싶으신 분들께 추천드려요

행당역인근 아파트 문고리거래🥨",2,1,103,170000,51.9,츄우,판매완료,6,서울시 성동구 행당동,https://www.daangn.com/kr/buy-sell/%EC%8A%A4%ED%86%A0%EC%BC%80-%ED%8A%B8%EB%A6%BD%ED%8A%B8%EB%9E%A9-%EB%89%B4%EB%B3%B8-%EC%84%B8%ED%8A%B8-%EC%83%81%ED%83%9C%EC%B5%9C%EC%83%81-4pjm9nvrdihp/
23/03/2026,스토케트립트랩뉴본세트블랙앤트러사이트,"스토케 트립트랩 뉴본 세트입니다
색상은 블랙 앤트러사이트이고, 박스에 담겨 있습니다
신생아부터 9kg까지 사용 가능하며, 3년 워런티가 제공됩니다
박스, 설명서, 구성품 전부 다 있고 상태 좋습니다.
(2025년 3월 생산 신제품)",1,5,206,170000,37.1,중고좋아요,판매완료,3,서울시 성동구 행당동,https://www.daangn.com/kr/buy-sell/%EC%8A%A4%ED%86%A0%EC%BC%80-%ED%8A%B8%EB%A6%BD%ED%8A%B8%EB%9E%A9-%EB%89%B4%EB%B3%B8-%EC%84%B8%ED%8A%B8-%EB%B8%94%EB%9E%99-%EC%95%A4%ED%8A%B8%EB%9F%AC%EC%82%AC%EC%9D%B4%ED%8A%B8-zvhmstigfpew/
07/06/2026,"스토케트립트랩뉴본세트(새상품급,재당근x)","25년 12월 말일생아이 새상품 선물받았는데 아이가 사용하지 않아 판매합니다.
총 5번 시도해봤고 전부 1분도 누워있질않아 정말 깨끗해요😂
커버는 박스에 넣기전에 무향 아기세제로 빨아서 넣어놨습니다.
비닐부터 박스까지 완벽한 풀박상태입니다!

육아로 문고리 희망합니다.",0,3,74,170000,44.8,제이,판매중,2,경기 김포시 풍무동,https://www.daangn.com/kr/buy-sell/%EC%8A%A4%ED%86%A0%EC%BC%80-%ED%8A%B8%EB%A6%BD%ED%8A%B8%EB%9E%A9-%EB%89%B4%EB%B3%B8-%EC%84%B8%ED%8A%B8-%EC%83%88%EC%83%81%ED%92%88%EA%B8%89-%EC%9E%AC%EB%8B%B9%EA%B7%BCx-ov49ihw7igrv/
23/04/2026,스토케트립트랩뉴본세트그레이풀박스(재당근x),"신생아부터 사용 가능한 스토케 트립트랩 뉴본세트예요.
박스와 구성품 모두 포함되어 있어요.

여자아이가 5개월(156일) 동안 가끔 사용해서 사진에서 보이는 것처럼 아주 깨끗한 상태입니다.


🥕 당근페이 안심결제 가능
⭐️ 중고상품 특성상 교환/환불 불가
⭐️ 육아로 문고리거래 원해요",2,14,283,170000,42.8,zhddkf,판매완료,4,경기 수원시 장안구 파장동,https://www.daangn.com/kr/buy-sell/%EC%8A%A4%ED%86%A0%EC%BC%80-%ED%8A%B8%EB%A6%BD%ED%8A%B8%EB%9E%A9-%EB%89%B4%EB%B3%B8%EC%84%B8%ED%8A%B8-%EA%B7%B8%EB%A0%88%EC%9D%B4-%ED%92%80%EB%B0%95%EC%8A%A4-%EC%9E%AC%EB%8B%B9%EA%B7%BCx-tm31f88j7f6t/
27/03/2026,스토케트립트랩뉴본세트(풀박한두번사용),"스토케 트립트랩 뉴본 세트입니다(그레이)
지난 11월 구매했고 아기가 여기 눕는걸 안좋아하기도 했고 너무 금방 커서 한두번 눕혀보고 그대로 방출입니다...
박스도 그대로 있고 설명서, 모빌대 다리 연장대? 이것도 다 풀박스로 있어요.
오셔서 상태보고 구매해 가셔도 됩니당",3,6,224,170000,44.2,밤밤,판매완료,3,경기 성남시 분당구 야탑3동,https://www.daangn.com/kr/buy-sell/%EC%8A%A4%ED%86%A0%EC%BC%80-%ED%8A%B8%EB%A6%BD%ED%8A%B8%EB%9E%A9-%EB%89%B4%EB%B3%B8-%EC%84%B8%ED%8A%B8-%ED%92%80%EB%B0%95-%ED%95%9C%EB%91%90%EB%B2%88-%EC%82%AC%EC%9A%A9-gjxc2tpeqdqz/
07/07/2025,스토케트립트랩서린핑크판매합니다!,"스토케 트립트랩 서린핑크 판매합니다^^
저도 물려 받았는데요 
한 3년 쓴거 저도 받아서 2년 조금 안되게 썼어요
아이가 사용하던거라 아주 새상품급은 아닙니다
저도 뉴본이랑 베이비세트 설치해서 썼어요
설치하면 마찰에 의해 좀 까지는 부분들이 페인트가 까져있습니다 (설치하면 가려져요)
연락주시면 자세한 사진 보내드려요!
다른 의자를 선물받아서 
기존 의자를 내놓습니다 편히 쓰실분 가져가세요^^

당근거래 합니다
무거워서 ㅜ 제가 육아중이라 문고리 거래 합니다
먼저 오실수 있는분께 보내려해요(처분 목적)

죄송하지만 네고나 반품은 어렵습니다 신중히 연락주세요!",6,1,265,170000,49.2,곰돌여우,판매완료,1,서울시 영등포구 당산동2가,https://www.daangn.com/kr/buy-sell/%EC%8A%A4%ED%86%A0%EC%BC%80-%ED%8A%B8%EB%A6%BD%ED%8A%B8%EB%9E%A9-%EC%84%9C%EB%A6%B0%ED%95%91%ED%81%AC-%ED%8C%90%EB%A7%A4%ED%95%A9%EB%8B%88%EB%8B%A4-tfrbxpjv4od7/
05/04/2026,스토케트립트랩뉴본세트엔트러사이트,"재당근x 엔트러사이트 색상 
확장 글라이더(다리발 지지대) 없습니다
반품.환불 불가합니다
육아중이라 문고리 거래 원해요",1,4,256,170000,42.8,당균,판매완료,6,경기 수원시 장안구 영화동,https://www.daangn.com/kr/buy-sell/%EC%8A%A4%ED%86%A0%EC%BC%80-%ED%8A%B8%EB%A6%BD%ED%8A%B8%EB%9E%A9-%EB%89%B4%EB%B3%B8-%EC%84%B8%ED%8A%B8-%EC%97%94%ED%8A%B8%EB%9F%AC%EC%82%AC%EC%9D%B4%ED%8A%B8-fn4mfncynvg2/
07/06/2026,스토케트립트랩뉴본세트그레이,"신생아부터 사용할 수 있는 스토케 트립트랩 뉴본세트입니다. 11월 말에 롯데백화점 온라인으로 구매하여 한 달 정도 모유수유할 때 아기 위치 이동용으로 썼어요. 아기가 뉴본을 답답해하고 110일부터 뒤집기를 하여 뉴본에서는 분유 수유를 자주 못했어요(5회 미만).... 
어떻게든 써 보려 했지만 사용을 못 해서 상태 최상입니다. 세탁 1번만 했고 얼룩도 없어요.
직접 세탁하시는 것을 선호하시는 것 같아 따로 세탁은 안 했으니 가져가셔서 세탁 후 사용하시길 추천드려요.

-환불 불가
-문고리 거래",0,2,49,170000,40.3,수블리111,판매중,3,경기 군포시 산본동,https://www.daangn.com/kr/buy-sell/%EC%8A%A4%ED%86%A0%EC%BC%80-%ED%8A%B8%EB%A6%BD%ED%8A%B8%EB%9E%A9-%EB%89%B4%EB%B3%B8%EC%84%B8%ED%8A%B8-%EA%B7%B8%EB%A0%88%EC%9D%B4-311n8ycdgf9v/
04/06/2026,스토케트립트랩뉴본세트그레이-재당근x,"아기1명 사용했고 깨끗하게 사용했습니다!!
신생아부터 사용 가능한 스토케 트립트랩 뉴본 세트예요
안정감 있는 디자인으로 아기가 편안함을 느낄 수 있어요
박스 구성품 그대로 보관되어 있어 선물용으로도 좋아요
신생아부터 9kg까지 사용 가능해서 활용도가 높아요",0,0,54,170000,39.8,떠우떠우,판매중,2,인천 미추홀구 숭의4동,https://www.daangn.com/kr/buy-sell/%EC%8A%A4%ED%86%A0%EC%BC%80-%ED%8A%B8%EB%A6%BD%ED%8A%B8%EB%9E%A9-%EB%89%B4%EB%B3%B8-%EC%84%B8%ED%8A%B8-%EA%B7%B8%EB%A0%88%EC%9D%B4-%EC%9E%AC%EB%8B%B9%EA%B7%BCx-khnc5g89vjsg/
18/04/2026,스토케트립트랩뉴본세트,"스토케 트립트랩 뉴본 세트 판매합니다
탈부착이 가능하여 편리하고, 3년 품질 보증이 됩니다
육아중이라 문고리거래 할게요🙏🏻
당근페이 보내주시면 상세주소 알려드려요☺️",2,12,571,170000,47.7,나는야명이나물,판매완료,1,강원 춘천시 퇴계동,https://www.daangn.com/kr/buy-sell/%EC%8A%A4%ED%86%A0%EC%BC%80-%ED%8A%B8%EB%A6%BD%ED%8A%B8%EB%9E%A9-%EB%89%B4%EB%B3%B8-%EC%84%B8%ED%8A%B8-zzvigddkhj4b/
07/03/2026,스토케트립트랩뉴본세트,"-스토케 트립트랩 뉴본 세트 판매합니다
-탈부착이 가능하여 편리하고, 3년 품질 보증이 됩니다
-육아중이라 문고리거래 할게요!
-당근페이 보내주시면 상세주소 알려드려용ㅎㅎ
-궁금한 점 있으시면 언제든 연락주세요~",1,0,129,170000,47.7,나는야명이나물,판매완료,1,강원 춘천시 퇴계동,https://www.daangn.com/kr/buy-sell/%EC%8A%A4%ED%86%A0%EC%BC%80-%ED%8A%B8%EB%A6%BD%ED%8A%B8%EB%9E%A9-%EB%89%B4%EB%B3%B8-%EC%84%B8%ED%8A%B8-92eem1tyrghk/
02/03/2026,(새상품급)스토케트립트랩뉴본세트,"스토케 트립트랩 뉴본 세트 판매합니다
스토케 유아 식탁의자에 호환되는 제품입니다
- 신생아부터 사용 가능합니다
- 편안한 시트 각도를 제공합니다
모빌 거치대 포함되어 있습니다

25년 10월에 롯데백화점에서 직접 구매했습니다!
처음에 눕혀봤을때 저희 아기는 너무 싫어해서 그 다음엔 사용하지 못했어요😭 정말 세탁만 한 새상품급 컨디션입니다.
박스랑 확장글라인더 모빌거치대 모두 드릴게요👍",1,3,91,170000,51.7,양배추동생,판매완료,2,경기 수원시 장안구 정자3동,https://www.daangn.com/kr/buy-sell/%EC%83%88%EC%83%81%ED%92%88%EA%B8%89-%EC%8A%A4%ED%86%A0%EC%BC%80-%ED%8A%B8%EB%A6%BD%ED%8A%B8%EB%9E%A9-%EB%89%B4%EB%B3%B8-%EC%84%B8%ED%8A%B8-nguo47zzma6e/
12/07/2025,스토케트립트랩뉴본세트+어텀31양면커버,"스토케 트립트랩 뉴본세트 5회 미만 사용으로 커버 별도 구매해서 항상 씌우고 있었어요.

구성품, 비닐, 정품인증서, 설명서, 박스 전부 드리며, 필요하시면 양면커버 함께 드리겠습니다.

신세계백화점에서 직접 구입했고 꺼내놓고 사용한 건 1달도 안되는 것 같아요.

뉴본 정품등록 안한 상태입니다.

환불 불가입니다.",1,0,118,170000,48.4,에밀리,판매완료,10,대구 중구 태평로3가,https://www.daangn.com/kr/buy-sell/%EC%8A%A4%ED%86%A0%EC%BC%80-%ED%8A%B8%EB%A6%BD%ED%8A%B8%EB%9E%A9-%EB%89%B4%EB%B3%B8%EC%84%B8%ED%8A%B8-%EC%96%B4%ED%85%8031-%EC%96%91%EB%A9%B4%EC%BB%A4%EB%B2%84-8cju2grgdv3b/
27/03/2026,스토케트립트랩뉴본세트(의자미포함),"25년 10월생 여아가 사용하였습니다.
아기가 등센서가 너무 심해서 거의 사용을 안해서 새제품이나 다름 없습니다.
뉴본 위에서 맘마, 응아 한 번도 한적 없습니다.
커버 빼고는 사용한 적도 없습니다.
박스도 같이 있습니다.

원하시면 커버도 같이 드립니다. (SAGA 양면 커버)",5,5,266,170000,39.2,햅삐,판매완료,9,대구 동구 신천4동,https://www.daangn.com/kr/buy-sell/%EC%8A%A4%ED%86%A0%EC%BC%80-%ED%8A%B8%EB%A6%BD%ED%8A%B8%EB%9E%A9-%EB%89%B4%EB%B3%B8-%EC%84%B8%ED%8A%B8-%EC%9D%98%EC%9E%90-%EB%AF%B8%ED%8F%AC%ED%95%A8-bz9t7xqyr2mx/
14/04/2026,"스토케트립트랩뉴본세트박스포함풀세트(모빌거치대,발받침,사가커버시트)","신생아부터 사용 가능한 스토케 트립트랩 뉴본 세트예요
박스와 구성품 모두 포함되어 있어요
사진에서 보이는 그대로의 제품입니다

육아 감성템인 사가 뉴본 커버 시트도 포함이에요
베이지 그레이 양면 제품입니다
커버 씌워서 사용해서 엄청 깨끗히 사용했어요!

시트 꼭 씌우고 사용하세요~~!!
당근페이 입금 후 주소 알려드려요
문고리 거래합니다",1,1,91,170000,42.2,땅근,판매완료,3,경기 남양주시 별내동,https://www.daangn.com/kr/buy-sell/%EC%8A%A4%ED%86%A0%EC%BC%80-%ED%8A%B8%EB%A6%BD%ED%8A%B8%EB%9E%A9-%EB%89%B4%EB%B3%B8-%EC%84%B8%ED%8A%B8-%EB%B0%95%EC%8A%A4-%ED%8F%AC%ED%95%A8-%ED%92%80%EC%84%B8%ED%8A%B8-%EB%AA%A8%EB%B9%8C%EA%B1%B0%EC%B9%98%EB%8C%80-%EB%B0%9C%EB%B0%9B%EC%B9%A8-%EC%82%AC%EA%B0%80-%EC%BB%A4%EB%B2%84-%EC%8B%9C%ED%8A%B8-on7yj4qqfycb/
11/11/2025,스토케트립트랩뉴본세트,"스토케 트립트랩 뉴본 세트 판매합니다
🌟상태 최상급입니다

-그레이색상
-구성품 전부 있습니다
(본품, 박스, 비닐, 장난감걸이대, 확장글라이더)

트립트랩 배송 오래 걸리는거 아실겁니다
올해 4월에 주문해서 9월에 받아서 얼마 사용 못했어요ㅠㅠ
받아서 울코스로 한번 세탁했습니다
엄청 깨끗합니다

구매 후 교환, 환불 불가합니다",4,20,519,170000,47.5,SSEUL,판매완료,10,경기 남양주시 별내동,https://www.daangn.com/kr/buy-sell/%EC%8A%A4%ED%86%A0%EC%BC%80-%ED%8A%B8%EB%A6%BD%ED%8A%B8%EB%9E%A9-%EB%89%B4%EB%B3%B8-%EC%84%B8%ED%8A%B8-1shcryc6aed1/
11/05/2026,"스토케트립트랩뉴본세트그레이(거의새상품,실사용거의없음,정품등록가능)","새상품 구매해서 사용했습니다. 정품등록 하지 않아서 가져가셔서 정품등록도 가능합니다.

아기 낳고 좌식 생활이 주인 친정에서 지내느라 거의 사용하지 못했고 아기가 뉴본에 있는 걸 좋아하지 않아서 실사용 거의 없습니다.

또 깔끔한 걸 좋아해서 항상 담요 등 깔고 사용했고 하네스에도 손수건 감고 사용했습니다.

연장 슬라이드는 베이비세트에 들어있던 새걸로 드릴게요. 

비대면 문고리거래 입니다.
반품은 불가합니다.",4,30,733,170000,39,ma,판매중,1,경기 양주시 옥정동,https://www.daangn.com/kr/buy-sell/%EC%8A%A4%ED%86%A0%EC%BC%80-%ED%8A%B8%EB%A6%BD%ED%8A%B8%EB%9E%A9-%EB%89%B4%EB%B3%B8-%EC%84%B8%ED%8A%B8-%EA%B7%B8%EB%A0%88%EC%9D%B4-%EA%B1%B0%EC%9D%98-%EC%83%88%EC%83%81%ED%92%88-%EC%8B%A4%EC%82%AC%EC%9A%A9-%EA%B1%B0%EC%9D%98-%EC%97%86%EC%9D%8C-%EC%A0%95%ED%92%88%EB%93%B1%EB%A1%9D-%EA%B0%80%EB%8A%A5-wf4rkumunexk/
02/06/2026,스토케트립트랩뉴본세트그레이,"작년에 대전신세계에서 구입했습니다
1월 출생 아기라 1월말에 집에 와서 사용하려고 했으나 등센서로 3회? 5분도 사용 못한 새상품급 입니다.
신생아부터 사용 가능한 스토케 트립트랩 뉴본 세트예요
박스와 구성품 모두 포함되어 있어요
사진에서 보이는 것처럼 깔끔한 상태입니다",0,8,69,170000,38.2,l도,판매중,3,충북 청주시 흥덕구 오송읍,https://www.daangn.com/kr/buy-sell/%EC%8A%A4%ED%86%A0%EC%BC%80-%ED%8A%B8%EB%A6%BD%ED%8A%B8%EB%9E%A9-%EB%89%B4%EB%B3%B8-%EC%84%B8%ED%8A%B8-%EA%B7%B8%EB%A0%88%EC%9D%B4-d6grtrrpv7m2/
17/05/2026,상태매우깨끗😊스토케트립트랩뉴본세트그레이,"신생아부터 사용 가능한 스토케 트립트랩 뉴본 세트예요
- 연장글라이더 미사용
- 모빌대 미사용
- 정품등록 아직 안해서 직접 하시면 됩니다
- 사용설명서, 워런티안내카드, 비닐 등
구입 당시 구성품 모두 포함이고
박스도오염이나 구김 없이 깨끗합니다

- 롯데백화점 부산점 구매
(25년 4월 예약구매, 8월 28일 수령 / 약 2년 3개월 보증기간 남음)
- 겨울아기 실사용 2개월
등센서 심한아기라 어디든 눕히면 울어서
제가 화장실가거나 식사할때만 잠깐씩
눕혀놨고, 매일 쓰지도 않아서 상태 좋습니다.
토하거나 대소변 실수한적 없고
패브릭 특성상 세탁으로 인해 새것같지는 않을수있어도 오염 보풀 없어요
플라스틱은 소독티슈로 닦아놓았고,
패브릭은 아가사랑 세탁기에 무형광세탁망에 넣어서 아기전용 세제로 섬유유연제는 넣지않고 세탁완료한 상태 입니다
(아기껀 유난떨면서 세탁 및 관리했어요. 제눈엔 깨끗해보이는데 그래도 개인차 있을수 있으니  예민맘은 새상품 구입 추천드립니다)
환불불가

제품정보
https://www.stokke.com/KOR/ko-kr/526101.html

* 육아중으로 비대면 문고리 거래 선호합니다. 대면거래 원하시면 가능하나 저희집까지 와주셔야합니다",1,11,204,170000,67.1,예삐,판매완료,6,충북 청주시 흥덕구 오송읍,https://www.daangn.com/kr/buy-sell/%EC%83%81%ED%83%9C-%EB%A7%A4%EC%9A%B0%EA%B9%A8%EB%81%97-%EC%8A%A4%ED%86%A0%EC%BC%80-%ED%8A%B8%EB%A6%BD%ED%8A%B8%EB%9E%A9-%EB%89%B4%EB%B3%B8-%EC%84%B8%ED%8A%B8-%EA%B7%B8%EB%A0%88%EC%9D%B4-hhpuh3dofuq8/
04/05/2026,스토케트립트랩뉴본앤트러사이트(재당근x),"스토케 트립트랩 뉴본 세트(앤트러사이트 색상)

👉신생아 분유 먹일 때, 소화시킬 때, 엄빠 밥 먹을 때, 설거지 할 때 옆에 애기 두기도 좋아요! 
여러모로 필수템입니다!
👉박스와 설명서, 연장 글라인더, 모빌대 구성품 모두 포함입니다

- 환불 불가, 예민맘 사절
- 문고리 거래 희망(선입금시 상세주소 안내)",3,5,113,170000,38.3,i또로롱i,판매완료,4,서울시 동대문구 휘경제1동,https://www.daangn.com/kr/buy-sell/%EC%8A%A4%ED%86%A0%EC%BC%80-%ED%8A%B8%EB%A6%BD%ED%8A%B8%EB%9E%A9-%EB%89%B4%EB%B3%B8-%EC%95%A4%ED%8A%B8%EB%9F%AC%EC%82%AC%EC%9D%B4%ED%8A%B8-%EC%9E%AC%EB%8B%B9%EA%B7%BCx-5c46zab8hykx/
24/03/2025,스토케트립트랩뉴본세트판매합니다.,"시트 오염이나 보풀 훼손 없구요. 
뉴본 위에서 수유한 적도 없고 식사할때 옆에 눕혀놓는 용도로 잠깐 사용해서 상태 좋습니다.
실사용 얼마 안되지만 
아기세제 사용해서 커버세탁 완료해 두었습니다.",2,5,397,170000,43.7,수키,판매완료,2,광주 남구 송암동,https://www.daangn.com/kr/buy-sell/%EC%8A%A4%ED%86%A0%EC%BC%80-%ED%8A%B8%EB%A6%BD%ED%8A%B8%EB%9E%A9-%EB%89%B4%EB%B3%B8%EC%84%B8%ED%8A%B8-%ED%8C%90%EB%A7%A4%ED%95%A9%EB%8B%88%EB%8B%A4-fdspy2iqurhh/
18/04/2026,스토케트립트랩뉴본세트그레이(재당근아님),"신생아부터 사용 가능한 스토케 트립트랩 뉴본세트예요
안정감 있는 디자인으로 아기가 편안함을 느껴요
사진에서 보이는 구성품 그대로 드려요

작년 11월부터 사용했고 깨끗합니다 
재당근 아님",0,18,218,170000,39.3,김해토박이,판매완료,1,경남 김해시 장유1동,https://www.daangn.com/kr/buy-sell/%EC%8A%A4%ED%86%A0%EC%BC%80-%ED%8A%B8%EB%A6%BD%ED%8A%B8%EB%9E%A9-%EB%89%B4%EB%B3%B8%EC%84%B8%ED%8A%B8-%EA%B7%B8%EB%A0%88%EC%9D%B4-%EC%9E%AC%EB%8B%B9%EA%B7%BC-%EC%95%84%EB%8B%98-udipndh9wpsz/
28/11/2024,스토케트립트랩뉴본세트,"24년도 8월에 받아서 두어달 신생아때 쓰고 3갤부터는 등센서때문에 거의 못썼어요!!!
둘째 생각에 보관하다가 둘째때는 다른 거 사려고 판매해요!

애기가 있어서 가질러 오셔야해요!",1,0,169,175000,51.1,야톱,판매완료,2,경기 성남시 분당구 야탑3동,https://www.daangn.com/kr/buy-sell/%EC%8A%A4%ED%86%A0%EC%BC%80-%ED%8A%B8%EB%A6%BD%ED%8A%B8%EB%9E%A9-%EB%89%B4%EB%B3%B8%EC%84%B8%ED%8A%B8-hsteutu24kd5/
01/02/2025,스토케트립트랩뉴본세트,"백화점에서 새상품 구매 후 사용 하였구요
이제 이유식 시작하려고 해서 판매합니다!
아기가 뉴본에 눕는걸 좋아하지 않아서 몇번 사용하지 못했습니다
정품등록도 하지않았네요
풀세트 입니다~!

☑️교환환불 불가, 예민하신 분 피해주세요",1,3,409,175000,55.3,당근당그은,판매완료,2,울산 중구 태화동,https://www.daangn.com/kr/buy-sell/%EC%8A%A4%ED%86%A0%EC%BC%80-%ED%8A%B8%EB%A6%BD%ED%8A%B8%EB%9E%A9-%EB%89%B4%EB%B3%B8-%EC%84%B8%ED%8A%B8-evndb1n7sedz/
15/03/2026,스토케트립트랩뉴본(사가커버포함),"스토케 트립트랩 뉴본과 사가 커버입니다.

롯데백화점 본점에서 구입하여 2025년 8월에 받았고,
10월부터 두 달 정도 사용했어요.
사가 커버 늘 씌워놓았고 커버 자주 세탁했어요.
아기랑 눈높이 맞추려고 식사할 때 잠시 눕혀두는 용도로만 써서 상태 깨끗해요.

사가 커버는 양면 사용 가능하고
연장글라이더(사용 안함), 모빌대(사용 안함), 설명서
상자에 그대로 포장해서 드려요.

직거래로 해요.",1,1,23,180000,41.3,산바,판매완료,4,서울시 용산구 효창동,https://www.daangn.com/kr/buy-sell/%EC%8A%A4%ED%86%A0%EC%BC%80-%ED%8A%B8%EB%A6%BD%ED%8A%B8%EB%9E%A9-%EB%89%B4%EB%B3%B8-%EC%82%AC%EA%B0%80-%EC%BB%A4%EB%B2%84-%ED%8F%AC%ED%95%A8-5k9kv6ipyzye/
07/01/2025,스토케트립트랩뉴본세트,"트립트랩 뉴본 개봉 후 설치만 해본 제품입니다 
사용 하려고 샀지만 바운서를 더 애용해 
설치 후 사용은 아예 안한 제품입니다 
그만큼 상태 아주 좋습니다~^^ 
모든 구성 전부 다 있으니 
가져가셔서 편하게 사용하세요! 

환불은 불가합니다",1,1,147,180000,39.2,세인티,판매완료,1,경기 안산시 단원구 와동,https://www.daangn.com/kr/buy-sell/%EC%8A%A4%ED%86%A0%EC%BC%80-%ED%8A%B8%EB%A6%BD%ED%8A%B8%EB%9E%A9-%EB%89%B4%EB%B3%B8%EC%84%B8%ED%8A%B8-og5d5m3berea/
02/10/2025,스토케트립트랩뉴본(새상품),"스토케 트립트랩 뉴본 (새상품 입니다)
의자에 조립만 해보고 해체한 상태
구매 : 하남 신세계백화점
가격 : 21만원 정가구매

아기를 조산으로 낳아 병원 입원중으로 퇴원시
사용기간이 짧을거 같아 판매합니다

춘천지역 : 비대면 거래 가능
서울지역 : 택배(착불) 또는 아산병원 근처일 경우 주말 전달가능",5,18,561,180000,42.7,뮤뮨,판매완료,1,강원 춘천시 동내면,https://www.daangn.com/kr/buy-sell/%EC%8A%A4%ED%86%A0%EC%BC%80-%ED%8A%B8%EB%A6%BD%ED%8A%B8%EB%9E%A9-%EB%89%B4%EB%B3%B8-%EC%83%88%EC%83%81%ED%92%88-u89jbcess6ye/
09/04/2026,스토케트립트랩뉴본세트(재당근x),"트립트랩 뉴본세트입니다!  재당근x
25년7월 일본에서 직접구매 
25년 11월~26년 3월까지 5개월사용 
어텀21 양면 커버씌워 사용하여 본커버는 깨끗합니다

양면 커버(핑크&아이보리) 까지포함입니다~! 
단 모빌에 살짝 찍힘있습키다

육아중으로 문고리거래만합니다

교환환불 x",0,3,79,180000,39.2,ggg12,판매완료,5,경기 군포시 산본동,https://www.daangn.com/kr/buy-sell/%EC%8A%A4%ED%86%A0%EC%BC%80-%ED%8A%B8%EB%A6%BD%ED%8A%B8%EB%9E%A9-%EB%89%B4%EB%B3%B8-%EC%84%B8%ED%8A%B8-%EC%9E%AC%EB%8B%B9%EA%B7%BCx-jh9q2bwgv474/
22/11/2024,스토케트립트랩뉴본세트,"스토케 트립트랩 뉴본세트 풀구성 팔아요.

의자는 당연 불포함이고, 뉴본세트만 팔아요!

일본 직구제품으로 올 추석쯤 배송비까지 주고 구매해서 거의 보관만 했어요.

좋다고 들었는데 고민하다 늦게 구매해서 실사용은 3회 미만 잠깐 눕혀본 게 다입니다.

뒤집기 전 신생아시기부터 사용 추천드려요.

📍제가 보기엔 새상품같지만 중고라 환불불가📍
📍비대면 거래(선입금하시면 주소 알려드림)📍
📍네고 불가! 꼭 하실분만 연락주세요📍",3,1,49,180000,37.1,레모니,판매완료,2,경남 창녕군 창녕읍,https://www.daangn.com/kr/buy-sell/%EC%8A%A4%ED%86%A0%EC%BC%80-%ED%8A%B8%EB%A6%BD%ED%8A%B8%EB%9E%A9-%EB%89%B4%EB%B3%B8%EC%84%B8%ED%8A%B8-x57iq66gahvd/
06/07/2025,스토케트립트랩뉴본세트(미개봉새상품),"스토케 트립트랩 뉴본세트 판매합니다
기존에 구매했는데, 선물을 받게 되어 판매합니다.

- 신생아부터 9kg까지 사용 가능
- 트립트랩 의자에 간편하게 장착 가능
- 5점식 안전벨트
- 새상품(미개봉)
- 거래는 엘프라우드",3,7,168,180000,46,shane,판매완료,3,경기 안양시 동안구 비산3동,https://www.daangn.com/kr/buy-sell/%EC%8A%A4%ED%86%A0%EC%BC%80-%ED%8A%B8%EB%A6%BD%ED%8A%B8%EB%9E%A9-%EB%89%B4%EB%B3%B8%EC%84%B8%ED%8A%B8-%EB%AF%B8%EA%B0%9C%EB%B4%89%EC%83%88%EC%83%81%ED%92%88-q7oz582dw32i/
11/03/2026,스토케트립트랩뉴본세트(의자미포함)팝니다,"스토케 트립트랩 뉴본 그레이색 새제품입니다.
백화점 구매했고 스토케코리아에서 배송 받았습니다.
(국내제품, 정품등록 가능)

거래는 공도 쌍용더플래티넘에서 합니다.",2,3,81,180000,46,괴한괴한,판매완료,1,경기 안성시 공도읍,https://www.daangn.com/kr/buy-sell/%EC%8A%A4%ED%86%A0%EC%BC%80-%ED%8A%B8%EB%A6%BD%ED%8A%B8%EB%9E%A9-%EB%89%B4%EB%B3%B8%EC%84%B8%ED%8A%B8-%EC%9D%98%EC%9E%90-%EB%AF%B8%ED%8F%AC%ED%95%A8-%ED%8C%9D%EB%8B%88%EB%8B%A4-wzomb3uq971y/
06/09/2024,스토케트립트랩뉴본세트팝니다상태최상박스있음,"3월에 새상품 사서 6개월 썼어요
엄청 잘썼어요 
이거 없으면 어떻게 육아 하나 싶어요

박스도 있고 모빌대도 있어요 상태 좋아요
냉감커버 덮고 써서 보풀도 없어요
그치만 예민맘 사절
한번 세탁 하고 쓰시면 될거에요

문고리 거래합니다 
반품 예민맘 네고 사절",3,1,240,190000,46.9,뚜리리리링,판매완료,2,경기 구리시 갈매동,https://www.daangn.com/kr/buy-sell/%EC%8A%A4%ED%86%A0%EC%BC%80-%ED%8A%B8%EB%A6%BD%ED%8A%B8%EB%9E%A9-%EB%89%B4%EB%B3%B8%EC%84%B8%ED%8A%B8-%ED%8C%9D%EB%8B%88%EB%8B%A4-%EC%83%81%ED%83%9C%EC%B5%9C%EC%83%81-%EB%B0%95%EC%8A%A4%EC%9E%88%EC%9D%8C-6refzhy8f9kd/
02/05/2025,스토케뉴본세트새상품(25년4월24일구매),"스토케 트립트랩 뉴본 세트 새상품이에요.

국내 구매, 국내as가능, 정품등록가능(구매처인증가능)

4월24일에 수령했고 7일지나서 환불 불가하다하길래 당근올려봅니다.....^^
(체어 이슈로 인해 사용안하려하는데 6월말까지 안팔리면 걍 제가 쓸예정입니다..😇)

보시다시피 내용물 확인차 박스개봉(비닐개봉x)만 해봤고 하자없고 풀세트 전부 새상품이에요
새상품 빠르게 구매원하시는분있으시면 연락주세용 원가21만원이에요~~

택배박스조차 보관되어있어 그대로 보내드립니다
​

임산부라 혼자 들고가기 힘들어서
가능하면 주말, 공휴일에 야탑, 이매, 판교에서 직거래 원해요
아파트1층까지 오실수있으시면 평일도 가능(야탑3동)
비대면 문고리거래 원하시면 해드려요~!

직거래시 거래장소에서 바로 내용물확인하시길 바라요!
​

택배거래는 5000원 선불받습니다~
​
택배거래시 폰 번호 말씀드려요
사기이력 등등 조회하실수있는 정보 다 드리고
인증이든 추가 사진이든 질문,요청 다받습니다
​

박스, 내용물 영상촬영까지 다 해놨고 거래 후 환불은 불가능하세요.

하자있으면 공식 as이용하시면 됩니다:)",1,1,205,190000,40.2,파치파치,판매완료,2,경기 성남시 분당구 야탑3동,https://www.daangn.com/kr/buy-sell/%EC%8A%A4%ED%86%A0%EC%BC%80-%EB%89%B4%EB%B3%B8-%EC%84%B8%ED%8A%B8-%EC%83%88%EC%83%81%ED%92%88-25%EB%85%844%EC%9B%9424%EC%9D%BC%EA%B5%AC%EB%A7%A4-75pznzwsfqnb/
19/11/2024,스토케트립트랩뉴본세트,"애기 50일넘어서 구매해서 트리트랩이랑 뉴본 따로따로 구매해서 오는데 2달 걸리고 사용기간도 2달! 그 중
실사용은 며칠이나 될지 ㅜㅠ 진짜 깨끗합니다. 

✔️뉴본에서 구토나 응가 한적 없음
✔️모빌거치대 미사용
✔️분리 세탁 완료
✔️설명서, 제품 박스 그대로! 9kg까지 사용가능
✔️흑백모빌+오르골 1만2천원정도 샀는데 필요하시면 같이 드릴께요 (침실에 걸었던 모빌이에요,이것도 백색소음기 설치해서 1주밖에 사용안했어요! 소독 후 보관만했어요)

‼️아기소독제로 소독도 완료 했어요‼️
‼️해외직구 제품이라 정품등록은 불가상품‼️

✔️한국제품 기다리기 힘드신분들 
✔️1,2월에 출산 예정이신분들, 
저처럼 늦게 구매하지마시고 육아템은 살까 마음먹었을때 사는게 엄빠 현생에도 좋습니다🤣",1,2,239,190000,46.7,리아,판매완료,3,전북 군산시 옥산면,https://www.daangn.com/kr/buy-sell/%EC%8A%A4%ED%86%A0%EC%BC%80-%ED%8A%B8%EB%A6%BD%ED%8A%B8%EB%9E%A9-%EB%89%B4%EB%B3%B8%EC%84%B8%ED%8A%B8-xeq2dz3igfo4/
24/10/2024,스토케트립트랩뉴본미사용새상품,"뉴본세트를 실수로 두개 구입해서 뜯긴했는데 미사용 새상품입니다.
사용하려고 겉커버 세탁했는데 제품이 두개 되는 바람에사용은 안했고요, 
대행업체로 일본직구했습니다. 
부속품 그대로 모두 있습니다.

박스채 그대로 있으니 필요하신 분 연락주세요.

서초동 한전 근처 혹은 아셈타워 인근에서 거래 가능합니다",3,2,490,200000,42.3,니아,판매완료,1,서울시 서초구 서초동,https://www.daangn.com/kr/buy-sell/%EC%8A%A4%ED%86%A0%EC%BC%80-%ED%8A%B8%EB%A6%BD%ED%8A%B8%EB%9E%A9-%EB%89%B4%EB%B3%B8-%EB%AF%B8%EC%82%AC%EC%9A%A9-%EC%83%88%EC%83%81%ED%92%88-hc3qgphaouu9/
08/01/2025,스토케트립트랩뉴본세트1개(미개봉새상품),"스토케 트립트랩 뉴본세트 팔아요
쌍둥이여서 두개 있어요~
구매하고 배송이 안와서 당근해서 쓰고 있는데
배송이 이제 왔어요 ㅠㅠ🤣
그냥 쓰던거 쓰고 새거는 판매하려고 내놓아요~
미개봉 완전 새생품입니다

한개 가격입니다 
하나씩 구매 가능해요
(한개 남았습니다)

육아중이라 문고리 희망해요
하지만, 저도 똑같은 물건 당근으로 사기당한 경험이 있어서 불안하신분은 직거래 할께요~

육아중이라 답변이 늦을수 있어요

* 뉴본세트만 판매입니다
* 의자는 판매하지않습니다
* 원가보다 낮은 네고는 문의 받지않겠습니다",6,9,1118,200000,45.5,둥이맘,판매완료,2,경기 김포시 풍무동,https://www.daangn.com/kr/buy-sell/%EC%8A%A4%ED%86%A0%EC%BC%80-%ED%8A%B8%EB%A6%BD%ED%8A%B8%EB%9E%A9-%EB%89%B4%EB%B3%B8-%EC%84%B8%ED%8A%B8-1%EA%B0%9C-%EB%AF%B8%EA%B0%9C%EB%B4%89-%EC%83%88%EC%83%81%ED%92%88-ameavmo5zstd/
08/01/2025,(미개봉새상품)스토케트립트랩뉴본신생아세트,"제품 특성상 구매 후 배송받기 까지 너무 오래걸려서 
다른제품으로 버티다 뒤늦게 배송 받았습니다.

미개봉 새상품 입니다.
스토케 정품등록 가능.

직거래는 김포 풍무동에서 가능합니다.",4,17,1106,200000,76.5,이렇게귀한곳에누추한분이,판매완료,4,경기 김포시 풍무동,https://www.daangn.com/kr/buy-sell/%EB%AF%B8%EA%B0%9C%EB%B4%89-%EC%83%88%EC%83%81%ED%92%88-%EC%8A%A4%ED%86%A0%EC%BC%80-%ED%8A%B8%EB%A6%BD%ED%8A%B8%EB%9E%A9-%EB%89%B4%EB%B3%B8-%EC%8B%A0%EC%83%9D%EC%95%84-%EC%84%B8%ED%8A%B8-2pzh1deaw1dc/
03/06/2026,스토케트립트랩뉴본세트(재당근x),"스토케 트립트랩 뉴본 세트 팝니다
모빌 걸이 포함 전체 구성 다 있고 추가로 저희가 따로 구매한 커버(8만원 상당)도 드려요 

신세계백화점 매장에서 직접 방문하여 구매했구요 
25년 11월 생 여자아이 혼자 사용했고 아주 신생아때는 사용을 잘 안했고 아기 4개월 될 때까지 저희가 식사하거나 주방일 할때 잠깐씩 눕혀 놓은거라 실제 사용한 기간이 3개월 정도 됩니다
그리고 아기가 태열이 많아서 매쉬커버 따로 사서 써서 정품 커버는 거의 사용하지 않았습니다 

일괄 판매만 합니다
가지러 오셔야 합니다
궁금한 점 있으시면 쳇 주세요

",1,5,153,200000,43.7,낙낙,판매중,2,강원 춘천시 퇴계동,https://www.daangn.com/kr/buy-sell/%EC%8A%A4%ED%86%A0%EC%BC%80-%ED%8A%B8%EB%A6%BD%ED%8A%B8%EB%9E%A9-%EB%89%B4%EB%B3%B8-%EC%84%B8%ED%8A%B8-%EC%9E%AC%EB%8B%B9%EA%B7%BCx-aoyvfmhbo4v5/
05/09/2025,스토케트립트랩뉴본세트새상품,"스토케 트립트랩 뉴본세트입니다
 기존 사용하는게 있는데 선물 들어와서 판매합니다.

- 분리 가능한 신생아용 액세서리 포함
- 신생아부터 9kg까지 사용 가능
- 3년 품질 보증

구매하실분만 톡 주세요 :)",5,4,393,200000,44.5,미츠하시,판매완료,1,광주 북구 용봉동,https://www.daangn.com/kr/buy-sell/%EC%8A%A4%ED%86%A0%EC%BC%80-%ED%8A%B8%EB%A6%BD%ED%8A%B8%EB%9E%A9-%EB%89%B4%EB%B3%B8%EC%84%B8%ED%8A%B8-%EC%83%88%EC%83%81%ED%92%88-jw31gsjy5aos/
10/05/2026,스토케트립트랩하이체어판매합니다(재당근),"아이가 편안하게 사용할 수 있는 스토케 트립트랩 하이체어 헤이즈 그레이 색상이에요
견고한 원목 소재로 제작되어 오랫동안 사용할 수 있답니다
아이의 성장에 맞춰 높이 조절이 가능하여 실용적이에요
깔끔한 디자인으로 어떤 인테리어에도 잘 어울려요
우리 아이 첫 의자로 선물하기 좋은 제품이에요
------------AI 작성

스토케 트립트랩 하이체어 재당근입니다.
전에 사용하시던 분은 정품 구매 후  베이비세트까지 사용하신 것 같고 저는 뉴본만 체결하여 사용하다가 당근합니다~
베이비 세트 구매하려고 놔뒀는데 다른 체어 받아서 필요 없어졌어요.

재당근입니다 당연히  사용감 있습니다. 꼭 확인해주시고 더 보고싶은 부분은 촬영하여 보내드리니 신중하게 구입하시길 바래요.

육아중으로 문고리 거래 원합니다.
선입금 시 주소 알려드려요~
환불 안해드립니다 꼭 잘 확인 후 구매하세요!!",1,1,220,200000,42,링구,판매완료,5,경기 양주시 옥정동,https://www.daangn.com/kr/buy-sell/%EC%8A%A4%ED%86%A0%EC%BC%80-%ED%8A%B8%EB%A6%BD%ED%8A%B8%EB%9E%A9-%ED%95%98%EC%9D%B4%EC%B2%B4%EC%96%B4-%ED%8C%90%EB%A7%A4%ED%95%A9%EB%8B%88%EB%8B%A4-%EC%9E%AC%EB%8B%B9%EA%B7%BC-vmqfoj7e4u2b/
10/03/2026,스토케트립트랩뉴본세트스토케공홈구매(26년3월6일)새제품/오늘수령제품,"26년3월6일 스토케공홈 구매
오늘 수령했어요 ㅎㅎ

새제품 . 그레이컬러 입니다.

비대면 문고리거래합니다
당근페이입금 확인 후 상세주소안내려드려요^^",2,6,194,200000,42.6,라랄라,판매완료,3,대구 수성구 범어3동,https://www.daangn.com/kr/buy-sell/%EC%8A%A4%ED%86%A0%EC%BC%80-%ED%8A%B8%EB%A6%BD%ED%8A%B8%EB%9E%A9-%EB%89%B4%EB%B3%B8-%EC%84%B8%ED%8A%B8-%EC%8A%A4%ED%86%A0%EC%BC%80-%EA%B3%B5%ED%99%88-%EA%B5%AC%EB%A7%A4-26%EB%85%843%EC%9B%946%EC%9D%BC-%EC%83%88%EC%A0%9C%ED%92%88-%EC%98%A4%EB%8A%98-%EC%88%98%EB%A0%B9%EC%A0%9C%ED%92%88-s9ruo3yk17u7/
13/08/2024,스토케트립트랩뉴본세트미개봉새상품,"스토케 트립트랩 뉴본세트 미개봉품입니다.

지금 대기가긴데, 아기출생으로 급하게 필요하신분 연락주세요~",5,4,645,200000,80.2,피치데이지,판매완료,2,서울시 성북구 정릉제2동,https://www.daangn.com/kr/buy-sell/%EC%8A%A4%ED%86%A0%EC%BC%80-%ED%8A%B8%EB%A6%BD%ED%8A%B8%EB%9E%A9-%EB%89%B4%EB%B3%B8%EC%84%B8%ED%8A%B8-%EB%AF%B8%EA%B0%9C%EB%B4%89-%EC%83%88%EC%83%81%ED%92%88-ig7yh531vhdv/
21/03/2026,스토케트립트랩뉴본세트블랙앤트러사이트(미개봉새상품),"스토케 트립트랩 뉴본 세트 미개봉 새제품입니다
(의자와 풀세트 아니고 뉴본세트만 입니다!!!!!!!!)
- 색상: 블랙 앤트러사이트
- 신생아부터 9kg까지 사용 가능합니다
- 3년 워런티 제공

제품을 아시는분께서 구입하시면 좋겠습니다~
뉴본세트를 중복으로 선물받게되어 내놓습니다.
해외직구아니고 국내배송상품으로 받았습니다~
배송받은 뒤 겉에 박스만 뜯고 안쪽박스는 뜯지않은 미개봉 새상품입니다.
현재 백화점에서 구입하려면 대기도있고 
최근에 가격인상까지 있어서 가격인상 전 가격으로 가져가세요~ 구입그대로 선물하셔도 될 것같습니다~
비대면거래 가능합니다!!",6,7,372,210000,41.1,허니Bee,판매완료,4,경남 김해시 장유1동,https://www.daangn.com/kr/buy-sell/%EC%8A%A4%ED%86%A0%EC%BC%80-%ED%8A%B8%EB%A6%BD%ED%8A%B8%EB%9E%A9-%EB%89%B4%EB%B3%B8-%EC%84%B8%ED%8A%B8-%EB%B8%94%EB%9E%99-%EC%95%A4%ED%8A%B8%EB%9F%AC%EC%82%AC%EC%9D%B4%ED%8A%B8-%EB%AF%B8%EA%B0%9C%EB%B4%89%EC%83%88%EC%83%81%ED%92%88-r553wab49vap/
15/11/2025,스토케트립트랩뉴본2개일괄쌍둥이,"트립트랩 뉴본 2개 일괄 판매합니다
재당근 입니다.

쌍둥이 신생아 시기 때 정말 유용하게 사용했던 트립트랩 뉴본 세트 2개 일괄 판매합니다.

25년 2월 들여왔고 3 4개월 잘쓰고
보관하다가 이제야 방출합니다.

구성품 풀세트
모두 세탁 완료했고 상태 깔끔합니다
뉴본 2개 + 모빌 + 글라이더 + 정품 박스 포함
(글라이더는 신품입니다)

사용 후기
식탁에서 식사하면서 아기들 볼 때, 소파에서 쌍수뉴 할 때 정말 큰 도움이 됐어요.
신생아 시기 허리도 많이 지켜줬습니다. 


재당근인 만큼 예민하신 분들은 구매를 삼가 부탁드립니다.
쌍둥이라 일괄 판매만 가능합니다.

필요하신 분께 잘 갔으면 좋겠어요 :)

문고리 이며
구리시 갈매동 갈매더샵 입니다.",2,3,109,230000,44,우웅,판매완료,10,경기 구리시 갈매동,https://www.daangn.com/kr/buy-sell/%EC%8A%A4%ED%86%A0%EC%BC%80-%ED%8A%B8%EB%A6%BD%ED%8A%B8%EB%9E%A9-%EB%89%B4%EB%B3%B8-2%EA%B0%9C-%EC%9D%BC%EA%B4%84-%EC%8C%8D%EB%91%A5%EC%9D%B4-g3zz2d8cdayy/
04/04/2026,스토케트립트랩뉴본화이트그레이미개봉,스토케 미개봉 새 제품이고 색상은 화이트워시 입니다. 선물로 구매했는데 필요 없게 되어서 배송받은 그대로 판매합니다. 문고리 거래 합니다!,1,1,61,230000,42.5,JBeeni,판매완료,1,경기 성남시 분당구 이매1동,https://www.daangn.com/kr/buy-sell/%EC%8A%A4%ED%86%A0%EC%BC%80-%ED%8A%B8%EB%A6%BD%ED%8A%B8%EB%9E%A9-%EB%89%B4%EB%B3%B8-%ED%99%94%EC%9D%B4%ED%8A%B8%EA%B7%B8%EB%A0%88%EC%9D%B4-%EB%AF%B8%EA%B0%9C%EB%B4%89-28hwvc3vh1uh/
16/01/2025,"스토케트립트랩뉴본세트,베이비뵨바운서","스토케 트립트랩 뉴본 세트, 베이비뵨 바운서 (타이니모빌 덤)


스토케 트립트랩 뉴본세트 (모빌대 포함, 연장글라이더 없음)
베이비뵨 바운서


아이 한명 짧게 사용했어요. 
사용감 거의 없고 깨끗합니다. 
일괄로만 판매해요.



위치는 북수원 포레나 아파트 입니다.",3,2,275,250000,63.2,HELLO,판매완료,7,경기 수원시 장안구 파장동,https://www.daangn.com/kr/buy-sell/%EC%8A%A4%ED%86%A0%EC%BC%80-%ED%8A%B8%EB%A6%BD%ED%8A%B8%EB%9E%A9-%EB%89%B4%EB%B3%B8-%EC%84%B8%ED%8A%B8-%EB%B2%A0%EC%9D%B4%EB%B9%84%EB%B5%A8-%EB%B0%94%EC%9A%B4%EC%84%9C-moyhhg2z9zzb/
03/10/2024,스토케트립트랩,"스토케 트립트랩 입니다 
사용감 거의 없습니다 
트레이랑 뉴본은 없지만 
콩제슬래드에서 구입한 쿠션세트 그냥 드립니다",3,0,305,250000,38.5,망고링고,판매완료,4,경기 안양시 만안구 호현동,https://www.daangn.com/kr/buy-sell/%EC%8A%A4%ED%86%A0%EC%BC%80-%ED%8A%B8%EB%A6%BD%ED%8A%B8%EB%9E%A9-y4mc4omrzht8/
10/03/2026,스토케트립트랩하이체어내추럴(뉴본x),"스토케 트립트랩 하이체어 내추럴 색상입니다
아이의 성장 단계에 맞춰 의자 높이와 깊이를 조절할 수 있어서 오랫동안 사용할 수 있어요
- 인체공학적 디자인으로 아이의 바른 자세를 유지하도록 도와줍니다
- 튼튼한 구조로 제작되어 안전하게 사용할 수 있습니다
안전바와 트레이도 함께 드립니다 약간의 사용감은 있지만, 전체적으로 깨끗하게 사용했습니다
상태는 사진으로 확인해주세요

반품불가. 와주세요",9,6,238,250000,43.6,낭이,판매완료,10,충북 청주시 흥덕구 오송읍,https://www.daangn.com/kr/buy-sell/%EC%8A%A4%ED%86%A0%EC%BC%80-%ED%8A%B8%EB%A6%BD%ED%8A%B8%EB%9E%A9-%ED%95%98%EC%9D%B4%EC%B2%B4%EC%96%B4-%EB%82%B4%EC%B6%94%EB%9F%B4-%EB%89%B4%EB%B3%B8x-vjbozbsijwpa/
21/05/2026,스토케트립트랩유아의자레드(23년생여아1-2년사용),"스토케 트립트랩 유아의자 레드 재당근 아님
아이의 성장에 맞춰 높이 조절 가능 오래 사용 가능
안정감 있는 디자인으로 아이가 편안하게 앉음
식탁 의자로도 활용하기 좋아 이유식 시작하는 아기에게 딱이고 초등학교 때까지 쓸 수 있음 
상태는 사진과 같습니다
우리 아이는 뉴본 때 거진 다 쓰고 이후엔 어른의자 앉고 싶어하여 잘 활용 못했어요 이사오면서 사용하지 않은 채 방치해둬 먼지가 좀 쌓였지만 알콜솜으로 닦아드릴게요 상태 좋아요 괜찮아요
쿨거래 문고리거래",1,19,336,270000,46.4,정신체리,판매중,5,경기 광명시 광명동,https://www.daangn.com/kr/buy-sell/%EC%8A%A4%ED%86%A0%EC%BC%80-%ED%8A%B8%EB%A6%BD%ED%8A%B8%EB%9E%A9-%EC%9C%A0%EC%95%84%EC%9D%98%EC%9E%90-%EB%A0%88%EB%93%9C-23%EB%85%84%EC%83%9D-%EC%97%AC%EC%95%84-1-2%EB%85%84-%EC%82%AC%EC%9A%A9-7xwu3q3h9zv2/
06/02/2026,스토케트립트랩하이체어풀세트,"스토케 트립트랩 하이체어 풀세트

- 의자 본체
- 베이비 세트(하네스는 새제품)
- 뉴본세트 : 2-3번 사용

한 아이가 쭉 쓰던제품 판매합니다
생활기스 / 사용감 있으나 사용하시는데 아무문제없습니다. 
의자 다리 한쪽부분 까짐있습니다 사진확인 후 구매하세요
대구신세계백화점구매했습니다
(정품맞고 구매했을당시 정품등록 안한거같아서 원하시면 백화점 전자영수증 보내드릴게요
시리얼넘버랑 같이 등록하심 됩니다)

분해는 어렵고 문앞 비대면 거래원합니다",4,2,185,280000,38.2,폼폼,판매완료,5,경북 안동시 용상동,https://www.daangn.com/kr/buy-sell/%EC%8A%A4%ED%86%A0%EC%BC%80-%ED%8A%B8%EB%A6%BD%ED%8A%B8%EB%9E%A9-%ED%95%98%EC%9D%B4%EC%B2%B4%EC%96%B4-%ED%92%80%EC%84%B8%ED%8A%B8-1brw37a8rh9u/
01/02/2026,스토케트립트랩하이체어내추럴색상,"스토케 트립트랩 하이체어 네추럴 색상 내놓습니다.
메추럴 색상은 인기 색상이에요.
뉴본은 애기크고 팔아서 없고, 
베이비세트(등받이, 하네스, 설치네일, 글라이더), 트레이는 사진처럼 다포함 되어있어요.
거기에 트레이 호환커버까지 같이 드려요.

처음 살때 뉴본까지 다해서 70만원대로 직접 구매했었어요.

네고 불가, 긁힘이나 찍힘 상태는 사진으로 올렸으니 예민하신분은 피해주시고, 이로인한 반품은 불가합니다.

분해없이 이대로 판매할거라 직접 들고 가셔야해요.",7,5,243,280000,45.9,myguming,판매완료,10,부산 남구 문현동,https://www.daangn.com/kr/buy-sell/%EC%8A%A4%ED%86%A0%EC%BC%80-%ED%8A%B8%EB%A6%BD%ED%8A%B8%EB%9E%A9-%ED%95%98%EC%9D%B4%EC%B2%B4%EC%96%B4-%EB%82%B4%EC%B6%94%EB%9F%B4-%EC%83%89%EC%83%81-4g2gr6kpk8e8/
01/12/2025,스토케트립트랩뉴본세트(쌍둥이추천),"스토케 트립트랩 뉴본 세트입니다
재당근 아니고 제가 새거산거라서 
박스랑 비닐까지 다 있어요 

박스는 이사하면서 살짝구겨졌어여 ㅠㅠ 
쌍둥이들이 6월생인데 그때 더웠는지 첨엔 못쓰고
100일넘어서 선선해지구 잠깐 쓰다가
발 튀어나오고부터는 또 사용 못했네요 

보풀없고 상태 좋은 편입니다
2개 일괄판매만 가능하고
반월당에서 직거래 가능 택배거래도 가능합니다",2,4,349,310000,38.9,샤인머스켓,판매완료,2,대구 중구 남산1동,https://www.daangn.com/kr/buy-sell/%EC%8A%A4%ED%86%A0%EC%BC%80-%ED%8A%B8%EB%A6%BD%ED%8A%B8%EB%9E%A9-%EB%89%B4%EB%B3%B8%EC%84%B8%ED%8A%B8-%EC%8C%8D%EB%91%A5%EC%9D%B4%EC%B6%94%EC%B2%9C-7dk8rivn4jz5/
01/03/2025,스토케트립트랩신생아세트분홍색,"스토케 트립트랩 하이체어

색상 서린핑크
24년도 10월 구매후 뉴본세트 목적으로만 2개월정도 사용
거의 새거임. 두개중 하나는 박스체 보관. 하나는  침대. 하나는  식탁으로 구성된 셑트임

가격 각  셋트 당 370,000 ",4,5,244,370000,40.2,지석,판매완료,6,경기 용인시 기흥구 상하동,https://www.daangn.com/kr/buy-sell/%EC%8A%A4%ED%86%A0%EC%BC%80-%ED%8A%B8%EB%A6%BD%ED%8A%B8%EB%9E%A9-%EC%8B%A0%EC%83%9D%EC%95%84-%EC%84%B8%ED%8A%B8-%EB%B6%84%ED%99%8D%EC%83%89-rfesiixekz9v/
19/03/2026,스토케트립트랩+뉴본세트그레이,"스토케 트립트랩 뉴본 세트 판매합니다
아기가 편안하게 사용할 수 있도록 설계되었고, 안전벨트도 포함되어 있어 안심하고 사용할 수 있습니다
- 인체공학적 디자인으로 아기에게 최상의 편안함을 제공합니다
- 트립트랩 의자에 간편하게 탈부착이 가능합니다

아기 기어다니면서 바닥생활을 하게돼서 필요가 넚어졌어요!
제당근이지만 정말 깨끗하게 썼고 아기가 폭풍성장을해서 별로 쓰지도 못했습니다 .. 5개월에 돌 무게 찍은 아기라.. 

따로따로 당근하지마시고 한번에 구매하세요~",6,10,301,440000,49.8,동동,판매완료,1,경기 고양시 덕양구 신원동,https://www.daangn.com/kr/buy-sell/%EC%8A%A4%ED%86%A0%EC%BC%80-%ED%8A%B8%EB%A6%BD%ED%8A%B8%EB%9E%A9-%EB%89%B4%EB%B3%B8-%EC%84%B8%ED%8A%B8-%EA%B7%B8%EB%A0%88%EC%9D%B4-pz9wgnvh4o9h/
09/08/2025,스토케트립트랩풀세트(뉴본x),"스톰그레이 의자
하네스
베이비셋
식판
방석

서브용이라 몇번사용 안해서 상태좋아요.

도곡역 인근 아파트 문고리",2,1,257,475000,62.4,건빵자두,판매완료,3,서울시 강남구 도곡2동,https://www.daangn.com/kr/buy-sell/%EC%8A%A4%ED%86%A0%EC%BC%80-%ED%8A%B8%EB%A6%BD%ED%8A%B8%EB%9E%A9-%ED%92%80%EC%84%B8%ED%8A%B8-%EB%89%B4%EB%B3%B8x-z53k7u3jyyo9/